user_id,member_level,consumption_level,segment,freq_g,total_spent,order_frequency,repurchase_probability,建议动作
U002606,铜牌会员,高,价值用户,复购≥2次,26231.6,5.0,0.937213,会员专属权益(不主发券)
U003751,铜牌会员,高,价值用户,复购≥2次,32972.56,2.0,0.916848,会员专属权益(不主发券)
U001048,银牌会员,高,价值用户,复购≥2次,29799.75,4.0,0.912313,会员专属权益(不主发券)
U003293,银牌会员,高,价值用户,复购≥2次,25668.54,3.0,0.908062,会员专属权益(不主发券)
U002315,铜牌会员,高,价值用户,复购≥2次,27443.93,4.0,0.895656,会员专属权益(不主发券)
U004379,铜牌会员,高,价值用户,复购≥2次,25900.79,3.0,0.892997,会员专属权益(不主发券)
U002987,银牌会员,高,价值用户,复购≥2次,29496.11,3.0,0.892162,会员专属权益(不主发券)
U003147,金牌会员,高,价值用户,复购≥2次,12052.01,2.0,0.89184,会员专属权益(不主发券)
U004344,铜牌会员,高,价值用户,复购≥2次,20750.58,2.0,0.891684,会员专属权益(不主发券)
U001509,铜牌会员,高,价值用户,复购≥2次,16063.88,3.0,0.889188,会员专属权益(不主发券)
U003937,银牌会员,高,价值用户,复购≥2次,37415.74,2.0,0.887932,会员专属权益(不主发券)
U000875,普通会员,高,价值用户,复购≥2次,40241.61,3.0,0.887409,会员专属权益(不主发券)
U001742,银牌会员,高,价值用户,复购≥2次,45222.9,3.0,0.887118,会员专属权益(不主发券)
U003248,金牌会员,高,价值用户,复购≥2次,15851.84,2.0,0.88691,会员专属权益(不主发券)
U002242,银牌会员,高,价值用户,复购≥2次,45623.55,4.0,0.886876,会员专属权益(不主发券)
U001876,铜牌会员,高,价值用户,复购≥2次,56277.34,6.0,0.88583,会员专属权益(不主发券)
U001342,铜牌会员,高,价值用户,复购≥2次,25751.94,2.0,0.884628,会员专属权益(不主发券)
U004840,普通会员,高,价值用户,复购≥2次,10303.34,3.0,0.884118,会员专属权益(不主发券)
U002063,铜牌会员,高,价值用户,复购≥2次,36310.93,2.0,0.882205,会员专属权益(不主发券)
U003421,普通会员,高,价值用户,复购≥2次,11132.07,3.0,0.882143,会员专属权益(不主发券)
U003322,银牌会员,高,价值用户,复购≥2次,12402.68,2.0,0.88158,会员专属权益(不主发券)
U001576,普通会员,高,价值用户,复购≥2次,50072.47,5.0,0.880693,会员专属权益(不主发券)
U000018,钻石会员,高,价值用户,复购≥2次,22760.27,2.0,0.879593,会员专属权益(不主发券)
U001081,普通会员,高,价值用户,复购≥2次,29321.53,2.0,0.878732,会员专属权益(不主发券)
U000088,铜牌会员,高,价值用户,复购≥2次,20459.54,2.0,0.87827,会员专属权益(不主发券)
U003541,普通会员,高,价值用户,复购≥2次,18405.31,2.0,0.877822,会员专属权益(不主发券)
U001627,钻石会员,高,价值用户,复购≥2次,11382.65,4.0,0.876283,会员专属权益(不主发券)
U004994,银牌会员,高,价值用户,复购≥2次,32986.23,3.0,0.875914,会员专属权益(不主发券)
U000234,铜牌会员,高,价值用户,复购≥2次,31425.44,3.0,0.874705,会员专属权益(不主发券)
U001658,金牌会员,高,价值用户,复购≥2次,25234.5,2.0,0.87463,会员专属权益(不主发券)
U001619,金牌会员,高,价值用户,复购≥2次,10662.45,2.0,0.873821,会员专属权益(不主发券)
U003050,铜牌会员,高,价值用户,复购≥2次,21694.34,4.0,0.873741,会员专属权益(不主发券)
U001741,铜牌会员,高,价值用户,复购≥2次,12063.29,4.0,0.873497,会员专属权益(不主发券)
U001907,银牌会员,高,价值用户,复购≥2次,37438.85,2.0,0.87345,会员专属权益(不主发券)
U000091,钻石会员,高,价值用户,复购≥2次,19040.7,3.0,0.873209,会员专属权益(不主发券)
U002833,银牌会员,高,价值用户,复购≥2次,32220.94,3.0,0.873206,会员专属权益(不主发券)
U000140,钻石会员,高,价值用户,复购≥2次,35207.32,4.0,0.873195,会员专属权益(不主发券)
U000552,铜牌会员,高,价值用户,复购≥2次,26839.1,4.0,0.872655,会员专属权益(不主发券)
U000535,钻石会员,高,价值用户,复购≥2次,23052.38,2.0,0.871762,会员专属权益(不主发券)
U002391,普通会员,高,价值用户,复购≥2次,36660.45,3.0,0.87071,会员专属权益(不主发券)
U002217,铜牌会员,高,价值用户,复购≥2次,34473.03,2.0,0.870673,会员专属权益(不主发券)
U003611,普通会员,高,价值用户,复购≥2次,24123.02,2.0,0.870476,会员专属权益(不主发券)
U000154,银牌会员,高,价值用户,复购≥2次,21444.88,2.0,0.870385,会员专属权益(不主发券)
U001430,普通会员,高,价值用户,复购≥2次,17432.19,3.0,0.870378,会员专属权益(不主发券)
U000261,普通会员,高,价值用户,复购≥2次,26801.2,4.0,0.869407,会员专属权益(不主发券)
U004848,银牌会员,高,价值用户,复购≥2次,12953.38,4.0,0.869387,会员专属权益(不主发券)
U000620,普通会员,高,价值用户,复购≥2次,29269.01,4.0,0.869309,会员专属权益(不主发券)
U004637,普通会员,高,价值用户,复购≥2次,19190.91,3.0,0.868443,会员专属权益(不主发券)
U001075,铜牌会员,高,价值用户,复购≥2次,29267.3,2.0,0.868433,会员专属权益(不主发券)
U004928,银牌会员,高,价值用户,复购≥2次,26807.35,3.0,0.867655,会员专属权益(不主发券)
U004776,普通会员,高,价值用户,复购≥2次,28364.39,2.0,0.867536,会员专属权益(不主发券)
U003027,银牌会员,高,价值用户,复购≥2次,25236.79,3.0,0.866981,会员专属权益(不主发券)
U004533,普通会员,高,价值用户,复购≥2次,39660.62,2.0,0.866352,会员专属权益(不主发券)
U004170,铜牌会员,高,价值用户,复购≥2次,16766.19,2.0,0.866027,会员专属权益(不主发券)
U003191,银牌会员,高,价值用户,复购≥2次,10522.44,2.0,0.865587,会员专属权益(不主发券)
U004271,铜牌会员,高,价值用户,复购≥2次,11384.11,2.0,0.864938,会员专属权益(不主发券)
U004456,银牌会员,高,价值用户,复购≥2次,15845.78,2.0,0.864318,会员专属权益(不主发券)
U002137,铜牌会员,高,价值用户,复购≥2次,15127.75,4.0,0.864049,会员专属权益(不主发券)
U003479,铜牌会员,高,价值用户,复购≥2次,20984.07,2.0,0.863562,会员专属权益(不主发券)
U004064,金牌会员,高,价值用户,复购≥2次,25552.96,2.0,0.863427,会员专属权益(不主发券)
U001373,钻石会员,高,价值用户,复购≥2次,15605.47,2.0,0.863347,会员专属权益(不主发券)
U001914,银牌会员,高,价值用户,复购≥2次,34066.76,2.0,0.863184,会员专属权益(不主发券)
U002093,铜牌会员,高,价值用户,复购≥2次,12631.99,2.0,0.862936,会员专属权益(不主发券)
U000173,铜牌会员,高,价值用户,复购≥2次,19176.13,3.0,0.862214,会员专属权益(不主发券)
U003362,普通会员,高,价值用户,复购≥2次,17148.45,6.0,0.861812,会员专属权益(不主发券)
U003759,银牌会员,高,价值用户,复购≥2次,17080.18,3.0,0.860703,会员专属权益(不主发券)
U004188,银牌会员,高,价值用户,复购≥2次,13694.71,3.0,0.86046,会员专属权益(不主发券)
U002104,铜牌会员,高,价值用户,复购≥2次,22192.18,2.0,0.860124,会员专属权益(不主发券)
U002960,铜牌会员,高,价值用户,复购≥2次,25601.98,2.0,0.859641,会员专属权益(不主发券)
U002862,铜牌会员,高,价值用户,复购≥2次,14256.28,2.0,0.859437,会员专属权益(不主发券)
U004647,铜牌会员,高,价值用户,复购≥2次,26856.36,6.0,0.859081,会员专属权益(不主发券)
U002835,铜牌会员,高,价值用户,复购≥2次,25583.37,3.0,0.858483,会员专属权益(不主发券)
U000445,银牌会员,高,价值用户,复购≥2次,24989.69,3.0,0.858241,会员专属权益(不主发券)
U000669,银牌会员,高,价值用户,复购≥2次,14501.01,2.0,0.85781,会员专属权益(不主发券)
U000343,银牌会员,高,价值用户,复购≥2次,25024.87,4.0,0.857788,会员专属权益(不主发券)
U000363,银牌会员,高,价值用户,复购≥2次,14509.56,5.0,0.857468,会员专属权益(不主发券)
U004670,银牌会员,高,价值用户,复购≥2次,22117.25,2.0,0.857228,会员专属权益(不主发券)
U000045,钻石会员,高,价值用户,复购≥2次,35678.04,2.0,0.855691,会员专属权益(不主发券)
U002595,银牌会员,高,价值用户,复购≥2次,21490.97,2.0,0.855315,会员专属权益(不主发券)
U000035,钻石会员,高,价值用户,复购≥2次,18341.97,5.0,0.854737,会员专属权益(不主发券)
U002107,银牌会员,高,价值用户,复购≥2次,13017.16,2.0,0.854143,会员专属权益(不主发券)
U004839,银牌会员,高,价值用户,复购≥2次,26180.45,3.0,0.853653,会员专属权益(不主发券)
U002167,金牌会员,高,价值用户,复购≥2次,23860.39,2.0,0.852809,会员专属权益(不主发券)
U000464,普通会员,高,价值用户,复购≥2次,31156.63,2.0,0.852444,会员专属权益(不主发券)
U001293,铜牌会员,高,价值用户,复购≥2次,31820.54,3.0,0.852238,会员专属权益(不主发券)
U004000,铜牌会员,高,价值用户,复购≥2次,29409.75,4.0,0.852237,会员专属权益(不主发券)
U003269,银牌会员,高,价值用户,复购≥2次,10036.52,2.0,0.852189,会员专属权益(不主发券)
U003173,银牌会员,高,价值用户,复购≥2次,10562.48,2.0,0.851511,会员专属权益(不主发券)
U004908,普通会员,高,价值用户,复购≥2次,33385.26,2.0,0.851509,会员专属权益(不主发券)
U002256,普通会员,高,价值用户,复购≥2次,25171.48,2.0,0.851399,会员专属权益(不主发券)
U001634,铜牌会员,高,价值用户,复购≥2次,31852.88,3.0,0.851094,会员专属权益(不主发券)
U004275,金牌会员,高,价值用户,复购≥2次,13581.1,3.0,0.850662,会员专属权益(不主发券)
U002891,铜牌会员,高,价值用户,复购≥2次,29702.85,3.0,0.849934,会员专属权益(不主发券)
U001360,铜牌会员,高,价值用户,复购≥2次,11062.84,2.0,0.849913,会员专属权益(不主发券)
U004984,银牌会员,高,价值用户,复购≥2次,11189.48,3.0,0.849662,会员专属权益(不主发券)
U002789,银牌会员,高,价值用户,复购≥2次,28562.56,2.0,0.848369,会员专属权益(不主发券)
U003167,普通会员,高,价值用户,复购≥2次,31762.73,4.0,0.848221,会员专属权益(不主发券)
U001367,银牌会员,高,价值用户,仅1单,25859.13,1.0,0.8481,会员专属权益(不主发券)
U000727,银牌会员,高,价值用户,复购≥2次,15626.81,3.0,0.848042,会员专属权益(不主发券)
U001872,铜牌会员,高,价值用户,复购≥2次,20219.04,4.0,0.847925,会员专属权益(不主发券)
U003548,金牌会员,高,价值用户,复购≥2次,21198.62,2.0,0.847407,会员专属权益(不主发券)
U002303,银牌会员,高,价值用户,复购≥2次,15844.43,2.0,0.847376,会员专属权益(不主发券)
U003799,银牌会员,高,价值用户,复购≥2次,17681.0,3.0,0.846547,会员专属权益(不主发券)
U004968,钻石会员,高,价值用户,复购≥2次,15154.44,2.0,0.846362,会员专属权益(不主发券)
U000274,普通会员,高,价值用户,复购≥2次,16933.6,3.0,0.846229,会员专属权益(不主发券)
U004073,铜牌会员,高,价值用户,复购≥2次,13004.81,4.0,0.846221,会员专属权益(不主发券)
U003973,普通会员,高,价值用户,复购≥2次,19955.92,2.0,0.846186,会员专属权益(不主发券)
U003009,银牌会员,高,价值用户,复购≥2次,17748.56,3.0,0.845973,会员专属权益(不主发券)
U000099,金牌会员,高,价值用户,复购≥2次,11814.87,3.0,0.845591,会员专属权益(不主发券)
U004920,银牌会员,高,价值用户,复购≥2次,32141.18,2.0,0.845428,会员专属权益(不主发券)
U003500,铜牌会员,高,价值用户,复购≥2次,11389.0,3.0,0.845117,会员专属权益(不主发券)
U002809,银牌会员,高,价值用户,复购≥2次,52206.81,2.0,0.844943,会员专属权益(不主发券)
U001037,金牌会员,高,价值用户,复购≥2次,16260.51,2.0,0.844846,会员专属权益(不主发券)
U004005,普通会员,高,价值用户,复购≥2次,26244.97,3.0,0.844447,会员专属权益(不主发券)
U001092,普通会员,高,价值用户,复购≥2次,25028.37,5.0,0.844323,会员专属权益(不主发券)
U001998,铜牌会员,高,价值用户,复购≥2次,13673.39,3.0,0.844152,会员专属权益(不主发券)
U002057,金牌会员,高,价值用户,复购≥2次,32106.07,3.0,0.843828,会员专属权益(不主发券)
U002124,普通会员,高,价值用户,复购≥2次,22872.3,2.0,0.843539,会员专属权益(不主发券)
U000972,银牌会员,高,价值用户,复购≥2次,25155.98,4.0,0.843443,会员专属权益(不主发券)
U004680,铜牌会员,高,价值用户,复购≥2次,20004.03,2.0,0.843295,会员专属权益(不主发券)
U004011,银牌会员,高,价值用户,复购≥2次,25212.49,5.0,0.843218,会员专属权益(不主发券)
U003616,银牌会员,高,价值用户,复购≥2次,36607.09,4.0,0.843179,会员专属权益(不主发券)
U004924,银牌会员,高,价值用户,复购≥2次,26252.77,2.0,0.842925,会员专属权益(不主发券)
U003870,铜牌会员,高,价值用户,复购≥2次,13216.96,3.0,0.842528,会员专属权益(不主发券)
U004836,银牌会员,高,价值用户,复购≥2次,21836.3,2.0,0.842266,会员专属权益(不主发券)
U003493,铜牌会员,高,价值用户,复购≥2次,19220.12,4.0,0.841614,会员专属权益(不主发券)
U004810,普通会员,高,价值用户,复购≥2次,27310.88,2.0,0.841172,会员专属权益(不主发券)
U000759,金牌会员,高,价值用户,复购≥2次,12269.8,2.0,0.840169,会员专属权益(不主发券)
U001558,银牌会员,高,价值用户,复购≥2次,25584.89,4.0,0.840047,会员专属权益(不主发券)
U001906,铜牌会员,高,价值用户,复购≥2次,15783.29,4.0,0.839653,会员专属权益(不主发券)
U001191,金牌会员,高,价值用户,复购≥2次,20215.57,3.0,0.839576,会员专属权益(不主发券)
U001313,银牌会员,高,价值用户,复购≥2次,15411.04,3.0,0.838985,会员专属权益(不主发券)
U004900,铜牌会员,高,价值用户,复购≥2次,13425.73,3.0,0.838857,会员专属权益(不主发券)
U003885,普通会员,高,价值用户,复购≥2次,10421.46,2.0,0.83854,会员专属权益(不主发券)
U003281,银牌会员,高,价值用户,复购≥2次,12247.4,2.0,0.837627,会员专属权益(不主发券)
U002608,银牌会员,高,价值用户,复购≥2次,11725.4,4.0,0.83755,会员专属权益(不主发券)
U002027,铜牌会员,高,价值用户,复购≥2次,39641.57,3.0,0.836636,会员专属权益(不主发券)
U002747,钻石会员,高,价值用户,复购≥2次,22988.06,5.0,0.836078,会员专属权益(不主发券)
U003400,银牌会员,高,价值用户,复购≥2次,20696.08,4.0,0.835418,会员专属权益(不主发券)
U004176,铜牌会员,高,价值用户,复购≥2次,50526.29,2.0,0.834809,会员专属权益(不主发券)
U002791,铜牌会员,高,价值用户,复购≥2次,40536.05,3.0,0.834611,会员专属权益(不主发券)
U003715,银牌会员,高,价值用户,复购≥2次,20791.42,5.0,0.83453,会员专属权益(不主发券)
U001304,普通会员,高,价值用户,复购≥2次,12871.39,5.0,0.834269,会员专属权益(不主发券)
U001357,普通会员,高,价值用户,复购≥2次,21864.55,3.0,0.834121,会员专属权益(不主发券)
U000458,普通会员,高,价值用户,复购≥2次,33580.16,3.0,0.83403,会员专属权益(不主发券)
U004374,铜牌会员,高,价值用户,复购≥2次,17382.18,2.0,0.833718,会员专属权益(不主发券)
U001839,银牌会员,高,价值用户,复购≥2次,24229.28,3.0,0.833453,会员专属权益(不主发券)
U002672,普通会员,高,价值用户,复购≥2次,42538.2,7.0,0.833187,会员专属权益(不主发券)
U004283,铜牌会员,高,价值用户,复购≥2次,23716.98,6.0,0.833033,会员专属权益(不主发券)
U003808,普通会员,高,价值用户,复购≥2次,19451.66,2.0,0.833013,会员专属权益(不主发券)
U002748,银牌会员,高,价值用户,复购≥2次,17556.25,2.0,0.832783,会员专属权益(不主发券)
U001508,铜牌会员,高,价值用户,复购≥2次,30577.56,2.0,0.832379,会员专属权益(不主发券)
U001412,金牌会员,高,价值用户,复购≥2次,34286.26,3.0,0.832106,会员专属权益(不主发券)
U001829,银牌会员,高,价值用户,复购≥2次,24595.28,2.0,0.831744,会员专属权益(不主发券)
U003897,普通会员,高,价值用户,复购≥2次,25727.69,2.0,0.83042,会员专属权益(不主发券)
U002180,金牌会员,高,价值用户,复购≥2次,15519.67,3.0,0.829835,会员专属权益(不主发券)
U004042,银牌会员,高,价值用户,复购≥2次,39127.95,2.0,0.829251,会员专属权益(不主发券)
U003843,普通会员,高,价值用户,复购≥2次,28982.57,2.0,0.829166,会员专属权益(不主发券)
U000214,铜牌会员,高,价值用户,复购≥2次,31604.53,2.0,0.829111,会员专属权益(不主发券)
U004105,银牌会员,高,价值用户,复购≥2次,64070.23,5.0,0.829072,会员专属权益(不主发券)
U004706,普通会员,高,价值用户,复购≥2次,18323.96,3.0,0.828321,会员专属权益(不主发券)
U004554,银牌会员,高,价值用户,复购≥2次,44771.97,2.0,0.828127,会员专属权益(不主发券)
U000817,铜牌会员,高,价值用户,复购≥2次,12272.48,2.0,0.827658,会员专属权益(不主发券)
U003240,银牌会员,高,价值用户,复购≥2次,29481.49,2.0,0.827595,会员专属权益(不主发券)
U002881,铜牌会员,高,价值用户,复购≥2次,25252.55,3.0,0.827164,会员专属权益(不主发券)
U003451,铜牌会员,高,价值用户,复购≥2次,33601.5,3.0,0.82695,会员专属权益(不主发券)
U003764,普通会员,高,价值用户,复购≥2次,14690.04,2.0,0.82694,会员专属权益(不主发券)
U003800,银牌会员,高,价值用户,复购≥2次,16200.96,4.0,0.826484,会员专属权益(不主发券)
U003931,铜牌会员,高,价值用户,复购≥2次,15570.32,2.0,0.825962,会员专属权益(不主发券)
U004513,金牌会员,高,价值用户,复购≥2次,13912.14,4.0,0.825809,会员专属权益(不主发券)
U002563,铜牌会员,高,价值用户,复购≥2次,12804.7,6.0,0.825724,会员专属权益(不主发券)
U001621,普通会员,高,价值用户,复购≥2次,30254.39,3.0,0.825723,会员专属权益(不主发券)
U004268,钻石会员,高,价值用户,复购≥2次,29182.02,2.0,0.82492,会员专属权益(不主发券)
U001539,普通会员,高,价值用户,复购≥2次,11273.0,3.0,0.824912,会员专属权益(不主发券)
U002637,金牌会员,高,价值用户,复购≥2次,18601.73,2.0,0.824737,会员专属权益(不主发券)
U002539,钻石会员,高,价值用户,复购≥2次,18872.75,3.0,0.824642,会员专属权益(不主发券)
U001156,铜牌会员,高,价值用户,复购≥2次,17814.74,3.0,0.824292,会员专属权益(不主发券)
U003001,铜牌会员,高,价值用户,复购≥2次,14094.64,2.0,0.824223,会员专属权益(不主发券)
U000981,银牌会员,高,价值用户,复购≥2次,30175.44,4.0,0.82399,会员专属权益(不主发券)
U000440,铜牌会员,高,价值用户,复购≥2次,27178.84,4.0,0.823872,会员专属权益(不主发券)
U001680,银牌会员,高,价值用户,复购≥2次,29719.72,4.0,0.823865,会员专属权益(不主发券)
U003205,铜牌会员,高,价值用户,复购≥2次,11035.42,2.0,0.823696,会员专属权益(不主发券)
U002393,铜牌会员,高,价值用户,复购≥2次,26780.02,2.0,0.823549,会员专属权益(不主发券)
U002542,铜牌会员,高,价值用户,复购≥2次,21372.93,3.0,0.823331,会员专属权益(不主发券)
U001141,铜牌会员,高,价值用户,复购≥2次,14584.75,5.0,0.823275,会员专属权益(不主发券)
U000632,钻石会员,高,价值用户,复购≥2次,26609.23,3.0,0.823151,会员专属权益(不主发券)
U002496,普通会员,高,价值用户,复购≥2次,25449.34,3.0,0.822586,会员专属权益(不主发券)
U000053,铜牌会员,高,价值用户,复购≥2次,39966.51,2.0,0.822553,会员专属权益(不主发券)
U003157,钻石会员,高,价值用户,复购≥2次,36439.75,3.0,0.822384,会员专属权益(不主发券)
U004107,铜牌会员,高,价值用户,复购≥2次,16210.16,3.0,0.822267,会员专属权益(不主发券)
U003643,普通会员,高,价值用户,复购≥2次,24199.09,4.0,0.822169,会员专属权益(不主发券)
U002824,金牌会员,高,价值用户,复购≥2次,28143.05,4.0,0.821694,会员专属权益(不主发券)
U001885,普通会员,高,价值用户,复购≥2次,29644.31,4.0,0.821353,会员专属权益(不主发券)
U002858,普通会员,高,价值用户,复购≥2次,29496.11,3.0,0.821292,会员专属权益(不主发券)
U003359,银牌会员,高,价值用户,复购≥2次,20130.66,4.0,0.820981,会员专属权益(不主发券)
U002911,普通会员,高,价值用户,复购≥2次,12478.13,3.0,0.82093,会员专属权益(不主发券)
U001736,金牌会员,高,价值用户,复购≥2次,12828.89,2.0,0.820714,会员专属权益(不主发券)
U001161,银牌会员,高,价值用户,复购≥2次,17738.65,3.0,0.819806,会员专属权益(不主发券)
U001059,金牌会员,高,价值用户,复购≥2次,16244.46,3.0,0.81972,会员专属权益(不主发券)
U003936,金牌会员,高,价值用户,复购≥2次,15669.84,3.0,0.81944,会员专属权益(不主发券)
U004883,银牌会员,高,价值用户,复购≥2次,13914.54,3.0,0.81908,会员专属权益(不主发券)
U000340,铜牌会员,高,价值用户,复购≥2次,18215.03,3.0,0.818886,会员专属权益(不主发券)
U001806,普通会员,高,价值用户,复购≥2次,16847.53,3.0,0.818796,会员专属权益(不主发券)
U002597,普通会员,高,价值用户,复购≥2次,10843.26,3.0,0.818454,会员专属权益(不主发券)
U004422,铜牌会员,高,价值用户,复购≥2次,11819.68,2.0,0.817968,会员专属权益(不主发券)
U003862,金牌会员,高,价值用户,复购≥2次,25091.63,3.0,0.817927,会员专属权益(不主发券)
U004212,普通会员,高,价值用户,复购≥2次,11464.69,2.0,0.817843,会员专属权益(不主发券)
U003518,铜牌会员,高,价值用户,复购≥2次,17612.46,2.0,0.817523,会员专属权益(不主发券)
U002293,金牌会员,高,价值用户,复购≥2次,11310.78,2.0,0.817075,会员专属权益(不主发券)
U002198,普通会员,高,价值用户,复购≥2次,19338.43,2.0,0.81702,会员专属权益(不主发券)
U004338,铜牌会员,高,价值用户,复购≥2次,15065.48,2.0,0.816404,会员专属权益(不主发券)
U001873,银牌会员,高,价值用户,从未下单,22267.59,0.0,0.816339,会员专属权益(不主发券)
U000905,普通会员,高,价值用户,复购≥2次,26346.08,3.0,0.816069,会员专属权益(不主发券)
U000040,普通会员,高,价值用户,复购≥2次,28892.82,3.0,0.815997,会员专属权益(不主发券)
U004285,铜牌会员,高,价值用户,复购≥2次,13636.12,2.0,0.815466,会员专属权益(不主发券)
U004431,铜牌会员,高,价值用户,复购≥2次,10006.88,3.0,0.814992,会员专属权益(不主发券)
U001768,铜牌会员,高,价值用户,复购≥2次,20077.54,2.0,0.814335,会员专属权益(不主发券)
U004583,普通会员,高,价值用户,复购≥2次,13452.69,4.0,0.814281,会员专属权益(不主发券)
U001246,普通会员,高,价值用户,复购≥2次,34737.37,2.0,0.814118,会员专属权益(不主发券)
U004806,普通会员,高,价值用户,复购≥2次,18377.68,2.0,0.81376,会员专属权益(不主发券)
U003369,普通会员,高,价值用户,复购≥2次,19697.58,4.0,0.813092,会员专属权益(不主发券)
U001227,银牌会员,高,价值用户,复购≥2次,37418.49,3.0,0.811816,会员专属权益(不主发券)
U000031,普通会员,高,价值用户,复购≥2次,26876.56,4.0,0.811139,会员专属权益(不主发券)
U004459,铜牌会员,高,价值用户,复购≥2次,13898.7,2.0,0.811058,会员专属权益(不主发券)
U004276,银牌会员,高,价值用户,复购≥2次,10550.2,3.0,0.81102,会员专属权益(不主发券)
U004294,铜牌会员,高,价值用户,复购≥2次,28484.26,3.0,0.810985,会员专属权益(不主发券)
U004310,普通会员,高,价值用户,复购≥2次,20124.79,2.0,0.810889,会员专属权益(不主发券)
U004110,铜牌会员,高,价值用户,复购≥2次,11306.45,2.0,0.810789,会员专属权益(不主发券)
U000080,铜牌会员,高,价值用户,复购≥2次,37504.96,5.0,0.81069,会员专属权益(不主发券)
U002849,铜牌会员,高,价值用户,复购≥2次,10763.37,2.0,0.810686,会员专属权益(不主发券)
U000077,铜牌会员,高,价值用户,复购≥2次,15341.41,3.0,0.810658,会员专属权益(不主发券)
U000946,普通会员,高,价值用户,复购≥2次,29383.81,2.0,0.810431,会员专属权益(不主发券)
U001788,普通会员,高,价值用户,复购≥2次,24551.3,2.0,0.810333,会员专属权益(不主发券)
U000187,铜牌会员,高,价值用户,复购≥2次,25473.33,2.0,0.809813,会员专属权益(不主发券)
U001379,银牌会员,高,价值用户,复购≥2次,17365.37,3.0,0.809128,会员专属权益(不主发券)
U000354,银牌会员,高,价值用户,复购≥2次,36470.75,5.0,0.808901,会员专属权益(不主发券)
U003951,铜牌会员,高,价值用户,复购≥2次,13072.28,3.0,0.808767,会员专属权益(不主发券)
U001396,银牌会员,高,价值用户,复购≥2次,15811.84,2.0,0.808731,会员专属权益(不主发券)
U003778,银牌会员,高,价值用户,复购≥2次,14190.63,2.0,0.808728,会员专属权益(不主发券)
U000686,银牌会员,高,价值用户,复购≥2次,18003.94,2.0,0.807977,会员专属权益(不主发券)
U003602,普通会员,高,价值用户,复购≥2次,14299.8,4.0,0.806378,会员专属权益(不主发券)
U000601,铜牌会员,高,价值用户,仅1单,26248.32,1.0,0.806327,会员专属权益(不主发券)
U004675,金牌会员,高,价值用户,复购≥2次,12703.18,3.0,0.805916,会员专属权益(不主发券)
U000349,普通会员,高,价值用户,复购≥2次,17522.36,3.0,0.805579,会员专属权益(不主发券)
U004495,普通会员,高,价值用户,复购≥2次,13172.03,3.0,0.80555,会员专属权益(不主发券)
U001184,普通会员,高,价值用户,复购≥2次,12948.27,2.0,0.804848,会员专属权益(不主发券)
U003345,钻石会员,高,价值用户,复购≥2次,11763.45,3.0,0.80464,会员专属权益(不主发券)
U000377,银牌会员,高,价值用户,复购≥2次,12208.64,2.0,0.803946,会员专属权益(不主发券)
U004580,银牌会员,高,价值用户,复购≥2次,21731.35,2.0,0.803852,会员专属权益(不主发券)
U000618,银牌会员,高,价值用户,复购≥2次,11251.41,3.0,0.80359,会员专属权益(不主发券)
U003976,金牌会员,高,价值用户,复购≥2次,19436.17,2.0,0.80359,会员专属权益(不主发券)
U000447,银牌会员,高,价值用户,复购≥2次,23645.6,4.0,0.802859,会员专属权益(不主发券)
U000259,铜牌会员,高,价值用户,复购≥2次,11682.13,4.0,0.802768,会员专属权益(不主发券)
U000725,钻石会员,高,价值用户,复购≥2次,22965.58,2.0,0.802691,会员专属权益(不主发券)
U002155,银牌会员,高,价值用户,复购≥2次,14148.07,2.0,0.802177,会员专属权益(不主发券)
U000849,铜牌会员,高,价值用户,复购≥2次,21059.63,2.0,0.801674,会员专属权益(不主发券)
U001098,普通会员,高,价值用户,复购≥2次,19469.39,3.0,0.801342,会员专属权益(不主发券)
U000816,银牌会员,高,价值用户,复购≥2次,21673.88,4.0,0.800928,会员专属权益(不主发券)
U000092,钻石会员,高,价值用户,复购≥2次,25291.65,3.0,0.800542,会员专属权益(不主发券)
U001027,铜牌会员,高,价值用户,复购≥2次,30143.47,2.0,0.800262,会员专属权益(不主发券)
U002682,铜牌会员,高,价值用户,复购≥2次,11424.77,5.0,0.800117,会员专属权益(不主发券)
U001625,银牌会员,高,价值用户,复购≥2次,10457.52,2.0,0.800099,会员专属权益(不主发券)
U004540,金牌会员,高,价值用户,复购≥2次,13060.75,4.0,0.800043,会员专属权益(不主发券)
U002633,普通会员,高,价值用户,复购≥2次,47959.25,4.0,0.799994,会员专属权益(不主发券)
U003088,钻石会员,高,价值用户,复购≥2次,38888.8,2.0,0.799976,会员专属权益(不主发券)
U000105,金牌会员,高,价值用户,复购≥2次,30976.05,2.0,0.799913,会员专属权益(不主发券)
U004567,银牌会员,高,价值用户,复购≥2次,20747.61,4.0,0.799619,会员专属权益(不主发券)
U000722,铜牌会员,高,价值用户,复购≥2次,10512.68,2.0,0.799304,会员专属权益(不主发券)
U004832,银牌会员,高,价值用户,复购≥2次,10423.78,3.0,0.798495,会员专属权益(不主发券)
U000791,钻石会员,高,价值用户,复购≥2次,16959.08,2.0,0.798419,会员专属权益(不主发券)
U004770,铜牌会员,高,价值用户,复购≥2次,20079.53,2.0,0.797852,会员专属权益(不主发券)
U002134,银牌会员,高,价值用户,复购≥2次,39045.6,3.0,0.797566,会员专属权益(不主发券)
U001657,铜牌会员,高,价值用户,复购≥2次,21342.15,2.0,0.797327,会员专属权益(不主发券)
U002728,银牌会员,高,价值用户,复购≥2次,11752.01,2.0,0.795618,会员专属权益(不主发券)
U002456,银牌会员,高,价值用户,复购≥2次,11212.79,2.0,0.795516,会员专属权益(不主发券)
U000423,普通会员,高,价值用户,复购≥2次,47822.58,2.0,0.795182,会员专属权益(不主发券)
U001566,银牌会员,高,价值用户,复购≥2次,19405.7,3.0,0.795101,会员专属权益(不主发券)
U004026,金牌会员,高,价值用户,复购≥2次,27791.17,4.0,0.795076,会员专属权益(不主发券)
U000199,铜牌会员,高,价值用户,复购≥2次,13834.92,4.0,0.794909,会员专属权益(不主发券)
U001045,金牌会员,高,价值用户,复购≥2次,14913.3,2.0,0.794898,会员专属权益(不主发券)
U003871,银牌会员,高,价值用户,复购≥2次,30504.85,2.0,0.794525,会员专属权益(不主发券)
U000424,铜牌会员,高,价值用户,复购≥2次,10437.26,3.0,0.79414,会员专属权益(不主发券)
U002071,铜牌会员,高,价值用户,复购≥2次,23571.05,2.0,0.793961,会员专属权益(不主发券)
U003612,银牌会员,高,价值用户,复购≥2次,44775.89,4.0,0.793822,会员专属权益(不主发券)
U000268,铜牌会员,高,价值用户,复购≥2次,12918.23,2.0,0.793723,会员专属权益(不主发券)
U002308,普通会员,高,价值用户,复购≥2次,18380.5,2.0,0.79364,会员专属权益(不主发券)
U004681,铜牌会员,高,价值用户,复购≥2次,17441.38,3.0,0.793329,会员专属权益(不主发券)
U001687,普通会员,高,价值用户,复购≥2次,26225.58,2.0,0.792499,会员专属权益(不主发券)
U001180,金牌会员,高,价值用户,复购≥2次,15129.21,2.0,0.792441,会员专属权益(不主发券)
U001131,金牌会员,高,价值用户,复购≥2次,20558.95,2.0,0.792141,会员专属权益(不主发券)
U000596,金牌会员,高,价值用户,复购≥2次,42502.68,2.0,0.791902,会员专属权益(不主发券)
U000543,铜牌会员,高,价值用户,复购≥2次,31444.65,5.0,0.791842,会员专属权益(不主发券)
U000230,普通会员,高,价值用户,复购≥2次,18856.67,3.0,0.7917,会员专属权益(不主发券)
U002240,普通会员,高,价值用户,复购≥2次,10762.31,2.0,0.791293,会员专属权益(不主发券)
U003271,钻石会员,高,价值用户,复购≥2次,17993.62,3.0,0.790589,会员专属权益(不主发券)
U003892,银牌会员,高,价值用户,复购≥2次,24738.59,2.0,0.789268,会员专属权益(不主发券)
U004934,钻石会员,高,价值用户,复购≥2次,15605.9,2.0,0.788773,会员专属权益(不主发券)
U003589,银牌会员,高,价值用户,复购≥2次,20815.72,4.0,0.788163,会员专属权益(不主发券)
U003047,金牌会员,高,价值用户,复购≥2次,15951.74,2.0,0.787819,会员专属权益(不主发券)
U003418,银牌会员,高,价值用户,复购≥2次,18093.58,2.0,0.787735,会员专属权益(不主发券)
U004738,金牌会员,高,价值用户,复购≥2次,24277.41,3.0,0.787721,会员专属权益(不主发券)
U002902,铜牌会员,高,价值用户,复购≥2次,10133.27,2.0,0.787562,会员专属权益(不主发券)
U001915,普通会员,高,价值用户,复购≥2次,11599.43,3.0,0.787411,会员专属权益(不主发券)
U004144,普通会员,高,价值用户,复购≥2次,14236.47,3.0,0.787398,会员专属权益(不主发券)
U001933,普通会员,高,价值用户,复购≥2次,34103.94,5.0,0.787199,会员专属权益(不主发券)
U002369,金牌会员,高,价值用户,复购≥2次,11936.45,3.0,0.787112,会员专属权益(不主发券)
U002282,银牌会员,高,价值用户,复购≥2次,11036.88,5.0,0.78707,会员专属权益(不主发券)
U003476,银牌会员,高,价值用户,复购≥2次,11467.13,2.0,0.787064,会员专属权益(不主发券)
U000395,铜牌会员,高,价值用户,仅1单,45953.91,1.0,0.786982,会员专属权益(不主发券)
U001624,铜牌会员,高,价值用户,复购≥2次,10896.68,2.0,0.786906,会员专属权益(不主发券)
U002490,铜牌会员,高,价值用户,复购≥2次,19240.25,2.0,0.786101,会员专属权益(不主发券)
U000674,普通会员,高,价值用户,复购≥2次,70257.35,3.0,0.786031,会员专属权益(不主发券)
U003023,普通会员,高,价值用户,复购≥2次,15820.81,2.0,0.786022,会员专属权益(不主发券)
U001612,银牌会员,高,价值用户,复购≥2次,17157.12,2.0,0.785893,会员专属权益(不主发券)
U000603,银牌会员,高,价值用户,复购≥2次,13727.67,2.0,0.785448,会员专属权益(不主发券)
U003446,铜牌会员,高,价值用户,复购≥2次,10098.08,2.0,0.785315,会员专属权益(不主发券)
U000131,金牌会员,高,价值用户,复购≥2次,20202.63,2.0,0.785257,会员专属权益(不主发券)
U004618,铜牌会员,高,价值用户,复购≥2次,20619.81,2.0,0.785061,会员专属权益(不主发券)
U003434,钻石会员,高,价值用户,复购≥2次,15967.15,2.0,0.784583,会员专属权益(不主发券)
U003012,银牌会员,高,价值用户,复购≥2次,14071.45,4.0,0.784468,会员专属权益(不主发券)
U003018,银牌会员,高,价值用户,复购≥2次,10657.24,3.0,0.783729,会员专属权益(不主发券)
U004043,金牌会员,高,价值用户,复购≥2次,10299.68,3.0,0.783702,会员专属权益(不主发券)
U001716,金牌会员,高,价值用户,复购≥2次,12929.89,4.0,0.783193,会员专属权益(不主发券)
U002729,普通会员,高,价值用户,复购≥2次,10227.23,5.0,0.782875,会员专属权益(不主发券)
U000757,铜牌会员,高,价值用户,复购≥2次,36915.42,3.0,0.782738,会员专属权益(不主发券)
U002339,银牌会员,高,价值用户,复购≥2次,19819.37,3.0,0.782547,会员专属权益(不主发券)
U002799,普通会员,高,价值用户,复购≥2次,22320.58,2.0,0.782499,会员专属权益(不主发券)
U004707,银牌会员,高,价值用户,复购≥2次,13301.79,2.0,0.782498,会员专属权益(不主发券)
U002836,普通会员,高,价值用户,复购≥2次,11001.74,3.0,0.781941,会员专属权益(不主发券)
U000615,银牌会员,高,价值用户,复购≥2次,10553.37,2.0,0.781749,会员专属权益(不主发券)
U000020,金牌会员,高,价值用户,复购≥2次,18808.42,4.0,0.781582,会员专属权益(不主发券)
U000591,金牌会员,高,价值用户,复购≥2次,16793.24,3.0,0.781539,会员专属权益(不主发券)
U001626,普通会员,高,价值用户,复购≥2次,25389.2,3.0,0.781516,会员专属权益(不主发券)
U003151,普通会员,高,价值用户,复购≥2次,55352.73,4.0,0.781473,会员专属权益(不主发券)
U000769,金牌会员,高,价值用户,复购≥2次,17494.51,3.0,0.781382,会员专属权益(不主发券)
U002840,银牌会员,高,价值用户,复购≥2次,34262.77,3.0,0.781277,会员专属权益(不主发券)
U004654,银牌会员,高,价值用户,复购≥2次,11698.24,2.0,0.78082,会员专属权益(不主发券)
U003881,银牌会员,高,价值用户,复购≥2次,27637.83,2.0,0.780249,会员专属权益(不主发券)
U001375,铜牌会员,高,价值用户,复购≥2次,19830.16,3.0,0.780077,会员专属权益(不主发券)
U004727,铜牌会员,高,价值用户,复购≥2次,10814.98,2.0,0.779514,会员专属权益(不主发券)
U002431,普通会员,高,价值用户,复购≥2次,23049.2,3.0,0.778503,会员专属权益(不主发券)
U003568,金牌会员,高,价值用户,复购≥2次,12691.19,3.0,0.778258,会员专属权益(不主发券)
U003111,普通会员,高,价值用户,仅1单,19354.24,1.0,0.777899,会员专属权益(不主发券)
U003456,金牌会员,高,价值用户,复购≥2次,23932.95,3.0,0.777756,会员专属权益(不主发券)
U000367,普通会员,高,价值用户,复购≥2次,10899.78,2.0,0.777229,会员专属权益(不主发券)
U003076,铜牌会员,高,价值用户,复购≥2次,30215.36,2.0,0.776463,会员专属权益(不主发券)
U002361,银牌会员,高,价值用户,复购≥2次,25908.07,2.0,0.7763,会员专属权益(不主发券)
U004210,普通会员,高,价值用户,复购≥2次,11727.89,2.0,0.77609,会员专属权益(不主发券)
U004056,钻石会员,高,价值用户,复购≥2次,19527.9,2.0,0.776064,会员专属权益(不主发券)
U004558,普通会员,高,价值用户,复购≥2次,10997.53,3.0,0.776038,会员专属权益(不主发券)
U002051,银牌会员,高,价值用户,复购≥2次,12566.71,4.0,0.775754,会员专属权益(不主发券)
U002368,银牌会员,高,价值用户,复购≥2次,36718.82,2.0,0.775461,会员专属权益(不主发券)
U002850,铜牌会员,高,价值用户,复购≥2次,22611.35,3.0,0.775461,会员专属权益(不主发券)
U001763,铜牌会员,高,价值用户,复购≥2次,11048.43,2.0,0.775219,会员专属权益(不主发券)
U000026,铜牌会员,高,价值用户,复购≥2次,23084.45,2.0,0.775198,会员专属权益(不主发券)
U004080,钻石会员,高,价值用户,复购≥2次,10703.89,2.0,0.775099,会员专属权益(不主发券)
U000706,普通会员,高,价值用户,复购≥2次,14613.73,2.0,0.774963,会员专属权益(不主发券)
U004666,银牌会员,高,价值用户,复购≥2次,17265.64,2.0,0.774559,会员专属权益(不主发券)
U004332,铜牌会员,高,价值用户,复购≥2次,34734.5,3.0,0.774302,会员专属权益(不主发券)
U001780,金牌会员,高,价值用户,复购≥2次,34992.08,4.0,0.774004,会员专属权益(不主发券)
U002364,银牌会员,高,价值用户,复购≥2次,12515.66,2.0,0.773006,会员专属权益(不主发券)
U004031,普通会员,高,价值用户,复购≥2次,10726.09,2.0,0.772952,会员专属权益(不主发券)
U003380,金牌会员,高,价值用户,复购≥2次,17037.62,2.0,0.772164,会员专属权益(不主发券)
U002474,普通会员,高,价值用户,复购≥2次,18567.66,2.0,0.771186,会员专属权益(不主发券)
U003959,银牌会员,高,价值用户,复购≥2次,11737.33,3.0,0.770753,会员专属权益(不主发券)
U002007,银牌会员,高,价值用户,复购≥2次,30273.57,3.0,0.77037,会员专属权益(不主发券)
U002346,银牌会员,高,价值用户,复购≥2次,31243.51,2.0,0.769756,会员专属权益(不主发券)
U003142,金牌会员,高,价值用户,复购≥2次,18953.38,2.0,0.769646,会员专属权益(不主发券)
U003768,铜牌会员,高,价值用户,复购≥2次,20181.15,3.0,0.768989,会员专属权益(不主发券)
U004784,铜牌会员,高,价值用户,复购≥2次,12316.8,2.0,0.768511,会员专属权益(不主发券)
U001389,普通会员,高,价值用户,复购≥2次,36810.83,3.0,0.76793,会员专属权益(不主发券)
U000122,银牌会员,高,价值用户,复购≥2次,26428.51,2.0,0.767527,会员专属权益(不主发券)
U003867,金牌会员,高,价值用户,复购≥2次,26531.63,2.0,0.766883,会员专属权益(不主发券)
U001403,金牌会员,高,价值用户,复购≥2次,21469.81,2.0,0.765953,会员专属权益(不主发券)
U004833,普通会员,高,价值用户,复购≥2次,18465.01,2.0,0.765328,会员专属权益(不主发券)
U004635,银牌会员,高,价值用户,复购≥2次,10472.06,2.0,0.764863,会员专属权益(不主发券)
U002622,普通会员,高,价值用户,复购≥2次,63384.51,4.0,0.764845,会员专属权益(不主发券)
U004918,普通会员,高,价值用户,复购≥2次,19496.72,2.0,0.764677,会员专属权益(不主发券)
U004631,钻石会员,高,价值用户,复购≥2次,20000.62,2.0,0.764187,会员专属权益(不主发券)
U003839,普通会员,高,价值用户,复购≥2次,22805.44,3.0,0.762873,会员专属权益(不主发券)
U004584,铜牌会员,高,价值用户,复购≥2次,13320.29,3.0,0.762581,会员专属权益(不主发券)
U001264,钻石会员,高,价值用户,复购≥2次,32893.69,3.0,0.762549,会员专属权益(不主发券)
U004606,铜牌会员,高,价值用户,复购≥2次,10776.37,4.0,0.762514,会员专属权益(不主发券)
U004777,金牌会员,高,价值用户,复购≥2次,20358.85,2.0,0.762398,会员专属权益(不主发券)
U003358,银牌会员,高,价值用户,仅1单,16492.09,1.0,0.761807,会员专属权益(不主发券)
U003506,铜牌会员,高,价值用户,复购≥2次,11526.66,3.0,0.761408,会员专属权益(不主发券)
U001495,铜牌会员,高,价值用户,复购≥2次,18886.24,2.0,0.760956,会员专属权益(不主发券)
U003037,普通会员,高,价值用户,复购≥2次,31039.59,2.0,0.760825,会员专属权益(不主发券)
U001128,金牌会员,高,价值用户,复购≥2次,10772.41,2.0,0.760713,会员专属权益(不主发券)
U004657,金牌会员,高,价值用户,复购≥2次,15966.81,2.0,0.76053,会员专属权益(不主发券)
U004864,普通会员,高,价值用户,复购≥2次,27178.85,3.0,0.760506,会员专属权益(不主发券)
U002828,银牌会员,高,价值用户,复购≥2次,33748.79,5.0,0.760348,会员专属权益(不主发券)
U002076,金牌会员,高,价值用户,复购≥2次,13181.56,2.0,0.760118,会员专属权益(不主发券)
U003784,钻石会员,高,价值用户,仅1单,14378.59,1.0,0.759726,会员专属权益(不主发券)
U000585,钻石会员,高,价值用户,复购≥2次,14127.01,4.0,0.759442,会员专属权益(不主发券)
U004187,金牌会员,高,价值用户,复购≥2次,55590.07,4.0,0.758899,会员专属权益(不主发券)
U002587,普通会员,高,价值用户,复购≥2次,10012.84,3.0,0.758494,会员专属权益(不主发券)
U001769,普通会员,高,价值用户,复购≥2次,17811.29,2.0,0.75835,会员专属权益(不主发券)
U003599,金牌会员,高,价值用户,复购≥2次,12355.59,2.0,0.758269,会员专属权益(不主发券)
U003463,铜牌会员,高,价值用户,复购≥2次,11751.83,2.0,0.758246,会员专属权益(不主发券)
U002868,金牌会员,高,价值用户,复购≥2次,20012.5,2.0,0.758194,会员专属权益(不主发券)
U001894,铜牌会员,高,价值用户,复购≥2次,10773.95,4.0,0.757792,会员专属权益(不主发券)
U004846,铜牌会员,高,价值用户,仅1单,45017.83,1.0,0.757555,会员专属权益(不主发券)
U001725,钻石会员,高,价值用户,复购≥2次,19529.85,3.0,0.756717,会员专属权益(不主发券)
U001324,银牌会员,高,价值用户,复购≥2次,23390.81,4.0,0.756402,会员专属权益(不主发券)
U004395,银牌会员,高,价值用户,复购≥2次,18662.99,2.0,0.756177,会员专属权益(不主发券)
U002601,银牌会员,高,价值用户,复购≥2次,13256.54,2.0,0.75566,会员专属权益(不主发券)
U001874,银牌会员,高,价值用户,复购≥2次,21980.44,2.0,0.755538,会员专属权益(不主发券)
U004774,银牌会员,高,价值用户,仅1单,24653.39,1.0,0.755001,会员专属权益(不主发券)
U000194,金牌会员,高,价值用户,复购≥2次,19305.49,2.0,0.754685,会员专属权益(不主发券)
U004072,铜牌会员,高,价值用户,复购≥2次,28021.36,3.0,0.753791,会员专属权益(不主发券)
U001282,普通会员,高,价值用户,复购≥2次,14141.65,2.0,0.753719,会员专属权益(不主发券)
U004938,铜牌会员,高,价值用户,复购≥2次,15124.04,3.0,0.753695,会员专属权益(不主发券)
U003587,铜牌会员,高,价值用户,复购≥2次,17620.63,2.0,0.753662,会员专属权益(不主发券)
U000232,铜牌会员,高,价值用户,复购≥2次,15852.75,2.0,0.75254,会员专属权益(不主发券)
U004033,银牌会员,高,价值用户,复购≥2次,36383.1,2.0,0.752191,会员专属权益(不主发券)
U000495,铜牌会员,高,价值用户,复购≥2次,47131.02,4.0,0.752183,会员专属权益(不主发券)
U004525,普通会员,高,价值用户,复购≥2次,13047.8,3.0,0.751936,会员专属权益(不主发券)
U002627,铜牌会员,高,价值用户,复购≥2次,27616.37,2.0,0.751867,会员专属权益(不主发券)
U000460,铜牌会员,高,价值用户,复购≥2次,46606.38,2.0,0.751672,会员专属权益(不主发券)
U004995,金牌会员,高,价值用户,复购≥2次,21239.47,2.0,0.75162,会员专属权益(不主发券)
U000235,银牌会员,高,价值用户,复购≥2次,14281.1,2.0,0.751015,会员专属权益(不主发券)
U000074,银牌会员,高,价值用户,复购≥2次,17691.08,4.0,0.750391,会员专属权益(不主发券)
U003128,银牌会员,高,价值用户,复购≥2次,19550.56,2.0,0.750287,会员专属权益(不主发券)
U001080,铜牌会员,高,价值用户,仅1单,36440.95,1.0,0.749972,会员专属权益(不主发券)
U004249,金牌会员,高,价值用户,复购≥2次,18145.12,2.0,0.749542,会员专属权益(不主发券)
U004610,铜牌会员,高,价值用户,复购≥2次,16144.56,4.0,0.749392,会员专属权益(不主发券)
U000101,铜牌会员,高,价值用户,复购≥2次,19710.55,5.0,0.749256,会员专属权益(不主发券)
U002702,铜牌会员,高,价值用户,复购≥2次,34946.27,2.0,0.749245,会员专属权益(不主发券)
U001713,银牌会员,高,价值用户,复购≥2次,11442.05,2.0,0.74924,会员专属权益(不主发券)
U000111,银牌会员,高,价值用户,复购≥2次,25677.7,2.0,0.749178,会员专属权益(不主发券)
U000702,金牌会员,高,价值用户,复购≥2次,10476.15,2.0,0.749034,会员专属权益(不主发券)
U000830,普通会员,高,价值用户,复购≥2次,10138.4,3.0,0.748903,会员专属权益(不主发券)
U002972,银牌会员,高,价值用户,复购≥2次,14743.21,2.0,0.748478,会员专属权益(不主发券)
U000012,金牌会员,高,价值用户,复购≥2次,18339.95,2.0,0.748181,会员专属权益(不主发券)
U002827,金牌会员,高,价值用户,复购≥2次,14804.81,4.0,0.748018,会员专属权益(不主发券)
U000278,铜牌会员,高,价值用户,复购≥2次,19329.01,4.0,0.747839,会员专属权益(不主发券)
U001578,铜牌会员,高,价值用户,复购≥2次,18882.52,3.0,0.747628,会员专属权益(不主发券)
U002565,普通会员,高,价值用户,复购≥2次,29038.27,3.0,0.747465,会员专属权益(不主发券)
U003195,金牌会员,高,价值用户,仅1单,11193.2,1.0,0.747342,会员专属权益(不主发券)
U001616,铜牌会员,高,价值用户,复购≥2次,39247.14,3.0,0.747204,会员专属权益(不主发券)
U002924,银牌会员,高,价值用户,复购≥2次,27420.93,2.0,0.747144,会员专属权益(不主发券)
U004293,金牌会员,高,价值用户,仅1单,38750.43,1.0,0.746866,会员专属权益(不主发券)
U000133,普通会员,高,价值用户,复购≥2次,13785.94,2.0,0.746682,会员专属权益(不主发券)
U001734,金牌会员,高,价值用户,仅1单,16473.62,1.0,0.746626,会员专属权益(不主发券)
U001560,铜牌会员,高,价值用户,复购≥2次,24103.54,2.0,0.746483,会员专属权益(不主发券)
U000625,普通会员,高,价值用户,复购≥2次,27479.37,2.0,0.746319,会员专属权益(不主发券)
U000762,普通会员,高,价值用户,复购≥2次,19552.7,2.0,0.746131,会员专属权益(不主发券)
U003020,银牌会员,高,价值用户,复购≥2次,11710.44,2.0,0.74489,会员专属权益(不主发券)
U003393,铜牌会员,高,价值用户,复购≥2次,10173.55,2.0,0.744661,会员专属权益(不主发券)
U003310,铜牌会员,高,价值用户,复购≥2次,33709.22,2.0,0.744585,会员专属权益(不主发券)
U003978,银牌会员,高,价值用户,复购≥2次,12224.97,2.0,0.743823,会员专属权益(不主发券)
U001235,普通会员,高,价值用户,复购≥2次,21426.29,2.0,0.743811,会员专属权益(不主发券)
U004197,银牌会员,高,价值用户,从未下单,19513.55,0.0,0.74295,会员专属权益(不主发券)
U004546,银牌会员,高,价值用户,复购≥2次,14595.05,2.0,0.742548,会员专属权益(不主发券)
U000551,铜牌会员,高,价值用户,复购≥2次,10306.5,2.0,0.742091,会员专属权益(不主发券)
U001483,金牌会员,高,价值用户,复购≥2次,30936.47,4.0,0.742037,会员专属权益(不主发券)
U003780,铜牌会员,高,价值用户,复购≥2次,13910.79,3.0,0.741993,会员专属权益(不主发券)
U003487,金牌会员,高,价值用户,复购≥2次,25611.39,2.0,0.741637,会员专属权益(不主发券)
U002805,银牌会员,高,价值用户,复购≥2次,26111.81,3.0,0.741502,会员专属权益(不主发券)
U000401,银牌会员,高,价值用户,复购≥2次,20897.48,3.0,0.741214,会员专属权益(不主发券)
U002648,铜牌会员,高,价值用户,复购≥2次,18280.58,2.0,0.740914,会员专属权益(不主发券)
U002790,银牌会员,高,价值用户,复购≥2次,42180.57,4.0,0.740858,会员专属权益(不主发券)
U003351,银牌会员,高,价值用户,仅1单,23360.26,1.0,0.740752,会员专属权益(不主发券)
U004003,普通会员,高,价值用户,复购≥2次,10289.95,2.0,0.740739,会员专属权益(不主发券)
U002203,铜牌会员,高,价值用户,复购≥2次,12026.99,2.0,0.739212,会员专属权益(不主发券)
U002491,铜牌会员,高,价值用户,复购≥2次,10779.58,2.0,0.738655,会员专属权益(不主发券)
U002927,普通会员,高,价值用户,复购≥2次,21752.02,2.0,0.738631,会员专属权益(不主发券)
U002638,铜牌会员,高,价值用户,复购≥2次,12397.52,2.0,0.738592,会员专属权益(不主发券)
U000098,普通会员,高,价值用户,复购≥2次,24167.66,3.0,0.738363,会员专属权益(不主发券)
U001125,铜牌会员,高,价值用户,复购≥2次,22095.72,2.0,0.737804,会员专属权益(不主发券)
U001859,普通会员,高,价值用户,复购≥2次,12627.35,4.0,0.737476,会员专属权益(不主发券)
U001441,铜牌会员,高,价值用户,复购≥2次,11879.85,3.0,0.737266,会员专属权益(不主发券)
U000328,金牌会员,高,价值用户,仅1单,25388.33,1.0,0.737238,会员专属权益(不主发券)
U000175,铜牌会员,高,价值用户,复购≥2次,40275.9,2.0,0.737172,会员专属权益(不主发券)
U001061,铜牌会员,高,价值用户,复购≥2次,17513.66,3.0,0.736781,会员专属权益(不主发券)
U002892,钻石会员,高,价值用户,复购≥2次,13925.09,2.0,0.735696,会员专属权益(不主发券)
U002089,银牌会员,高,价值用户,复购≥2次,12713.49,2.0,0.735394,会员专属权益(不主发券)
U004112,铜牌会员,高,价值用户,仅1单,15503.0,1.0,0.735383,会员专属权益(不主发券)
U003095,钻石会员,高,价值用户,仅1单,10649.68,1.0,0.735032,会员专属权益(不主发券)
U001453,普通会员,高,价值用户,复购≥2次,15023.44,2.0,0.734335,会员专属权益(不主发券)
U001443,铜牌会员,高,价值用户,复购≥2次,19910.1,4.0,0.733793,会员专属权益(不主发券)
U001035,金牌会员,高,价值用户,复购≥2次,41178.79,2.0,0.733471,会员专属权益(不主发券)
U002126,金牌会员,高,价值用户,复购≥2次,10970.09,2.0,0.733125,会员专属权益(不主发券)
U002770,银牌会员,高,价值用户,复购≥2次,10553.22,2.0,0.733061,会员专属权益(不主发券)
U002513,普通会员,高,价值用户,复购≥2次,33874.06,3.0,0.733019,会员专属权益(不主发券)
U002426,银牌会员,高,价值用户,复购≥2次,15251.71,3.0,0.732059,会员专属权益(不主发券)
U004226,普通会员,高,价值用户,复购≥2次,13700.6,2.0,0.731732,会员专属权益(不主发券)
U002865,银牌会员,高,价值用户,复购≥2次,20714.32,2.0,0.731702,会员专属权益(不主发券)
U000280,金牌会员,高,价值用户,复购≥2次,23483.31,2.0,0.731661,会员专属权益(不主发券)
U002157,银牌会员,高,价值用户,复购≥2次,63183.13,2.0,0.731607,会员专属权益(不主发券)
U002079,银牌会员,高,价值用户,复购≥2次,29833.13,2.0,0.730778,会员专属权益(不主发券)
U004117,银牌会员,高,价值用户,复购≥2次,10685.97,4.0,0.729822,会员专属权益(不主发券)
U002325,铜牌会员,高,价值用户,复购≥2次,12520.0,2.0,0.729762,会员专属权益(不主发券)
U001130,铜牌会员,高,价值用户,复购≥2次,17599.16,3.0,0.729201,会员专属权益(不主发券)
U003777,铜牌会员,高,价值用户,复购≥2次,34620.09,2.0,0.728975,会员专属权益(不主发券)
U003029,普通会员,高,价值用户,复购≥2次,11499.04,4.0,0.728724,会员专属权益(不主发券)
U001936,银牌会员,高,价值用户,复购≥2次,12678.17,2.0,0.727842,会员专属权益(不主发券)
U001771,铜牌会员,高,价值用户,复购≥2次,25851.81,2.0,0.727289,会员专属权益(不主发券)
U004069,铜牌会员,高,价值用户,复购≥2次,11230.99,2.0,0.727119,会员专属权益(不主发券)
U003149,金牌会员,高,价值用户,复购≥2次,50013.13,2.0,0.726652,会员专属权益(不主发券)
U001932,钻石会员,高,价值用户,复购≥2次,12102.52,3.0,0.725323,会员专属权益(不主发券)
U002069,铜牌会员,高,价值用户,复购≥2次,25946.49,2.0,0.725021,会员专属权益(不主发券)
U004240,银牌会员,高,价值用户,复购≥2次,26506.7,3.0,0.724408,会员专属权益(不主发券)
U001674,金牌会员,高,价值用户,复购≥2次,22356.72,2.0,0.724246,会员专属权益(不主发券)
U001555,普通会员,高,价值用户,复购≥2次,16496.06,3.0,0.724238,会员专属权益(不主发券)
U003802,普通会员,高,价值用户,复购≥2次,19440.31,4.0,0.723349,会员专属权益(不主发券)
U002545,钻石会员,高,价值用户,复购≥2次,19986.03,3.0,0.723,会员专属权益(不主发券)
U003388,铜牌会员,高,价值用户,复购≥2次,12234.73,2.0,0.721734,会员专属权益(不主发券)
U003918,金牌会员,高,价值用户,复购≥2次,20773.4,2.0,0.720886,会员专属权益(不主发券)
U002885,金牌会员,高,价值用户,复购≥2次,33252.87,2.0,0.720232,会员专属权益(不主发券)
U002658,普通会员,高,价值用户,复购≥2次,15592.63,2.0,0.720014,会员专属权益(不主发券)
U003003,普通会员,高,价值用户,复购≥2次,39181.99,3.0,0.719607,会员专属权益(不主发券)
U004581,普通会员,高,价值用户,复购≥2次,14974.29,4.0,0.719545,会员专属权益(不主发券)
U002922,银牌会员,高,价值用户,复购≥2次,14453.33,2.0,0.718877,会员专属权益(不主发券)
U000241,铜牌会员,高,价值用户,复购≥2次,27541.83,3.0,0.718605,会员专属权益(不主发券)
U004667,铜牌会员,高,价值用户,复购≥2次,20837.1,2.0,0.71858,会员专属权益(不主发券)
U000595,铜牌会员,高,价值用户,复购≥2次,20419.34,2.0,0.718497,会员专属权益(不主发券)
U003957,普通会员,高,价值用户,复购≥2次,15389.46,3.0,0.718199,会员专属权益(不主发券)
U002274,铜牌会员,高,价值用户,复购≥2次,14898.81,2.0,0.718059,会员专属权益(不主发券)
U001864,银牌会员,高,价值用户,复购≥2次,23088.11,2.0,0.718049,会员专属权益(不主发券)
U000011,普通会员,高,价值用户,仅1单,17016.21,1.0,0.718048,会员专属权益(不主发券)
U003299,普通会员,高,价值用户,复购≥2次,22054.98,2.0,0.717998,会员专属权益(不主发券)
U002945,铜牌会员,高,价值用户,仅1单,16553.58,1.0,0.71643,会员专属权益(不主发券)
U002867,铜牌会员,高,价值用户,复购≥2次,26695.44,3.0,0.715466,会员专属权益(不主发券)
U003697,铜牌会员,高,价值用户,复购≥2次,80747.91,3.0,0.71407,会员专属权益(不主发券)
U004017,钻石会员,高,价值用户,复购≥2次,46543.34,3.0,0.713952,会员专属权益(不主发券)
U004750,铜牌会员,高,价值用户,复购≥2次,11177.58,3.0,0.713191,会员专属权益(不主发券)
U003410,银牌会员,高,价值用户,复购≥2次,15198.3,2.0,0.712858,会员专属权益(不主发券)
U003999,金牌会员,高,价值用户,复购≥2次,21507.3,2.0,0.712811,会员专属权益(不主发券)
U001472,钻石会员,高,价值用户,复购≥2次,17727.82,2.0,0.712442,会员专属权益(不主发券)
U000137,银牌会员,高,价值用户,复购≥2次,17845.71,2.0,0.710613,会员专属权益(不主发券)
U001106,银牌会员,高,价值用户,复购≥2次,12981.36,3.0,0.710447,会员专属权益(不主发券)
U003540,普通会员,高,价值用户,复购≥2次,15231.73,2.0,0.709534,会员专属权益(不主发券)
U000908,普通会员,高,价值用户,复购≥2次,18785.8,2.0,0.709011,会员专属权益(不主发券)
U002445,银牌会员,高,价值用户,复购≥2次,13024.11,4.0,0.708718,会员专属权益(不主发券)
U000810,银牌会员,高,价值用户,复购≥2次,14091.03,2.0,0.70853,会员专属权益(不主发券)
U004865,铜牌会员,高,价值用户,复购≥2次,18016.62,3.0,0.708391,会员专属权益(不主发券)
U001017,银牌会员,高,价值用户,复购≥2次,24104.62,2.0,0.708041,会员专属权益(不主发券)
U004039,普通会员,高,价值用户,复购≥2次,27603.92,2.0,0.707902,会员专属权益(不主发券)
U000700,钻石会员,高,价值用户,仅1单,35882.11,1.0,0.707881,会员专属权益(不主发券)
U003207,铜牌会员,高,价值用户,复购≥2次,36207.45,4.0,0.707135,会员专属权益(不主发券)
U003224,铜牌会员,高,价值用户,复购≥2次,42793.37,2.0,0.706981,会员专属权益(不主发券)
U002843,普通会员,高,价值用户,复购≥2次,13736.28,2.0,0.706393,会员专属权益(不主发券)
U002529,普通会员,高,价值用户,复购≥2次,17996.57,2.0,0.705923,会员专属权益(不主发券)
U000520,金牌会员,高,价值用户,复购≥2次,55411.52,2.0,0.705798,会员专属权益(不主发券)
U001211,金牌会员,高,价值用户,复购≥2次,12430.03,3.0,0.705707,会员专属权益(不主发券)
U003679,金牌会员,高,价值用户,复购≥2次,41204.55,2.0,0.705514,会员专属权益(不主发券)
U004194,铜牌会员,高,价值用户,复购≥2次,22934.91,4.0,0.704899,会员专属权益(不主发券)
U000818,普通会员,高,价值用户,复购≥2次,12481.79,2.0,0.704775,会员专属权益(不主发券)
U004135,普通会员,高,价值用户,复购≥2次,18551.63,2.0,0.703948,会员专属权益(不主发券)
U000129,金牌会员,高,价值用户,复购≥2次,45768.41,6.0,0.703801,会员专属权益(不主发券)
U003462,普通会员,高,价值用户,复购≥2次,22795.48,2.0,0.703715,会员专属权益(不主发券)
U002692,银牌会员,高,价值用户,复购≥2次,12235.16,2.0,0.703711,会员专属权益(不主发券)
U004199,金牌会员,高,价值用户,复购≥2次,32276.99,2.0,0.703388,会员专属权益(不主发券)
U000571,普通会员,高,价值用户,从未下单,12357.36,0.0,0.703375,会员专属权益(不主发券)
U000978,金牌会员,高,价值用户,复购≥2次,12084.13,2.0,0.702897,会员专属权益(不主发券)
U004385,银牌会员,高,价值用户,复购≥2次,11761.9,3.0,0.702884,会员专属权益(不主发券)
U001686,银牌会员,高,价值用户,复购≥2次,24354.6,3.0,0.702068,会员专属权益(不主发券)
U000529,铜牌会员,高,价值用户,复购≥2次,26223.49,3.0,0.701608,会员专属权益(不主发券)
U004946,铜牌会员,高,价值用户,复购≥2次,20316.84,4.0,0.701018,会员专属权益(不主发券)
U004329,银牌会员,高,价值用户,复购≥2次,32411.91,2.0,0.700738,会员专属权益(不主发券)
U000616,银牌会员,高,价值用户,复购≥2次,28923.79,2.0,0.700549,会员专属权益(不主发券)
U004361,金牌会员,高,价值用户,复购≥2次,13397.09,3.0,0.700384,会员专属权益(不主发券)
U000295,银牌会员,高,价值用户,仅1单,15260.4,1.0,0.70026,会员专属权益(不主发券)
U004601,银牌会员,高,价值用户,复购≥2次,32472.03,2.0,0.700181,会员专属权益(不主发券)
U003605,铜牌会员,高,价值用户,复购≥2次,12914.76,6.0,0.699691,会员专属权益(不主发券)
U000763,金牌会员,高,价值用户,复购≥2次,23212.31,3.0,0.699525,会员专属权益(不主发券)
U004184,普通会员,高,价值用户,复购≥2次,34674.15,2.0,0.699485,会员专属权益(不主发券)
U003209,金牌会员,高,价值用户,复购≥2次,24554.45,3.0,0.699253,会员专属权益(不主发券)
U004947,铜牌会员,高,价值用户,复购≥2次,19630.05,3.0,0.697973,会员专属权益(不主发券)
U001952,铜牌会员,高,价值用户,复购≥2次,53028.76,3.0,0.697495,会员专属权益(不主发券)
U003328,金牌会员,高,价值用户,复购≥2次,10188.13,2.0,0.697487,会员专属权益(不主发券)
U003218,金牌会员,高,价值用户,复购≥2次,24673.78,2.0,0.697425,会员专属权益(不主发券)
U004436,银牌会员,高,价值用户,复购≥2次,10333.33,2.0,0.69666,会员专属权益(不主发券)
U004362,金牌会员,高,价值用户,复购≥2次,26351.0,2.0,0.696611,会员专属权益(不主发券)
U003846,铜牌会员,高,价值用户,仅1单,14583.68,1.0,0.696438,会员专属权益(不主发券)
U003849,银牌会员,高,价值用户,复购≥2次,40069.87,2.0,0.695232,会员专属权益(不主发券)
U000160,铜牌会员,高,价值用户,复购≥2次,10026.76,2.0,0.695198,会员专属权益(不主发券)
U004506,铜牌会员,高,价值用户,复购≥2次,10644.99,4.0,0.694746,会员专属权益(不主发券)
U004086,普通会员,高,价值用户,仅1单,23980.88,1.0,0.694023,会员专属权益(不主发券)
U002199,银牌会员,高,价值用户,复购≥2次,18587.09,2.0,0.693505,会员专属权益(不主发券)
U001579,普通会员,高,价值用户,复购≥2次,11966.03,2.0,0.693453,会员专属权益(不主发券)
U004721,银牌会员,高,价值用户,复购≥2次,14040.42,5.0,0.692506,会员专属权益(不主发券)
U000250,普通会员,高,价值用户,复购≥2次,16091.38,2.0,0.692426,会员专属权益(不主发券)
U002626,银牌会员,高,价值用户,复购≥2次,11652.99,2.0,0.692214,会员专属权益(不主发券)
U001962,铜牌会员,高,价值用户,复购≥2次,13533.46,2.0,0.690602,会员专属权益(不主发券)
U002925,银牌会员,高,价值用户,仅1单,10536.29,1.0,0.690427,会员专属权益(不主发券)
U002851,铜牌会员,高,价值用户,仅1单,14723.49,1.0,0.688568,会员专属权益(不主发券)
U002653,普通会员,高,价值用户,复购≥2次,16298.52,2.0,0.688303,会员专属权益(不主发券)
U000017,银牌会员,高,价值用户,复购≥2次,17760.94,5.0,0.688093,会员专属权益(不主发券)
U004134,银牌会员,高,价值用户,复购≥2次,18033.52,2.0,0.687397,会员专属权益(不主发券)
U000386,普通会员,高,价值用户,复购≥2次,34154.3,3.0,0.686759,会员专属权益(不主发券)
U000990,银牌会员,高,价值用户,复购≥2次,29899.12,2.0,0.686388,会员专属权益(不主发券)
U002475,钻石会员,高,价值用户,复购≥2次,14995.25,2.0,0.686388,会员专属权益(不主发券)
U002826,铜牌会员,高,价值用户,复购≥2次,10726.77,2.0,0.685663,会员专属权益(不主发券)
U001668,普通会员,高,价值用户,复购≥2次,11280.24,5.0,0.685423,会员专属权益(不主发券)
U001405,银牌会员,高,价值用户,复购≥2次,40781.45,2.0,0.685056,会员专属权益(不主发券)
U000563,银牌会员,高,价值用户,复购≥2次,19355.48,2.0,0.683966,会员专属权益(不主发券)
U004051,银牌会员,高,价值用户,复购≥2次,27817.68,2.0,0.683949,会员专属权益(不主发券)
U002052,普通会员,高,价值用户,复购≥2次,30099.29,3.0,0.683763,会员专属权益(不主发券)
U002942,普通会员,高,价值用户,仅1单,17590.07,1.0,0.682331,会员专属权益(不主发券)
U003080,金牌会员,高,价值用户,复购≥2次,19270.08,2.0,0.681847,会员专属权益(不主发券)
U003584,铜牌会员,高,价值用户,复购≥2次,21061.39,3.0,0.681088,会员专属权益(不主发券)
U002463,铜牌会员,高,价值用户,复购≥2次,13238.82,2.0,0.680913,会员专属权益(不主发券)
U004509,银牌会员,高,价值用户,复购≥2次,14450.6,2.0,0.680431,会员专属权益(不主发券)
U002319,金牌会员,高,价值用户,复购≥2次,19852.81,3.0,0.680382,会员专属权益(不主发券)
U000485,普通会员,高,价值用户,复购≥2次,10717.51,4.0,0.679429,会员专属权益(不主发券)
U001186,银牌会员,高,价值用户,复购≥2次,12713.7,3.0,0.679066,会员专属权益(不主发券)
U001565,银牌会员,高,价值用户,复购≥2次,10271.84,2.0,0.679006,会员专属权益(不主发券)
U002954,金牌会员,高,价值用户,复购≥2次,49362.99,3.0,0.678628,会员专属权益(不主发券)
U003896,普通会员,高,价值用户,复购≥2次,14544.23,2.0,0.678429,会员专属权益(不主发券)
U002016,普通会员,高,价值用户,复购≥2次,10983.9,2.0,0.678148,会员专属权益(不主发券)
U001350,银牌会员,高,价值用户,复购≥2次,10587.81,2.0,0.677838,会员专属权益(不主发券)
U001521,普通会员,高,价值用户,复购≥2次,35058.22,3.0,0.677226,会员专属权益(不主发券)
U001334,普通会员,高,价值用户,复购≥2次,15714.2,3.0,0.676907,会员专属权益(不主发券)
U000341,银牌会员,高,价值用户,复购≥2次,13961.58,2.0,0.676005,会员专属权益(不主发券)
U002415,银牌会员,高,价值用户,复购≥2次,13409.03,2.0,0.675913,会员专属权益(不主发券)
U001828,银牌会员,高,价值用户,复购≥2次,26177.98,2.0,0.675451,会员专属权益(不主发券)
U002745,银牌会员,高,价值用户,仅1单,17434.49,1.0,0.674668,会员专属权益(不主发券)
U004414,普通会员,高,价值用户,复购≥2次,59453.31,4.0,0.67454,会员专属权益(不主发券)
U001705,银牌会员,高,价值用户,复购≥2次,22241.41,3.0,0.674486,会员专属权益(不主发券)
U000326,金牌会员,高,价值用户,从未下单,29575.7,0.0,0.674404,会员专属权益(不主发券)
U002465,银牌会员,高,价值用户,从未下单,15816.4,0.0,0.672795,会员专属权益(不主发券)
U000327,铜牌会员,高,价值用户,从未下单,15566.52,0.0,0.672066,会员专属权益(不主发券)
U002454,银牌会员,高,价值用户,仅1单,31647.31,1.0,0.671389,会员专属权益(不主发券)
U003994,铜牌会员,高,价值用户,仅1单,10837.36,1.0,0.669719,会员专属权益(不主发券)
U003469,金牌会员,高,价值用户,复购≥2次,17212.36,3.0,0.668871,会员专属权益(不主发券)
U001229,银牌会员,高,价值用户,仅1单,47900.38,1.0,0.668308,会员专属权益(不主发券)
U001842,铜牌会员,高,价值用户,复购≥2次,11751.03,4.0,0.667936,会员专属权益(不主发券)
U003376,铜牌会员,高,价值用户,复购≥2次,12299.41,2.0,0.66758,会员专属权益(不主发券)
U002508,铜牌会员,高,价值用户,复购≥2次,10173.94,3.0,0.6669,会员专属权益(不主发券)
U004015,铜牌会员,高,价值用户,复购≥2次,14042.73,2.0,0.666573,会员专属权益(不主发券)
U002718,银牌会员,高,价值用户,复购≥2次,33264.73,2.0,0.666059,会员专属权益(不主发券)
U000047,普通会员,高,价值用户,复购≥2次,18010.33,2.0,0.665364,会员专属权益(不主发券)
U000236,银牌会员,高,价值用户,从未下单,11077.75,0.0,0.665195,会员专属权益(不主发券)
U003902,银牌会员,高,价值用户,复购≥2次,35897.3,3.0,0.664823,会员专属权益(不主发券)
U001601,铜牌会员,高,价值用户,仅1单,18556.74,1.0,0.663934,会员专属权益(不主发券)
U002387,金牌会员,高,价值用户,仅1单,15139.16,1.0,0.66391,会员专属权益(不主发券)
U002284,普通会员,高,价值用户,从未下单,24394.11,0.0,0.663828,会员专属权益(不主发券)
U001600,钻石会员,高,价值用户,仅1单,15473.54,1.0,0.66356,会员专属权益(不主发券)
U002396,金牌会员,高,价值用户,仅1单,12064.91,1.0,0.663173,会员专属权益(不主发券)
U002769,铜牌会员,高,价值用户,仅1单,20121.47,1.0,0.663154,会员专属权益(不主发券)
U004491,普通会员,高,价值用户,从未下单,26889.16,0.0,0.663128,会员专属权益(不主发券)
U002004,铜牌会员,高,价值用户,复购≥2次,13664.83,3.0,0.662561,会员专属权益(不主发券)
U000597,铜牌会员,高,价值用户,复购≥2次,15000.54,2.0,0.66222,会员专属权益(不主发券)
U004260,铜牌会员,高,价值用户,复购≥2次,32054.69,2.0,0.661517,会员专属权益(不主发券)
U001305,银牌会员,高,价值用户,复购≥2次,18626.42,3.0,0.660764,会员专属权益(不主发券)
U003563,金牌会员,高,价值用户,复购≥2次,13675.07,3.0,0.659887,会员专属权益(不主发券)
U003308,银牌会员,高,价值用户,复购≥2次,13007.54,3.0,0.659497,会员专属权益(不主发券)
U000271,金牌会员,高,价值用户,复购≥2次,17862.37,2.0,0.659386,会员专属权益(不主发券)
U002211,金牌会员,高,价值用户,复购≥2次,33960.04,2.0,0.659315,会员专属权益(不主发券)
U001746,铜牌会员,高,价值用户,复购≥2次,13205.59,3.0,0.658929,会员专属权益(不主发券)
U001888,普通会员,高,价值用户,复购≥2次,17944.68,2.0,0.658819,会员专属权益(不主发券)
U003040,银牌会员,高,价值用户,复购≥2次,13343.15,3.0,0.657836,会员专属权益(不主发券)
U003171,普通会员,高,价值用户,复购≥2次,10094.37,2.0,0.65744,会员专属权益(不主发券)
U003573,铜牌会员,高,价值用户,复购≥2次,11602.87,2.0,0.657407,会员专属权益(不主发券)
U002189,铜牌会员,高,价值用户,复购≥2次,30130.73,3.0,0.65718,会员专属权益(不主发券)
U003782,铜牌会员,高,价值用户,复购≥2次,21264.58,2.0,0.656727,会员专属权益(不主发券)
U001280,银牌会员,高,价值用户,复购≥2次,24450.65,2.0,0.656327,会员专属权益(不主发券)
U002080,普通会员,高,价值用户,从未下单,26854.51,0.0,0.656137,会员专属权益(不主发券)
U000466,普通会员,高,价值用户,复购≥2次,10657.48,3.0,0.655274,会员专属权益(不主发券)
U003544,铜牌会员,高,价值用户,复购≥2次,22468.27,2.0,0.654765,会员专属权益(不主发券)
U004752,银牌会员,高,价值用户,仅1单,17317.17,1.0,0.652965,会员专属权益(不主发券)
U001153,金牌会员,高,价值用户,复购≥2次,15309.6,2.0,0.65291,会员专属权益(不主发券)
U004551,铜牌会员,高,价值用户,复购≥2次,18366.86,2.0,0.652722,会员专属权益(不主发券)
U002136,铜牌会员,高,价值用户,复购≥2次,19704.24,2.0,0.652444,会员专属权益(不主发券)
U001175,铜牌会员,高,价值用户,复购≥2次,28581.99,6.0,0.650542,会员专属权益(不主发券)
U001197,铜牌会员,高,价值用户,复购≥2次,10301.54,2.0,0.649921,会员专属权益(不主发券)
U002785,银牌会员,高,价值用户,仅1单,10273.7,1.0,0.649795,会员专属权益(不主发券)
U001215,铜牌会员,高,价值用户,复购≥2次,34374.22,2.0,0.649109,会员专属权益(不主发券)
U003162,金牌会员,高,价值用户,复购≥2次,11656.43,4.0,0.648234,会员专属权益(不主发券)
U004149,铜牌会员,高,价值用户,复购≥2次,22563.0,2.0,0.648073,会员专属权益(不主发券)
U001721,普通会员,高,价值用户,从未下单,10087.45,0.0,0.647992,会员专属权益(不主发券)
U002077,银牌会员,高,价值用户,复购≥2次,39443.35,2.0,0.647269,会员专属权益(不主发券)
U003450,铜牌会员,高,价值用户,复购≥2次,26305.98,2.0,0.647211,会员专属权益(不主发券)
U004058,金牌会员,高,价值用户,复购≥2次,11985.09,2.0,0.64706,会员专属权益(不主发券)
U002373,银牌会员,高,价值用户,复购≥2次,18309.69,2.0,0.646739,会员专属权益(不主发券)
U002707,银牌会员,高,价值用户,从未下单,17804.96,0.0,0.645256,会员专属权益(不主发券)
U000118,普通会员,高,价值用户,复购≥2次,26885.81,3.0,0.645006,会员专属权益(不主发券)
U000689,金牌会员,高,价值用户,复购≥2次,10920.09,2.0,0.644208,会员专属权益(不主发券)
U002524,普通会员,高,价值用户,仅1单,22734.99,1.0,0.643917,会员专属权益(不主发券)
U000403,银牌会员,高,价值用户,仅1单,16368.38,1.0,0.643805,会员专属权益(不主发券)
U003968,铜牌会员,高,价值用户,复购≥2次,35635.31,2.0,0.643777,会员专属权益(不主发券)
U002816,银牌会员,高,价值用户,仅1单,14391.5,1.0,0.64143,会员专属权益(不主发券)
U003708,银牌会员,高,价值用户,仅1单,17724.7,1.0,0.64101,会员专属权益(不主发券)
U004936,银牌会员,高,价值用户,复购≥2次,30473.66,2.0,0.640334,会员专属权益(不主发券)
U001221,普通会员,高,价值用户,从未下单,27949.58,0.0,0.639164,会员专属权益(不主发券)
U003595,银牌会员,高,价值用户,复购≥2次,40887.91,2.0,0.638883,会员专属权益(不主发券)
U004842,金牌会员,高,价值用户,从未下单,14621.9,0.0,0.638038,会员专属权益(不主发券)
U003755,金牌会员,高,价值用户,复购≥2次,21847.5,3.0,0.637024,会员专属权益(不主发券)
U001173,银牌会员,高,价值用户,复购≥2次,29173.08,2.0,0.636281,会员专属权益(不主发券)
U000019,钻石会员,高,价值用户,复购≥2次,15587.44,2.0,0.636055,会员专属权益(不主发券)
U001913,普通会员,高,价值用户,复购≥2次,16875.73,2.0,0.63468,会员专属权益(不主发券)
U002517,银牌会员,高,价值用户,仅1单,11495.48,1.0,0.634604,会员专属权益(不主发券)
U000519,银牌会员,高,价值用户,复购≥2次,14563.93,3.0,0.6339,会员专属权益(不主发券)
U004040,普通会员,高,价值用户,复购≥2次,23598.32,2.0,0.633481,会员专属权益(不主发券)
U004674,银牌会员,高,价值用户,复购≥2次,19951.71,2.0,0.632171,会员专属权益(不主发券)
U004564,普通会员,高,价值用户,仅1单,22555.38,1.0,0.630621,会员专属权益(不主发券)
U002541,银牌会员,高,价值用户,仅1单,13433.79,1.0,0.630553,会员专属权益(不主发券)
U004206,银牌会员,高,价值用户,复购≥2次,21637.05,3.0,0.630255,会员专属权益(不主发券)
U002712,银牌会员,高,价值用户,仅1单,16383.92,1.0,0.629736,会员专属权益(不主发券)
U001103,银牌会员,高,价值用户,复购≥2次,22303.54,2.0,0.628345,会员专属权益(不主发券)
U003874,银牌会员,高,价值用户,仅1单,34807.77,1.0,0.628296,会员专属权益(不主发券)
U001531,金牌会员,高,价值用户,复购≥2次,16336.7,2.0,0.627508,会员专属权益(不主发券)
U001225,钻石会员,高,价值用户,复购≥2次,12846.6,2.0,0.627002,会员专属权益(不主发券)
U004780,银牌会员,高,价值用户,复购≥2次,31652.99,2.0,0.626543,会员专属权益(不主发券)
U002201,普通会员,高,价值用户,复购≥2次,14113.8,3.0,0.62553,会员专属权益(不主发券)
U004014,银牌会员,高,价值用户,复购≥2次,21115.57,2.0,0.624374,会员专属权益(不主发券)
U001582,铜牌会员,高,价值用户,仅1单,20197.39,1.0,0.622606,会员专属权益(不主发券)
U001651,铜牌会员,高,价值用户,仅1单,13722.29,1.0,0.621531,会员专属权益(不主发券)
U003326,银牌会员,高,价值用户,复购≥2次,27359.92,4.0,0.621378,会员专属权益(不主发券)
U000614,钻石会员,高,价值用户,仅1单,10384.87,1.0,0.619664,会员专属权益(不主发券)
U001824,铜牌会员,高,价值用户,从未下单,15806.87,0.0,0.619168,会员专属权益(不主发券)
U001149,银牌会员,高,价值用户,仅1单,13375.42,1.0,0.619036,会员专属权益(不主发券)
U002059,金牌会员,高,价值用户,仅1单,13206.79,1.0,0.617756,会员专属权益(不主发券)
U001286,钻石会员,高,价值用户,仅1单,23340.47,1.0,0.616474,会员专属权益(不主发券)
U001401,金牌会员,高,价值用户,复购≥2次,11922.71,2.0,0.61623,会员专属权益(不主发券)
U004435,普通会员,高,价值用户,复购≥2次,24266.25,3.0,0.615932,会员专属权益(不主发券)
U003289,金牌会员,高,价值用户,复购≥2次,31399.52,2.0,0.615872,会员专属权益(不主发券)
U004977,银牌会员,高,价值用户,复购≥2次,13761.61,5.0,0.614151,会员专属权益(不主发券)
U003972,银牌会员,高,价值用户,仅1单,10445.77,1.0,0.614084,会员专属权益(不主发券)
U002841,金牌会员,高,价值用户,复购≥2次,20014.38,2.0,0.613868,会员专属权益(不主发券)
U002486,金牌会员,高,价值用户,复购≥2次,34258.35,2.0,0.613048,会员专属权益(不主发券)
U000393,银牌会员,高,价值用户,仅1单,33829.56,1.0,0.612853,会员专属权益(不主发券)
U000701,铜牌会员,高,价值用户,复购≥2次,16637.64,2.0,0.61267,会员专属权益(不主发券)
U002156,普通会员,高,价值用户,从未下单,24162.53,0.0,0.609518,会员专属权益(不主发券)
U001789,铜牌会员,高,价值用户,复购≥2次,17694.13,2.0,0.609024,会员专属权益(不主发券)
U002041,银牌会员,高,价值用户,仅1单,16133.35,1.0,0.607882,会员专属权益(不主发券)
U004673,钻石会员,高,价值用户,仅1单,22424.02,1.0,0.607691,会员专属权益(不主发券)
U002489,普通会员,高,价值用户,复购≥2次,18657.32,2.0,0.605759,会员专属权益(不主发券)
U002049,普通会员,高,价值用户,仅1单,18175.67,1.0,0.605011,会员专属权益(不主发券)
U002856,铜牌会员,高,价值用户,从未下单,19813.09,0.0,0.604769,会员专属权益(不主发券)
U004470,银牌会员,高,价值用户,仅1单,18090.97,1.0,0.604294,会员专属权益(不主发券)
U004886,铜牌会员,高,价值用户,复购≥2次,37438.63,2.0,0.60408,会员专属权益(不主发券)
U004394,金牌会员,高,价值用户,仅1单,14702.16,1.0,0.603918,会员专属权益(不主发券)
U004165,铜牌会员,高,价值用户,复购≥2次,39726.16,2.0,0.602482,会员专属权益(不主发券)
U001402,金牌会员,高,价值用户,复购≥2次,11838.44,3.0,0.601115,会员专属权益(不主发券)
U000628,铜牌会员,高,价值用户,复购≥2次,35023.37,3.0,0.600045,会员专属权益(不主发券)
U001418,普通会员,高,价值用户,仅1单,18742.17,1.0,0.599562,会员专属权益(不主发券)
U002042,钻石会员,高,价值用户,复购≥2次,11949.72,3.0,0.598541,会员专属权益(不主发券)
U003360,铜牌会员,高,价值用户,复购≥2次,26235.18,4.0,0.598348,会员专属权益(不主发券)
U003869,普通会员,高,价值用户,从未下单,10135.87,0.0,0.597742,会员专属权益(不主发券)
U003504,铜牌会员,高,价值用户,复购≥2次,17759.54,3.0,0.597374,会员专属权益(不主发券)
U000126,普通会员,高,价值用户,复购≥2次,29514.84,3.0,0.59733,会员专属权益(不主发券)
U001378,铜牌会员,高,价值用户,复购≥2次,35631.94,2.0,0.597086,会员专属权益(不主发券)
U004830,铜牌会员,高,价值用户,复购≥2次,11828.86,3.0,0.595988,会员专属权益(不主发券)
U001093,钻石会员,高,价值用户,复购≥2次,18915.32,2.0,0.595576,会员专属权益(不主发券)
U003039,银牌会员,高,价值用户,复购≥2次,47780.53,3.0,0.595542,会员专属权益(不主发券)
U004625,普通会员,高,价值用户,从未下单,15778.36,0.0,0.595531,会员专属权益(不主发券)
U000132,铜牌会员,高,价值用户,复购≥2次,19651.93,2.0,0.59501,会员专属权益(不主发券)
U000920,金牌会员,高,价值用户,复购≥2次,21068.2,2.0,0.594991,会员专属权益(不主发券)
U002087,银牌会员,高,价值用户,复购≥2次,19788.3,2.0,0.593512,会员专属权益(不主发券)
U004061,铜牌会员,高,价值用户,复购≥2次,16791.95,2.0,0.591875,会员专属权益(不主发券)
U003078,铜牌会员,高,价值用户,复购≥2次,18647.87,2.0,0.59172,会员专属权益(不主发券)
U001787,普通会员,高,价值用户,仅1单,17131.61,1.0,0.591473,会员专属权益(不主发券)
U001592,铜牌会员,高,价值用户,复购≥2次,15116.5,4.0,0.590683,会员专属权益(不主发券)
U000703,钻石会员,高,价值用户,仅1单,13692.39,1.0,0.58956,会员专属权益(不主发券)
U000598,铜牌会员,高,价值用户,复购≥2次,12912.59,2.0,0.589553,会员专属权益(不主发券)
U004246,金牌会员,高,价值用户,复购≥2次,22631.31,3.0,0.589426,会员专属权益(不主发券)
U004851,铜牌会员,高,价值用户,仅1单,29601.2,1.0,0.589057,会员专属权益(不主发券)
U000480,铜牌会员,高,价值用户,复购≥2次,25814.39,3.0,0.588865,会员专属权益(不主发券)
U004723,金牌会员,高,价值用户,仅1单,24026.18,1.0,0.587814,会员专属权益(不主发券)
U002685,铜牌会员,高,价值用户,复购≥2次,10361.25,2.0,0.586818,会员专属权益(不主发券)
U003887,金牌会员,高,价值用户,复购≥2次,27131.65,2.0,0.584871,会员专属权益(不主发券)
U000504,铜牌会员,高,价值用户,仅1单,12489.14,1.0,0.584191,会员专属权益(不主发券)
U003150,普通会员,高,价值用户,复购≥2次,14940.15,2.0,0.582045,会员专属权益(不主发券)
U002946,普通会员,高,价值用户,复购≥2次,21991.82,2.0,0.578424,会员专属权益(不主发券)
U002113,铜牌会员,高,价值用户,复购≥2次,42199.33,3.0,0.57719,会员专属权益(不主发券)
U001633,银牌会员,高,价值用户,仅1单,17642.34,1.0,0.577087,会员专属权益(不主发券)
U002820,普通会员,高,价值用户,复购≥2次,26031.92,2.0,0.574986,会员专属权益(不主发券)
U003966,铜牌会员,高,价值用户,仅1单,23731.04,1.0,0.572723,会员专属权益(不主发券)
U001707,银牌会员,高,价值用户,复购≥2次,36862.65,3.0,0.57266,会员专属权益(不主发券)
U001477,金牌会员,高,价值用户,复购≥2次,25854.53,2.0,0.570817,会员专属权益(不主发券)
U004016,铜牌会员,高,价值用户,复购≥2次,15324.04,3.0,0.569612,会员专属权益(不主发券)
U002914,铜牌会员,高,价值用户,仅1单,16267.87,1.0,0.569183,会员专属权益(不主发券)
U000705,银牌会员,高,价值用户,复购≥2次,14653.25,2.0,0.56825,会员专属权益(不主发券)
U004320,银牌会员,高,价值用户,复购≥2次,23233.92,2.0,0.567637,会员专属权益(不主发券)
U004566,铜牌会员,高,价值用户,复购≥2次,16207.78,2.0,0.567143,会员专属权益(不主发券)
U001297,银牌会员,高,价值用户,仅1单,12944.01,1.0,0.565098,会员专属权益(不主发券)
U004013,银牌会员,高,价值用户,复购≥2次,39441.52,2.0,0.563462,会员专属权益(不主发券)
U002766,铜牌会员,高,价值用户,仅1单,15744.31,1.0,0.562676,会员专属权益(不主发券)
U004359,普通会员,高,价值用户,仅1单,28764.51,1.0,0.561481,会员专属权益(不主发券)
U002020,金牌会员,高,价值用户,仅1单,19386.7,1.0,0.560525,会员专属权益(不主发券)
U002362,银牌会员,高,价值用户,从未下单,36583.0,0.0,0.559359,会员专属权益(不主发券)
U001615,金牌会员,高,价值用户,复购≥2次,11948.08,3.0,0.559316,会员专属权益(不主发券)
U003628,铜牌会员,高,价值用户,仅1单,10227.05,1.0,0.559038,会员专属权益(不主发券)
U003894,银牌会员,高,价值用户,仅1单,16306.48,1.0,0.557732,会员专属权益(不主发券)
U002116,银牌会员,高,价值用户,复购≥2次,39894.34,3.0,0.556276,会员专属权益(不主发券)
U001382,金牌会员,高,价值用户,仅1单,16542.02,1.0,0.554139,会员专属权益(不主发券)
U003036,普通会员,高,价值用户,复购≥2次,30498.43,2.0,0.553873,会员专属权益(不主发券)
U001343,铜牌会员,高,价值用户,复购≥2次,18435.34,5.0,0.552936,会员专属权益(不主发券)
U001260,铜牌会员,高,价值用户,从未下单,10790.93,0.0,0.552887,会员专属权益(不主发券)
U001867,铜牌会员,高,价值用户,复购≥2次,17886.02,2.0,0.552323,会员专属权益(不主发券)
U004048,普通会员,高,价值用户,复购≥2次,26516.95,5.0,0.55174,会员专属权益(不主发券)
U001148,铜牌会员,高,价值用户,复购≥2次,17104.62,2.0,0.55114,会员专属权益(不主发券)
U004855,普通会员,高,价值用户,复购≥2次,28543.67,4.0,0.549269,会员专属权益(不主发券)
U003189,普通会员,高,价值用户,复购≥2次,19783.74,4.0,0.549029,会员专属权益(不主发券)
U000251,普通会员,高,价值用户,仅1单,35625.91,1.0,0.547486,会员专属权益(不主发券)
U000865,银牌会员,高,价值用户,复购≥2次,18066.09,2.0,0.546251,会员专属权益(不主发券)
U001574,铜牌会员,高,价值用户,复购≥2次,17906.1,2.0,0.544901,会员专属权益(不主发券)
U004337,金牌会员,高,价值用户,仅1单,37954.73,1.0,0.544262,会员专属权益(不主发券)
U002873,铜牌会员,高,价值用户,从未下单,41338.97,0.0,0.543752,会员专属权益(不主发券)
U004029,金牌会员,高,价值用户,复购≥2次,12289.21,3.0,0.542817,会员专属权益(不主发券)
U004024,钻石会员,高,价值用户,复购≥2次,34407.15,2.0,0.541913,会员专属权益(不主发券)
U004700,铜牌会员,高,价值用户,仅1单,19648.16,1.0,0.541509,会员专属权益(不主发券)
U003857,铜牌会员,高,价值用户,复购≥2次,13040.15,2.0,0.540161,会员专属权益(不主发券)
U004801,普通会员,高,价值用户,仅1单,43803.89,1.0,0.538743,会员专属权益(不主发券)
U000510,铜牌会员,高,价值用户,复购≥2次,12053.77,3.0,0.537425,会员专属权益(不主发券)
U003495,银牌会员,高,价值用户,复购≥2次,14389.73,2.0,0.537175,会员专属权益(不主发券)
U003105,普通会员,高,价值用户,从未下单,19027.1,0.0,0.53637,会员专属权益(不主发券)
U003374,银牌会员,高,价值用户,复购≥2次,20014.91,3.0,0.535854,会员专属权益(不主发券)
U004629,金牌会员,高,价值用户,仅1单,14340.21,1.0,0.535326,会员专属权益(不主发券)
U000814,普通会员,高,价值用户,复购≥2次,12117.0,3.0,0.535048,会员专属权益(不主发券)
U002696,铜牌会员,高,价值用户,复购≥2次,13213.21,2.0,0.531528,会员专属权益(不主发券)
U004539,银牌会员,高,价值用户,复购≥2次,10501.81,3.0,0.531327,会员专属权益(不主发券)
U000112,银牌会员,高,价值用户,复购≥2次,10339.05,3.0,0.529665,会员专属权益(不主发券)
U000029,铜牌会员,高,价值用户,仅1单,20499.95,1.0,0.52963,会员专属权益(不主发券)
U003853,银牌会员,高,价值用户,复购≥2次,11928.46,2.0,0.529394,会员专属权益(不主发券)
U004703,金牌会员,高,价值用户,仅1单,14041.22,1.0,0.528831,会员专属权益(不主发券)
U003181,银牌会员,高,价值用户,从未下单,17307.64,0.0,0.52853,会员专属权益(不主发券)
U003159,普通会员,高,价值用户,复购≥2次,19785.49,3.0,0.527862,会员专属权益(不主发券)
U002000,铜牌会员,高,价值用户,复购≥2次,13668.77,3.0,0.524672,会员专属权益(不主发券)
U003399,铜牌会员,高,价值用户,复购≥2次,17154.59,2.0,0.523745,会员专属权益(不主发券)
U000537,铜牌会员,高,价值用户,复购≥2次,12731.87,2.0,0.522875,会员专属权益(不主发券)
U001185,银牌会员,高,价值用户,复购≥2次,11103.43,2.0,0.520641,会员专属权益(不主发券)
U004549,普通会员,高,价值用户,仅1单,18204.17,1.0,0.520118,会员专属权益(不主发券)
U001978,普通会员,高,价值用户,复购≥2次,12025.88,3.0,0.51981,会员专属权益(不主发券)
U004476,金牌会员,高,价值用户,复购≥2次,21316.71,2.0,0.518769,会员专属权益(不主发券)
U000800,普通会员,高,价值用户,仅1单,15610.67,1.0,0.518517,会员专属权益(不主发券)
U002906,铜牌会员,高,价值用户,仅1单,15824.98,1.0,0.512094,会员专属权益(不主发券)
U000928,铜牌会员,高,价值用户,仅1单,12796.46,1.0,0.510751,会员专属权益(不主发券)
U000564,普通会员,高,价值用户,复购≥2次,13344.05,2.0,0.510267,会员专属权益(不主发券)
U004214,钻石会员,高,价值用户,复购≥2次,13345.17,2.0,0.509125,会员专属权益(不主发券)
U003992,普通会员,高,价值用户,复购≥2次,23282.19,3.0,0.50835,会员专属权益(不主发券)
U001252,普通会员,高,价值用户,复购≥2次,13190.67,2.0,0.507889,会员专属权益(不主发券)
U004282,银牌会员,高,价值用户,仅1单,13880.55,1.0,0.507098,会员专属权益(不主发券)
U003909,铜牌会员,高,价值用户,从未下单,17718.92,0.0,0.506907,会员专属权益(不主发券)
U001719,铜牌会员,高,价值用户,复购≥2次,14854.84,2.0,0.5068,会员专属权益(不主发券)
U003301,银牌会员,高,价值用户,复购≥2次,42686.25,3.0,0.504453,会员专属权益(不主发券)
U002780,银牌会员,高,价值用户,仅1单,31851.47,1.0,0.504125,会员专属权益(不主发券)
U000741,铜牌会员,高,价值用户,复购≥2次,23524.52,2.0,0.503397,会员专属权益(不主发券)
U001490,普通会员,高,价值用户,复购≥2次,38283.03,4.0,0.503243,会员专属权益(不主发券)
U003214,银牌会员,高,价值用户,复购≥2次,12275.72,2.0,0.501735,会员专属权益(不主发券)
U000389,普通会员,高,价值用户,仅1单,13781.91,1.0,0.501639,会员专属权益(不主发券)
U001054,普通会员,高,价值用户,仅1单,10785.53,1.0,0.500766,会员专属权益(不主发券)
U004563,铜牌会员,中,流失沉睡,复购≥2次,3022.25,2.0,0.399678,复购唤醒券：满300-80，14天有效
U001595,普通会员,中,流失沉睡,仅1单,6026.74,1.0,0.39963,复购唤醒券：满300-80，14天有效
U002886,铜牌会员,高,流失沉睡,复购≥2次,40668.12,2.0,0.399136,复购唤醒券：满300-80，14天有效
U001068,铜牌会员,高,流失沉睡,仅1单,10180.19,1.0,0.398834,复购唤醒券：满300-80，14天有效
U002507,钻石会员,高,流失沉睡,仅1单,22868.43,1.0,0.398718,复购唤醒券：满300-80，14天有效
U004879,银牌会员,中,流失沉睡,仅1单,6911.12,1.0,0.397949,复购唤醒券：满300-80，14天有效
U002875,金牌会员,中,流失沉睡,复购≥2次,3938.72,5.0,0.39768,复购唤醒券：满300-80，14天有效
U000263,普通会员,高,流失沉睡,从未下单,12249.22,0.0,0.397595,首单唤醒大额券：满100-50，7天有效
U003077,银牌会员,中,流失沉睡,仅1单,3340.13,1.0,0.396602,复购唤醒券：满300-80，14天有效
U004106,银牌会员,高,流失沉睡,复购≥2次,17329.84,2.0,0.396356,复购唤醒券：满300-80，14天有效
U001606,钻石会员,高,流失沉睡,仅1单,24384.27,1.0,0.395968,复购唤醒券：满300-80，14天有效
U001410,钻石会员,高,流失沉睡,复购≥2次,31989.44,2.0,0.395885,复购唤醒券：满300-80，14天有效
U002774,银牌会员,中,流失沉睡,复购≥2次,4257.9,2.0,0.395273,复购唤醒券：满300-80，14天有效
U000102,普通会员,高,流失沉睡,仅1单,30611.91,1.0,0.39494,复购唤醒券：满300-80，14天有效
U002470,铜牌会员,高,流失沉睡,仅1单,23007.98,1.0,0.394027,复购唤醒券：满300-80，14天有效
U000038,金牌会员,高,流失沉睡,从未下单,18778.53,0.0,0.393941,首单唤醒大额券：满100-50，7天有效
U000835,银牌会员,中,流失沉睡,仅1单,9038.88,1.0,0.393835,复购唤醒券：满300-80，14天有效
U004305,钻石会员,低,流失沉睡,仅1单,1868.75,1.0,0.393551,复购唤醒券：满300-80，14天有效
U002214,铜牌会员,高,流失沉睡,复购≥2次,19828.22,2.0,0.393362,复购唤醒券：满300-80，14天有效
U002512,普通会员,中,流失沉睡,复购≥2次,4495.12,2.0,0.39254,复购唤醒券：满300-80，14天有效
U004125,银牌会员,中,流失沉睡,仅1单,7262.28,1.0,0.391456,复购唤醒券：满300-80，14天有效
U000574,金牌会员,高,流失沉睡,仅1单,10405.24,1.0,0.391319,复购唤醒券：满300-80，14天有效
U004993,金牌会员,高,流失沉睡,仅1单,31567.56,1.0,0.390997,复购唤醒券：满300-80，14天有效
U003850,铜牌会员,中,流失沉睡,复购≥2次,4742.81,3.0,0.390956,复购唤醒券：满300-80，14天有效
U003819,铜牌会员,中,流失沉睡,复购≥2次,4087.26,2.0,0.389948,复购唤醒券：满300-80，14天有效
U003961,普通会员,中,流失沉睡,仅1单,6043.16,1.0,0.389398,复购唤醒券：满300-80，14天有效
U002825,普通会员,高,流失沉睡,从未下单,19178.59,0.0,0.389325,首单唤醒大额券：满100-50，7天有效
U000503,银牌会员,高,流失沉睡,仅1单,10626.08,1.0,0.388666,复购唤醒券：满300-80，14天有效
U002210,铜牌会员,中,流失沉睡,仅1单,6734.16,1.0,0.388478,复购唤醒券：满300-80，14天有效
U001172,金牌会员,高,流失沉睡,从未下单,24408.73,0.0,0.388422,首单唤醒大额券：满100-50，7天有效
U004250,铜牌会员,高,流失沉睡,从未下单,15647.81,0.0,0.388372,首单唤醒大额券：满100-50，7天有效
U000987,铜牌会员,中,流失沉睡,复购≥2次,7472.93,3.0,0.387805,复购唤醒券：满300-80，14天有效
U000001,铜牌会员,中,流失沉睡,复购≥2次,4558.21,2.0,0.387688,复购唤醒券：满300-80，14天有效
U001892,铜牌会员,中,流失沉睡,仅1单,9862.76,1.0,0.387676,复购唤醒券：满300-80，14天有效
U000325,普通会员,高,流失沉睡,复购≥2次,35539.92,2.0,0.387589,复购唤醒券：满300-80，14天有效
U000933,铜牌会员,中,流失沉睡,仅1单,3266.53,1.0,0.387066,复购唤醒券：满300-80，14天有效
U000479,铜牌会员,中,流失沉睡,复购≥2次,7564.41,2.0,0.386635,复购唤醒券：满300-80，14天有效
U000215,银牌会员,高,流失沉睡,从未下单,10565.6,0.0,0.386536,首单唤醒大额券：满100-50，7天有效
U004133,钻石会员,中,流失沉睡,仅1单,6985.45,1.0,0.38621,复购唤醒券：满300-80，14天有效
U000313,普通会员,中,流失沉睡,仅1单,3830.44,1.0,0.385611,复购唤醒券：满300-80，14天有效
U004508,银牌会员,高,流失沉睡,复购≥2次,29564.98,2.0,0.383476,复购唤醒券：满300-80，14天有效
U003824,银牌会员,高,流失沉睡,仅1单,11667.39,1.0,0.383244,复购唤醒券：满300-80，14天有效
U000500,普通会员,中,流失沉睡,复购≥2次,6073.83,3.0,0.382728,复购唤醒券：满300-80，14天有效
U004403,银牌会员,中,流失沉睡,复购≥2次,5599.8,2.0,0.382692,复购唤醒券：满300-80，14天有效
U001321,普通会员,低,流失沉睡,仅1单,2674.91,1.0,0.382346,复购唤醒券：满300-80，14天有效
U002462,银牌会员,中,流失沉睡,从未下单,3661.96,0.0,0.381348,首单唤醒大额券：满100-50，7天有效
U000795,铜牌会员,高,流失沉睡,复购≥2次,16380.1,2.0,0.380487,复购唤醒券：满300-80，14天有效
U004867,铜牌会员,中,流失沉睡,仅1单,8948.4,1.0,0.380386,复购唤醒券：满300-80，14天有效
U001817,钻石会员,高,流失沉睡,从未下单,35486.12,0.0,0.379671,首单唤醒大额券：满100-50，7天有效
U004494,银牌会员,高,流失沉睡,仅1单,19192.32,1.0,0.378261,复购唤醒券：满300-80，14天有效
U004423,铜牌会员,高,流失沉睡,复购≥2次,17947.21,2.0,0.37825,复购唤醒券：满300-80，14天有效
U003672,普通会员,高,流失沉睡,仅1单,25473.52,1.0,0.378192,复购唤醒券：满300-80，14天有效
U002299,普通会员,高,流失沉睡,仅1单,31608.38,1.0,0.378071,复购唤醒券：满300-80，14天有效
U000286,钻石会员,高,流失沉睡,仅1单,22185.34,1.0,0.377465,复购唤醒券：满300-80，14天有效
U001537,银牌会员,高,流失沉睡,仅1单,20990.22,1.0,0.37731,复购唤醒券：满300-80，14天有效
U000687,铜牌会员,高,流失沉睡,仅1单,12812.87,1.0,0.377066,复购唤醒券：满300-80，14天有效
U000612,普通会员,中,流失沉睡,复购≥2次,4783.55,2.0,0.376739,复购唤醒券：满300-80，14天有效
U004576,铜牌会员,高,流失沉睡,仅1单,13931.54,1.0,0.376505,复购唤醒券：满300-80，14天有效
U001645,银牌会员,高,流失沉睡,从未下单,13486.24,0.0,0.376138,首单唤醒大额券：满100-50，7天有效
U004265,金牌会员,高,流失沉睡,仅1单,52603.66,1.0,0.375395,复购唤醒券：满300-80，14天有效
U004126,铜牌会员,高,流失沉睡,仅1单,19699.77,1.0,0.375244,复购唤醒券：满300-80，14天有效
U004179,普通会员,高,流失沉睡,从未下单,25353.68,0.0,0.374255,首单唤醒大额券：满100-50，7天有效
U000580,银牌会员,高,流失沉睡,仅1单,17739.7,1.0,0.374078,复购唤醒券：满300-80，14天有效
U004669,铜牌会员,中,流失沉睡,仅1单,8381.41,1.0,0.374008,复购唤醒券：满300-80，14天有效
U004266,金牌会员,高,流失沉睡,复购≥2次,11512.45,2.0,0.373986,复购唤醒券：满300-80，14天有效
U002566,铜牌会员,中,流失沉睡,复购≥2次,4181.73,2.0,0.373563,复购唤醒券：满300-80，14天有效
U003424,普通会员,中,流失沉睡,复购≥2次,5764.46,2.0,0.372344,复购唤醒券：满300-80，14天有效
U001427,普通会员,高,流失沉睡,复购≥2次,16310.08,2.0,0.37229,复购唤醒券：满300-80，14天有效
U004608,铜牌会员,高,流失沉睡,从未下单,50132.45,0.0,0.37226,首单唤醒大额券：满100-50，7天有效
U001330,铜牌会员,中,流失沉睡,仅1单,6827.41,1.0,0.37222,复购唤醒券：满300-80，14天有效
U001077,普通会员,高,流失沉睡,从未下单,11070.65,0.0,0.37102,首单唤醒大额券：满100-50，7天有效
U000405,普通会员,中,流失沉睡,从未下单,4747.93,0.0,0.370403,首单唤醒大额券：满100-50，7天有效
U004843,铜牌会员,中,流失沉睡,仅1单,4764.21,1.0,0.370066,复购唤醒券：满300-80，14天有效
U003096,普通会员,中,流失沉睡,仅1单,3068.5,1.0,0.369601,复购唤醒券：满300-80，14天有效
U002437,银牌会员,中,流失沉睡,复购≥2次,5945.64,2.0,0.369228,复购唤醒券：满300-80，14天有效
U000729,钻石会员,高,流失沉睡,仅1单,24093.16,1.0,0.369174,复购唤醒券：满300-80，14天有效
U001306,铜牌会员,中,流失沉睡,从未下单,4055.19,0.0,0.36882,首单唤醒大额券：满100-50，7天有效
U000316,普通会员,高,流失沉睡,仅1单,15702.75,1.0,0.368742,复购唤醒券：满300-80，14天有效
U000486,铜牌会员,中,流失沉睡,复购≥2次,4245.96,2.0,0.368641,复购唤醒券：满300-80，14天有效
U003924,银牌会员,中,流失沉睡,仅1单,8695.81,1.0,0.36843,复购唤醒券：满300-80，14天有效
U004967,普通会员,中,流失沉睡,仅1单,9277.4,1.0,0.368259,复购唤醒券：满300-80，14天有效
U003049,银牌会员,高,流失沉睡,仅1单,14718.34,1.0,0.36798,复购唤醒券：满300-80，14天有效
U003576,铜牌会员,高,流失沉睡,从未下单,17304.01,0.0,0.367958,首单唤醒大额券：满100-50，7天有效
U002752,钻石会员,中,流失沉睡,复购≥2次,7592.18,2.0,0.367364,复购唤醒券：满300-80，14天有效
U004215,金牌会员,低,流失沉睡,从未下单,2402.52,0.0,0.367289,首单唤醒大额券：满100-50，7天有效
U003255,铜牌会员,中,流失沉睡,从未下单,5620.8,0.0,0.367248,首单唤醒大额券：满100-50，7天有效
U001108,金牌会员,高,流失沉睡,仅1单,19422.62,1.0,0.366884,复购唤醒券：满300-80，14天有效
U000329,铜牌会员,中,流失沉睡,复购≥2次,5986.8,3.0,0.366313,复购唤醒券：满300-80，14天有效
U001312,普通会员,高,流失沉睡,从未下单,27813.7,0.0,0.366003,首单唤醒大额券：满100-50，7天有效
U001319,银牌会员,高,流失沉睡,仅1单,11473.89,1.0,0.365929,复购唤醒券：满300-80，14天有效
U004632,普通会员,高,流失沉睡,从未下单,30134.22,0.0,0.36555,首单唤醒大额券：满100-50，7天有效
U003014,金牌会员,中,流失沉睡,复购≥2次,4198.91,3.0,0.365421,复购唤醒券：满300-80，14天有效
U003061,银牌会员,中,流失沉睡,复购≥2次,6275.09,2.0,0.365406,复购唤醒券：满300-80，14天有效
U000947,普通会员,中,流失沉睡,从未下单,6698.1,0.0,0.365383,首单唤醒大额券：满100-50，7天有效
U004182,铜牌会员,高,流失沉睡,仅1单,37211.9,1.0,0.365365,复购唤醒券：满300-80，14天有效
U003172,钻石会员,中,流失沉睡,复购≥2次,6266.88,2.0,0.364472,复购唤醒券：满300-80，14天有效
U004652,银牌会员,高,流失沉睡,复购≥2次,11508.88,2.0,0.364399,复购唤醒券：满300-80，14天有效
U004120,铜牌会员,高,流失沉睡,复购≥2次,10401.47,2.0,0.364154,复购唤醒券：满300-80，14天有效
U001498,普通会员,高,流失沉睡,复购≥2次,25707.4,2.0,0.362886,复购唤醒券：满300-80，14天有效
U000824,普通会员,高,流失沉睡,仅1单,21285.93,1.0,0.362833,复购唤醒券：满300-80，14天有效
U001359,金牌会员,高,流失沉睡,从未下单,38215.31,0.0,0.362743,首单唤醒大额券：满100-50，7天有效
U003534,银牌会员,中,流失沉睡,仅1单,3112.39,1.0,0.362601,复购唤醒券：满300-80，14天有效
U003899,铜牌会员,高,流失沉睡,从未下单,12082.38,0.0,0.362231,首单唤醒大额券：满100-50，7天有效
U001855,银牌会员,低,流失沉睡,从未下单,2181.14,0.0,0.362223,首单唤醒大额券：满100-50，7天有效
U004034,钻石会员,高,流失沉睡,仅1单,33890.82,1.0,0.362033,复购唤醒券：满300-80，14天有效
U004261,铜牌会员,中,流失沉睡,仅1单,6415.26,1.0,0.362025,复购唤醒券：满300-80，14天有效
U004341,铜牌会员,中,流失沉睡,仅1单,7191.7,1.0,0.361705,复购唤醒券：满300-80，14天有效
U001209,银牌会员,高,流失沉睡,从未下单,26506.27,0.0,0.361438,首单唤醒大额券：满100-50，7天有效
U000890,铜牌会员,高,流失沉睡,仅1单,22425.78,1.0,0.36128,复购唤醒券：满300-80，14天有效
U004118,银牌会员,高,流失沉睡,仅1单,14035.87,1.0,0.361174,复购唤醒券：满300-80，14天有效
U000373,银牌会员,中,流失沉睡,复购≥2次,4230.17,2.0,0.360895,复购唤醒券：满300-80，14天有效
U002472,铜牌会员,高,流失沉睡,从未下单,10000.03,0.0,0.360632,首单唤醒大额券：满100-50，7天有效
U003717,银牌会员,高,流失沉睡,从未下单,34654.97,0.0,0.359951,首单唤醒大额券：满100-50，7天有效
U004156,金牌会员,高,流失沉睡,仅1单,30528.2,1.0,0.359146,复购唤醒券：满300-80，14天有效
U004155,铜牌会员,高,流失沉睡,仅1单,20075.03,1.0,0.359026,复购唤醒券：满300-80，14天有效
U003021,金牌会员,中,流失沉睡,复购≥2次,9501.65,2.0,0.357987,复购唤醒券：满300-80，14天有效
U003729,铜牌会员,中,流失沉睡,仅1单,3796.78,1.0,0.357816,复购唤醒券：满300-80，14天有效
U002984,铜牌会员,中,流失沉睡,仅1单,5402.74,1.0,0.357747,复购唤醒券：满300-80，14天有效
U001708,普通会员,中,流失沉睡,复购≥2次,5708.23,4.0,0.357423,复购唤醒券：满300-80，14天有效
U003671,铜牌会员,高,流失沉睡,仅1单,13371.88,1.0,0.357253,复购唤醒券：满300-80，14天有效
U002589,银牌会员,中,流失沉睡,仅1单,5772.22,1.0,0.357092,复购唤醒券：满300-80，14天有效
U000381,铜牌会员,低,流失沉睡,仅1单,2812.33,1.0,0.356839,复购唤醒券：满300-80，14天有效
U000934,银牌会员,高,流失沉睡,仅1单,20564.87,1.0,0.356742,复购唤醒券：满300-80，14天有效
U003797,普通会员,高,流失沉睡,仅1单,35106.16,1.0,0.356278,复购唤醒券：满300-80，14天有效
U004256,银牌会员,高,流失沉睡,从未下单,17236.05,0.0,0.356263,首单唤醒大额券：满100-50，7天有效
U004711,铜牌会员,高,流失沉睡,仅1单,10452.86,1.0,0.355864,复购唤醒券：满300-80，14天有效
U000542,银牌会员,中,流失沉睡,仅1单,3373.66,1.0,0.355826,复购唤醒券：满300-80，14天有效
U002788,铜牌会员,中,流失沉睡,仅1单,7274.9,1.0,0.355396,复购唤醒券：满300-80，14天有效
U000709,普通会员,中,流失沉睡,仅1单,9938.93,1.0,0.354648,复购唤醒券：满300-80，14天有效
U001337,银牌会员,中,流失沉睡,仅1单,8497.85,1.0,0.354574,复购唤醒券：满300-80，14天有效
U000289,银牌会员,中,流失沉睡,复购≥2次,3164.86,2.0,0.354494,复购唤醒券：满300-80，14天有效
U004041,普通会员,高,流失沉睡,仅1单,27040.17,1.0,0.354438,复购唤醒券：满300-80，14天有效
U003468,银牌会员,低,流失沉睡,复购≥2次,2532.74,2.0,0.354273,复购唤醒券：满300-80，14天有效
U003642,金牌会员,高,流失沉睡,仅1单,19866.4,1.0,0.354268,复购唤醒券：满300-80，14天有效
U000213,金牌会员,高,流失沉睡,仅1单,24740.36,1.0,0.354191,复购唤醒券：满300-80，14天有效
U003146,铜牌会员,高,流失沉睡,仅1单,13900.35,1.0,0.353773,复购唤醒券：满300-80，14天有效
U003822,铜牌会员,中,流失沉睡,复购≥2次,5437.16,2.0,0.353726,复购唤醒券：满300-80，14天有效
U004825,铜牌会员,高,流失沉睡,从未下单,24136.43,0.0,0.353178,首单唤醒大额券：满100-50，7天有效
U001218,普通会员,低,流失沉睡,仅1单,2112.81,1.0,0.352686,复购唤醒券：满300-80，14天有效
U004457,铜牌会员,高,流失沉睡,仅1单,10500.1,1.0,0.35267,复购唤醒券：满300-80，14天有效
U003107,银牌会员,中,流失沉睡,从未下单,5473.54,0.0,0.352621,首单唤醒大额券：满100-50，7天有效
U000269,普通会员,中,流失沉睡,复购≥2次,7572.8,2.0,0.352559,复购唤醒券：满300-80，14天有效
U003304,普通会员,中,流失沉睡,仅1单,8610.24,1.0,0.352481,复购唤醒券：满300-80，14天有效
U002159,铜牌会员,高,流失沉睡,从未下单,30135.46,0.0,0.352066,首单唤醒大额券：满100-50，7天有效
U000882,银牌会员,高,流失沉睡,从未下单,25268.52,0.0,0.351682,首单唤醒大额券：满100-50，7天有效
U001332,普通会员,高,流失沉睡,仅1单,33438.58,1.0,0.350744,复购唤醒券：满300-80，14天有效
U001655,银牌会员,高,流失沉睡,仅1单,28022.27,1.0,0.350586,复购唤醒券：满300-80，14天有效
U003730,普通会员,高,流失沉睡,仅1单,25218.27,1.0,0.350426,复购唤醒券：满300-80，14天有效
U003125,金牌会员,高,流失沉睡,从未下单,27340.82,0.0,0.35036,首单唤醒大额券：满100-50，7天有效
U001307,普通会员,高,流失沉睡,仅1单,12048.2,1.0,0.350227,复购唤醒券：满300-80，14天有效
U001800,铜牌会员,高,流失沉睡,仅1单,11267.15,1.0,0.350095,复购唤醒券：满300-80，14天有效
U000134,普通会员,中,流失沉睡,复购≥2次,5324.1,2.0,0.35005,复购唤醒券：满300-80，14天有效
U001440,金牌会员,中,流失沉睡,仅1单,5728.67,1.0,0.349641,复购唤醒券：满300-80，14天有效
U004383,铜牌会员,中,流失沉睡,从未下单,6035.11,0.0,0.349509,首单唤醒大额券：满100-50，7天有效
U002105,普通会员,高,流失沉睡,从未下单,13328.05,0.0,0.348874,首单唤醒大额券：满100-50，7天有效
U002291,普通会员,高,流失沉睡,复购≥2次,10203.78,2.0,0.348867,复购唤醒券：满300-80，14天有效
U000959,普通会员,中,流失沉睡,从未下单,4526.28,0.0,0.348854,首单唤醒大额券：满100-50，7天有效
U002099,铜牌会员,高,流失沉睡,仅1单,33197.0,1.0,0.348821,复购唤醒券：满300-80，14天有效
U003929,金牌会员,中,流失沉睡,仅1单,7666.25,1.0,0.348621,复购唤醒券：满300-80，14天有效
U003334,金牌会员,高,流失沉睡,仅1单,11443.58,1.0,0.348536,复购唤醒券：满300-80，14天有效
U002480,金牌会员,低,流失沉睡,从未下单,2688.25,0.0,0.348278,首单唤醒大额券：满100-50，7天有效
U001798,金牌会员,高,流失沉睡,仅1单,25141.14,1.0,0.348136,复购唤醒券：满300-80，14天有效
U001036,铜牌会员,中,流失沉睡,仅1单,4723.95,1.0,0.347588,复购唤醒券：满300-80，14天有效
U003016,金牌会员,高,流失沉睡,从未下单,13432.38,0.0,0.34728,首单唤醒大额券：满100-50，7天有效
U004447,钻石会员,中,流失沉睡,仅1单,7995.24,1.0,0.346598,复购唤醒券：满300-80，14天有效
U002451,铜牌会员,高,流失沉睡,从未下单,23469.07,0.0,0.346586,首单唤醒大额券：满100-50，7天有效
U003647,银牌会员,高,流失沉睡,仅1单,13421.77,1.0,0.346543,复购唤醒券：满300-80，14天有效
U002200,铜牌会员,中,流失沉睡,仅1单,9360.81,1.0,0.346453,复购唤醒券：满300-80，14天有效
U004323,铜牌会员,中,流失沉睡,仅1单,3964.14,1.0,0.346132,复购唤醒券：满300-80，14天有效
U000304,银牌会员,中,流失沉睡,从未下单,9678.3,0.0,0.345972,首单唤醒大额券：满100-50，7天有效
U002170,银牌会员,中,流失沉睡,仅1单,5239.74,1.0,0.345945,复购唤醒券：满300-80，14天有效
U001177,银牌会员,高,流失沉睡,仅1单,12804.3,1.0,0.345115,复购唤醒券：满300-80，14天有效
U002800,铜牌会员,高,流失沉睡,复购≥2次,21740.92,2.0,0.344967,复购唤醒券：满300-80，14天有效
U003911,金牌会员,高,流失沉睡,仅1单,23267.63,1.0,0.344781,复购唤醒券：满300-80，14天有效
U001889,普通会员,高,流失沉睡,仅1单,29908.74,1.0,0.34465,复购唤醒券：满300-80，14天有效
U003709,金牌会员,中,流失沉睡,从未下单,5598.41,0.0,0.344577,首单唤醒大额券：满100-50，7天有效
U001366,铜牌会员,中,流失沉睡,从未下单,7738.06,0.0,0.344534,首单唤醒大额券：满100-50，7天有效
U002277,普通会员,高,流失沉睡,仅1单,20706.35,1.0,0.344495,复购唤醒券：满300-80，14天有效
U004602,银牌会员,高,流失沉睡,仅1单,43497.61,1.0,0.344406,复购唤醒券：满300-80，14天有效
U004132,金牌会员,高,流失沉睡,从未下单,35429.58,0.0,0.344308,首单唤醒大额券：满100-50，7天有效
U000200,普通会员,中,流失沉睡,从未下单,6059.66,0.0,0.343425,首单唤醒大额券：满100-50，7天有效
U004083,银牌会员,高,流失沉睡,复购≥2次,13066.6,4.0,0.34327,复购唤醒券：满300-80，14天有效
U004521,金牌会员,高,流失沉睡,仅1单,12905.12,1.0,0.34305,复购唤醒券：满300-80，14天有效
U001672,普通会员,高,流失沉睡,仅1单,10720.64,1.0,0.342958,复购唤醒券：满300-80，14天有效
U002678,银牌会员,高,流失沉睡,从未下单,30939.85,0.0,0.342724,首单唤醒大额券：满100-50，7天有效
U002603,普通会员,中,流失沉睡,仅1单,7138.85,1.0,0.342512,复购唤醒券：满300-80，14天有效
U002257,银牌会员,高,流失沉睡,从未下单,14932.3,0.0,0.342444,首单唤醒大额券：满100-50，7天有效
U000602,金牌会员,中,流失沉睡,仅1单,8705.34,1.0,0.3424,复购唤醒券：满300-80，14天有效
U002660,银牌会员,中,流失沉睡,从未下单,7704.86,0.0,0.342232,首单唤醒大额券：满100-50，7天有效
U002689,铜牌会员,中,流失沉睡,仅1单,7228.89,1.0,0.341378,复购唤醒券：满300-80，14天有效
U004502,铜牌会员,高,流失沉睡,仅1单,19871.57,1.0,0.341094,复购唤醒券：满300-80，14天有效
U001614,普通会员,高,流失沉睡,仅1单,14024.85,1.0,0.341068,复购唤醒券：满300-80，14天有效
U002679,银牌会员,中,流失沉睡,复购≥2次,4781.46,2.0,0.341028,复购唤醒券：满300-80，14天有效
U004612,金牌会员,中,流失沉睡,仅1单,8569.41,1.0,0.340905,复购唤醒券：满300-80，14天有效
U003627,银牌会员,高,流失沉睡,从未下单,15019.78,0.0,0.340744,首单唤醒大额券：满100-50，7天有效
U004315,银牌会员,中,流失沉睡,仅1单,9121.0,1.0,0.340741,复购唤醒券：满300-80，14天有效
U002762,铜牌会员,高,流失沉睡,仅1单,21904.4,1.0,0.339929,复购唤醒券：满300-80，14天有效
U003858,银牌会员,低,流失沉睡,从未下单,2569.59,0.0,0.339676,首单唤醒大额券：满100-50，7天有效
U002022,普通会员,中,流失沉睡,仅1单,6756.1,1.0,0.339172,复购唤醒券：满300-80，14天有效
U004175,铜牌会员,高,流失沉睡,从未下单,28491.45,0.0,0.338974,首单唤醒大额券：满100-50，7天有效
U004419,银牌会员,中,流失沉睡,仅1单,7039.96,1.0,0.338787,复购唤醒券：满300-80，14天有效
U000907,铜牌会员,中,流失沉睡,仅1单,8541.15,1.0,0.338384,复购唤醒券：满300-80，14天有效
U004273,铜牌会员,高,流失沉睡,仅1单,11177.81,1.0,0.337993,复购唤醒券：满300-80，14天有效
U000159,金牌会员,中,流失沉睡,仅1单,4052.4,1.0,0.337916,复购唤醒券：满300-80，14天有效
U004761,银牌会员,高,流失沉睡,仅1单,15565.72,1.0,0.337825,复购唤醒券：满300-80，14天有效
U004958,铜牌会员,高,流失沉睡,仅1单,28951.58,1.0,0.337718,复购唤醒券：满300-80，14天有效
U002977,金牌会员,中,流失沉睡,仅1单,5862.16,1.0,0.337204,复购唤醒券：满300-80，14天有效
U000979,铜牌会员,高,流失沉睡,从未下单,10930.72,0.0,0.337007,首单唤醒大额券：满100-50，7天有效
U001997,银牌会员,高,流失沉睡,从未下单,18753.17,0.0,0.336927,首单唤醒大额券：满100-50，7天有效
U001256,金牌会员,中,流失沉睡,复购≥2次,7487.59,2.0,0.336479,复购唤醒券：满300-80，14天有效
U003884,普通会员,高,流失沉睡,仅1单,11184.16,1.0,0.336252,复购唤醒券：满300-80，14天有效
U004565,铜牌会员,中,流失沉睡,复购≥2次,4432.22,2.0,0.336244,复购唤醒券：满300-80，14天有效
U003507,普通会员,高,流失沉睡,仅1单,18467.24,1.0,0.336063,复购唤醒券：满300-80，14天有效
U001568,银牌会员,高,流失沉睡,仅1单,21019.67,1.0,0.335997,复购唤醒券：满300-80，14天有效
U000282,钻石会员,中,流失沉睡,从未下单,9950.74,0.0,0.335426,首单唤醒大额券：满100-50，7天有效
U004398,铜牌会员,中,流失沉睡,仅1单,9525.82,1.0,0.33535,复购唤醒券：满300-80，14天有效
U004278,普通会员,高,流失沉睡,仅1单,14016.53,1.0,0.335348,复购唤醒券：满300-80，14天有效
U000940,铜牌会员,高,流失沉睡,仅1单,11135.84,1.0,0.334723,复购唤醒券：满300-80，14天有效
U002615,金牌会员,高,流失沉睡,仅1单,11320.13,1.0,0.334403,复购唤醒券：满300-80，14天有效
U002074,铜牌会员,中,流失沉睡,从未下单,6866.41,0.0,0.334176,首单唤醒大额券：满100-50，7天有效
U004230,银牌会员,中,流失沉睡,复购≥2次,4960.77,2.0,0.334126,复购唤醒券：满300-80，14天有效
U001015,银牌会员,中,流失沉睡,仅1单,5290.4,1.0,0.334072,复购唤醒券：满300-80，14天有效
U003731,铜牌会员,高,流失沉睡,仅1单,13119.37,1.0,0.333994,复购唤醒券：满300-80，14天有效
U001594,金牌会员,中,流失沉睡,仅1单,5334.45,1.0,0.333964,复购唤醒券：满300-80，14天有效
U003325,铜牌会员,中,流失沉睡,从未下单,5206.88,0.0,0.333682,首单唤醒大额券：满100-50，7天有效
U004321,钻石会员,中,流失沉睡,仅1单,8800.98,1.0,0.3332,复购唤醒券：满300-80，14天有效
U004286,铜牌会员,中,流失沉睡,复购≥2次,3055.93,3.0,0.332789,复购唤醒券：满300-80，14天有效
U002941,铜牌会员,高,流失沉睡,从未下单,40701.74,0.0,0.33261,首单唤醒大额券：满100-50，7天有效
U004775,铜牌会员,低,流失沉睡,仅1单,2109.98,1.0,0.332607,复购唤醒券：满300-80，14天有效
U001237,普通会员,高,流失沉睡,仅1单,27454.34,1.0,0.332271,复购唤醒券：满300-80，14天有效
U003886,金牌会员,中,流失沉睡,复购≥2次,6688.4,2.0,0.331817,复购唤醒券：满300-80，14天有效
U002062,普通会员,高,流失沉睡,仅1单,57702.28,1.0,0.331769,复购唤醒券：满300-80，14天有效
U002708,银牌会员,高,流失沉睡,仅1单,35712.65,1.0,0.33155,复购唤醒券：满300-80，14天有效
U002410,普通会员,中,流失沉睡,仅1单,6685.48,1.0,0.331042,复购唤醒券：满300-80，14天有效
U001351,银牌会员,高,流失沉睡,仅1单,10529.05,1.0,0.330958,复购唤醒券：满300-80，14天有效
U003155,铜牌会员,高,流失沉睡,从未下单,11208.17,0.0,0.330796,首单唤醒大额券：满100-50，7天有效
U004177,金牌会员,低,流失沉睡,复购≥2次,2723.36,2.0,0.330574,复购唤醒券：满300-80，14天有效
U004757,银牌会员,中,流失沉睡,仅1单,5237.23,1.0,0.330259,复购唤醒券：满300-80，14天有效
U000107,金牌会员,中,流失沉睡,仅1单,6991.28,1.0,0.329707,复购唤醒券：满300-80，14天有效
U004143,银牌会员,高,流失沉睡,仅1单,12824.83,1.0,0.329317,复购唤醒券：满300-80，14天有效
U001701,普通会员,高,流失沉睡,仅1单,42046.9,1.0,0.328931,复购唤醒券：满300-80，14天有效
U000164,金牌会员,中,流失沉睡,仅1单,3735.29,1.0,0.328423,复购唤醒券：满300-80，14天有效
U001510,铜牌会员,高,流失沉睡,从未下单,30290.33,0.0,0.328151,首单唤醒大额券：满100-50，7天有效
U004247,铜牌会员,高,流失沉睡,仅1单,45569.55,1.0,0.327706,复购唤醒券：满300-80，14天有效
U004122,铜牌会员,中,流失沉睡,仅1单,6316.92,1.0,0.327489,复购唤醒券：满300-80，14天有效
U002488,银牌会员,中,流失沉睡,复购≥2次,4578.97,2.0,0.327193,复购唤醒券：满300-80，14天有效
U003131,普通会员,高,流失沉睡,仅1单,21800.22,1.0,0.326894,复购唤醒券：满300-80，14天有效
U003996,普通会员,中,流失沉睡,仅1单,8212.01,1.0,0.326345,复购唤醒券：满300-80，14天有效
U000696,银牌会员,中,流失沉睡,从未下单,5984.02,0.0,0.326252,首单唤醒大额券：满100-50，7天有效
U004650,铜牌会员,高,流失沉睡,仅1单,14519.42,1.0,0.326163,复购唤醒券：满300-80，14天有效
U001675,普通会员,高,流失沉睡,仅1单,17935.28,1.0,0.325892,复购唤醒券：满300-80，14天有效
U004897,银牌会员,中,流失沉睡,仅1单,5050.52,1.0,0.325874,复购唤醒券：满300-80，14天有效
U004550,银牌会员,中,流失沉睡,仅1单,5350.91,1.0,0.325557,复购唤醒券：满300-80，14天有效
U004375,铜牌会员,高,流失沉睡,仅1单,24820.01,1.0,0.325511,复购唤醒券：满300-80，14天有效
U001709,普通会员,中,流失沉睡,从未下单,8224.16,0.0,0.325494,首单唤醒大额券：满100-50，7天有效
U004486,铜牌会员,高,流失沉睡,仅1单,32529.08,1.0,0.325289,复购唤醒券：满300-80，14天有效
U002138,铜牌会员,高,流失沉睡,仅1单,49646.3,1.0,0.325281,复购唤醒券：满300-80，14天有效
U000624,铜牌会员,高,流失沉睡,仅1单,15521.94,1.0,0.325115,复购唤醒券：满300-80，14天有效
U004952,金牌会员,高,流失沉睡,仅1单,22255.53,1.0,0.325097,复购唤醒券：满300-80，14天有效
U003485,铜牌会员,高,流失沉睡,仅1单,10398.74,1.0,0.324726,复购唤醒券：满300-80，14天有效
U003075,银牌会员,中,流失沉睡,仅1单,6346.51,1.0,0.324312,复购唤醒券：满300-80，14天有效
U001593,普通会员,高,流失沉睡,仅1单,21397.19,1.0,0.324137,复购唤醒券：满300-80，14天有效
U001244,铜牌会员,高,流失沉睡,仅1单,44859.31,1.0,0.323924,复购唤醒券：满300-80，14天有效
U001087,金牌会员,中,流失沉睡,仅1单,6125.87,1.0,0.323887,复购唤醒券：满300-80，14天有效
U002543,铜牌会员,中,流失沉睡,仅1单,5160.6,1.0,0.323311,复购唤醒券：满300-80，14天有效
U000871,银牌会员,高,流失沉睡,仅1单,47023.3,1.0,0.323269,复购唤醒券：满300-80，14天有效
U000315,银牌会员,高,流失沉睡,仅1单,22869.67,1.0,0.322837,复购唤醒券：满300-80，14天有效
U001974,普通会员,中,流失沉睡,从未下单,5887.55,0.0,0.322763,首单唤醒大额券：满100-50，7天有效
U000141,普通会员,高,流失沉睡,仅1单,23684.33,1.0,0.322664,复购唤醒券：满300-80，14天有效
U002238,铜牌会员,中,流失沉睡,仅1单,5510.2,1.0,0.322635,复购唤醒券：满300-80，14天有效
U000607,钻石会员,中,流失沉睡,仅1单,7529.07,1.0,0.32238,复购唤醒券：满300-80，14天有效
U000396,铜牌会员,高,流失沉睡,仅1单,32796.77,1.0,0.321885,复购唤醒券：满300-80，14天有效
U001222,铜牌会员,中,流失沉睡,从未下单,5287.97,0.0,0.321483,首单唤醒大额券：满100-50，7天有效
U002354,金牌会员,高,流失沉睡,仅1单,10511.24,1.0,0.321379,复购唤醒券：满300-80，14天有效
U003143,铜牌会员,中,流失沉睡,从未下单,9105.21,0.0,0.321276,首单唤醒大额券：满100-50，7天有效
U003464,银牌会员,中,流失沉睡,仅1单,8194.59,1.0,0.321067,复购唤醒券：满300-80，14天有效
U000925,普通会员,中,流失沉睡,仅1单,6620.31,1.0,0.320783,复购唤醒券：满300-80，14天有效
U001837,铜牌会员,中,流失沉睡,仅1单,8805.62,1.0,0.320771,复购唤醒券：满300-80，14天有效
U002070,铜牌会员,高,流失沉睡,从未下单,17464.87,0.0,0.320755,首单唤醒大额券：满100-50，7天有效
U002196,铜牌会员,中,流失沉睡,从未下单,8058.28,0.0,0.320322,首单唤醒大额券：满100-50，7天有效
U004638,银牌会员,中,流失沉睡,从未下单,5864.72,0.0,0.31944,首单唤醒大额券：满100-50，7天有效
U003863,铜牌会员,中,流失沉睡,从未下单,4009.75,0.0,0.319419,首单唤醒大额券：满100-50，7天有效
U003521,普通会员,高,流失沉睡,仅1单,27285.75,1.0,0.319287,复购唤醒券：满300-80，14天有效
U004811,普通会员,中,流失沉睡,复购≥2次,5935.52,2.0,0.319041,复购唤醒券：满300-80，14天有效
U000109,钻石会员,中,流失沉睡,仅1单,7021.42,1.0,0.318546,复购唤醒券：满300-80，14天有效
U001770,金牌会员,高,流失沉睡,仅1单,19781.08,1.0,0.318472,复购唤醒券：满300-80，14天有效
U003939,金牌会员,高,流失沉睡,仅1单,12306.08,1.0,0.318338,复购唤醒券：满300-80，14天有效
U002263,普通会员,中,流失沉睡,复购≥2次,3496.98,2.0,0.318169,复购唤醒券：满300-80，14天有效
U001182,银牌会员,中,流失沉睡,从未下单,3402.88,0.0,0.318103,首单唤醒大额券：满100-50，7天有效
U001346,普通会员,高,流失沉睡,仅1单,23107.31,1.0,0.318082,复购唤醒券：满300-80，14天有效
U004793,普通会员,中,流失沉睡,从未下单,9628.57,0.0,0.318063,首单唤醒大额券：满100-50，7天有效
U003524,银牌会员,高,流失沉睡,仅1单,10102.23,1.0,0.317933,复购唤醒券：满300-80，14天有效
U001423,银牌会员,高,流失沉睡,仅1单,15846.78,1.0,0.317622,复购唤醒券：满300-80，14天有效
U001169,铜牌会员,高,流失沉睡,仅1单,11982.14,1.0,0.317555,复购唤醒券：满300-80，14天有效
U004607,普通会员,高,流失沉睡,复购≥2次,13745.93,3.0,0.317343,复购唤醒券：满300-80，14天有效
U001466,金牌会员,高,流失沉睡,仅1单,19155.19,1.0,0.317279,复购唤醒券：满300-80，14天有效
U004255,银牌会员,高,流失沉睡,从未下单,13981.73,0.0,0.316565,首单唤醒大额券：满100-50，7天有效
U000161,铜牌会员,高,流失沉睡,仅1单,32363.46,1.0,0.315834,复购唤醒券：满300-80，14天有效
U004628,普通会员,高,流失沉睡,从未下单,11856.45,0.0,0.315679,首单唤醒大额券：满100-50，7天有效
U000205,普通会员,高,流失沉睡,仅1单,22027.12,1.0,0.315651,复购唤醒券：满300-80，14天有效
U001056,银牌会员,中,流失沉睡,从未下单,6930.31,0.0,0.315323,首单唤醒大额券：满100-50，7天有效
U002623,铜牌会员,中,流失沉睡,复购≥2次,7703.61,2.0,0.315306,复购唤醒券：满300-80，14天有效
U001940,铜牌会员,高,流失沉睡,仅1单,12565.99,1.0,0.314896,复购唤醒券：满300-80，14天有效
U004880,金牌会员,高,流失沉睡,仅1单,12389.29,1.0,0.314884,复购唤醒券：满300-80，14天有效
U002611,铜牌会员,高,流失沉睡,仅1单,10498.86,1.0,0.31482,复购唤醒券：满300-80，14天有效
U004841,铜牌会员,高,流失沉睡,仅1单,16820.55,1.0,0.314498,复购唤醒券：满300-80，14天有效
U002054,铜牌会员,高,流失沉睡,复购≥2次,13797.95,2.0,0.31448,复购唤醒券：满300-80，14天有效
U001288,银牌会员,中,流失沉睡,仅1单,6466.79,1.0,0.314448,复购唤醒券：满300-80，14天有效
U002002,普通会员,高,流失沉睡,仅1单,14019.95,1.0,0.31439,复购唤醒券：满300-80，14天有效
U002178,铜牌会员,中,流失沉睡,仅1单,7252.58,1.0,0.314313,复购唤醒券：满300-80，14天有效
U001879,普通会员,高,流失沉睡,仅1单,11380.88,1.0,0.313264,复购唤醒券：满300-80，14天有效
U000676,普通会员,高,流失沉睡,仅1单,25061.87,1.0,0.313258,复购唤醒券：满300-80，14天有效
U000455,铜牌会员,低,流失沉睡,从未下单,2554.85,0.0,0.313252,首单唤醒大额券：满100-50，7天有效
U001816,钻石会员,中,流失沉睡,从未下单,6747.34,0.0,0.313019,首单唤醒大额券：满100-50，7天有效
U000680,铜牌会员,高,流失沉睡,仅1单,36897.74,1.0,0.312912,复购唤醒券：满300-80，14天有效
U002366,银牌会员,高,流失沉睡,从未下单,18791.7,0.0,0.312781,首单唤醒大额券：满100-50，7天有效
U001733,铜牌会员,高,流失沉睡,仅1单,18975.8,1.0,0.312703,复购唤醒券：满300-80，14天有效
U002375,金牌会员,低,流失沉睡,复购≥2次,1625.81,2.0,0.31231,复购唤醒券：满300-80，14天有效
U004335,金牌会员,高,流失沉睡,仅1单,24003.75,1.0,0.311958,复购唤醒券：满300-80，14天有效
U003217,银牌会员,中,流失沉睡,仅1单,8124.73,1.0,0.311645,复购唤醒券：满300-80，14天有效
U001934,普通会员,中,流失沉睡,复购≥2次,4135.51,2.0,0.311615,复购唤醒券：满300-80，14天有效
U000312,铜牌会员,高,流失沉睡,从未下单,19790.79,0.0,0.311586,首单唤醒大额券：满100-50，7天有效
U001448,金牌会员,高,流失沉睡,仅1单,10639.17,1.0,0.311564,复购唤醒券：满300-80，14天有效
U000441,普通会员,中,流失沉睡,仅1单,6864.5,1.0,0.31156,复购唤醒券：满300-80，14天有效
U003137,银牌会员,中,流失沉睡,仅1单,4961.77,1.0,0.311362,复购唤醒券：满300-80，14天有效
U001195,金牌会员,高,流失沉睡,从未下单,19729.8,0.0,0.311325,首单唤醒大额券：满100-50，7天有效
U002287,铜牌会员,高,流失沉睡,仅1单,16573.82,1.0,0.311325,复购唤醒券：满300-80，14天有效
U002807,钻石会员,高,流失沉睡,仅1单,23413.75,1.0,0.311256,复购唤醒券：满300-80，14天有效
U000294,金牌会员,中,流失沉睡,从未下单,5072.32,0.0,0.311053,首单唤醒大额券：满100-50，7天有效
U001371,铜牌会员,中,流失沉睡,复购≥2次,4855.02,2.0,0.310851,复购唤醒券：满300-80，14天有效
U002652,钻石会员,中,流失沉睡,从未下单,4688.31,0.0,0.310615,首单唤醒大额券：满100-50，7天有效
U002327,铜牌会员,高,流失沉睡,仅1单,14258.14,1.0,0.309745,复购唤醒券：满300-80，14天有效
U004487,银牌会员,中,流失沉睡,复购≥2次,4907.14,2.0,0.309641,复购唤醒券：满300-80，14天有效
U004636,银牌会员,高,流失沉睡,仅1单,19356.06,1.0,0.309373,复购唤醒券：满300-80，14天有效
U004035,普通会员,高,流失沉睡,从未下单,20246.1,0.0,0.308864,首单唤醒大额券：满100-50，7天有效
U002548,普通会员,高,流失沉睡,仅1单,12148.27,1.0,0.308775,复购唤醒券：满300-80，14天有效
U001814,银牌会员,中,流失沉睡,从未下单,7235.74,0.0,0.308676,首单唤醒大额券：满100-50，7天有效
U000407,铜牌会员,高,流失沉睡,仅1单,21488.95,1.0,0.308346,复购唤醒券：满300-80，14天有效
U001468,银牌会员,中,流失沉睡,仅1单,4898.3,1.0,0.307952,复购唤醒券：满300-80，14天有效
U004129,金牌会员,中,流失沉睡,仅1单,8956.3,1.0,0.307669,复购唤醒券：满300-80，14天有效
U002360,银牌会员,中,流失沉睡,仅1单,6735.6,1.0,0.307575,复购唤醒券：满300-80，14天有效
U004380,钻石会员,高,流失沉睡,仅1单,21287.2,1.0,0.307545,复购唤醒券：满300-80，14天有效
U004656,铜牌会员,高,流失沉睡,仅1单,10143.91,1.0,0.307294,复购唤醒券：满300-80，14天有效
U004741,普通会员,中,流失沉睡,仅1单,5030.7,1.0,0.30718,复购唤醒券：满300-80，14天有效
U002290,普通会员,高,流失沉睡,仅1单,12100.73,1.0,0.306812,复购唤醒券：满300-80，14天有效
U001760,金牌会员,低,流失沉睡,复购≥2次,2108.13,2.0,0.306756,复购唤醒券：满300-80，14天有效
U000766,普通会员,高,流失沉睡,仅1单,22650.09,1.0,0.306631,复购唤醒券：满300-80，14天有效
U002269,银牌会员,高,流失沉睡,仅1单,35159.54,1.0,0.30633,复购唤醒券：满300-80，14天有效
U004063,铜牌会员,高,流失沉睡,仅1单,13233.03,1.0,0.30627,复购唤醒券：满300-80，14天有效
U004663,铜牌会员,中,流失沉睡,仅1单,6198.33,1.0,0.306141,复购唤醒券：满300-80，14天有效
U004708,普通会员,中,流失沉睡,仅1单,8709.09,1.0,0.306053,复购唤醒券：满300-80，14天有效
U001924,银牌会员,低,流失沉睡,从未下单,1822.59,0.0,0.305579,首单唤醒大额券：满100-50，7天有效
U003445,银牌会员,高,流失沉睡,仅1单,10251.64,1.0,0.305433,复购唤醒券：满300-80，14天有效
U002997,银牌会员,高,流失沉睡,仅1单,16031.24,1.0,0.305174,复购唤醒券：满300-80，14天有效
U001096,铜牌会员,高,流失沉睡,仅1单,19117.91,1.0,0.304965,复购唤醒券：满300-80，14天有效
U000041,银牌会员,中,流失沉睡,复购≥2次,4893.99,2.0,0.30495,复购唤醒券：满300-80，14天有效
U002336,铜牌会员,高,流失沉睡,仅1单,15344.46,1.0,0.304947,复购唤醒券：满300-80，14天有效
U001743,铜牌会员,高,流失沉睡,从未下单,28791.34,0.0,0.304906,首单唤醒大额券：满100-50，7天有效
U003639,铜牌会员,高,流失沉睡,从未下单,10245.3,0.0,0.304794,首单唤醒大额券：满100-50，7天有效
U000699,银牌会员,中,流失沉睡,仅1单,9218.55,1.0,0.304591,复购唤醒券：满300-80，14天有效
U003582,铜牌会员,高,流失沉睡,仅1单,17912.89,1.0,0.304261,复购唤醒券：满300-80，14天有效
U003738,普通会员,高,流失沉睡,从未下单,10876.65,0.0,0.303235,首单唤醒大额券：满100-50，7天有效
U002280,金牌会员,中,流失沉睡,仅1单,4514.54,1.0,0.303181,复购唤醒券：满300-80，14天有效
U000422,银牌会员,高,流失沉睡,仅1单,21992.86,1.0,0.303106,复购唤醒券：满300-80，14天有效
U002643,普通会员,高,流失沉睡,复购≥2次,18422.01,2.0,0.302631,复购唤醒券：满300-80，14天有效
U000330,银牌会员,高,流失沉睡,从未下单,16759.11,0.0,0.302536,首单唤醒大额券：满100-50，7天有效
U004331,普通会员,高,流失沉睡,仅1单,14875.87,1.0,0.302352,复购唤醒券：满300-80，14天有效
U001043,铜牌会员,中,流失沉睡,仅1单,4498.85,1.0,0.302217,复购唤醒券：满300-80，14天有效
U003905,铜牌会员,中,流失沉睡,仅1单,7399.71,1.0,0.302038,复购唤醒券：满300-80，14天有效
U001118,金牌会员,中,流失沉睡,仅1单,4687.2,1.0,0.301902,复购唤醒券：满300-80，14天有效
U000634,银牌会员,高,流失沉睡,仅1单,24508.93,1.0,0.301678,复购唤醒券：满300-80，14天有效
U004432,银牌会员,高,流失沉睡,仅1单,10824.53,1.0,0.301633,复购唤醒券：满300-80，14天有效
U000708,银牌会员,中,流失沉睡,仅1单,9009.91,1.0,0.30163,复购唤醒券：满300-80，14天有效
U000198,铜牌会员,中,流失沉睡,从未下单,4435.61,0.0,0.301489,首单唤醒大额券：满100-50，7天有效
U003969,普通会员,高,流失沉睡,仅1单,13780.93,1.0,0.301423,复购唤醒券：满300-80，14天有效
U003273,铜牌会员,高,流失沉睡,仅1单,23539.0,1.0,0.301376,复购唤醒券：满300-80，14天有效
U003803,普通会员,中,流失沉睡,仅1单,7599.83,1.0,0.301153,复购唤醒券：满300-80，14天有效
U000992,银牌会员,高,流失沉睡,仅1单,24423.35,1.0,0.300941,复购唤醒券：满300-80，14天有效
U001691,银牌会员,中,流失沉睡,从未下单,5883.27,0.0,0.300732,首单唤醒大额券：满100-50，7天有效
U000442,普通会员,中,流失沉睡,仅1单,8114.48,1.0,0.300611,复购唤醒券：满300-80，14天有效
U004691,银牌会员,中,流失沉睡,仅1单,9808.51,1.0,0.300432,复购唤醒券：满300-80，14天有效
U003940,银牌会员,中,流失沉睡,复购≥2次,4582.59,2.0,0.299942,复购唤醒券：满300-80，14天有效
U001034,金牌会员,中,流失沉睡,仅1单,5700.58,1.0,0.299814,复购唤醒券：满300-80，14天有效
U001893,银牌会员,高,流失沉睡,从未下单,13957.66,0.0,0.299534,首单唤醒大额券：满100-50，7天有效
U001685,钻石会员,中,流失沉睡,仅1单,7664.39,1.0,0.299491,复购唤醒券：满300-80，14天有效
U003834,铜牌会员,中,流失沉睡,仅1单,7828.27,1.0,0.299098,复购唤醒券：满300-80，14天有效
U001138,普通会员,低,流失沉睡,复购≥2次,2748.74,2.0,0.298905,复购唤醒券：满300-80，14天有效
U000969,金牌会员,高,流失沉睡,仅1单,16330.54,1.0,0.298835,复购唤醒券：满300-80，14天有效
U000732,铜牌会员,高,流失沉睡,仅1单,20811.97,1.0,0.29846,复购唤醒券：满300-80，14天有效
U002727,金牌会员,低,流失沉睡,仅1单,1540.81,1.0,0.298345,复购唤醒券：满300-80，14天有效
U000384,普通会员,中,流失沉睡,从未下单,6744.93,0.0,0.298305,首单唤醒大额券：满100-50，7天有效
U001608,普通会员,中,流失沉睡,复购≥2次,4196.13,2.0,0.298251,复购唤醒券：满300-80，14天有效
U004109,钻石会员,高,流失沉睡,仅1单,21459.71,1.0,0.298034,复购唤醒券：满300-80，14天有效
U004171,铜牌会员,高,流失沉睡,从未下单,10236.73,0.0,0.297806,首单唤醒大额券：满100-50，7天有效
U001812,银牌会员,中,流失沉睡,仅1单,4147.14,1.0,0.297767,复购唤醒券：满300-80，14天有效
U003073,金牌会员,高,流失沉睡,仅1单,11701.26,1.0,0.297549,复购唤醒券：满300-80，14天有效
U004407,铜牌会员,中,流失沉睡,仅1单,5532.65,1.0,0.296808,复购唤醒券：满300-80，14天有效
U000498,铜牌会员,高,流失沉睡,仅1单,43288.72,1.0,0.296667,复购唤醒券：满300-80，14天有效
U002359,普通会员,高,流失沉睡,仅1单,21265.26,1.0,0.29663,复购唤醒券：满300-80，14天有效
U001904,金牌会员,中,流失沉睡,仅1单,8659.86,1.0,0.296199,复购唤醒券：满300-80，14天有效
U002234,银牌会员,中,流失沉睡,从未下单,8847.89,0.0,0.295979,首单唤醒大额券：满100-50，7天有效
U002078,普通会员,高,流失沉睡,仅1单,11346.96,1.0,0.295689,复购唤醒券：满300-80，14天有效
U004074,普通会员,中,流失沉睡,从未下单,6212.29,0.0,0.295246,首单唤醒大额券：满100-50，7天有效
U004233,银牌会员,中,流失沉睡,复购≥2次,4847.37,3.0,0.295153,复购唤醒券：满300-80，14天有效
U002223,铜牌会员,高,流失沉睡,复购≥2次,16838.26,2.0,0.294812,复购唤醒券：满300-80，14天有效
U002088,银牌会员,高,流失沉睡,仅1单,12262.35,1.0,0.294796,复购唤醒券：满300-80，14天有效
U004735,普通会员,高,流失沉睡,从未下单,17898.39,0.0,0.294783,首单唤醒大额券：满100-50，7天有效
U002444,铜牌会员,低,流失沉睡,复购≥2次,2505.44,3.0,0.294543,复购唤醒券：满300-80，14天有效
U001100,普通会员,高,流失沉睡,仅1单,12707.12,1.0,0.294527,复购唤醒券：满300-80，14天有效
U000594,铜牌会员,中,流失沉睡,仅1单,6692.22,1.0,0.294507,复购唤醒券：满300-80，14天有效
U000534,银牌会员,中,流失沉睡,仅1单,4106.95,1.0,0.294095,复购唤醒券：满300-80，14天有效
U003314,金牌会员,高,流失沉睡,仅1单,12700.59,1.0,0.293704,复购唤醒券：满300-80，14天有效
U003356,普通会员,高,流失沉睡,仅1单,10644.23,1.0,0.293585,复购唤醒券：满300-80，14天有效
U001014,铜牌会员,中,流失沉睡,仅1单,4364.99,1.0,0.293175,复购唤醒券：满300-80，14天有效
U000050,金牌会员,高,流失沉睡,复购≥2次,22054.51,2.0,0.292941,复购唤醒券：满300-80，14天有效
U004248,铜牌会员,低,流失沉睡,复购≥2次,2847.41,2.0,0.292896,复购唤醒券：满300-80，14天有效
U002165,普通会员,高,流失沉睡,仅1单,12481.2,1.0,0.292606,复购唤醒券：满300-80，14天有效
U002098,银牌会员,中,流失沉睡,仅1单,6401.05,1.0,0.292521,复购唤醒券：满300-80，14天有效
U003087,铜牌会员,中,流失沉睡,仅1单,6301.36,1.0,0.292077,复购唤醒券：满300-80，14天有效
U001257,铜牌会员,高,流失沉睡,仅1单,53403.13,1.0,0.29206,复购唤醒券：满300-80，14天有效
U002162,铜牌会员,中,流失沉睡,仅1单,5124.82,1.0,0.292049,复购唤醒券：满300-80，14天有效
U004251,普通会员,高,流失沉睡,从未下单,12591.7,0.0,0.291984,首单唤醒大额券：满100-50，7天有效
U003763,金牌会员,中,流失沉睡,仅1单,5466.37,1.0,0.291967,复购唤醒券：满300-80，14天有效
U001084,铜牌会员,高,流失沉睡,仅1单,17933.11,1.0,0.291712,复购唤醒券：满300-80，14天有效
U002584,普通会员,中,流失沉睡,复购≥2次,6836.62,2.0,0.291632,复购唤醒券：满300-80，14天有效
U001462,金牌会员,低,流失沉睡,复购≥2次,2805.66,2.0,0.291573,复购唤醒券：满300-80，14天有效
U003118,铜牌会员,高,流失沉睡,仅1单,18158.36,1.0,0.291296,复购唤醒券：满300-80，14天有效
U003761,普通会员,低,流失沉睡,从未下单,2965.42,0.0,0.290984,首单唤醒大额券：满100-50，7天有效
U001506,铜牌会员,中,流失沉睡,复购≥2次,5287.87,4.0,0.290881,复购唤醒券：满300-80，14天有效
U001201,普通会员,中,流失沉睡,从未下单,5391.06,0.0,0.290751,首单唤醒大额券：满100-50，7天有效
U001970,金牌会员,高,流失沉睡,仅1单,12578.3,1.0,0.290572,复购唤醒券：满300-80，14天有效
U003130,铜牌会员,高,流失沉睡,仅1单,19795.72,1.0,0.290145,复购唤醒券：满300-80，14天有效
U000982,银牌会员,高,流失沉睡,仅1单,29017.57,1.0,0.290024,复购唤醒券：满300-80，14天有效
U000827,铜牌会员,高,流失沉睡,仅1单,41077.59,1.0,0.290001,复购唤醒券：满300-80，14天有效
U000387,铜牌会员,中,流失沉睡,从未下单,7778.5,0.0,0.289634,首单唤醒大额券：满100-50，7天有效
U000042,银牌会员,中,流失沉睡,仅1单,5900.39,1.0,0.289361,复购唤醒券：满300-80，14天有效
U002859,银牌会员,中,流失沉睡,从未下单,5666.34,0.0,0.289242,首单唤醒大额券：满100-50，7天有效
U002273,金牌会员,中,流失沉睡,从未下单,7639.96,0.0,0.289226,首单唤醒大额券：满100-50，7天有效
U002829,普通会员,高,流失沉睡,仅1单,24624.7,1.0,0.289203,复购唤醒券：满300-80，14天有效
U000879,普通会员,高,流失沉睡,仅1单,21825.72,1.0,0.289154,复购唤醒券：满300-80，14天有效
U001127,银牌会员,高,流失沉睡,仅1单,11292.77,1.0,0.289013,复购唤醒券：满300-80，14天有效
U004454,钻石会员,中,流失沉睡,复购≥2次,4453.94,2.0,0.288602,复购唤醒券：满300-80，14天有效
U003785,铜牌会员,中,流失沉睡,复购≥2次,4954.32,2.0,0.287968,复购唤醒券：满300-80，14天有效
U002503,普通会员,中,流失沉睡,仅1单,5066.24,1.0,0.287893,复购唤醒券：满300-80，14天有效
U000983,普通会员,高,流失沉睡,仅1单,35441.89,1.0,0.28785,复购唤醒券：满300-80，14天有效
U003626,铜牌会员,中,流失沉睡,仅1单,8937.04,1.0,0.287769,复购唤醒券：满300-80，14天有效
U003664,银牌会员,高,流失沉睡,从未下单,20530.67,0.0,0.287417,首单唤醒大额券：满100-50，7天有效
U002568,金牌会员,高,流失沉睡,从未下单,20982.58,0.0,0.286609,首单唤醒大额券：满100-50，7天有效
U004639,铜牌会员,高,流失沉睡,仅1单,15867.84,1.0,0.286561,复购唤醒券：满300-80，14天有效
U002279,铜牌会员,高,流失沉睡,从未下单,29301.44,0.0,0.286439,首单唤醒大额券：满100-50，7天有效
U000881,金牌会员,高,流失沉睡,仅1单,10678.04,1.0,0.286206,复购唤醒券：满300-80，14天有效
U000955,银牌会员,高,流失沉睡,仅1单,18325.15,1.0,0.286004,复购唤醒券：满300-80，14天有效
U002749,金牌会员,中,流失沉睡,仅1单,4453.86,1.0,0.285821,复购唤醒券：满300-80，14天有效
U002355,银牌会员,中,流失沉睡,从未下单,4822.1,0.0,0.285376,首单唤醒大额券：满100-50，7天有效
U002148,银牌会员,中,流失沉睡,从未下单,8223.58,0.0,0.28537,首单唤醒大额券：满100-50，7天有效
U001345,普通会员,中,流失沉睡,从未下单,9522.56,0.0,0.285275,首单唤醒大额券：满100-50，7天有效
U004783,普通会员,中,流失沉睡,仅1单,8538.92,1.0,0.284395,复购唤醒券：满300-80，14天有效
U004699,铜牌会员,中,流失沉睡,从未下单,4732.24,0.0,0.284287,首单唤醒大额券：满100-50，7天有效
U001752,铜牌会员,高,流失沉睡,复购≥2次,38459.65,3.0,0.284277,复购唤醒券：满300-80，14天有效
U000451,铜牌会员,高,流失沉睡,仅1单,17869.97,1.0,0.284243,复购唤醒券：满300-80，14天有效
U000521,银牌会员,中,流失沉睡,从未下单,4917.41,0.0,0.284214,首单唤醒大额券：满100-50，7天有效
U001361,铜牌会员,高,流失沉睡,复购≥2次,30295.61,2.0,0.284165,复购唤醒券：满300-80，14天有效
U001858,铜牌会员,高,流失沉睡,仅1单,20824.77,1.0,0.284098,复购唤醒券：满300-80，14天有效
U000834,铜牌会员,中,流失沉睡,复购≥2次,3598.6,3.0,0.283916,复购唤醒券：满300-80，14天有效
U001679,金牌会员,高,流失沉睡,仅1单,10510.02,1.0,0.28389,复购唤醒券：满300-80，14天有效
U001277,铜牌会员,高,流失沉睡,从未下单,21048.14,0.0,0.283857,首单唤醒大额券：满100-50，7天有效
U004894,铜牌会员,中,流失沉睡,从未下单,5088.59,0.0,0.283836,首单唤醒大额券：满100-50，7天有效
U000244,普通会员,高,流失沉睡,仅1单,12739.19,1.0,0.283622,复购唤醒券：满300-80，14天有效
U001871,普通会员,高,流失沉睡,仅1单,11689.73,1.0,0.283524,复购唤醒券：满300-80，14天有效
U003165,铜牌会员,高,流失沉睡,从未下单,22609.98,0.0,0.283492,首单唤醒大额券：满100-50，7天有效
U000569,金牌会员,中,流失沉睡,仅1单,4917.78,1.0,0.28302,复购唤醒券：满300-80，14天有效
U004327,普通会员,中,流失沉睡,仅1单,5379.58,1.0,0.2829,复购唤醒券：满300-80，14天有效
U000553,银牌会员,中,流失沉睡,从未下单,8531.19,0.0,0.282808,首单唤醒大额券：满100-50，7天有效
U000436,普通会员,中,流失沉睡,仅1单,5716.02,1.0,0.282777,复购唤醒券：满300-80，14天有效
U002342,铜牌会员,中,流失沉睡,复购≥2次,4204.72,2.0,0.282738,复购唤醒券：满300-80，14天有效
U004297,普通会员,高,流失沉睡,仅1单,11571.49,1.0,0.282658,复购唤醒券：满300-80，14天有效
U000812,金牌会员,高,流失沉睡,从未下单,24463.65,0.0,0.282528,首单唤醒大额券：满100-50，7天有效
U003510,银牌会员,中,流失沉睡,仅1单,3055.85,1.0,0.282386,复购唤醒券：满300-80，14天有效
U001603,钻石会员,中,流失沉睡,仅1单,5587.8,1.0,0.282256,复购唤醒券：满300-80，14天有效
U004808,普通会员,高,流失沉睡,从未下单,18947.77,0.0,0.282194,首单唤醒大额券：满100-50，7天有效
U003237,铜牌会员,中,流失沉睡,仅1单,9733.65,1.0,0.282122,复购唤醒券：满300-80，14天有效
U000967,银牌会员,低,流失沉睡,仅1单,1859.36,1.0,0.281473,复购唤醒券：满300-80，14天有效
U001666,普通会员,中,流失沉睡,仅1单,5203.33,1.0,0.281375,复购唤醒券：满300-80，14天有效
U004186,金牌会员,中,流失沉睡,仅1单,5660.04,1.0,0.281089,复购唤醒券：满300-80，14天有效
U001690,银牌会员,高,流失沉睡,从未下单,16429.94,0.0,0.280591,首单唤醒大额券：满100-50，7天有效
U004223,普通会员,中,流失沉睡,仅1单,9623.45,1.0,0.280529,复购唤醒券：满300-80，14天有效
U003907,普通会员,中,流失沉睡,从未下单,3525.61,0.0,0.280085,首单唤醒大额券：满100-50，7天有效
U000532,银牌会员,中,流失沉睡,从未下单,9621.37,0.0,0.279977,首单唤醒大额券：满100-50，7天有效
U000944,钻石会员,中,流失沉睡,仅1单,4005.2,1.0,0.279656,复购唤醒券：满300-80，14天有效
U003950,银牌会员,中,流失沉睡,仅1单,3906.5,1.0,0.279639,复购唤醒券：满300-80，14天有效
U000960,普通会员,高,流失沉睡,仅1单,28734.7,1.0,0.279519,复购唤醒券：满300-80，14天有效
U003829,铜牌会员,中,流失沉睡,仅1单,3148.26,1.0,0.279473,复购唤醒券：满300-80，14天有效
U003698,铜牌会员,中,流失沉睡,复购≥2次,5677.5,2.0,0.279345,复购唤醒券：满300-80，14天有效
U003120,普通会员,低,流失沉睡,仅1单,2992.28,1.0,0.279127,复购唤醒券：满300-80，14天有效
U000448,普通会员,高,流失沉睡,仅1单,38050.69,1.0,0.278962,复购唤醒券：满300-80，14天有效
U002205,金牌会员,中,流失沉睡,仅1单,7165.31,1.0,0.278899,复购唤醒券：满300-80，14天有效
U002379,金牌会员,高,流失沉睡,从未下单,21004.08,0.0,0.278785,首单唤醒大额券：满100-50，7天有效
U003622,铜牌会员,中,流失沉睡,仅1单,8581.71,1.0,0.278591,复购唤醒券：满300-80，14天有效
U000692,金牌会员,高,流失沉睡,仅1单,17698.3,1.0,0.27852,复购唤醒券：满300-80，14天有效
U003995,铜牌会员,高,流失沉睡,仅1单,43143.58,1.0,0.278515,复购唤醒券：满300-80，14天有效
U004812,铜牌会员,高,流失沉睡,仅1单,22177.87,1.0,0.278503,复购唤醒券：满300-80，14天有效
U003402,银牌会员,高,流失沉睡,仅1单,19977.89,1.0,0.278088,复购唤醒券：满300-80，14天有效
U003650,普通会员,高,流失沉睡,仅1单,26610.41,1.0,0.278043,复购唤醒券：满300-80，14天有效
U002703,铜牌会员,中,流失沉睡,仅1单,8055.44,1.0,0.277967,复购唤醒券：满300-80，14天有效
U003298,银牌会员,高,流失沉睡,从未下单,18058.39,0.0,0.277899,首单唤醒大额券：满100-50，7天有效
U001432,普通会员,高,流失沉睡,仅1单,37716.93,1.0,0.277647,复购唤醒券：满300-80，14天有效
U003631,普通会员,中,流失沉睡,仅1单,7365.69,1.0,0.277406,复购唤醒券：满300-80，14天有效
U003211,钻石会员,高,流失沉睡,仅1单,16980.35,1.0,0.277206,复购唤醒券：满300-80，14天有效
U004488,银牌会员,中,流失沉睡,仅1单,6228.68,1.0,0.276989,复购唤醒券：满300-80，14天有效
U000749,金牌会员,中,流失沉睡,仅1单,7066.58,1.0,0.276911,复购唤醒券：满300-80，14天有效
U004008,金牌会员,中,流失沉睡,复购≥2次,3881.59,3.0,0.276889,复购唤醒券：满300-80，14天有效
U003055,铜牌会员,中,流失沉睡,仅1单,8146.55,1.0,0.276691,复购唤醒券：满300-80，14天有效
U003854,银牌会员,低,流失沉睡,仅1单,2728.91,1.0,0.276402,复购唤醒券：满300-80，14天有效
U001047,钻石会员,中,流失沉睡,仅1单,6449.79,1.0,0.27614,复购唤醒券：满300-80，14天有效
U001416,普通会员,中,流失沉睡,从未下单,7660.99,0.0,0.275261,首单唤醒大额券：满100-50，7天有效
U004241,铜牌会员,低,流失沉睡,从未下单,2651.43,0.0,0.274796,首单唤醒大额券：满100-50，7天有效
U002261,普通会员,高,流失沉睡,从未下单,20382.86,0.0,0.274606,首单唤醒大额券：满100-50，7天有效
U001646,普通会员,高,流失沉睡,从未下单,14911.53,0.0,0.274424,首单唤醒大额券：满100-50，7天有效
U003254,银牌会员,高,流失沉睡,仅1单,15065.36,1.0,0.274299,复购唤醒券：满300-80，14天有效
U003536,金牌会员,中,流失沉睡,从未下单,6655.87,0.0,0.27404,首单唤醒大额券：满100-50，7天有效
U004827,普通会员,高,流失沉睡,仅1单,10868.92,1.0,0.273808,复购唤醒券：满300-80，14天有效
U000761,银牌会员,高,流失沉睡,从未下单,13084.36,0.0,0.273807,首单唤醒大额券：满100-50，7天有效
U000644,银牌会员,高,流失沉睡,仅1单,11057.54,1.0,0.273687,复购唤醒券：满300-80，14天有效
U003977,铜牌会员,中,流失沉睡,仅1单,6382.69,1.0,0.273661,复购唤醒券：满300-80，14天有效
U000097,普通会员,高,流失沉睡,从未下单,14264.0,0.0,0.273539,首单唤醒大额券：满100-50，7天有效
U000747,金牌会员,高,流失沉睡,仅1单,28586.56,1.0,0.273539,复购唤醒券：满300-80，14天有效
U002038,铜牌会员,高,流失沉睡,仅1单,15474.77,1.0,0.273437,复购唤醒券：满300-80，14天有效
U001718,银牌会员,中,流失沉睡,仅1单,9916.8,1.0,0.273401,复购唤醒券：满300-80，14天有效
U001240,铜牌会员,高,流失沉睡,仅1单,17898.62,1.0,0.272784,复购唤醒券：满300-80，14天有效
U004857,铜牌会员,中,流失沉睡,仅1单,7594.28,1.0,0.272636,复购唤醒券：满300-80，14天有效
U003152,金牌会员,高,流失沉睡,从未下单,23093.55,0.0,0.272583,首单唤醒大额券：满100-50，7天有效
U001553,金牌会员,中,流失沉睡,仅1单,3419.46,1.0,0.272563,复购唤醒券：满300-80，14天有效
U003346,铜牌会员,高,流失沉睡,仅1单,19795.43,1.0,0.272516,复购唤醒券：满300-80，14天有效
U004702,普通会员,中,流失沉睡,从未下单,4190.73,0.0,0.272453,首单唤醒大额券：满100-50，7天有效
U001436,普通会员,中,流失沉睡,从未下单,8914.05,0.0,0.272358,首单唤醒大额券：满100-50，7天有效
U000736,银牌会员,高,流失沉睡,仅1单,16020.42,1.0,0.272072,复购唤醒券：满300-80，14天有效
U003038,银牌会员,中,流失沉睡,从未下单,7343.2,0.0,0.271891,首单唤醒大额券：满100-50，7天有效
U004765,铜牌会员,中,流失沉睡,从未下单,5546.78,0.0,0.271646,首单唤醒大额券：满100-50，7天有效
U001234,铜牌会员,中,流失沉睡,复购≥2次,5859.69,2.0,0.271585,复购唤醒券：满300-80，14天有效
U002034,普通会员,中,流失沉睡,仅1单,8224.33,1.0,0.271483,复购唤醒券：满300-80，14天有效
U001514,金牌会员,高,流失沉睡,仅1单,13111.07,1.0,0.271427,复购唤醒券：满300-80，14天有效
U004045,普通会员,中,流失沉睡,仅1单,6923.91,1.0,0.271252,复购唤醒券：满300-80，14天有效
U001826,银牌会员,高,流失沉睡,仅1单,16410.81,1.0,0.271102,复购唤醒券：满300-80，14天有效
U004262,银牌会员,高,流失沉睡,从未下单,30695.73,0.0,0.271056,首单唤醒大额券：满100-50，7天有效
U001376,钻石会员,中,流失沉睡,从未下单,5642.03,0.0,0.271002,首单唤醒大额券：满100-50，7天有效
U001290,铜牌会员,高,流失沉睡,仅1单,11138.0,1.0,0.270781,复购唤醒券：满300-80，14天有效
U002478,银牌会员,中,流失沉睡,仅1单,9965.28,1.0,0.270763,复购唤醒券：满300-80，14天有效
U004342,银牌会员,中,流失沉睡,仅1单,6106.45,1.0,0.2707,复购唤醒券：满300-80，14天有效
U004818,铜牌会员,高,流失沉睡,从未下单,25880.29,0.0,0.270628,首单唤醒大额券：满100-50，7天有效
U001502,钻石会员,中,流失沉睡,从未下单,5229.66,0.0,0.270344,首单唤醒大额券：满100-50，7天有效
U002181,银牌会员,中,流失沉睡,复购≥2次,3656.76,2.0,0.270334,复购唤醒券：满300-80，14天有效
U004514,铜牌会员,高,流失沉睡,仅1单,31105.74,1.0,0.270166,复购唤醒券：满300-80，14天有效
U004370,普通会员,中,流失沉睡,从未下单,3336.1,0.0,0.269958,首单唤醒大额券：满100-50，7天有效
U002970,普通会员,高,流失沉睡,从未下单,14977.3,0.0,0.269389,首单唤醒大额券：满100-50，7天有效
U002275,普通会员,中,流失沉睡,仅1单,5720.08,1.0,0.269373,复购唤醒券：满300-80，14天有效
U003661,普通会员,中,流失沉睡,仅1单,6372.94,1.0,0.269307,复购唤醒券：满300-80，14天有效
U002441,银牌会员,中,流失沉睡,复购≥2次,3645.07,2.0,0.269019,复购唤醒券：满300-80，14天有效
U004123,银牌会员,中,流失沉睡,仅1单,6376.34,1.0,0.268937,复购唤醒券：满300-80，14天有效
U002599,铜牌会员,高,流失沉睡,仅1单,12733.28,1.0,0.268688,复购唤醒券：满300-80，14天有效
U001112,银牌会员,中,流失沉睡,仅1单,6834.68,1.0,0.268646,复购唤醒券：满300-80，14天有效
U002374,钻石会员,高,流失沉睡,从未下单,11058.5,0.0,0.268196,首单唤醒大额券：满100-50，7天有效
U003385,银牌会员,低,流失沉睡,复购≥2次,1647.43,2.0,0.26806,复购唤醒券：满300-80，14天有效
U000996,银牌会员,中,流失沉睡,仅1单,3096.47,1.0,0.268012,复购唤醒券：满300-80，14天有效
U000419,钻石会员,中,流失沉睡,仅1单,7158.36,1.0,0.267938,复购唤醒券：满300-80，14天有效
U000547,钻石会员,高,流失沉睡,从未下单,19004.16,0.0,0.267878,首单唤醒大额券：满100-50，7天有效
U001435,铜牌会员,低,流失沉睡,仅1单,1917.92,1.0,0.267699,复购唤醒券：满300-80，14天有效
U004926,普通会员,高,流失沉睡,仅1单,36017.5,1.0,0.267616,复购唤醒券：满300-80，14天有效
U002950,铜牌会员,高,流失沉睡,从未下单,24162.67,0.0,0.267381,首单唤醒大额券：满100-50，7天有效
U001981,银牌会员,中,流失沉睡,仅1单,5268.9,1.0,0.267083,复购唤醒券：满300-80，14天有效
U001648,普通会员,高,流失沉睡,仅1单,13254.41,1.0,0.266823,复购唤醒券：满300-80，14天有效
U002506,铜牌会员,高,流失沉睡,从未下单,15478.97,0.0,0.266758,首单唤醒大额券：满100-50，7天有效
U004570,铜牌会员,中,流失沉睡,仅1单,5448.19,1.0,0.266486,复购唤醒券：满300-80，14天有效
U000221,铜牌会员,中,流失沉睡,仅1单,8447.69,1.0,0.266461,复购唤醒券：满300-80，14天有效
U004937,普通会员,高,流失沉睡,仅1单,22585.04,1.0,0.266215,复购唤醒券：满300-80，14天有效
U003723,金牌会员,低,流失沉睡,复购≥2次,2999.36,2.0,0.2662,复购唤醒券：满300-80，14天有效
U002795,铜牌会员,中,流失沉睡,仅1单,4082.89,1.0,0.266146,复购唤醒券：满300-80，14天有效
U001853,铜牌会员,高,流失沉睡,从未下单,18532.67,0.0,0.266128,首单唤醒大额券：满100-50，7天有效
U003685,铜牌会员,高,流失沉睡,仅1单,11019.68,1.0,0.265845,复购唤醒券：满300-80，14天有效
U002793,铜牌会员,高,流失沉睡,仅1单,15375.19,1.0,0.265823,复购唤醒券：满300-80，14天有效
U003216,普通会员,低,流失沉睡,从未下单,2617.5,0.0,0.265648,首单唤醒大额券：满100-50，7天有效
U004334,钻石会员,中,流失沉睡,从未下单,4538.41,0.0,0.26553,首单唤醒大额券：满100-50，7天有效
U002302,普通会员,中,流失沉睡,从未下单,6562.86,0.0,0.265211,首单唤醒大额券：满100-50，7天有效
U002755,铜牌会员,中,流失沉睡,仅1单,3064.89,1.0,0.265127,复购唤醒券：满300-80，14天有效
U002430,铜牌会员,高,流失沉睡,仅1单,11427.04,1.0,0.264444,复购唤醒券：满300-80，14天有效
U003261,银牌会员,高,流失沉睡,从未下单,18499.58,0.0,0.264372,首单唤醒大额券：满100-50，7天有效
U003724,铜牌会员,中,流失沉睡,仅1单,9098.76,1.0,0.264102,复购唤醒券：满300-80，14天有效
U001835,铜牌会员,低,流失沉睡,复购≥2次,2196.83,2.0,0.264014,复购唤醒券：满300-80，14天有效
U004030,铜牌会员,高,流失沉睡,仅1单,36809.85,1.0,0.263951,复购唤醒券：满300-80，14天有效
U004303,银牌会员,中,流失沉睡,从未下单,6390.29,0.0,0.263919,首单唤醒大额券：满100-50，7天有效
U004714,银牌会员,中,流失沉睡,从未下单,3474.57,0.0,0.263638,首单唤醒大额券：满100-50，7天有效
U002980,铜牌会员,中,流失沉睡,仅1单,6387.68,1.0,0.263596,复购唤醒券：满300-80，14天有效
U001395,金牌会员,高,流失沉睡,仅1单,24010.25,1.0,0.263565,复购唤醒券：满300-80，14天有效
U003228,银牌会员,中,流失沉睡,仅1单,7734.08,1.0,0.263391,复购唤醒券：满300-80，14天有效
U002775,普通会员,中,流失沉睡,从未下单,7045.51,0.0,0.263359,首单唤醒大额券：满100-50，7天有效
U001532,金牌会员,低,流失沉睡,仅1单,2316.66,1.0,0.263155,复购唤醒券：满300-80，14天有效
U002811,普通会员,高,流失沉睡,从未下单,15843.83,0.0,0.263032,首单唤醒大额券：满100-50，7天有效
U004244,铜牌会员,中,流失沉睡,仅1单,5774.65,1.0,0.262676,复购唤醒券：满300-80，14天有效
U004781,铜牌会员,中,流失沉睡,仅1单,4948.27,1.0,0.262669,复购唤醒券：满300-80，14天有效
U001076,银牌会员,中,流失沉睡,从未下单,4154.26,0.0,0.262261,首单唤醒大额券：满100-50，7天有效
U003219,普通会员,中,流失沉睡,仅1单,8358.18,1.0,0.262208,复购唤醒券：满300-80，14天有效
U003126,金牌会员,中,流失沉睡,复购≥2次,7732.16,2.0,0.262194,复购唤醒券：满300-80，14天有效
U004140,普通会员,高,流失沉睡,仅1单,19524.57,1.0,0.261822,复购唤醒券：满300-80，14天有效
U002838,银牌会员,中,流失沉睡,从未下单,5230.52,0.0,0.261737,首单唤醒大额券：满100-50，7天有效
U003275,普通会员,高,流失沉睡,仅1单,23617.31,1.0,0.26169,复购唤醒券：满300-80，14天有效
U004876,普通会员,中,流失沉睡,仅1单,6245.48,1.0,0.261644,复购唤醒券：满300-80，14天有效
U004555,普通会员,高,流失沉睡,仅1单,14281.71,1.0,0.261575,复购唤醒券：满300-80，14天有效
U004590,铜牌会员,高,流失沉睡,仅1单,18188.03,1.0,0.26112,复购唤醒券：满300-80，14天有效
U004852,银牌会员,高,流失沉睡,仅1单,10023.0,1.0,0.260861,复购唤醒券：满300-80，14天有效
U002184,金牌会员,中,流失沉睡,仅1单,9598.67,1.0,0.260733,复购唤醒券：满300-80，14天有效
U001374,金牌会员,中,流失沉睡,从未下单,6783.03,0.0,0.260601,首单唤醒大额券：满100-50，7天有效
U004224,普通会员,中,流失沉睡,从未下单,5217.92,0.0,0.260394,首单唤醒大额券：满100-50，7天有效
U001772,铜牌会员,中,流失沉睡,仅1单,5919.83,1.0,0.260092,复购唤醒券：满300-80，14天有效
U001587,铜牌会员,高,流失沉睡,仅1单,10904.76,1.0,0.259831,复购唤醒券：满300-80，14天有效
U001796,铜牌会员,中,流失沉睡,仅1单,9758.25,1.0,0.259201,复购唤醒券：满300-80，14天有效
U001948,钻石会员,低,流失沉睡,仅1单,1883.5,1.0,0.259176,复购唤醒券：满300-80，14天有效
U003404,金牌会员,高,流失沉睡,从未下单,16571.72,0.0,0.258695,首单唤醒大额券：满100-50，7天有效
U001540,金牌会员,中,流失沉睡,从未下单,8436.97,0.0,0.258476,首单唤醒大额券：满100-50，7天有效
U004988,金牌会员,高,流失沉睡,从未下单,25053.31,0.0,0.258328,首单唤醒大额券：满100-50，7天有效
U003827,银牌会员,高,流失沉睡,从未下单,18468.66,0.0,0.258283,首单唤醒大额券：满100-50，7天有效
U000106,银牌会员,高,流失沉睡,仅1单,10729.74,1.0,0.258185,复购唤醒券：满300-80，14天有效
U002288,银牌会员,中,流失沉睡,仅1单,9289.87,1.0,0.258144,复购唤醒券：满300-80，14天有效
U003447,银牌会员,中,流失沉睡,从未下单,6945.41,0.0,0.258124,首单唤醒大额券：满100-50，7天有效
U003677,钻石会员,中,流失沉睡,仅1单,5138.06,1.0,0.257974,复购唤醒券：满300-80，14天有效
U001735,普通会员,低,流失沉睡,仅1单,2335.34,1.0,0.257594,复购唤醒券：满300-80，14天有效
U002760,金牌会员,中,流失沉睡,仅1单,7097.22,1.0,0.257455,复购唤醒券：满300-80，14天有效
U003618,金牌会员,中,流失沉睡,仅1单,4791.61,1.0,0.257421,复购唤醒券：满300-80，14天有效
U003655,银牌会员,高,流失沉睡,仅1单,10496.15,1.0,0.257357,复购唤醒券：满300-80，14天有效
U001189,普通会员,高,流失沉睡,从未下单,16014.01,0.0,0.257311,首单唤醒大额券：满100-50，7天有效
U001552,银牌会员,中,流失沉睡,从未下单,6954.45,0.0,0.257272,首单唤醒大额券：满100-50，7天有效
U000906,金牌会员,中,流失沉睡,仅1单,5088.78,1.0,0.257194,复购唤醒券：满300-80，14天有效
U000323,银牌会员,中,流失沉睡,从未下单,8388.55,0.0,0.257069,首单唤醒大额券：满100-50，7天有效
U002084,银牌会员,中,流失沉睡,复购≥2次,6348.05,2.0,0.256926,复购唤醒券：满300-80，14天有效
U001281,普通会员,高,流失沉睡,仅1单,15898.92,1.0,0.256906,复购唤醒券：满300-80，14天有效
U002065,铜牌会员,高,流失沉睡,仅1单,28284.83,1.0,0.256857,复购唤醒券：满300-80，14天有效
U004121,普通会员,中,流失沉睡,从未下单,5240.72,0.0,0.25656,首单唤醒大额券：满100-50，7天有效
U004496,铜牌会员,中,流失沉睡,从未下单,5882.61,0.0,0.256528,首单唤醒大额券：满100-50，7天有效
U002207,铜牌会员,中,流失沉睡,从未下单,6655.65,0.0,0.256518,首单唤醒大额券：满100-50，7天有效
U004890,普通会员,高,流失沉睡,仅1单,20627.84,1.0,0.256441,复购唤醒券：满300-80，14天有效
U001398,铜牌会员,中,流失沉睡,从未下单,9768.02,0.0,0.2563,首单唤醒大额券：满100-50，7天有效
U004317,钻石会员,低,流失沉睡,复购≥2次,1801.09,2.0,0.256179,复购唤醒券：满300-80，14天有效
U002857,铜牌会员,高,流失沉睡,仅1单,10301.68,1.0,0.25598,复购唤醒券：满300-80，14天有效
U003668,银牌会员,中,流失沉睡,从未下单,8626.49,0.0,0.255765,首单唤醒大额券：满100-50，7天有效
U000339,金牌会员,高,流失沉睡,仅1单,12644.68,1.0,0.255697,复购唤醒券：满300-80，14天有效
U000779,银牌会员,中,流失沉睡,仅1单,3911.97,1.0,0.255695,复购唤醒券：满300-80，14天有效
U004189,银牌会员,中,流失沉睡,仅1单,8970.16,1.0,0.255648,复购唤醒券：满300-80，14天有效
U004939,普通会员,低,流失沉睡,仅1单,1353.04,1.0,0.25561,复购唤醒券：满300-80，14天有效
U004239,普通会员,低,流失沉睡,仅1单,2123.88,1.0,0.255312,复购唤醒券：满300-80，14天有效
U000954,金牌会员,中,流失沉睡,仅1单,5429.11,1.0,0.255222,复购唤醒券：满300-80，14天有效
U000533,铜牌会员,高,流失沉睡,从未下单,16476.2,0.0,0.255213,首单唤醒大额券：满100-50，7天有效
U002573,铜牌会员,中,流失沉睡,仅1单,4384.78,1.0,0.254933,复购唤醒券：满300-80，14天有效
U001214,普通会员,高,流失沉睡,仅1单,11500.14,1.0,0.25464,复购唤醒券：满300-80，14天有效
U000176,银牌会员,中,流失沉睡,从未下单,3567.6,0.0,0.254585,首单唤醒大额券：满100-50，7天有效
U003114,铜牌会员,高,流失沉睡,仅1单,23289.72,1.0,0.25437,复购唤醒券：满300-80，14天有效
U000191,金牌会员,高,流失沉睡,从未下单,21992.2,0.0,0.25418,首单唤醒大额券：满100-50，7天有效
U001971,银牌会员,高,流失沉睡,仅1单,13986.12,1.0,0.253692,复购唤醒券：满300-80，14天有效
U003448,铜牌会员,中,流失沉睡,从未下单,6084.54,0.0,0.253643,首单唤醒大额券：满100-50，7天有效
U003700,普通会员,高,流失沉睡,从未下单,16429.39,0.0,0.253459,首单唤醒大额券：满100-50，7天有效
U001580,金牌会员,中,流失沉睡,从未下单,7083.62,0.0,0.25344,首单唤醒大额券：满100-50，7天有效
U003249,铜牌会员,中,流失沉睡,仅1单,7121.65,1.0,0.253363,复购唤醒券：满300-80，14天有效
U000361,金牌会员,高,流失沉睡,仅1单,21413.42,1.0,0.25322,复购唤醒券：满300-80，14天有效
U001744,钻石会员,中,流失沉睡,仅1单,9737.85,1.0,0.253072,复购唤醒券：满300-80，14天有效
U000446,银牌会员,中,流失沉睡,仅1单,8475.81,1.0,0.252917,复购唤醒券：满300-80，14天有效
U002602,银牌会员,中,流失沉睡,从未下单,9694.57,0.0,0.252723,首单唤醒大额券：满100-50，7天有效
U004289,铜牌会员,中,流失沉睡,复购≥2次,5525.94,2.0,0.252686,复购唤醒券：满300-80，14天有效
U001226,银牌会员,高,流失沉睡,仅1单,31222.29,1.0,0.252494,复购唤醒券：满300-80，14天有效
U004178,铜牌会员,高,流失沉睡,仅1单,26032.55,1.0,0.252446,复购唤醒券：满300-80，14天有效
U001136,铜牌会员,中,流失沉睡,仅1单,6996.27,1.0,0.25235,复购唤醒券：满300-80，14天有效
U001023,铜牌会员,中,流失沉睡,复购≥2次,5262.85,2.0,0.252315,复购唤醒券：满300-80，14天有效
U000169,银牌会员,中,流失沉睡,仅1单,8939.25,1.0,0.252268,复购唤醒券：满300-80，14天有效
U000695,铜牌会员,中,流失沉睡,仅1单,6060.4,1.0,0.252168,复购唤醒券：满300-80，14天有效
U003919,银牌会员,中,流失沉睡,从未下单,7210.64,0.0,0.251957,首单唤醒大额券：满100-50，7天有效
U003403,普通会员,中,流失沉睡,从未下单,7369.08,0.0,0.251762,首单唤醒大额券：满100-50，7天有效
U000383,银牌会员,中,流失沉睡,从未下单,4893.94,0.0,0.251722,首单唤醒大额券：满100-50，7天有效
U003466,银牌会员,中,流失沉睡,仅1单,4442.31,1.0,0.251626,复购唤醒券：满300-80，14天有效
U000668,普通会员,低,流失沉睡,从未下单,2003.49,0.0,0.251567,首单唤醒大额券：满100-50，7天有效
U002187,银牌会员,高,流失沉睡,仅1单,27979.38,1.0,0.251419,复购唤醒券：满300-80，14天有效
U004966,铜牌会员,低,流失沉睡,从未下单,2333.18,0.0,0.251419,首单唤醒大额券：满100-50，7天有效
U004592,银牌会员,中,流失沉睡,从未下单,4222.79,0.0,0.250192,首单唤醒大额券：满100-50，7天有效
U002992,银牌会员,中,流失沉睡,仅1单,5625.0,1.0,0.250138,复购唤醒券：满300-80，14天有效
U001099,铜牌会员,中,流失沉睡,复购≥2次,4919.33,2.0,0.250069,复购唤醒券：满300-80，14天有效
U004965,银牌会员,中,流失沉睡,仅1单,5764.43,1.0,0.249956,复购唤醒券：满300-80，14天有效
U000872,金牌会员,中,流失沉睡,仅1单,5803.68,1.0,0.249698,复购唤醒券：满300-80，14天有效
U003115,铜牌会员,中,流失沉睡,从未下单,6232.17,0.0,0.249574,首单唤醒大额券：满100-50，7天有效
U002289,铜牌会员,低,流失沉睡,从未下单,1726.35,0.0,0.249409,首单唤醒大额券：满100-50，7天有效
U003549,金牌会员,高,流失沉睡,仅1单,27505.96,1.0,0.249192,复购唤醒券：满300-80，14天有效
U000797,银牌会员,低,流失沉睡,从未下单,2447.88,0.0,0.249176,首单唤醒大额券：满100-50，7天有效
U000525,普通会员,中,流失沉睡,仅1单,5382.36,1.0,0.248896,复购唤醒券：满300-80，14天有效
U000874,金牌会员,低,流失沉睡,仅1单,2127.23,1.0,0.248662,复购唤醒券：满300-80，14天有效
U001335,普通会员,高,流失沉睡,复购≥2次,19480.07,2.0,0.248401,复购唤醒券：满300-80，14天有效
U002717,铜牌会员,中,流失沉睡,复购≥2次,7135.17,2.0,0.248339,复购唤醒券：满300-80，14天有效
U001069,普通会员,中,流失沉睡,复购≥2次,6736.44,2.0,0.248142,复购唤醒券：满300-80，14天有效
U001174,银牌会员,低,流失沉睡,仅1单,2909.93,1.0,0.248138,复购唤醒券：满300-80，14天有效
U004290,银牌会员,高,流失沉睡,仅1单,13646.02,1.0,0.248135,复购唤醒券：满300-80，14天有效
U001137,钻石会员,中,流失沉睡,从未下单,6357.01,0.0,0.248014,首单唤醒大额券：满100-50，7天有效
U003432,普通会员,中,流失沉睡,仅1单,8456.58,1.0,0.247876,复购唤醒券：满300-80，14天有效
U004621,金牌会员,中,流失沉睡,仅1单,3519.19,1.0,0.247553,复购唤醒券：满300-80，14天有效
U003701,铜牌会员,中,流失沉睡,从未下单,9938.34,0.0,0.247504,首单唤醒大额券：满100-50，7天有效
U000121,银牌会员,高,流失沉睡,仅1单,13213.23,1.0,0.247473,复购唤醒券：满300-80，14天有效
U004169,铜牌会员,中,流失沉睡,仅1单,8444.59,1.0,0.247405,复购唤醒券：满300-80，14天有效
U002683,银牌会员,高,流失沉睡,从未下单,20469.41,0.0,0.247356,首单唤醒大额券：满100-50，7天有效
U001243,普通会员,中,流失沉睡,仅1单,3409.78,1.0,0.247255,复购唤醒券：满300-80，14天有效
U004733,铜牌会员,高,流失沉睡,仅1单,13641.06,1.0,0.247216,复购唤醒券：满300-80，14天有效
U004207,普通会员,高,流失沉睡,仅1单,13268.31,1.0,0.247194,复购唤醒券：满300-80，14天有效
U000752,普通会员,高,流失沉睡,仅1单,14356.36,1.0,0.24696,复购唤醒券：满300-80，14天有效
U002012,铜牌会员,中,流失沉睡,从未下单,5571.09,0.0,0.246833,首单唤醒大额券：满100-50，7天有效
U000402,银牌会员,高,流失沉睡,仅1单,12112.16,1.0,0.246753,复购唤醒券：满300-80，14天有效
U003990,银牌会员,中,流失沉睡,从未下单,4935.65,0.0,0.246503,首单唤醒大额券：满100-50，7天有效
U003284,铜牌会员,低,流失沉睡,从未下单,2889.77,0.0,0.246225,首单唤醒大额券：满100-50，7天有效
U000044,铜牌会员,中,流失沉睡,从未下单,5096.57,0.0,0.246215,首单唤醒大额券：满100-50，7天有效
U004492,铜牌会员,中,流失沉睡,仅1单,6475.38,1.0,0.246173,复购唤醒券：满300-80，14天有效
U001910,钻石会员,中,流失沉睡,从未下单,7919.1,0.0,0.246171,首单唤醒大额券：满100-50，7天有效
U000279,普通会员,中,流失沉睡,复购≥2次,4473.78,3.0,0.245898,复购唤醒券：满300-80，14天有效
U000245,钻石会员,中,流失沉睡,仅1单,8605.75,1.0,0.245836,复购唤醒券：满300-80，14天有效
U004722,银牌会员,高,流失沉睡,仅1单,21755.93,1.0,0.245698,复购唤醒券：满300-80，14天有效
U003776,铜牌会员,高,流失沉睡,仅1单,12956.81,1.0,0.245584,复购唤醒券：满300-80，14天有效
U001863,银牌会员,中,流失沉睡,仅1单,7073.96,1.0,0.245329,复购唤醒券：满300-80，14天有效
U000332,银牌会员,中,流失沉睡,仅1单,5653.03,1.0,0.245073,复购唤醒券：满300-80，14天有效
U000004,铜牌会员,高,流失沉睡,仅1单,18010.62,1.0,0.244922,复购唤醒券：满300-80，14天有效
U002645,银牌会员,低,流失沉睡,仅1单,1258.66,1.0,0.244708,复购唤醒券：满300-80，14天有效
U000467,铜牌会员,低,流失沉睡,复购≥2次,2983.14,3.0,0.244554,复购唤醒券：满300-80，14天有效
U000346,金牌会员,高,流失沉睡,仅1单,27312.83,1.0,0.244409,复购唤醒券：满300-80，14天有效
U000833,银牌会员,中,流失沉睡,从未下单,5062.65,0.0,0.244378,首单唤醒大额券：满100-50，7天有效
U001467,钻石会员,高,流失沉睡,仅1单,13412.91,1.0,0.244286,复购唤醒券：满300-80，14天有效
U002619,金牌会员,低,流失沉睡,复购≥2次,2521.97,2.0,0.244178,复购唤醒券：满300-80，14天有效
U001289,铜牌会员,中,流失沉睡,仅1单,3095.43,1.0,0.244146,复购唤醒券：满300-80，14天有效
U003123,银牌会员,高,流失沉睡,仅1单,10359.45,1.0,0.244093,复购唤醒券：满300-80，14天有效
U004826,铜牌会员,高,流失沉睡,仅1单,11960.43,1.0,0.244089,复购唤醒券：满300-80，14天有效
U004870,铜牌会员,高,流失沉睡,仅1单,13274.14,1.0,0.243827,复购唤醒券：满300-80，14天有效
U001519,钻石会员,低,流失沉睡,从未下单,1870.23,0.0,0.243785,首单唤醒大额券：满100-50，7天有效
U000654,金牌会员,中,流失沉睡,复购≥2次,5920.39,2.0,0.243564,复购唤醒券：满300-80，14天有效
U000841,银牌会员,中,流失沉睡,仅1单,5920.36,1.0,0.243564,复购唤醒券：满300-80，14天有效
U002522,普通会员,高,流失沉睡,从未下单,15069.09,0.0,0.243533,首单唤醒大额券：满100-50，7天有效
U001968,金牌会员,中,流失沉睡,仅1单,6777.89,1.0,0.243213,复购唤醒券：满300-80，14天有效
U001681,银牌会员,中,流失沉睡,从未下单,5926.31,0.0,0.243191,首单唤醒大额券：满100-50，7天有效
U000290,金牌会员,高,流失沉睡,仅1单,10717.99,1.0,0.243118,复购唤醒券：满300-80，14天有效
U002639,钻石会员,中,流失沉睡,仅1单,8403.24,1.0,0.243083,复购唤醒券：满300-80，14天有效
U004427,银牌会员,中,流失沉睡,从未下单,6423.06,0.0,0.242993,首单唤醒大额券：满100-50，7天有效
U002640,铜牌会员,中,流失沉睡,从未下单,7107.2,0.0,0.242418,首单唤醒大额券：满100-50，7天有效
U004963,银牌会员,高,流失沉睡,从未下单,27006.29,0.0,0.242051,首单唤醒大额券：满100-50，7天有效
U004451,铜牌会员,中,流失沉睡,从未下单,3786.17,0.0,0.242028,首单唤醒大额券：满100-50，7天有效
U004429,金牌会员,高,流失沉睡,从未下单,18413.97,0.0,0.242022,首单唤醒大额券：满100-50，7天有效
U000177,银牌会员,高,流失沉睡,从未下单,23655.78,0.0,0.241995,首单唤醒大额券：满100-50，7天有效
U004421,普通会员,中,流失沉睡,仅1单,8496.84,1.0,0.241775,复购唤醒券：满300-80，14天有效
U001097,金牌会员,中,流失沉睡,复购≥2次,4257.18,2.0,0.24167,复购唤醒券：满300-80，14天有效
U001899,金牌会员,中,流失沉睡,从未下单,8290.0,0.0,0.241301,首单唤醒大额券：满100-50，7天有效
U004157,金牌会员,低,流失沉睡,复购≥2次,1862.57,2.0,0.241223,复购唤醒券：满300-80，14天有效
U003477,钻石会员,中,流失沉睡,从未下单,4800.78,0.0,0.241067,首单唤醒大额券：满100-50，7天有效
U000388,银牌会员,中,流失沉睡,仅1单,4323.68,1.0,0.240675,复购唤醒券：满300-80，14天有效
U004461,铜牌会员,中,流失沉睡,从未下单,6019.41,0.0,0.240418,首单唤醒大额券：满100-50，7天有效
U002295,钻石会员,低,流失沉睡,仅1单,1972.68,1.0,0.240347,复购唤醒券：满300-80，14天有效
U001653,铜牌会员,中,流失沉睡,仅1单,4950.72,1.0,0.240343,复购唤醒券：满300-80，14天有效
U004941,银牌会员,高,流失沉睡,仅1单,16432.84,1.0,0.240339,复购唤醒券：满300-80，14天有效
U000847,银牌会员,高,流失沉睡,仅1单,16711.15,1.0,0.240274,复购唤醒券：满300-80，14天有效
U002341,普通会员,中,流失沉睡,仅1单,5303.49,1.0,0.240209,复购唤醒券：满300-80，14天有效
U001866,普通会员,低,流失沉睡,从未下单,2474.05,0.0,0.240194,首单唤醒大额券：满100-50，7天有效
U003022,金牌会员,低,流失沉睡,从未下单,1581.53,0.0,0.240005,首单唤醒大额券：满100-50，7天有效
U002154,普通会员,低,流失沉睡,从未下单,1736.98,0.0,0.239998,首单唤醒大额券：满100-50，7天有效
U000013,金牌会员,中,流失沉睡,仅1单,6003.5,1.0,0.239972,复购唤醒券：满300-80，14天有效
U002621,银牌会员,中,流失沉睡,仅1单,3570.83,1.0,0.239786,复购唤醒券：满300-80，14天有效
U003278,铜牌会员,低,流失沉睡,复购≥2次,1492.78,2.0,0.23969,复购唤醒券：满300-80，14天有效
U004856,普通会员,低,流失沉睡,仅1单,2854.56,1.0,0.239603,复购唤醒券：满300-80，14天有效
U000970,铜牌会员,中,流失沉睡,从未下单,8515.98,0.0,0.239542,首单唤醒大额券：满100-50，7天有效
U001325,铜牌会员,中,流失沉睡,仅1单,6487.85,1.0,0.239526,复购唤醒券：满300-80，14天有效
U001339,银牌会员,高,流失沉睡,仅1单,24039.6,1.0,0.239525,复购唤醒券：满300-80，14天有效
U004528,普通会员,中,流失沉睡,仅1单,5990.8,1.0,0.239366,复购唤醒券：满300-80，14天有效
U001644,银牌会员,高,流失沉睡,仅1单,26558.1,1.0,0.239025,复购唤醒券：满300-80，14天有效
U003712,普通会员,中,流失沉睡,复购≥2次,5119.62,2.0,0.238728,复购唤醒券：满300-80，14天有效
U001073,普通会员,中,流失沉睡,仅1单,7660.04,1.0,0.238328,复购唤醒券：满300-80，14天有效
U002592,钻石会员,高,流失沉睡,仅1单,19631.65,1.0,0.237459,复购唤醒券：满300-80，14天有效
U003814,钻石会员,低,流失沉睡,从未下单,1281.54,0.0,0.237429,首单唤醒大额券：满100-50，7天有效
U004693,银牌会员,中,流失沉睡,仅1单,4186.66,1.0,0.237421,复购唤醒券：满300-80，14天有效
U002270,铜牌会员,高,流失沉睡,仅1单,63010.52,1.0,0.237264,复购唤醒券：满300-80，14天有效
U002605,铜牌会员,中,流失沉睡,仅1单,4309.4,1.0,0.237252,复购唤醒券：满300-80，14天有效
U003302,银牌会员,中,流失沉睡,从未下单,6923.72,0.0,0.237099,首单唤醒大额券：满100-50，7天有效
U000124,普通会员,中,流失沉睡,仅1单,8277.55,1.0,0.237039,复购唤醒券：满300-80，14天有效
U004388,铜牌会员,低,流失沉睡,仅1单,1583.63,1.0,0.236758,复购唤醒券：满300-80，14天有效
U002412,金牌会员,低,流失沉睡,从未下单,2856.84,0.0,0.236704,首单唤醒大额券：满100-50，7天有效
U004768,普通会员,中,流失沉睡,仅1单,4629.94,1.0,0.236647,复购唤醒券：满300-80，14天有效
U003836,铜牌会员,中,流失沉睡,从未下单,4721.38,0.0,0.236561,首单唤醒大额券：满100-50，7天有效
U000002,普通会员,中,流失沉睡,从未下单,5265.46,0.0,0.236538,首单唤醒大额券：满100-50，7天有效
U003204,铜牌会员,中,流失沉睡,仅1单,7762.24,1.0,0.236495,复购唤醒券：满300-80，14天有效
U002417,铜牌会员,中,流失沉睡,从未下单,4966.74,0.0,0.236417,首单唤醒大额券：满100-50，7天有效
U004668,普通会员,高,流失沉睡,仅1单,24777.2,1.0,0.236332,复购唤醒券：满300-80，14天有效
U004044,铜牌会员,中,流失沉睡,仅1单,7580.24,1.0,0.236039,复购唤醒券：满300-80，14天有效
U004428,铜牌会员,低,流失沉睡,仅1单,2883.77,1.0,0.235852,复购唤醒券：满300-80，14天有效
U002229,普通会员,高,流失沉睡,仅1单,34122.29,1.0,0.235829,复购唤醒券：满300-80，14天有效
U003363,钻石会员,中,流失沉睡,仅1单,6654.52,1.0,0.235395,复购唤醒券：满300-80，14天有效
U000831,普通会员,低,流失沉睡,复购≥2次,2344.75,2.0,0.235393,复购唤醒券：满300-80，14天有效
U003419,普通会员,中,流失沉睡,仅1单,7424.2,1.0,0.235284,复购唤醒券：满300-80，14天有效
U004507,银牌会员,中,流失沉睡,从未下单,4871.43,0.0,0.235195,首单唤醒大额券：满100-50，7天有效
U000869,银牌会员,高,流失沉睡,从未下单,29464.44,0.0,0.234956,首单唤醒大额券：满100-50，7天有效
U002697,普通会员,中,流失沉睡,复购≥2次,4140.11,2.0,0.234923,复购唤醒券：满300-80，14天有效
U003315,普通会员,中,流失沉睡,从未下单,8177.98,0.0,0.234792,首单唤醒大额券：满100-50，7天有效
U000886,铜牌会员,高,流失沉睡,仅1单,28019.03,1.0,0.23472,复购唤醒券：满300-80，14天有效
U003511,普通会员,高,流失沉睡,仅1单,15256.82,1.0,0.234689,复购唤醒券：满300-80，14天有效
U001670,金牌会员,高,流失沉睡,从未下单,34474.18,0.0,0.234347,首单唤醒大额券：满100-50，7天有效
U001554,金牌会员,低,流失沉睡,仅1单,2796.58,1.0,0.234337,复购唤醒券：满300-80，14天有效
U004679,普通会员,高,流失沉睡,仅1单,19699.51,1.0,0.234095,复购唤醒券：满300-80，14天有效
U000685,普通会员,中,流失沉睡,从未下单,3338.18,0.0,0.233791,首单唤醒大额券：满100-50，7天有效
U000206,铜牌会员,中,流失沉睡,仅1单,4345.84,1.0,0.233258,复购唤醒券：满300-80，14天有效
U003689,银牌会员,高,流失沉睡,从未下单,27945.41,0.0,0.233182,首单唤醒大额券：满100-50，7天有效
U002438,普通会员,中,流失沉睡,仅1单,8097.18,1.0,0.233162,复购唤醒券：满300-80，14天有效
U001409,铜牌会员,中,流失沉睡,仅1单,3633.8,1.0,0.232917,复购唤醒券：满300-80，14天有效
U002832,铜牌会员,低,流失沉睡,复购≥2次,1344.67,3.0,0.232833,复购唤醒券：满300-80，14天有效
U003488,普通会员,中,流失沉睡,仅1单,9523.25,1.0,0.232741,复购唤醒券：满300-80，14天有效
U000870,铜牌会员,高,流失沉睡,从未下单,34090.19,0.0,0.232471,首单唤醒大额券：满100-50，7天有效
U000846,铜牌会员,中,流失沉睡,仅1单,4801.12,1.0,0.232214,复购唤醒券：满300-80，14天有效
U003542,铜牌会员,中,流失沉睡,仅1单,8236.21,1.0,0.232124,复购唤醒券：满300-80，14天有效
U000238,金牌会员,低,流失沉睡,仅1单,2739.33,1.0,0.231959,复购唤醒券：满300-80，14天有效
U001728,铜牌会员,低,流失沉睡,从未下单,1505.4,0.0,0.23185,首单唤醒大额券：满100-50，7天有效
U000714,普通会员,中,流失沉睡,复购≥2次,5372.33,3.0,0.231739,复购唤醒券：满300-80，14天有效
U000083,银牌会员,中,流失沉睡,仅1单,4007.08,1.0,0.231465,复购唤醒券：满300-80，14天有效
U002549,铜牌会员,中,流失沉睡,复购≥2次,3118.18,2.0,0.231388,复购唤醒券：满300-80，14天有效
U003527,银牌会员,高,流失沉睡,仅1单,13412.17,1.0,0.231313,复购唤醒券：满300-80，14天有效
U003594,普通会员,中,流失沉睡,从未下单,4794.29,0.0,0.231269,首单唤醒大额券：满100-50，7天有效
U004630,金牌会员,高,流失沉睡,仅1单,11447.89,1.0,0.231269,复购唤醒券：满300-80，14天有效
U000568,银牌会员,中,流失沉睡,从未下单,5938.09,0.0,0.231177,首单唤醒大额券：满100-50，7天有效
U000518,金牌会员,中,流失沉睡,仅1单,8225.82,1.0,0.231149,复购唤醒券：满300-80，14天有效
U001005,铜牌会员,低,流失沉睡,仅1单,1212.15,1.0,0.230965,复购唤醒券：满300-80，14天有效
U002961,铜牌会员,高,流失沉睡,从未下单,25473.9,0.0,0.23096,首单唤醒大额券：满100-50，7天有效
U004404,铜牌会员,低,流失沉睡,复购≥2次,1708.68,2.0,0.230949,复购唤醒券：满300-80，14天有效
U002450,普通会员,高,流失沉睡,仅1单,12117.67,1.0,0.230561,复购唤醒券：满300-80，14天有效
U002928,钻石会员,中,流失沉睡,仅1单,5617.51,1.0,0.230561,复购唤醒券：满300-80，14天有效
U002175,银牌会员,中,流失沉睡,从未下单,8095.07,0.0,0.230545,首单唤醒大额券：满100-50，7天有效
U003591,普通会员,中,流失沉睡,从未下单,3275.88,0.0,0.230441,首单唤醒大额券：满100-50，7天有效
U004545,铜牌会员,高,流失沉睡,仅1单,10158.55,1.0,0.230244,复购唤醒券：满300-80，14天有效
U003554,铜牌会员,中,流失沉睡,从未下单,5490.56,0.0,0.230232,首单唤醒大额券：满100-50，7天有效
U001354,金牌会员,高,流失沉睡,仅1单,10028.62,1.0,0.230213,复购唤醒券：满300-80，14天有效
U003726,银牌会员,中,流失沉睡,仅1单,6616.88,1.0,0.230205,复购唤醒券：满300-80，14天有效
U004615,普通会员,高,流失沉睡,仅1单,21913.57,1.0,0.230022,复购唤醒券：满300-80，14天有效
U004355,钻石会员,中,流失沉睡,复购≥2次,5082.64,2.0,0.229561,复购唤醒券：满300-80，14天有效
U003071,银牌会员,中,流失沉睡,从未下单,5163.35,0.0,0.22953,首单唤醒大额券：满100-50，7天有效
U003719,金牌会员,中,流失沉睡,从未下单,3472.02,0.0,0.229527,首单唤醒大额券：满100-50，7天有效
U004694,银牌会员,高,流失沉睡,从未下单,10643.16,0.0,0.229185,首单唤醒大额券：满100-50，7天有效
U003491,铜牌会员,中,流失沉睡,仅1单,3178.01,1.0,0.228932,复购唤醒券：满300-80，14天有效
U000562,金牌会员,中,流失沉睡,仅1单,5820.16,1.0,0.228705,复购唤醒券：满300-80，14天有效
U001856,铜牌会员,中,流失沉睡,仅1单,7893.07,1.0,0.228546,复购唤醒券：满300-80，14天有效
U001501,普通会员,中,流失沉睡,复购≥2次,4409.03,2.0,0.228431,复购唤醒券：满300-80，14天有效
U000123,钻石会员,中,流失沉睡,从未下单,8282.92,0.0,0.228339,首单唤醒大额券：满100-50，7天有效
U001196,银牌会员,高,流失沉睡,从未下单,20022.51,0.0,0.228321,首单唤醒大额券：满100-50，7天有效
U000593,金牌会员,中,流失沉睡,从未下单,9899.24,0.0,0.228027,首单唤醒大额券：满100-50，7天有效
U004643,铜牌会员,中,流失沉睡,从未下单,8857.68,0.0,0.227986,首单唤醒大额券：满100-50，7天有效
U004882,普通会员,中,流失沉睡,从未下单,5888.83,0.0,0.227897,首单唤醒大额券：满100-50，7天有效
U004006,铜牌会员,中,流失沉睡,从未下单,6824.14,0.0,0.227776,首单唤醒大额券：满100-50，7天有效
U003398,普通会员,高,流失沉睡,仅1单,10967.43,1.0,0.227702,复购唤醒券：满300-80，14天有效
U003270,金牌会员,中,流失沉睡,仅1单,3653.15,1.0,0.227586,复购唤醒券：满300-80，14天有效
U000185,普通会员,中,流失沉睡,从未下单,5710.99,0.0,0.227489,首单唤醒大额券：满100-50，7天有效
U002021,普通会员,低,流失沉睡,从未下单,2663.99,0.0,0.227352,首单唤醒大额券：满100-50，7天有效
U001898,金牌会员,低,流失沉睡,复购≥2次,2693.26,2.0,0.227274,复购唤醒券：满300-80，14天有效
U000335,普通会员,高,流失沉睡,仅1单,13740.22,1.0,0.22712,复购唤醒券：满300-80，14天有效
U003017,银牌会员,中,流失沉睡,仅1单,6018.94,1.0,0.227025,复购唤醒券：满300-80，14天有效
U004819,铜牌会员,高,流失沉睡,仅1单,10638.37,1.0,0.226946,复购唤醒券：满300-80，14天有效
U002118,铜牌会员,中,流失沉睡,仅1单,8948.99,1.0,0.226924,复购唤醒券：满300-80，14天有效
U003948,金牌会员,中,流失沉睡,从未下单,7882.08,0.0,0.226855,首单唤醒大额券：满100-50，7天有效
U004906,普通会员,中,流失沉睡,复购≥2次,8002.61,2.0,0.226836,复购唤醒券：满300-80，14天有效
U001249,金牌会员,中,流失沉睡,从未下单,9002.02,0.0,0.226205,首单唤醒大额券：满100-50，7天有效
U003900,普通会员,低,流失沉睡,复购≥2次,1051.61,2.0,0.226205,复购唤醒券：满300-80，14天有效
U004649,银牌会员,中,流失沉睡,仅1单,8106.99,1.0,0.225989,复购唤醒券：满300-80，14天有效
U000819,金牌会员,中,流失沉睡,从未下单,7687.05,0.0,0.225623,首单唤醒大额券：满100-50，7天有效
U002010,银牌会员,低,流失沉睡,复购≥2次,1855.88,2.0,0.225359,复购唤醒券：满300-80，14天有效
U001356,铜牌会员,中,流失沉睡,仅1单,3542.72,1.0,0.225244,复购唤醒券：满300-80，14天有效
U001298,金牌会员,中,流失沉睡,仅1单,8254.38,1.0,0.225175,复购唤醒券：满300-80，14天有效
U001896,铜牌会员,高,流失沉睡,仅1单,15332.46,1.0,0.225037,复购唤醒券：满300-80，14天有效
U003286,钻石会员,中,流失沉睡,仅1单,7155.44,1.0,0.224945,复购唤醒券：满300-80，14天有效
U002581,铜牌会员,高,流失沉睡,仅1单,12799.66,1.0,0.224894,复购唤醒券：满300-80，14天有效
U001275,铜牌会员,中,流失沉睡,从未下单,7118.99,0.0,0.224871,首单唤醒大额券：满100-50，7天有效
U001219,银牌会员,中,流失沉睡,复购≥2次,5622.0,2.0,0.224788,复购唤醒券：满300-80，14天有效
U003083,银牌会员,中,流失沉睡,仅1单,5500.54,1.0,0.224761,复购唤醒券：满300-80，14天有效
U002802,银牌会员,高,流失沉睡,仅1单,10423.15,1.0,0.224729,复购唤醒券：满300-80，14天有效
U000604,金牌会员,中,流失沉睡,仅1单,3557.82,1.0,0.22445,复购唤醒券：满300-80，14天有效
U003067,普通会员,低,流失沉睡,复购≥2次,1871.78,2.0,0.224283,复购唤醒券：满300-80，14天有效
U003680,铜牌会员,中,流失沉睡,仅1单,4462.04,1.0,0.224209,复购唤醒券：满300-80，14天有效
U003633,银牌会员,低,流失沉睡,复购≥2次,2900.39,2.0,0.224063,复购唤醒券：满300-80，14天有效
U004180,银牌会员,中,流失沉睡,仅1单,5159.04,1.0,0.223788,复购唤醒券：满300-80，14天有效
U003760,铜牌会员,中,流失沉睡,从未下单,3926.67,0.0,0.223518,首单唤醒大额券：满100-50，7天有效
U000606,铜牌会员,中,流失沉睡,仅1单,7824.23,1.0,0.223174,复购唤醒券：满300-80，14天有效
U001039,普通会员,中,流失沉睡,仅1单,3679.29,1.0,0.223163,复购唤醒券：满300-80，14天有效
U002060,银牌会员,中,流失沉睡,从未下单,5491.47,0.0,0.222745,首单唤醒大额券：满100-50，7天有效
U000789,金牌会员,中,流失沉睡,复购≥2次,4476.02,2.0,0.222709,复购唤醒券：满300-80，14天有效
U004284,普通会员,高,流失沉睡,仅1单,10412.4,1.0,0.222623,复购唤醒券：满300-80，14天有效
U003696,普通会员,中,流失沉睡,仅1单,8778.22,1.0,0.222512,复购唤醒券：满300-80，14天有效
U000527,银牌会员,高,流失沉睡,仅1单,24564.08,1.0,0.222346,复购唤醒券：满300-80，14天有效
U001479,钻石会员,中,流失沉睡,仅1单,5245.38,1.0,0.222228,复购唤醒券：满300-80，14天有效
U003684,铜牌会员,中,流失沉睡,从未下单,7613.49,0.0,0.222168,首单唤醒大额券：满100-50，7天有效
U000492,金牌会员,中,流失沉睡,仅1单,8763.13,1.0,0.222092,复购唤醒券：满300-80，14天有效
U003707,金牌会员,高,流失沉睡,从未下单,14663.3,0.0,0.221992,首单唤醒大额券：满100-50，7天有效
U000180,普通会员,中,流失沉睡,仅1单,4223.07,1.0,0.221959,复购唤醒券：满300-80，14天有效
U004678,铜牌会员,中,流失沉睡,从未下单,4377.2,0.0,0.221879,首单唤醒大额券：满100-50，7天有效
U004633,普通会员,中,流失沉睡,仅1单,4750.18,1.0,0.221752,复购唤醒券：满300-80，14天有效
U000949,普通会员,中,流失沉睡,从未下单,6167.33,0.0,0.221712,首单唤醒大额券：满100-50，7天有效
U003287,金牌会员,高,流失沉睡,从未下单,21465.55,0.0,0.221653,首单唤醒大额券：满100-50，7天有效
U002700,普通会员,中,流失沉睡,仅1单,6560.19,1.0,0.220792,复购唤醒券：满300-80，14天有效
U001168,普通会员,中,流失沉睡,仅1单,7769.21,1.0,0.220675,复购唤醒券：满300-80，14天有效
U001348,金牌会员,中,流失沉睡,仅1单,3600.01,1.0,0.220634,复购唤醒券：满300-80，14天有效
U000318,钻石会员,低,流失沉睡,从未下单,2815.94,0.0,0.220517,首单唤醒大额券：满100-50，7天有效
U001473,银牌会员,中,流失沉睡,仅1单,6036.72,1.0,0.220148,复购唤醒券：满300-80，14天有效
U003364,铜牌会员,高,流失沉睡,仅1单,12480.69,1.0,0.21998,复购唤醒券：满300-80，14天有效
U000489,普通会员,高,流失沉睡,从未下单,10120.93,0.0,0.219929,首单唤醒大额券：满100-50，7天有效
U002632,铜牌会员,高,流失沉睡,从未下单,11807.84,0.0,0.219605,首单唤醒大额券：满100-50，7天有效
U003805,铜牌会员,高,流失沉睡,仅1单,31468.52,1.0,0.219582,复购唤醒券：满300-80，14天有效
U003993,银牌会员,高,流失沉睡,仅1单,17491.15,1.0,0.219531,复购唤醒券：满300-80，14天有效
U001500,银牌会员,中,流失沉睡,仅1单,5837.56,1.0,0.219109,复购唤醒券：满300-80，14天有效
U001942,金牌会员,低,流失沉睡,仅1单,1001.97,1.0,0.218985,复购唤醒券：满300-80，14天有效
U003064,普通会员,中,流失沉睡,从未下单,4049.58,0.0,0.218954,首单唤醒大额券：满100-50，7天有效
U001499,金牌会员,中,流失沉睡,仅1单,3624.88,1.0,0.218687,复购唤醒券：满300-80，14天有效
U004025,普通会员,中,流失沉睡,仅1单,3876.01,1.0,0.218541,复购唤醒券：满300-80，14天有效
U004211,铜牌会员,高,流失沉睡,仅1单,23303.87,1.0,0.218528,复购唤醒券：满300-80，14天有效
U003193,铜牌会员,高,流失沉睡,仅1单,14605.51,1.0,0.218413,复购唤醒券：满300-80，14天有效
U003895,铜牌会员,中,流失沉睡,仅1单,4531.2,1.0,0.21841,复购唤醒券：满300-80，14天有效
U002888,金牌会员,中,流失沉睡,仅1单,4915.72,1.0,0.218164,复购唤醒券：满300-80，14天有效
U001999,钻石会员,低,流失沉睡,仅1单,913.11,1.0,0.218157,复购唤醒券：满300-80，14天有效
U003734,铜牌会员,高,流失沉睡,从未下单,18866.87,0.0,0.217595,首单唤醒大额券：满100-50，7天有效
U003092,银牌会员,低,流失沉睡,复购≥2次,1519.06,2.0,0.217511,复购唤醒券：满300-80，14天有效
U000502,银牌会员,高,流失沉睡,仅1单,23976.27,1.0,0.21739,复购唤醒券：满300-80，14天有效
U002577,金牌会员,中,流失沉睡,仅1单,4435.17,1.0,0.217215,复购唤醒券：满300-80，14天有效
U001881,铜牌会员,中,流失沉睡,仅1单,4606.75,1.0,0.217179,复购唤醒券：满300-80，14天有效
U002019,金牌会员,中,流失沉睡,从未下单,4659.72,0.0,0.217056,首单唤醒大额券：满100-50，7天有效
U001928,普通会员,高,流失沉睡,仅1单,10768.35,1.0,0.216996,复购唤醒券：满300-80，14天有效
U001205,铜牌会员,中,流失沉睡,仅1单,8400.77,1.0,0.216831,复购唤醒券：满300-80，14天有效
U004986,银牌会员,中,流失沉睡,从未下单,4707.99,0.0,0.21678,首单唤醒大额券：满100-50，7天有效
U002267,钻石会员,低,流失沉睡,仅1单,2368.89,1.0,0.216537,复购唤醒券：满300-80，14天有效
U004954,铜牌会员,中,流失沉睡,从未下单,6316.2,0.0,0.216419,首单唤醒大额券：满100-50，7天有效
U001123,铜牌会员,低,流失沉睡,复购≥2次,2617.09,2.0,0.216344,复购唤醒券：满300-80，14天有效
U000991,铜牌会员,高,流失沉睡,从未下单,14942.24,0.0,0.216313,首单唤醒大额券：满100-50，7天有效
U001564,普通会员,低,流失沉睡,复购≥2次,2122.05,4.0,0.216214,复购唤醒券：满300-80，14天有效
U001834,铜牌会员,高,流失沉睡,仅1单,13535.33,1.0,0.216207,复购唤醒券：满300-80，14天有效
U004090,银牌会员,中,流失沉睡,仅1单,4667.18,1.0,0.216171,复购唤醒券：满300-80，14天有效
U004079,铜牌会员,中,流失沉睡,从未下单,4743.31,0.0,0.216097,首单唤醒大额券：满100-50，7天有效
U004115,银牌会员,中,流失沉睡,仅1单,5648.22,1.0,0.216057,复购唤醒券：满300-80，14天有效
U002684,银牌会员,高,流失沉睡,仅1单,29684.44,1.0,0.216008,复购唤醒券：满300-80，14天有效
U001682,铜牌会员,高,流失沉睡,仅1单,17975.19,1.0,0.215967,复购唤醒券：满300-80，14天有效
U000799,铜牌会员,高,流失沉睡,仅1单,12129.12,1.0,0.215451,复购唤醒券：满300-80，14天有效
U000130,银牌会员,中,流失沉睡,从未下单,3488.46,0.0,0.215362,首单唤醒大额券：满100-50，7天有效
U002878,普通会员,中,流失沉睡,复购≥2次,4051.76,3.0,0.215252,复购唤醒券：满300-80，14天有效
U003915,铜牌会员,中,流失沉睡,仅1单,6645.58,1.0,0.215109,复购唤醒券：满300-80，14天有效
U003355,银牌会员,中,流失沉睡,仅1单,6690.57,1.0,0.215057,复购唤醒券：满300-80，14天有效
U004687,铜牌会员,中,流失沉睡,仅1单,4283.35,1.0,0.215002,复购唤醒券：满300-80，14天有效
U000496,铜牌会员,中,流失沉睡,从未下单,9212.28,0.0,0.214905,首单唤醒大额券：满100-50，7天有效
U002125,银牌会员,高,流失沉睡,从未下单,13394.92,0.0,0.214801,首单唤醒大额券：满100-50，7天有效
U000643,银牌会员,高,流失沉睡,从未下单,17074.29,0.0,0.213974,首单唤醒大额券：满100-50，7天有效
U001754,金牌会员,低,流失沉睡,复购≥2次,1615.7,2.0,0.213974,复购唤醒券：满300-80，14天有效
U000231,普通会员,中,流失沉睡,仅1单,6731.23,1.0,0.213904,复购唤醒券：满300-80，14天有效
U002773,铜牌会员,中,流失沉睡,仅1单,4035.31,1.0,0.213599,复购唤醒券：满300-80，14天有效
U003645,银牌会员,中,流失沉睡,复购≥2次,3386.88,2.0,0.213568,复购唤醒券：满300-80，14天有效
U002898,银牌会员,高,流失沉睡,仅1单,14460.1,1.0,0.213266,复购唤醒券：满300-80，14天有效
U001562,普通会员,高,流失沉睡,复购≥2次,13834.99,2.0,0.213258,复购唤醒券：满300-80，14天有效
U002915,铜牌会员,高,流失沉睡,仅1单,32604.54,1.0,0.213077,复购唤醒券：满300-80，14天有效
U002834,铜牌会员,高,流失沉睡,仅1单,15376.94,1.0,0.212979,复购唤醒券：满300-80，14天有效
U001702,普通会员,低,流失沉睡,仅1单,2347.21,1.0,0.212974,复购唤醒券：满300-80，14天有效
U000283,银牌会员,中,流失沉睡,从未下单,5152.25,0.0,0.212907,首单唤醒大额券：满100-50，7天有效
U004665,铜牌会员,中,流失沉睡,仅1单,9041.34,1.0,0.212872,复购唤醒券：满300-80，14天有效
U001903,银牌会员,低,流失沉睡,从未下单,1504.85,0.0,0.212707,首单唤醒大额券：满100-50，7天有效
U001513,普通会员,中,流失沉睡,仅1单,9528.43,1.0,0.212626,复购唤醒券：满300-80，14天有效
U003938,银牌会员,低,流失沉睡,仅1单,2512.01,1.0,0.212548,复购唤醒券：满300-80，14天有效
U003572,银牌会员,中,流失沉睡,仅1单,8200.0,1.0,0.212461,复购唤醒券：满300-80，14天有效
U000698,普通会员,中,流失沉睡,仅1单,5753.64,1.0,0.212346,复购唤醒券：满300-80，14天有效
U003833,普通会员,高,流失沉睡,仅1单,22166.04,1.0,0.212231,复购唤醒券：满300-80，14天有效
U000287,银牌会员,中,流失沉睡,从未下单,5685.86,0.0,0.212057,首单唤醒大额券：满100-50，7天有效
U001569,银牌会员,低,流失沉睡,仅1单,2509.03,1.0,0.212011,复购唤醒券：满300-80，14天有效
U000584,普通会员,高,流失沉睡,仅1单,33772.06,1.0,0.211904,复购唤醒券：满300-80，14天有效
U002872,银牌会员,高,流失沉睡,从未下单,20285.31,0.0,0.211849,首单唤醒大额券：满100-50，7天有效
U003906,普通会员,高,流失沉睡,仅1单,16023.91,1.0,0.211831,复购唤醒券：满300-80，14天有效
U002546,银牌会员,中,流失沉睡,从未下单,7070.03,0.0,0.211763,首单唤醒大额券：满100-50，7天有效
U004482,普通会员,高,流失沉睡,仅1单,13965.35,1.0,0.211645,复购唤醒券：满300-80，14天有效
U000788,铜牌会员,中,流失沉睡,仅1单,7718.59,1.0,0.211609,复购唤醒券：满300-80，14天有效
U000302,金牌会员,低,流失沉睡,复购≥2次,1683.87,2.0,0.211204,复购唤醒券：满300-80，14天有效
U000901,普通会员,高,流失沉睡,仅1单,21664.5,1.0,0.211146,复购唤醒券：满300-80，14天有效
U001959,普通会员,低,流失沉睡,仅1单,2334.17,1.0,0.211091,复购唤醒券：满300-80，14天有效
U002620,铜牌会员,中,流失沉睡,仅1单,6702.4,1.0,0.211048,复购唤醒券：满300-80，14天有效
U001991,钻石会员,中,流失沉睡,从未下单,7227.25,0.0,0.210812,首单唤醒大额券：满100-50，7天有效
U000823,金牌会员,中,流失沉睡,仅1单,7526.19,1.0,0.210769,复购唤醒券：满300-80，14天有效
U004863,银牌会员,中,流失沉睡,仅1单,6256.67,1.0,0.210709,复购唤醒券：满300-80，14天有效
U003370,金牌会员,中,流失沉睡,从未下单,5427.63,0.0,0.210098,首单唤醒大额券：满100-50，7天有效
U002537,铜牌会员,低,流失沉睡,仅1单,2803.31,1.0,0.210037,复购唤醒券：满300-80，14天有效
U001449,普通会员,中,流失沉睡,仅1单,6445.32,1.0,0.209691,复购唤醒券：满300-80，14天有效
U001192,金牌会员,高,流失沉睡,仅1单,28022.44,1.0,0.209465,复购唤醒券：满300-80，14天有效
U004062,金牌会员,中,流失沉睡,从未下单,5946.54,0.0,0.209236,首单唤醒大额券：满100-50，7天有效
U001517,钻石会员,中,流失沉睡,仅1单,4680.32,1.0,0.209142,复购唤醒券：满300-80，14天有效
U002884,铜牌会员,中,流失沉睡,复购≥2次,4504.25,2.0,0.209129,复购唤醒券：满300-80，14天有效
U003852,银牌会员,中,流失沉睡,仅1单,5696.71,1.0,0.209115,复购唤醒券：满300-80，14天有效
U003156,普通会员,中,流失沉睡,仅1单,3865.75,1.0,0.209061,复购唤醒券：满300-80，14天有效
U001456,铜牌会员,中,流失沉睡,仅1单,8465.1,1.0,0.209029,复购唤醒券：满300-80，14天有效
U000966,银牌会员,中,流失沉睡,从未下单,6097.89,0.0,0.208858,首单唤醒大额券：满100-50，7天有效
U000209,银牌会员,低,流失沉睡,从未下单,2574.09,0.0,0.20852,首单唤醒大额券：满100-50，7天有效
U000472,铜牌会员,中,流失沉睡,从未下单,5513.32,0.0,0.208397,首单唤醒大额券：满100-50，7天有效
U000778,铜牌会员,高,流失沉睡,仅1单,15324.7,1.0,0.208314,复购唤醒券：满300-80，14天有效
U002434,普通会员,中,流失沉睡,从未下单,6825.4,0.0,0.208093,首单唤醒大额券：满100-50，7天有效
U003241,钻石会员,中,流失沉睡,仅1单,4990.62,1.0,0.208036,复购唤醒券：满300-80，14天有效
U003068,普通会员,中,流失沉睡,从未下单,3047.87,0.0,0.208006,首单唤醒大额券：满100-50，7天有效
U004209,银牌会员,高,流失沉睡,仅1单,10071.25,1.0,0.207916,复购唤醒券：满300-80，14天有效
U003202,铜牌会员,中,流失沉睡,从未下单,6803.54,0.0,0.207735,首单唤醒大额券：满100-50，7天有效
U001135,铜牌会员,中,流失沉睡,仅1单,5769.34,1.0,0.207676,复购唤醒券：满300-80，14天有效
U002108,铜牌会员,中,流失沉睡,仅1单,7975.69,1.0,0.207635,复购唤醒券：满300-80，14天有效
U001255,普通会员,中,流失沉睡,从未下单,6893.98,0.0,0.207601,首单唤醒大额券：满100-50，7天有效
U004732,银牌会员,中,流失沉睡,从未下单,3087.47,0.0,0.207506,首单唤醒大额券：满100-50，7天有效
U000720,铜牌会员,高,流失沉睡,从未下单,10727.46,0.0,0.207398,首单唤醒大额券：满100-50，7天有效
U002381,金牌会员,高,流失沉睡,仅1单,57291.25,1.0,0.207392,复购唤醒券：满300-80，14天有效
U000065,钻石会员,中,流失沉睡,仅1单,9329.43,1.0,0.207384,复购唤醒券：满300-80，14天有效
U001660,金牌会员,高,流失沉睡,仅1单,10819.55,1.0,0.207302,复购唤醒券：满300-80，14天有效
U000069,普通会员,高,流失沉睡,仅1单,28218.63,1.0,0.207014,复购唤醒券：满300-80，14天有效
U003435,铜牌会员,高,流失沉睡,仅1单,13147.01,1.0,0.206996,复购唤醒券：满300-80，14天有效
U000545,金牌会员,中,流失沉睡,从未下单,3108.02,0.0,0.206995,首单唤醒大额券：满100-50，7天有效
U001844,普通会员,高,流失沉睡,从未下单,13818.35,0.0,0.206317,首单唤醒大额券：满100-50，7天有效
U004955,银牌会员,中,流失沉睡,从未下单,3279.59,0.0,0.205843,首单唤醒大额券：满100-50，7天有效
U000559,银牌会员,低,流失沉睡,仅1单,2283.66,1.0,0.205738,复购唤醒券：满300-80，14天有效
U002268,银牌会员,中,流失沉睡,从未下单,6281.02,0.0,0.205694,首单唤醒大额券：满100-50，7天有效
U000660,钻石会员,高,流失沉睡,仅1单,12442.16,1.0,0.205679,复购唤醒券：满300-80，14天有效
U002591,银牌会员,中,流失沉睡,仅1单,4077.5,1.0,0.205521,复购唤醒券：满300-80，14天有效
U003989,铜牌会员,高,流失沉睡,仅1单,22687.61,1.0,0.20544,复购唤醒券：满300-80，14天有效
U001518,银牌会员,中,流失沉睡,仅1单,6623.16,1.0,0.205396,复购唤醒券：满300-80，14天有效
U004548,银牌会员,中,流失沉睡,仅1单,5258.49,1.0,0.205223,复购唤醒券：满300-80，14天有效
U002045,普通会员,低,流失沉睡,仅1单,1677.26,1.0,0.205052,复购唤醒券：满300-80，14天有效
U003389,普通会员,高,流失沉睡,仅1单,10210.3,1.0,0.204848,复购唤醒券：满300-80，14天有效
U001731,金牌会员,中,流失沉睡,仅1单,5007.27,1.0,0.204624,复购唤醒券：满300-80，14天有效
U002665,普通会员,中,流失沉睡,仅1单,4301.25,1.0,0.204581,复购唤醒券：满300-80，14天有效
U003705,普通会员,中,流失沉睡,仅1单,3634.32,1.0,0.204511,复购唤醒券：满300-80，14天有效
U002895,普通会员,中,流失沉睡,复购≥2次,3437.87,2.0,0.204268,复购唤醒券：满300-80，14天有效
U002721,银牌会员,中,流失沉睡,仅1单,4744.01,1.0,0.203826,复购唤醒券：满300-80，14天有效
U003823,金牌会员,中,流失沉睡,仅1单,4916.03,1.0,0.203816,复购唤醒券：满300-80，14天有效
U003952,银牌会员,中,流失沉睡,仅1单,7692.85,1.0,0.203614,复购唤醒券：满300-80，14天有效
U003791,铜牌会员,高,流失沉睡,从未下单,24283.37,0.0,0.203526,首单唤醒大额券：满100-50，7天有效
U000178,银牌会员,中,流失沉睡,仅1单,4278.13,1.0,0.203228,复购唤醒券：满300-80，14天有效
U004689,普通会员,中,流失沉睡,从未下单,8279.5,0.0,0.202873,首单唤醒大额券：满100-50，7天有效
U001113,钻石会员,中,流失沉睡,复购≥2次,7257.12,2.0,0.202617,复购唤醒券：满300-80，14天有效
U003031,铜牌会员,中,流失沉睡,仅1单,4400.98,1.0,0.202532,复购唤醒券：满300-80，14天有效
U000081,普通会员,中,流失沉睡,仅1单,3303.24,1.0,0.202461,复购唤醒券：满300-80，14天有效
U002322,铜牌会员,中,流失沉睡,仅1单,4018.82,1.0,0.202302,复购唤醒券：满300-80，14天有效
U001591,铜牌会员,中,流失沉睡,仅1单,8330.66,1.0,0.20216,复购唤醒券：满300-80，14天有效
U002343,金牌会员,高,流失沉睡,仅1单,34724.02,1.0,0.202092,复购唤醒券：满300-80，14天有效
U003841,普通会员,中,流失沉睡,复购≥2次,3854.02,2.0,0.202081,复购唤醒券：满300-80，14天有效
U002296,普通会员,中,流失沉睡,从未下单,7352.17,0.0,0.201942,首单唤醒大额券：满100-50，7天有效
U001801,银牌会员,中,流失沉睡,仅1单,9307.25,1.0,0.201839,复购唤醒券：满300-80，14天有效
U004098,普通会员,高,流失沉睡,从未下单,32157.83,0.0,0.201729,首单唤醒大额券：满100-50，7天有效
U003944,银牌会员,中,流失沉睡,仅1单,3851.46,1.0,0.201725,复购唤醒券：满300-80，14天有效
U002562,银牌会员,高,流失沉睡,从未下单,13597.58,0.0,0.20145,首单唤醒大额券：满100-50，7天有效
U003127,金牌会员,高,流失沉睡,仅1单,17887.24,1.0,0.201433,复购唤醒券：满300-80，14天有效
U004644,铜牌会员,高,流失沉睡,仅1单,10736.83,1.0,0.201202,复购唤醒券：满300-80，14天有效
U002585,普通会员,中,流失沉睡,从未下单,4597.76,0.0,0.201167,首单唤醒大额券：满100-50，7天有效
U000951,普通会员,中,流失沉睡,仅1单,4089.52,1.0,0.20114,复购唤醒券：满300-80，14天有效
U001640,金牌会员,中,流失沉睡,仅1单,5482.39,1.0,0.2011,复购唤醒券：满300-80，14天有效
U002547,铜牌会员,中,流失沉睡,从未下单,5754.31,0.0,0.201085,首单唤醒大额券：满100-50，7天有效
U000135,金牌会员,中,流失沉睡,仅1单,3093.34,1.0,0.200932,复购唤醒券：满300-80，14天有效
U004102,银牌会员,高,流失沉睡,仅1单,22325.77,1.0,0.200475,复购唤醒券：满300-80，14天有效
U002390,铜牌会员,中,流失沉睡,从未下单,4349.4,0.0,0.200469,首单唤醒大额券：满100-50，7天有效
U001683,普通会员,高,流失沉睡,仅1单,27868.21,1.0,0.200432,复购唤醒券：满300-80，14天有效
U001458,铜牌会员,高,流失沉睡,仅1单,37128.06,1.0,0.200347,复购唤醒券：满300-80，14天有效
U002081,普通会员,高,流失沉睡,仅1单,10573.45,1.0,0.200267,复购唤醒券：满300-80，14天有效
U002169,普通会员,低,流失沉睡,复购≥2次,2517.59,2.0,0.2002,复购唤醒券：满300-80，14天有效
U000985,普通会员,低,流失沉睡,从未下单,1508.17,0.0,0.200125,首单唤醒大额券：满100-50，7天有效
U000809,金牌会员,中,流失沉睡,从未下单,8471.18,0.0,0.200108,首单唤醒大额券：满100-50，7天有效
U004142,普通会员,中,流失沉睡,仅1单,9919.75,1.0,0.199995,复购唤醒券：满300-80，14天有效
U003291,银牌会员,高,流失沉睡,从未下单,32116.38,0.0,0.199782,首单唤醒大额券：满100-50，7天有效
U000950,金牌会员,高,流失沉睡,从未下单,10604.34,0.0,0.199457,首单唤醒大额券：满100-50，7天有效
U003603,银牌会员,中,流失沉睡,复购≥2次,5330.02,2.0,0.19945,复购唤醒券：满300-80，14天有效
U004474,金牌会员,中,流失沉睡,仅1单,5889.97,1.0,0.199308,复购唤醒券：满300-80，14天有效
U004202,普通会员,高,流失沉睡,仅1单,16456.13,1.0,0.199206,复购唤醒券：满300-80，14天有效
U001790,银牌会员,中,流失沉睡,仅1单,4741.07,1.0,0.199194,复购唤醒券：满300-80，14天有效
U003673,银牌会员,中,流失沉睡,从未下单,4605.21,0.0,0.199067,首单唤醒大额券：满100-50，7天有效
U002855,银牌会员,中,流失沉睡,从未下单,5441.45,0.0,0.19885,首单唤醒大额券：满100-50，7天有效
U004472,金牌会员,中,流失沉睡,复购≥2次,9668.8,2.0,0.198842,复购唤醒券：满300-80，14天有效
U000508,铜牌会员,中,流失沉睡,仅1单,4808.11,1.0,0.198797,复购唤醒券：满300-80，14天有效
U003094,铜牌会员,中,流失沉睡,仅1单,8590.24,1.0,0.19856,复购唤醒券：满300-80，14天有效
U003166,铜牌会员,高,流失沉睡,仅1单,12801.69,1.0,0.198357,复购唤醒券：满300-80，14天有效
U003912,铜牌会员,中,流失沉睡,仅1单,3374.59,1.0,0.198294,复购唤醒券：满300-80，14天有效
U001865,普通会员,高,流失沉睡,从未下单,12943.35,0.0,0.198136,首单唤醒大额券：满100-50，7天有效
U002953,普通会员,高,流失沉睡,仅1单,12630.58,1.0,0.19811,复购唤醒券：满300-80，14天有效
U003321,铜牌会员,中,流失沉睡,仅1单,3230.77,1.0,0.198028,复购唤醒券：满300-80，14天有效
U001618,钻石会员,高,流失沉睡,从未下单,15381.19,0.0,0.198003,首单唤醒大额券：满100-50，7天有效
U002101,金牌会员,高,流失沉睡,从未下单,22647.6,0.0,0.1975,首单唤醒大额券：满100-50，7天有效
U004348,金牌会员,高,流失沉睡,从未下单,15799.14,0.0,0.197489,首单唤醒大额券：满100-50，7天有效
U003443,铜牌会员,中,流失沉睡,仅1单,4823.36,1.0,0.197429,复购唤醒券：满300-80，14天有效
U001689,银牌会员,低,流失沉睡,仅1单,2654.89,1.0,0.197265,复购唤醒券：满300-80，14天有效
U002932,铜牌会员,高,流失沉睡,仅1单,22594.66,1.0,0.197193,复购唤醒券：满300-80，14天有效
U004365,银牌会员,中,流失沉睡,从未下单,4545.05,0.0,0.196841,首单唤醒大额券：满100-50，7天有效
U003265,铜牌会员,低,流失沉睡,从未下单,1220.32,0.0,0.19665,首单唤醒大额券：满100-50，7天有效
U003743,铜牌会员,低,流失沉睡,从未下单,886.75,0.0,0.196425,首单唤醒大额券：满100-50，7天有效
U000756,金牌会员,高,流失沉睡,仅1单,10550.51,1.0,0.196416,复购唤醒券：满300-80，14天有效
U004316,铜牌会员,高,流失沉睡,仅1单,25883.54,1.0,0.195851,复购唤醒券：满300-80，14天有效
U004797,银牌会员,低,流失沉睡,复购≥2次,2872.66,2.0,0.195647,复购唤醒券：满300-80，14天有效
U001316,钻石会员,中,流失沉睡,仅1单,3909.98,1.0,0.195595,复购唤醒券：满300-80，14天有效
U002930,银牌会员,中,流失沉睡,仅1单,5261.99,1.0,0.195588,复购唤醒券：满300-80，14天有效
U002870,银牌会员,中,流失沉睡,仅1单,6961.61,1.0,0.195581,复购唤醒券：满300-80，14天有效
U003525,金牌会员,低,流失沉睡,从未下单,2343.18,0.0,0.195442,首单唤醒大额券：满100-50，7天有效
U000028,普通会员,中,流失沉睡,仅1单,9786.61,1.0,0.195376,复购唤醒券：满300-80，14天有效
U002654,铜牌会员,低,流失沉睡,从未下单,756.73,0.0,0.195036,首单唤醒大额券：满100-50，7天有效
U000195,铜牌会员,高,流失沉睡,仅1单,63148.96,1.0,0.194896,复购唤醒券：满300-80，14天有效
U002482,铜牌会员,中,流失沉睡,仅1单,6155.25,1.0,0.194822,复购唤醒券：满300-80，14天有效
U002733,钻石会员,中,流失沉睡,仅1单,4891.02,1.0,0.194406,复购唤醒券：满300-80，14天有效
U002848,金牌会员,中,流失沉睡,仅1单,5994.37,1.0,0.194365,复购唤醒券：满300-80，14天有效
U001641,金牌会员,中,流失沉睡,从未下单,4283.58,0.0,0.193875,首单唤醒大额券：满100-50，7天有效
U004288,普通会员,低,流失沉睡,从未下单,2989.48,0.0,0.19364,首单唤醒大额券：满100-50，7天有效
U001107,铜牌会员,中,流失沉睡,从未下单,5816.79,0.0,0.193479,首单唤醒大额券：满100-50，7天有效
U001102,银牌会员,中,流失沉睡,从未下单,5307.89,0.0,0.193432,首单唤醒大额券：满100-50，7天有效
U002168,金牌会员,高,流失沉睡,仅1单,31711.74,1.0,0.193385,复购唤醒券：满300-80，14天有效
U002048,银牌会员,高,流失沉睡,从未下单,30270.71,0.0,0.193256,首单唤醒大额券：满100-50，7天有效
U002262,银牌会员,中,流失沉睡,仅1单,5792.33,1.0,0.19318,复购唤醒券：满300-80，14天有效
U000783,普通会员,中,流失沉睡,从未下单,4412.72,0.0,0.193172,首单唤醒大额券：满100-50，7天有效
U001850,普通会员,中,流失沉睡,仅1单,3263.22,1.0,0.193092,复购唤醒券：满300-80，14天有效
U002625,普通会员,高,流失沉睡,从未下单,11834.92,0.0,0.193069,首单唤醒大额券：满100-50，7天有效
U002003,银牌会员,中,流失沉睡,从未下单,5118.18,0.0,0.193064,首单唤醒大额券：满100-50，7天有效
U004306,普通会员,中,流失沉睡,仅1单,5675.56,1.0,0.193042,复购唤醒券：满300-80，14天有效
U002586,铜牌会员,高,流失沉睡,仅1单,23388.14,1.0,0.192865,复购唤醒券：满300-80，14天有效
U001609,铜牌会员,中,流失沉睡,从未下单,4569.83,0.0,0.192828,首单唤醒大额券：满100-50，7天有效
U004740,普通会员,高,流失沉睡,仅1单,13108.15,1.0,0.192763,复购唤醒券：满300-80，14天有效
U002971,铜牌会员,低,流失沉睡,复购≥2次,1851.49,2.0,0.192564,复购唤醒券：满300-80，14天有效
U001776,银牌会员,中,流失沉睡,仅1单,4102.82,1.0,0.192412,复购唤醒券：满300-80，14天有效
U001254,金牌会员,中,流失沉睡,从未下单,4842.32,0.0,0.192294,首单唤醒大额券：满100-50，7天有效
U002146,普通会员,高,流失沉睡,仅1单,11346.93,1.0,0.192035,复购唤醒券：满300-80，14天有效
U002814,银牌会员,低,流失沉睡,从未下单,2722.57,0.0,0.19202,首单唤醒大额券：满100-50，7天有效
U002504,金牌会员,低,流失沉睡,仅1单,2776.44,1.0,0.191882,复购唤醒券：满300-80，14天有效
U004257,金牌会员,高,流失沉睡,仅1单,22159.29,1.0,0.191877,复购唤醒券：满300-80，14天有效
U001620,金牌会员,高,流失沉睡,从未下单,15547.57,0.0,0.191871,首单唤醒大额券：满100-50，7天有效
U001528,铜牌会员,中,流失沉睡,从未下单,3142.05,0.0,0.191474,首单唤醒大额券：满100-50，7天有效
U004471,银牌会员,中,流失沉睡,从未下单,8005.65,0.0,0.19137,首单唤醒大额券：满100-50，7天有效
U004237,普通会员,中,流失沉睡,仅1单,3850.42,1.0,0.191368,复购唤醒券：满300-80，14天有效
U004232,普通会员,中,流失沉睡,复购≥2次,9897.33,2.0,0.191261,复购唤醒券：满300-80，14天有效
U004903,钻石会员,中,流失沉睡,从未下单,5760.41,0.0,0.191187,首单唤醒大额券：满100-50，7天有效
U002193,铜牌会员,低,流失沉睡,仅1单,2602.34,1.0,0.191109,复购唤醒券：满300-80，14天有效
U004896,银牌会员,中,流失沉睡,从未下单,3655.41,0.0,0.19108,首单唤醒大额券：满100-50，7天有效
U003577,银牌会员,低,流失沉睡,从未下单,1479.77,0.0,0.190945,首单唤醒大额券：满100-50，7天有效
U001857,金牌会员,高,流失沉睡,从未下单,15306.6,0.0,0.190916,首单唤醒大额券：满100-50，7天有效
U000071,银牌会员,中,流失沉睡,仅1单,5489.27,1.0,0.190746,复购唤醒券：满300-80，14天有效
U004154,金牌会员,中,流失沉睡,仅1单,7187.98,1.0,0.190699,复购唤醒券：满300-80，14天有效
U004095,铜牌会员,高,流失沉睡,仅1单,18006.14,1.0,0.1905,复购唤醒券：满300-80，14天有效
U001024,金牌会员,高,流失沉睡,仅1单,12106.0,1.0,0.190371,复购唤醒券：满300-80，14天有效
U002103,金牌会员,高,流失沉睡,仅1单,11985.56,1.0,0.190366,复购唤醒券：满300-80，14天有效
U002896,钻石会员,高,流失沉睡,从未下单,20328.76,0.0,0.190315,首单唤醒大额券：满100-50，7天有效
U001986,银牌会员,中,流失沉睡,从未下单,3752.15,0.0,0.190211,首单唤醒大额券：满100-50，7天有效
U002031,铜牌会员,高,流失沉睡,仅1单,11707.95,1.0,0.18998,复购唤醒券：满300-80，14天有效
U003066,铜牌会员,中,流失沉睡,从未下单,4072.17,0.0,0.189948,首单唤醒大额券：满100-50，7天有效
U001158,银牌会员,中,流失沉睡,从未下单,3510.93,0.0,0.189931,首单唤醒大额券：满100-50，7天有效
U000652,铜牌会员,高,流失沉睡,从未下单,19106.91,0.0,0.189872,首单唤醒大额券：满100-50，7天有效
U003520,金牌会员,高,流失沉睡,仅1单,13984.41,1.0,0.189825,复购唤醒券：满300-80，14天有效
U003242,铜牌会员,高,流失沉睡,仅1单,27449.08,1.0,0.18982,复购唤醒券：满300-80，14天有效
U001317,普通会员,中,流失沉睡,仅1单,6002.03,1.0,0.189543,复购唤醒券：满300-80，14天有效
U003042,铜牌会员,中,流失沉睡,仅1单,4451.86,1.0,0.189481,复购唤醒券：满300-80，14天有效
U001262,银牌会员,中,流失沉睡,仅1单,5376.3,1.0,0.189355,复购唤醒券：满300-80，14天有效
U004821,铜牌会员,高,流失沉睡,从未下单,10214.79,0.0,0.189124,首单唤醒大额券：满100-50，7天有效
U001811,普通会员,中,流失沉睡,仅1单,4433.4,1.0,0.188992,复购唤醒券：满300-80，14天有效
U001251,银牌会员,中,流失沉睡,仅1单,5876.74,1.0,0.188961,复购唤醒券：满300-80，14天有效
U004479,钻石会员,中,流失沉睡,从未下单,8029.51,0.0,0.188923,首单唤醒大额券：满100-50，7天有效
U000418,银牌会员,中,流失沉睡,仅1单,7119.2,1.0,0.188735,复购唤醒券：满300-80，14天有效
U000657,普通会员,中,流失沉睡,仅1单,5635.13,1.0,0.188698,复购唤醒券：满300-80，14天有效
U001394,铜牌会员,中,流失沉睡,仅1单,9432.71,1.0,0.188607,复购唤醒券：满300-80，14天有效
U004391,铜牌会员,中,流失沉睡,仅1单,4375.01,1.0,0.188551,复购唤醒券：满300-80，14天有效
U003391,普通会员,中,流失沉睡,从未下单,5572.09,0.0,0.188425,首单唤醒大额券：满100-50，7天有效
U001239,普通会员,低,流失沉睡,从未下单,1694.83,0.0,0.188406,首单唤醒大额券：满100-50，7天有效
U002278,金牌会员,中,流失沉睡,仅1单,7200.83,1.0,0.188144,复购唤醒券：满300-80，14天有效
U000457,金牌会员,低,流失沉睡,仅1单,1548.43,1.0,0.188086,复购唤醒券：满300-80，14天有效
U003703,铜牌会员,低,流失沉睡,从未下单,2128.97,0.0,0.188073,首单唤醒大额券：满100-50，7天有效
U000266,金牌会员,中,流失沉睡,从未下单,6725.25,0.0,0.188012,首单唤醒大额券：满100-50，7天有效
U000772,铜牌会员,低,流失沉睡,从未下单,1688.05,0.0,0.187963,首单唤醒大额券：满100-50，7天有效
U004307,金牌会员,低,流失沉睡,仅1单,2180.52,1.0,0.187725,复购唤醒券：满300-80，14天有效
U004730,银牌会员,低,流失沉睡,仅1单,1802.08,1.0,0.187675,复购唤醒券：满300-80，14天有效
U004160,普通会员,高,流失沉睡,仅1单,45460.54,1.0,0.187404,复购唤醒券：满300-80，14天有效
U000353,普通会员,中,流失沉睡,仅1单,7457.63,1.0,0.187307,复购唤醒券：满300-80，14天有效
U001206,铜牌会员,中,流失沉睡,从未下单,3422.31,0.0,0.187298,首单唤醒大额券：满100-50，7天有效
U002509,铜牌会员,中,流失沉睡,从未下单,6871.94,0.0,0.186904,首单唤醒大额券：满100-50，7天有效
U001489,银牌会员,中,流失沉睡,仅1单,5146.39,1.0,0.186769,复购唤醒券：满300-80，14天有效
U000298,银牌会员,高,流失沉睡,仅1单,28089.32,1.0,0.186435,复购唤醒券：满300-80，14天有效
U003552,银牌会员,中,流失沉睡,仅1单,3865.34,1.0,0.186353,复购唤醒券：满300-80，14天有效
U003212,铜牌会员,低,流失沉睡,仅1单,2649.28,1.0,0.186277,复购唤醒券：满300-80，14天有效
U004369,银牌会员,高,流失沉睡,仅1单,17908.59,1.0,0.185911,复购唤醒券：满300-80，14天有效
U002232,银牌会员,高,流失沉睡,从未下单,14837.99,0.0,0.185716,首单唤醒大额券：满100-50，7天有效
U000117,银牌会员,中,流失沉睡,从未下单,7242.52,0.0,0.185644,首单唤醒大额券：满100-50，7天有效
U004560,银牌会员,中,流失沉睡,仅1单,5894.09,1.0,0.185635,复购唤醒券：满300-80，14天有效
U003916,铜牌会员,中,流失沉睡,从未下单,3894.47,0.0,0.185544,首单唤醒大额券：满100-50，7天有效
U001426,铜牌会员,中,流失沉睡,从未下单,6341.2,0.0,0.185483,首单唤醒大额券：满100-50，7天有效
U001583,金牌会员,中,流失沉睡,仅1单,6299.41,1.0,0.18539,复购唤醒券：满300-80，14天有效
U002194,银牌会员,中,流失沉睡,仅1单,5337.93,1.0,0.185056,复购唤醒券：满300-80，14天有效
U000638,银牌会员,中,流失沉睡,仅1单,4441.17,1.0,0.185032,复购唤醒券：满300-80，14天有效
U000884,金牌会员,中,流失沉睡,仅1单,4602.23,1.0,0.18502,复购唤醒券：满300-80，14天有效
U004979,银牌会员,中,流失沉睡,复购≥2次,3948.65,2.0,0.184961,复购唤醒券：满300-80，14天有效
U004640,普通会员,中,流失沉睡,仅1单,7009.54,1.0,0.184693,复购唤醒券：满300-80，14天有效
U003296,铜牌会员,低,流失沉睡,仅1单,1697.43,1.0,0.184616,复购唤醒券：满300-80，14天有效
U002962,金牌会员,中,流失沉睡,仅1单,3978.44,1.0,0.184604,复购唤醒券：满300-80，14天有效
U000694,铜牌会员,低,流失沉睡,仅1单,2758.5,1.0,0.184522,复购唤醒券：满300-80，14天有效
U003178,铜牌会员,高,流失沉睡,仅1单,11799.0,1.0,0.184281,复购唤醒券：满300-80，14天有效
U004600,银牌会员,高,流失沉睡,从未下单,16888.58,0.0,0.18414,首单唤醒大额券：满100-50，7天有效
U003383,普通会员,中,流失沉睡,仅1单,4296.78,1.0,0.184004,复购唤醒券：满300-80，14天有效
U003349,铜牌会员,低,流失沉睡,从未下单,2321.18,0.0,0.183993,首单唤醒大额券：满100-50，7天有效
U001808,铜牌会员,低,流失沉睡,从未下单,1205.34,0.0,0.183978,首单唤醒大额券：满100-50，7天有效
U003416,普通会员,中,流失沉睡,从未下单,9254.31,0.0,0.183843,首单唤醒大额券：满100-50，7天有效
U000539,铜牌会员,中,流失沉睡,仅1单,4975.74,1.0,0.183811,复购唤醒券：满300-80，14天有效
U004162,铜牌会员,中,流失沉睡,仅1单,9571.46,1.0,0.183779,复购唤醒券：满300-80，14天有效
U000256,银牌会员,中,流失沉睡,从未下单,7165.89,0.0,0.183751,首单唤醒大额券：满100-50，7天有效
U000432,金牌会员,中,流失沉睡,从未下单,3514.87,0.0,0.183234,首单唤醒大额券：满100-50，7天有效
U004070,银牌会员,中,流失沉睡,复购≥2次,3050.55,2.0,0.183129,复购唤醒券：满300-80，14天有效
U000774,银牌会员,高,流失沉睡,从未下单,21203.76,0.0,0.18311,首单唤醒大额券：满100-50，7天有效
U002097,钻石会员,低,流失沉睡,从未下单,1058.87,0.0,0.182592,首单唤醒大额券：满100-50，7天有效
U004111,金牌会员,低,流失沉睡,仅1单,2342.87,1.0,0.182582,复购唤醒券：满300-80，14天有效
U000938,铜牌会员,高,流失沉睡,仅1单,10954.3,1.0,0.182492,复购唤醒券：满300-80，14天有效
U003821,铜牌会员,高,流失沉睡,仅1单,22989.24,1.0,0.181992,复购唤醒券：满300-80，14天有效
U002225,银牌会员,低,流失沉睡,从未下单,633.4,0.0,0.181757,首单唤醒大额券：满100-50，7天有效
U004951,金牌会员,中,流失沉睡,从未下单,4383.54,0.0,0.181711,首单唤醒大额券：满100-50，7天有效
U002241,铜牌会员,中,流失沉睡,仅1单,7288.55,1.0,0.181607,复购唤醒券：满300-80，14天有效
U001070,银牌会员,低,流失沉睡,仅1单,1648.6,1.0,0.181604,复购唤醒券：满300-80，14天有效
U002039,银牌会员,低,流失沉睡,从未下单,2874.4,0.0,0.181578,首单唤醒大额券：满100-50，7天有效
U004541,铜牌会员,中,流失沉睡,仅1单,5195.02,1.0,0.181569,复购唤醒券：满300-80，14天有效
U004645,金牌会员,高,流失沉睡,仅1单,12062.16,1.0,0.181315,复购唤醒券：满300-80，14天有效
U004773,银牌会员,高,流失沉睡,仅1单,18865.58,1.0,0.181272,复购唤醒券：满300-80，14天有效
U001121,普通会员,低,流失沉睡,从未下单,927.52,0.0,0.181268,首单唤醒大额券：满100-50，7天有效
U001065,金牌会员,低,流失沉睡,从未下单,1889.09,0.0,0.181251,首单唤醒大额券：满100-50，7天有效
U002037,金牌会员,中,流失沉睡,仅1单,4538.52,1.0,0.180939,复购唤醒券：满300-80，14天有效
U003890,铜牌会员,中,流失沉睡,从未下单,8048.57,0.0,0.180839,首单唤醒大额券：满100-50，7天有效
U002515,铜牌会员,高,流失沉睡,从未下单,33594.37,0.0,0.180834,首单唤醒大额券：满100-50，7天有效
U000148,银牌会员,高,流失沉睡,从未下单,28628.54,0.0,0.180814,首单唤醒大额券：满100-50，7天有效
U003121,铜牌会员,低,流失沉睡,从未下单,2318.48,0.0,0.180558,首单唤醒大额券：满100-50，7天有效
U002939,金牌会员,高,流失沉睡,仅1单,11406.9,1.0,0.180531,复购唤醒券：满300-80，14天有效
U003744,铜牌会员,中,流失沉睡,仅1单,3891.21,1.0,0.180378,复购唤醒券：满300-80，14天有效
U004296,金牌会员,中,流失沉睡,仅1单,4726.72,1.0,0.180257,复购唤醒券：满300-80，14天有效
U003230,铜牌会员,高,流失沉睡,从未下单,10494.78,0.0,0.180096,首单唤醒大额券：满100-50，7天有效
U003958,普通会员,高,流失沉睡,仅1单,16559.11,1.0,0.180052,复购唤醒券：满300-80，14天有效
U000385,普通会员,中,流失沉睡,仅1单,9671.63,1.0,0.179967,复购唤醒券：满300-80，14天有效
U004480,普通会员,高,流失沉睡,从未下单,11133.03,0.0,0.179953,首单唤醒大额券：满100-50，7天有效
U001203,普通会员,中,流失沉睡,仅1单,3360.51,1.0,0.179944,复购唤醒券：满300-80，14天有效
U003236,金牌会员,中,流失沉睡,仅1单,5173.65,1.0,0.17989,复购唤醒券：满300-80，14天有效
U003848,铜牌会员,中,流失沉睡,从未下单,9350.07,0.0,0.179872,首单唤醒大额券：满100-50，7天有效
U002446,银牌会员,高,流失沉睡,仅1单,10308.75,1.0,0.17985,复购唤醒券：满300-80，14天有效
U000621,普通会员,中,流失沉睡,仅1单,3869.68,1.0,0.179303,复购唤醒券：满300-80，14天有效
U002975,普通会员,高,流失沉睡,从未下单,18568.23,0.0,0.179278,首单唤醒大额券：满100-50，7天有效
U004366,铜牌会员,高,流失沉睡,从未下单,26213.99,0.0,0.178971,首单唤醒大额券：满100-50，7天有效
U001854,金牌会员,高,流失沉睡,仅1单,20414.15,1.0,0.178754,复购唤醒券：满300-80，14天有效
U003617,金牌会员,中,流失沉睡,仅1单,4471.78,1.0,0.178372,复购唤醒券：满300-80，14天有效
U002433,银牌会员,低,流失沉睡,从未下单,2078.48,0.0,0.178338,首单唤醒大额券：满100-50，7天有效
U000165,银牌会员,中,流失沉睡,从未下单,4351.5,0.0,0.178264,首单唤醒大额券：满100-50，7天有效
U001377,银牌会员,高,流失沉睡,仅1单,29758.26,1.0,0.178163,复购唤醒券：满300-80，14天有效
U000369,铜牌会员,高,流失沉睡,仅1单,14208.05,1.0,0.178139,复购唤醒券：满300-80，14天有效
U002408,铜牌会员,高,流失沉睡,仅1单,49497.22,1.0,0.177882,复购唤醒券：满300-80，14天有效
U004569,金牌会员,中,流失沉睡,仅1单,8096.86,1.0,0.177802,复购唤醒券：满300-80，14天有效
U004641,铜牌会员,低,流失沉睡,仅1单,2535.91,1.0,0.177642,复购唤醒券：满300-80，14天有效
U001988,银牌会员,中,流失沉睡,仅1单,3777.15,1.0,0.177635,复购唤醒券：满300-80，14天有效
U002518,铜牌会员,中,流失沉睡,仅1单,9271.83,1.0,0.177525,复购唤醒券：满300-80，14天有效
U003024,金牌会员,中,流失沉睡,从未下单,7437.25,0.0,0.177275,首单唤醒大额券：满100-50，7天有效
U002564,银牌会员,中,流失沉睡,仅1单,5228.59,1.0,0.177197,复购唤醒券：满300-80，14天有效
U004319,铜牌会员,高,流失沉睡,从未下单,15612.97,0.0,0.177148,首单唤醒大额券：满100-50，7天有效
U001545,普通会员,中,流失沉睡,仅1单,9589.69,1.0,0.177109,复购唤醒券：满300-80，14天有效
U003320,金牌会员,高,流失沉睡,仅1单,18012.34,1.0,0.176799,复购唤醒券：满300-80，14天有效
U001129,金牌会员,中,流失沉睡,仅1单,3905.14,1.0,0.176702,复购唤醒券：满300-80，14天有效
U003956,普通会员,中,流失沉睡,仅1单,3572.73,1.0,0.176657,复购唤醒券：满300-80，14天有效
U000785,普通会员,高,流失沉睡,仅1单,13426.14,1.0,0.176519,复购唤醒券：满300-80，14天有效
U003795,普通会员,中,流失沉睡,从未下单,6334.33,0.0,0.176355,首单唤醒大额券：满100-50，7天有效
U000605,铜牌会员,中,流失沉睡,仅1单,5260.79,1.0,0.176224,复购唤醒券：满300-80，14天有效
U000307,金牌会员,低,流失沉睡,仅1单,2041.63,1.0,0.176219,复购唤醒券：满300-80，14天有效
U004536,钻石会员,中,流失沉睡,仅1单,6955.47,1.0,0.176063,复购唤醒券：满300-80，14天有效
U004690,铜牌会员,中,流失沉睡,仅1单,9542.29,1.0,0.175978,复购唤醒券：满300-80，14天有效
U004216,钻石会员,低,流失沉睡,仅1单,2685.39,1.0,0.175965,复购唤醒券：满300-80，14天有效
U003483,普通会员,中,流失沉睡,从未下单,5104.25,0.0,0.175949,首单唤醒大额券：满100-50，7天有效
U004921,普通会员,高,流失沉睡,仅1单,10130.26,1.0,0.175922,复购唤醒券：满300-80，14天有效
U003625,普通会员,中,流失沉睡,仅1单,9210.97,1.0,0.17574,复购唤醒券：满300-80，14天有效
U003941,金牌会员,中,流失沉睡,仅1单,5129.55,1.0,0.175577,复购唤醒券：满300-80，14天有效
U000293,银牌会员,中,流失沉睡,从未下单,5267.7,0.0,0.175293,首单唤醒大额券：满100-50，7天有效
U002245,普通会员,中,流失沉睡,仅1单,6494.68,1.0,0.175052,复购唤醒券：满300-80，14天有效
U003516,银牌会员,中,流失沉睡,仅1单,4505.27,1.0,0.174896,复购唤醒券：满300-80，14天有效
U001082,铜牌会员,低,流失沉睡,仅1单,2531.96,1.0,0.17479,复购唤醒券：满300-80，14天有效
U001695,银牌会员,中,流失沉睡,仅1单,3394.2,1.0,0.174688,复购唤醒券：满300-80，14天有效
U001935,普通会员,高,流失沉睡,从未下单,16033.93,0.0,0.174158,首单唤醒大额券：满100-50，7天有效
U000039,金牌会员,中,流失沉睡,仅1单,3995.73,1.0,0.174092,复购唤醒券：满300-80，14天有效
U002830,铜牌会员,高,流失沉睡,仅1单,14972.71,1.0,0.173999,复购唤醒券：满300-80，14天有效
U002114,普通会员,中,流失沉睡,从未下单,7543.34,0.0,0.173859,首单唤醒大额券：满100-50，7天有效
U000829,钻石会员,高,流失沉睡,从未下单,20188.68,0.0,0.173635,首单唤醒大额券：满100-50，7天有效
U004692,普通会员,低,流失沉睡,仅1单,1282.71,1.0,0.173625,复购唤醒券：满300-80，14天有效
U002254,铜牌会员,中,流失沉睡,仅1单,7430.3,1.0,0.173579,复购唤醒券：满300-80，14天有效
U003264,银牌会员,中,流失沉睡,从未下单,5801.83,0.0,0.173505,首单唤醒大额券：满100-50，7天有效
U001965,铜牌会员,中,流失沉睡,从未下单,8632.48,0.0,0.173426,首单唤醒大额券：满100-50，7天有效
U002985,铜牌会员,低,流失沉睡,从未下单,1057.92,0.0,0.17338,首单唤醒大额券：满100-50，7天有效
U003875,铜牌会员,中,流失沉睡,仅1单,4065.75,1.0,0.173288,复购唤醒券：满300-80，14天有效
U003694,金牌会员,中,流失沉睡,仅1单,7252.86,1.0,0.173218,复购唤醒券：满300-80，14天有效
U003789,铜牌会员,低,流失沉睡,从未下单,2984.38,0.0,0.17319,首单唤醒大额券：满100-50，7天有效
U001369,普通会员,中,流失沉睡,仅1单,6182.33,1.0,0.173079,复购唤醒券：满300-80，14天有效
U001945,银牌会员,低,流失沉睡,仅1单,1207.72,1.0,0.173002,复购唤醒券：满300-80，14天有效
U003903,金牌会员,中,流失沉睡,仅1单,7022.43,1.0,0.172998,复购唤醒券：满300-80，14天有效
U003119,普通会员,高,流失沉睡,从未下单,20534.66,0.0,0.172962,首单唤醒大额券：满100-50，7天有效
U003635,普通会员,高,流失沉睡,仅1单,13931.81,1.0,0.17291,复购唤醒券：满300-80，14天有效
U001905,普通会员,中,流失沉睡,仅1单,8131.41,1.0,0.172869,复购唤醒券：满300-80，14天有效
U001016,金牌会员,中,流失沉睡,从未下单,4173.1,0.0,0.172858,首单唤醒大额券：满100-50，7天有效
U004823,铜牌会员,高,流失沉睡,从未下单,18913.18,0.0,0.17284,首单唤醒大额券：满100-50，7天有效
U002018,铜牌会员,中,流失沉睡,仅1单,4364.09,1.0,0.172837,复购唤醒券：满300-80，14天有效
U000514,铜牌会员,中,流失沉睡,仅1单,4784.76,1.0,0.172571,复购唤醒券：满300-80，14天有效
U002901,钻石会员,中,流失沉睡,仅1单,3367.74,1.0,0.172558,复购唤醒券：满300-80，14天有效
U002634,银牌会员,中,流失沉睡,仅1单,7629.57,1.0,0.172501,复购唤醒券：满300-80，14天有效
U001559,普通会员,中,流失沉睡,仅1单,3737.75,1.0,0.172386,复购唤醒券：满300-80，14天有效
U004996,铜牌会员,中,流失沉睡,仅1单,5076.43,1.0,0.172366,复购唤醒券：满300-80，14天有效
U002208,铜牌会员,高,流失沉睡,仅1单,13998.17,1.0,0.172357,复购唤醒券：满300-80，14天有效
U003753,银牌会员,低,流失沉睡,从未下单,1628.69,0.0,0.172203,首单唤醒大额券：满100-50，7天有效
U000740,银牌会员,低,流失沉睡,仅1单,1812.96,1.0,0.1722,复购唤醒券：满300-80，14天有效
U002036,金牌会员,低,流失沉睡,仅1单,2632.14,1.0,0.172027,复购唤醒券：满300-80，14天有效
U004440,铜牌会员,中,流失沉睡,仅1单,4125.57,1.0,0.171976,复购唤醒券：满300-80，14天有效
U002724,银牌会员,中,流失沉睡,仅1单,3314.88,1.0,0.171863,复购唤醒券：满300-80，14天有效
U004599,金牌会员,中,流失沉睡,从未下单,8009.4,0.0,0.171852,首单唤醒大额券：满100-50，7天有效
U002106,普通会员,中,流失沉睡,从未下单,4904.76,0.0,0.171832,首单唤醒大额券：满100-50，7天有效
U004358,银牌会员,高,流失沉睡,从未下单,10226.84,0.0,0.171747,首单唤醒大额券：满100-50，7天有效
U000024,金牌会员,中,流失沉睡,仅1单,5794.95,1.0,0.171623,复购唤醒券：满300-80，14天有效
U004737,普通会员,低,流失沉睡,仅1单,1808.43,1.0,0.171263,复购唤醒券：满300-80，14天有效
U004914,银牌会员,中,流失沉睡,从未下单,7139.02,0.0,0.171164,首单唤醒大额券：满100-50，7天有效
U003787,银牌会员,中,流失沉睡,复购≥2次,3145.3,2.0,0.171161,复购唤醒券：满300-80，14天有效
U002398,银牌会员,中,流失沉睡,仅1单,3103.04,1.0,0.170953,复购唤醒券：满300-80，14天有效
U000156,金牌会员,低,流失沉睡,仅1单,1356.97,1.0,0.170942,复购唤醒券：满300-80，14天有效
U001729,钻石会员,中,流失沉睡,仅1单,3216.49,1.0,0.170753,复购唤醒券：满300-80，14天有效
U004614,金牌会员,中,流失沉睡,仅1单,7618.6,1.0,0.170677,复购唤醒券：满300-80，14天有效
U000892,普通会员,中,流失沉睡,仅1单,9652.47,1.0,0.170663,复购唤醒券：满300-80，14天有效
U004552,铜牌会员,高,流失沉睡,仅1单,35234.54,1.0,0.17065,复购唤醒券：满300-80，14天有效
U000956,金牌会员,低,流失沉睡,仅1单,2130.3,1.0,0.170583,复购唤醒券：满300-80，14天有效
U001480,银牌会员,低,流失沉睡,仅1单,2364.35,1.0,0.170472,复购唤醒券：满300-80，14天有效
U000292,普通会员,中,流失沉睡,仅1单,4454.24,1.0,0.17031,复购唤醒券：满300-80，14天有效
U002989,金牌会员,中,流失沉睡,仅1单,6539.84,1.0,0.17024,复购唤醒券：满300-80，14天有效
U003840,铜牌会员,高,流失沉睡,仅1单,14294.29,1.0,0.170198,复购唤醒券：满300-80，14天有效
U003503,普通会员,中,流失沉睡,从未下单,9171.02,0.0,0.170172,首单唤醒大额券：满100-50，7天有效
U003967,普通会员,中,流失沉睡,仅1单,6768.95,1.0,0.170162,复购唤醒券：满300-80，14天有效
U000380,金牌会员,中,流失沉睡,从未下单,3554.19,0.0,0.169964,首单唤醒大额券：满100-50，7天有效
U001548,金牌会员,低,流失沉睡,仅1单,1995.29,1.0,0.169955,复购唤醒券：满300-80，14天有效
U003354,银牌会员,低,流失沉睡,从未下单,2547.84,0.0,0.16994,首单唤醒大额券：满100-50，7天有效
U001813,普通会员,中,流失沉睡,仅1单,4606.48,1.0,0.169452,复购唤醒券：满300-80，14天有效
U003437,银牌会员,中,流失沉睡,从未下单,6282.24,0.0,0.169337,首单唤醒大额券：满100-50，7天有效
U000707,银牌会员,中,流失沉睡,仅1单,3093.4,1.0,0.169245,复购唤醒券：满300-80，14天有效
U001439,金牌会员,高,流失沉睡,从未下单,13749.76,0.0,0.169208,首单唤醒大额券：满100-50，7天有效
U003430,普通会员,高,流失沉睡,仅1单,25010.17,1.0,0.169126,复购唤醒券：满300-80，14天有效
U003019,普通会员,中,流失沉睡,仅1单,5405.85,1.0,0.169103,复购唤醒券：满300-80，14天有效
U001001,普通会员,中,流失沉睡,仅1单,7452.56,1.0,0.168974,复购唤醒券：满300-80，14天有效
U004803,钻石会员,中,流失沉睡,从未下单,3449.04,0.0,0.168934,首单唤醒大额券：满100-50，7天有效
U001671,普通会员,中,流失沉睡,仅1单,7452.38,1.0,0.168932,复购唤醒券：满300-80，14天有效
U003222,钻石会员,低,流失沉睡,从未下单,2423.23,0.0,0.16882,首单唤醒大额券：满100-50，7天有效
U001006,金牌会员,中,流失沉睡,仅1单,3243.29,1.0,0.168687,复购唤醒券：满300-80，14天有效
U003473,金牌会员,高,流失沉睡,仅1单,12320.28,1.0,0.168611,复购唤醒券：满300-80，14天有效
U003579,铜牌会员,中,流失沉睡,从未下单,4628.19,0.0,0.168597,首单唤醒大额券：满100-50，7天有效
U003268,铜牌会员,高,流失沉睡,从未下单,18658.45,0.0,0.168524,首单唤醒大额券：满100-50，7天有效
U001095,铜牌会员,中,流失沉睡,仅1单,5435.84,1.0,0.168498,复购唤醒券：满300-80，14天有效
U002202,银牌会员,中,流失沉睡,仅1单,3254.83,1.0,0.168413,复购唤醒券：满300-80，14天有效
U000059,银牌会员,低,流失沉睡,仅1单,1260.35,1.0,0.16826,复购唤醒券：满300-80，14天有效
U004325,铜牌会员,中,流失沉睡,仅1单,3554.49,1.0,0.167945,复购唤醒券：满300-80，14天有效
U001630,铜牌会员,低,流失沉睡,从未下单,1545.18,0.0,0.167879,首单唤醒大额券：满100-50，7天有效
U003063,铜牌会员,中,流失沉睡,从未下单,5268.44,0.0,0.167848,首单唤醒大额券：满100-50，7天有效
U001263,普通会员,中,流失沉睡,仅1单,4066.24,1.0,0.1678,复购唤醒券：满300-80，14天有效
U003964,银牌会员,中,流失沉睡,从未下单,7140.29,0.0,0.167764,首单唤醒大额券：满100-50，7天有效
U000790,银牌会员,高,流失沉睡,仅1单,15286.19,1.0,0.167612,复购唤醒券：满300-80，14天有效
U000246,普通会员,低,流失沉睡,从未下单,1788.98,0.0,0.167122,首单唤醒大额券：满100-50，7天有效
U003624,银牌会员,中,流失沉睡,仅1单,7173.34,1.0,0.167077,复购唤醒券：满300-80，14天有效
U000765,银牌会员,中,流失沉睡,从未下单,4678.35,0.0,0.166858,首单唤醒大额券：满100-50，7天有效
U004173,普通会员,中,流失沉睡,仅1单,3596.79,1.0,0.16679,复购唤醒券：满300-80，14天有效
U001783,普通会员,高,流失沉睡,仅1单,12487.65,1.0,0.166682,复购唤醒券：满300-80，14天有效
U003306,金牌会员,中,流失沉睡,仅1单,8926.7,1.0,0.166634,复购唤醒券：满300-80，14天有效
U003921,铜牌会员,高,流失沉睡,仅1单,25405.72,1.0,0.166478,复购唤醒券：满300-80，14天有效
U001230,普通会员,中,流失沉睡,仅1单,4150.88,1.0,0.166402,复购唤醒券：满300-80，14天有效
U003991,铜牌会员,低,流失沉睡,仅1单,1775.25,1.0,0.166264,复购唤醒券：满300-80，14天有效
U004915,金牌会员,高,流失沉睡,仅1单,28975.79,1.0,0.166133,复购唤醒券：满300-80，14天有效
U000079,银牌会员,中,流失沉睡,复购≥2次,3948.2,2.0,0.166066,复购唤醒券：满300-80，14天有效
U004997,金牌会员,低,流失沉睡,仅1单,2446.91,1.0,0.166013,复购唤醒券：满300-80，14天有效
U004816,钻石会员,高,流失沉睡,从未下单,13993.36,0.0,0.16577,首单唤醒大额券：满100-50，7天有效
U000435,普通会员,中,流失沉睡,从未下单,7592.58,0.0,0.165681,首单唤醒大额券：满100-50，7天有效
U001852,普通会员,中,流失沉睡,复购≥2次,5676.63,2.0,0.165596,复购唤醒券：满300-80，14天有效
U001711,普通会员,高,流失沉睡,仅1单,19523.66,1.0,0.16556,复购唤醒券：满300-80，14天有效
U002823,普通会员,中,流失沉睡,仅1单,3355.9,1.0,0.165484,复购唤醒券：满300-80，14天有效
U000253,金牌会员,中,流失沉睡,仅1单,4745.71,1.0,0.165241,复购唤醒券：满300-80，14天有效
U001341,铜牌会员,中,流失沉睡,从未下单,5963.88,0.0,0.165067,首单唤醒大额券：满100-50，7天有效
U003923,银牌会员,低,流失沉睡,从未下单,2251.64,0.0,0.164986,首单唤醒大额券：满100-50，7天有效
U002947,普通会员,高,流失沉睡,仅1单,10480.06,1.0,0.164797,复购唤醒券：满300-80，14天有效
U000204,金牌会员,高,流失沉睡,仅1单,23248.25,1.0,0.164628,复购唤醒券：满300-80，14天有效
U003630,银牌会员,低,流失沉睡,从未下单,2898.96,0.0,0.164519,首单唤醒大额券：满100-50，7天有效
U004524,金牌会员,高,流失沉睡,仅1单,12149.16,1.0,0.164317,复购唤醒券：满300-80，14天有效
U001276,普通会员,低,流失沉睡,从未下单,2647.43,0.0,0.1643,首单唤醒大额券：满100-50，7天有效
U003154,铜牌会员,高,流失沉睡,仅1单,28822.97,1.0,0.164075,复购唤醒券：满300-80，14天有效
U003559,铜牌会员,低,流失沉睡,仅1单,1867.21,1.0,0.16403,复购唤醒券：满300-80，14天有效
U001162,金牌会员,中,流失沉睡,从未下单,7368.72,0.0,0.163979,首单唤醒大额券：满100-50，7天有效
U004097,银牌会员,中,流失沉睡,仅1单,3602.77,1.0,0.163896,复购唤醒券：满300-80，14天有效
U003079,铜牌会员,中,流失沉睡,仅1单,4156.85,1.0,0.163706,复购唤醒券：满300-80，14天有效
U002395,普通会员,中,流失沉睡,仅1单,5565.97,1.0,0.163657,复购唤醒券：满300-80，14天有效
U000651,铜牌会员,高,流失沉睡,仅1单,11740.95,1.0,0.163618,复购唤醒券：满300-80，14天有效
U002024,银牌会员,低,流失沉睡,仅1单,1890.48,1.0,0.163509,复购唤醒券：满300-80，14天有效
U004234,金牌会员,中,流失沉睡,仅1单,4714.4,1.0,0.163399,复购唤醒券：满300-80，14天有效
U003246,金牌会员,高,流失沉睡,仅1单,17228.55,1.0,0.163324,复购唤醒券：满300-80，14天有效
U000867,铜牌会员,低,流失沉睡,仅1单,2214.17,1.0,0.163158,复购唤醒券：满300-80，14天有效
U001433,普通会员,低,流失沉睡,仅1单,2220.11,1.0,0.163155,复购唤醒券：满300-80，14天有效
U004094,银牌会员,高,流失沉睡,从未下单,10393.81,0.0,0.163133,首单唤醒大额券：满100-50，7天有效
U002559,银牌会员,低,流失沉睡,仅1单,2094.2,1.0,0.163066,复购唤醒券：满300-80，14天有效
U003859,普通会员,中,流失沉睡,仅1单,4706.42,1.0,0.163034,复购唤醒券：满300-80，14天有效
U002448,铜牌会员,低,流失沉睡,复购≥2次,1479.48,2.0,0.162946,复购唤醒券：满300-80，14天有效
U003190,钻石会员,高,流失沉睡,仅1单,32166.03,1.0,0.162793,复购唤醒券：满300-80，14天有效
U001031,金牌会员,高,流失沉睡,仅1单,15573.8,1.0,0.162596,复购唤醒券：满300-80，14天有效
U004526,金牌会员,高,流失沉睡,仅1单,13623.96,1.0,0.162552,复购唤醒券：满300-80，14天有效
U004589,金牌会员,中,流失沉睡,从未下单,5670.26,0.0,0.162542,首单唤醒大额券：满100-50，7天有效
U003988,铜牌会员,中,流失沉睡,仅1单,5264.32,1.0,0.162448,复购唤醒券：满300-80，14天有效
U003486,金牌会员,中,流失沉睡,仅1单,3386.8,1.0,0.162294,复购唤醒券：满300-80，14天有效
U002593,金牌会员,中,流失沉睡,从未下单,7815.79,0.0,0.162051,首单唤醒大额券：满100-50，7天有效
U004081,普通会员,低,流失沉睡,仅1单,1490.29,1.0,0.162036,复购唤醒券：满300-80，14天有效
U004609,银牌会员,中,流失沉睡,仅1单,7268.59,1.0,0.161918,复购唤醒券：满300-80，14天有效
U002117,银牌会员,中,流失沉睡,仅1单,4577.13,1.0,0.161917,复购唤醒券：满300-80，14天有效
U000378,钻石会员,中,流失沉睡,仅1单,4381.61,1.0,0.161766,复购唤醒券：满300-80，14天有效
U002787,普通会员,高,流失沉睡,从未下单,30782.78,0.0,0.161759,首单唤醒大额券：满100-50，7天有效
U002560,银牌会员,高,流失沉睡,仅1单,19075.28,1.0,0.161749,复购唤醒券：满300-80，14天有效
U000370,钻石会员,低,流失沉睡,从未下单,2875.9,0.0,0.161727,首单唤醒大额券：满100-50，7天有效
U000673,铜牌会员,低,流失沉睡,从未下单,779.63,0.0,0.161692,首单唤醒大额券：满100-50，7天有效
U003292,普通会员,中,流失沉睡,仅1单,3695.79,1.0,0.161686,复购唤醒券：满300-80，14天有效
U004587,银牌会员,低,流失沉睡,仅1单,1794.73,1.0,0.161652,复购唤醒券：满300-80，14天有效
U004477,铜牌会员,中,流失沉睡,从未下单,3660.65,0.0,0.161528,首单唤醒大额券：满100-50，7天有效
U002314,银牌会员,中,流失沉睡,从未下单,3129.94,0.0,0.161466,首单唤醒大额券：满100-50，7天有效
U003102,普通会员,低,流失沉睡,仅1单,1786.76,1.0,0.161311,复购唤醒券：满300-80，14天有效
U003865,普通会员,高,流失沉睡,从未下单,13955.62,0.0,0.161113,首单唤醒大额券：满100-50，7天有效
U003942,普通会员,中,流失沉睡,从未下单,8753.08,0.0,0.160796,首单唤醒大额券：满100-50，7天有效
U004919,铜牌会员,中,流失沉睡,仅1单,3917.83,1.0,0.160769,复购唤醒券：满300-80，14天有效
U002271,金牌会员,中,流失沉睡,仅1单,6315.93,1.0,0.160741,复购唤醒券：满300-80，14天有效
U003045,铜牌会员,中,流失沉睡,仅1单,5809.47,1.0,0.160699,复购唤醒券：满300-80，14天有效
U002050,铜牌会员,中,流失沉睡,仅1单,6916.75,1.0,0.160491,复购唤醒券：满300-80，14天有效
U003769,普通会员,低,流失沉睡,仅1单,2685.19,1.0,0.160049,复购唤醒券：满300-80，14天有效
U000877,铜牌会员,高,流失沉睡,从未下单,11433.99,0.0,0.159969,首单唤醒大额券：满100-50，7天有效
U000610,铜牌会员,中,流失沉睡,仅1单,3978.38,1.0,0.159618,复购唤醒券：满300-80，14天有效
U003683,普通会员,中,流失沉睡,从未下单,4733.2,0.0,0.159615,首单唤醒大额券：满100-50，7天有效
U004820,普通会员,低,流失沉睡,仅1单,1604.61,1.0,0.159377,复购唤醒券：满300-80，14天有效
U000666,银牌会员,低,流失沉睡,仅1单,2379.11,1.0,0.15906,复购唤醒券：满300-80，14天有效
U000413,普通会员,低,流失沉睡,从未下单,2162.42,0.0,0.159004,首单唤醒大额券：满100-50，7天有效
U003953,铜牌会员,高,流失沉睡,从未下单,16019.84,0.0,0.158994,首单唤醒大额券：满100-50，7天有效
U004913,银牌会员,高,流失沉睡,从未下单,25241.88,0.0,0.158951,首单唤醒大额券：满100-50，7天有效
U004764,普通会员,高,流失沉睡,从未下单,12973.82,0.0,0.158812,首单唤醒大额券：满100-50，7天有效
U001775,铜牌会员,低,流失沉睡,仅1单,2249.79,1.0,0.158562,复购唤醒券：满300-80，14天有效
U000454,金牌会员,低,流失沉睡,从未下单,2442.77,0.0,0.158548,首单唤醒大额券：满100-50，7天有效
U002533,铜牌会员,中,流失沉睡,从未下单,3301.63,0.0,0.158275,首单唤醒大额券：满100-50，7天有效
U000375,普通会员,中,流失沉睡,仅1单,7030.61,1.0,0.158264,复购唤醒券：满300-80，14天有效
U000828,银牌会员,高,流失沉睡,从未下单,22667.36,0.0,0.158208,首单唤醒大额券：满100-50，7天有效
U002334,银牌会员,中,流失沉睡,仅1单,5612.63,1.0,0.158123,复购唤醒券：满300-80，14天有效
U000243,铜牌会员,高,流失沉睡,从未下单,29013.75,0.0,0.158104,首单唤醒大额券：满100-50，7天有效
U000904,铜牌会员,低,流失沉睡,仅1单,2576.15,1.0,0.158084,复购唤醒券：满300-80，14天有效
U003575,金牌会员,低,流失沉睡,从未下单,2077.27,0.0,0.158034,首单唤醒大额券：满100-50，7天有效
U002580,普通会员,中,流失沉睡,仅1单,3141.33,1.0,0.157956,复购唤醒券：满300-80，14天有效
U002673,普通会员,中,流失沉睡,仅1单,4120.24,1.0,0.157955,复购唤醒券：满300-80，14天有效
U002292,普通会员,低,流失沉睡,仅1单,2270.87,1.0,0.157751,复购唤醒券：满300-80，14天有效
U004292,银牌会员,中,流失沉睡,从未下单,6151.77,0.0,0.157639,首单唤醒大额券：满100-50，7天有效
U003274,铜牌会员,中,流失沉睡,仅1单,3659.79,1.0,0.157594,复购唤醒券：满300-80，14天有效
U000144,普通会员,中,流失沉睡,仅1单,4355.27,1.0,0.157549,复购唤醒券：满300-80，14天有效
U004245,银牌会员,中,流失沉睡,仅1单,6381.88,1.0,0.157405,复购唤醒券：满300-80，14天有效
U001132,铜牌会员,低,流失沉睡,从未下单,1824.14,0.0,0.157381,首单唤醒大额券：满100-50，7天有效
U000581,普通会员,中,流失沉睡,仅1单,4906.63,1.0,0.157316,复购唤醒券：满300-80，14天有效
U003384,铜牌会员,低,流失沉睡,复购≥2次,1320.99,2.0,0.157213,复购唤醒券：满300-80，14天有效
U003598,普通会员,高,流失沉睡,从未下单,12014.52,0.0,0.157033,首单唤醒大额券：满100-50，7天有效
U003519,铜牌会员,高,流失沉睡,仅1单,11905.39,1.0,0.156964,复购唤醒券：满300-80，14天有效
U002705,金牌会员,低,流失沉睡,仅1单,1522.14,1.0,0.156958,复购唤醒券：满300-80，14天有效
U002996,普通会员,高,流失沉睡,仅1单,14766.23,1.0,0.156715,复购唤醒券：满300-80，14天有效
U004309,普通会员,中,流失沉睡,仅1单,3329.25,1.0,0.156704,复购唤醒券：满300-80，14天有效
U004066,银牌会员,中,流失沉睡,仅1单,4207.31,1.0,0.156526,复购唤醒券：满300-80，14天有效
U000743,银牌会员,低,流失沉睡,仅1单,2289.92,1.0,0.156239,复购唤醒券：满300-80，14天有效
U000900,银牌会员,低,流失沉睡,复购≥2次,1841.88,2.0,0.156106,复购唤醒券：满300-80，14天有效
U001387,银牌会员,中,流失沉睡,从未下单,6452.96,0.0,0.155891,首单唤醒大额券：满100-50，7天有效
U001041,铜牌会员,中,流失沉睡,从未下单,9790.06,0.0,0.155857,首单唤醒大额券：满100-50，7天有效
U002803,钻石会员,中,流失沉睡,仅1单,4471.83,1.0,0.155416,复购唤醒券：满300-80，14天有效
U003455,普通会员,低,流失沉睡,从未下单,2932.2,0.0,0.1554,首单唤醒大额券：满100-50，7天有效
U002032,铜牌会员,低,流失沉睡,仅1单,1875.03,1.0,0.155274,复购唤醒券：满300-80，14天有效
U000858,普通会员,中,流失沉睡,仅1单,3905.92,1.0,0.155013,复购唤醒券：满300-80，14天有效
U000786,普通会员,中,流失沉睡,仅1单,5667.84,1.0,0.154943,复购唤醒券：满300-80，14天有效
U003392,银牌会员,中,流失沉睡,从未下单,7325.23,0.0,0.154597,首单唤醒大额券：满100-50，7天有效
U004949,金牌会员,中,流失沉睡,从未下单,4659.81,0.0,0.154447,首单唤醒大额券：满100-50，7天有效
U003266,金牌会员,高,流失沉睡,从未下单,22943.84,0.0,0.154441,首单唤醒大额券：满100-50，7天有效
U000854,银牌会员,低,流失沉睡,仅1单,2317.49,1.0,0.15436,复购唤醒券：满300-80，14天有效
U000060,银牌会员,高,流失沉睡,仅1单,21613.69,1.0,0.154324,复购唤醒券：满300-80，14天有效
U004653,银牌会员,低,流失沉睡,仅1单,1853.23,1.0,0.154229,复购唤醒券：满300-80，14天有效
U003459,金牌会员,低,流失沉睡,仅1单,1583.48,1.0,0.154084,复购唤醒券：满300-80，14天有效
U000276,银牌会员,中,流失沉睡,从未下单,8095.04,0.0,0.153769,首单唤醒大额券：满100-50，7天有效
U001737,铜牌会员,低,流失沉睡,仅1单,1903.7,1.0,0.153667,复购唤醒券：满300-80，14天有效
U001078,银牌会员,高,流失沉睡,从未下单,29760.25,0.0,0.153497,首单唤醒大额券：满100-50，7天有效
U003386,银牌会员,低,流失沉睡,仅1单,2469.01,1.0,0.153399,复购唤醒券：满300-80，14天有效
U004990,银牌会员,高,流失沉睡,仅1单,14357.16,1.0,0.153381,复购唤醒券：满300-80，14天有效
U004381,银牌会员,低,流失沉睡,仅1单,1355.32,1.0,0.153312,复购唤醒券：满300-80，14天有效
U002085,金牌会员,低,流失沉睡,从未下单,1311.03,0.0,0.153208,首单唤醒大额券：满100-50，7天有效
U002317,普通会员,中,流失沉睡,仅1单,5193.5,1.0,0.153178,复购唤醒券：满300-80，14天有效
U001960,铜牌会员,中,流失沉睡,仅1单,3888.3,1.0,0.153125,复购唤醒券：满300-80，14天有效
U002365,普通会员,中,流失沉睡,仅1单,4198.78,1.0,0.152991,复购唤醒券：满300-80，14天有效
U001413,普通会员,中,流失沉睡,仅1单,3480.08,1.0,0.152897,复购唤醒券：满300-80，14天有效
U001669,普通会员,高,流失沉睡,仅1单,10307.31,1.0,0.152864,复购唤醒券：满300-80，14天有效
U004119,普通会员,低,流失沉睡,复购≥2次,915.24,2.0,0.152729,复购唤醒券：满300-80，14天有效
U003309,银牌会员,低,流失沉睡,复购≥2次,1548.8,3.0,0.152683,复购唤醒券：满300-80，14天有效
U002923,铜牌会员,中,流失沉睡,仅1单,3612.9,1.0,0.152525,复购唤醒券：满300-80，14天有效
U002436,普通会员,中,流失沉睡,仅1单,3234.65,1.0,0.152421,复购唤醒券：满300-80，14天有效
U003340,普通会员,中,流失沉睡,仅1单,3962.27,1.0,0.152279,复购唤醒券：满300-80，14天有效
U004326,铜牌会员,低,流失沉睡,仅1单,2546.72,1.0,0.152171,复购唤醒券：满300-80，14天有效
U000608,铜牌会员,中,流失沉睡,复购≥2次,3229.21,2.0,0.151974,复购唤醒券：满300-80，14天有效
U003555,普通会员,低,流失沉睡,仅1单,1117.24,1.0,0.151864,复购唤醒券：满300-80，14天有效
U002326,银牌会员,高,流失沉睡,仅1单,11434.72,1.0,0.151835,复购唤醒券：满300-80，14天有效
U000710,银牌会员,低,流失沉睡,仅1单,1371.77,1.0,0.151501,复购唤醒券：满300-80，14天有效
U001340,银牌会员,低,流失沉睡,仅1单,2246.89,1.0,0.151456,复购唤醒券：满300-80，14天有效
U002554,铜牌会员,低,流失沉睡,仅1单,2356.44,1.0,0.151354,复购唤醒券：满300-80，14天有效
U003396,普通会员,中,流失沉睡,从未下单,3944.68,0.0,0.151272,首单唤醒大额券：满100-50，7天有效
U002469,钻石会员,中,流失沉睡,从未下单,4049.6,0.0,0.151261,首单唤醒大额券：满100-50，7天有效
U000166,普通会员,中,流失沉睡,仅1单,6210.6,1.0,0.151201,复购唤醒券：满300-80，14天有效
U003586,普通会员,中,流失沉睡,复购≥2次,4635.84,2.0,0.1512,复购唤醒券：满300-80，14天有效
U003186,金牌会员,高,流失沉睡,仅1单,10901.53,1.0,0.151181,复购唤醒券：满300-80，14天有效
U001040,银牌会员,高,流失沉睡,仅1单,21227.17,1.0,0.151105,复购唤醒券：满300-80，14天有效
U001972,银牌会员,低,流失沉睡,仅1单,2470.2,1.0,0.151079,复购唤醒券：满300-80，14天有效
U000716,钻石会员,高,流失沉睡,仅1单,10665.45,1.0,0.150841,复购唤醒券：满300-80，14天有效
U000275,铜牌会员,低,流失沉睡,从未下单,2123.1,0.0,0.150821,首单唤醒大额券：满100-50，7天有效
U003366,铜牌会员,中,流失沉睡,仅1单,4663.45,1.0,0.150761,复购唤醒券：满300-80，14天有效
U002571,金牌会员,中,流失沉睡,仅1单,4336.59,1.0,0.150742,复购唤醒券：满300-80，14天有效
U004172,铜牌会员,低,流失沉睡,复购≥2次,2612.19,2.0,0.150707,复购唤醒券：满300-80，14天有效
U003277,金牌会员,高,流失沉睡,仅1单,18549.93,1.0,0.150599,复购唤醒券：满300-80，14天有效
U003560,银牌会员,中,流失沉睡,从未下单,5533.48,0.0,0.150338,首单唤醒大额券：满100-50，7天有效
U001589,银牌会员,中,流失沉睡,仅1单,8066.14,1.0,0.150308,复购唤醒券：满300-80，14天有效
U001183,铜牌会员,中,流失沉睡,从未下单,6168.95,0.0,0.150266,首单唤醒大额券：满100-50，7天有效
U003496,铜牌会员,中,流失沉睡,从未下单,3605.78,0.0,0.150253,首单唤醒大额券：满100-50，7天有效
U000196,金牌会员,中,流失沉睡,从未下单,7535.89,0.0,0.150175,首单唤醒大额券：满100-50，7天有效
U003097,银牌会员,低,流失沉睡,从未下单,1331.05,0.0,0.150075,首单唤醒大额券：满100-50，7天有效
U004330,铜牌会员,中,流失沉睡,仅1单,3801.9,1.0,0.150016,复购唤醒券：满300-80，14天有效
U003223,银牌会员,高,流失沉睡,从未下单,26257.02,0.0,0.149667,首单唤醒大额券：满100-50，7天有效
U004982,普通会员,中,流失沉睡,仅1单,3338.55,1.0,0.14962,复购唤醒券：满300-80，14天有效
U003231,金牌会员,低,流失沉睡,复购≥2次,1136.67,2.0,0.149106,复购唤醒券：满300-80，14天有效
U002920,铜牌会员,中,流失沉睡,仅1单,3784.44,1.0,0.149078,复购唤醒券：满300-80，14天有效
U004648,银牌会员,中,流失沉睡,仅1单,8071.25,1.0,0.148939,复购唤醒券：满300-80，14天有效
U000471,银牌会员,高,流失沉睡,从未下单,29025.28,0.0,0.148891,首单唤醒大额券：满100-50，7天有效
U004891,银牌会员,中,流失沉睡,从未下单,5040.32,0.0,0.148798,首单唤醒大额券：满100-50，7天有效
U000357,铜牌会员,低,流失沉睡,仅1单,1830.79,1.0,0.148724,复购唤醒券：满300-80，14天有效
U000989,铜牌会员,高,流失沉睡,仅1单,37688.0,1.0,0.148679,复购唤醒券：满300-80，14天有效
U003415,银牌会员,中,流失沉睡,仅1单,4142.26,1.0,0.14856,复购唤醒券：满300-80，14天有效
U000170,银牌会员,高,流失沉睡,仅1单,10641.35,1.0,0.148506,复购唤醒券：满300-80，14天有效
U000469,普通会员,高,流失沉睡,仅1单,17208.96,1.0,0.148484,复购唤醒券：满300-80，14天有效
U002384,银牌会员,中,流失沉睡,仅1单,7136.46,1.0,0.147976,复购唤醒券：满300-80，14天有效
U004166,银牌会员,中,流失沉睡,从未下单,3390.22,0.0,0.147887,首单唤醒大额券：满100-50，7天有效
U001751,金牌会员,低,流失沉睡,仅1单,2124.91,1.0,0.147886,复购唤醒券：满300-80，14天有效
U000717,金牌会员,低,流失沉睡,仅1单,1411.36,1.0,0.147743,复购唤醒券：满300-80，14天有效
U002363,普通会员,高,流失沉睡,仅1单,25137.44,1.0,0.147741,复购唤醒券：满300-80，14天有效
U003891,银牌会员,中,流失沉睡,仅1单,3686.5,1.0,0.147702,复购唤醒券：满300-80，14天有效
U000889,银牌会员,中,流失沉睡,从未下单,5605.34,0.0,0.147419,首单唤醒大额券：满100-50，7天有效
U000014,银牌会员,低,流失沉睡,仅1单,2936.25,1.0,0.147367,复购唤醒券：满300-80，14天有效
U002172,金牌会员,低,流失沉睡,仅1单,1984.76,1.0,0.147242,复购唤醒券：满300-80，14天有效
U000444,金牌会员,低,流失沉睡,仅1单,1655.9,1.0,0.147232,复购唤醒券：满300-80，14天有效
U000249,普通会员,高,流失沉睡,仅1单,13112.73,1.0,0.147056,复购唤醒券：满300-80，14天有效
U004547,铜牌会员,低,流失沉睡,仅1单,2534.76,1.0,0.146944,复购唤醒券：满300-80，14天有效
U003312,金牌会员,低,流失沉睡,仅1单,848.02,1.0,0.146791,复购唤醒券：满300-80，14天有效
U000474,银牌会员,高,流失沉睡,从未下单,30352.45,0.0,0.146735,首单唤醒大额券：满100-50，7天有效
U000336,普通会员,低,流失沉睡,仅1单,2028.26,1.0,0.146718,复购唤醒券：满300-80，14天有效
U002918,钻石会员,中,流失沉睡,仅1单,3451.87,1.0,0.146587,复购唤醒券：满300-80，14天有效
U001877,银牌会员,低,流失沉睡,仅1单,717.67,1.0,0.146501,复购唤醒券：满300-80，14天有效
U001002,铜牌会员,中,流失沉睡,仅1单,4291.62,1.0,0.146444,复购唤醒券：满300-80，14天有效
U001929,铜牌会员,中,流失沉睡,从未下单,5292.02,0.0,0.146418,首单唤醒大额券：满100-50，7天有效
U002740,铜牌会员,低,流失沉睡,仅1单,1328.27,1.0,0.146327,复购唤醒券：满300-80，14天有效
U003699,铜牌会员,低,流失沉睡,复购≥2次,1016.14,2.0,0.146315,复购唤醒券：满300-80，14天有效
U001703,铜牌会员,高,流失沉睡,从未下单,36397.47,0.0,0.146215,首单唤醒大额券：满100-50，7天有效
U002349,银牌会员,低,流失沉睡,复购≥2次,1483.67,2.0,0.146207,复购唤醒券：满300-80，14天有效
U001571,铜牌会员,低,流失沉睡,从未下单,1275.06,0.0,0.14612,首单唤醒大额券：满100-50，7天有效
U003901,铜牌会员,高,流失沉睡,从未下单,24500.44,0.0,0.146073,首单唤醒大额券：满100-50，7天有效
U001544,普通会员,中,流失沉睡,仅1单,8312.36,1.0,0.145849,复购唤醒券：满300-80，14天有效
U002525,银牌会员,低,流失沉睡,从未下单,1621.2,0.0,0.145799,首单唤醒大额券：满100-50，7天有效
U001320,银牌会员,中,流失沉睡,仅1单,3637.53,1.0,0.145795,复购唤醒券：满300-80，14天有效
U003480,银牌会员,中,流失沉睡,从未下单,3020.86,0.0,0.145621,首单唤醒大额券：满100-50，7天有效
U004847,普通会员,低,流失沉睡,仅1单,755.74,1.0,0.145585,复购唤醒券：满300-80，14天有效
U002796,铜牌会员,中,流失沉睡,仅1单,3642.93,1.0,0.145546,复购唤醒券：满300-80，14天有效
U003280,银牌会员,高,流失沉睡,从未下单,20402.89,0.0,0.145482,首单唤醒大额券：满100-50，7天有效
U001860,钻石会员,低,流失沉睡,仅1单,2654.76,1.0,0.145139,复购唤醒券：满300-80，14天有效
U004591,铜牌会员,低,流失沉睡,仅1单,2395.67,1.0,0.145134,复购唤醒券：满300-80，14天有效
U003457,铜牌会员,中,流失沉睡,仅1单,4843.57,1.0,0.144823,复购唤醒券：满300-80，14天有效
U000086,普通会员,低,流失沉睡,从未下单,2971.58,0.0,0.144725,首单唤醒大额券：满100-50，7天有效
U001417,普通会员,高,流失沉睡,从未下单,10063.18,0.0,0.144709,首单唤醒大额券：满100-50，7天有效
U004036,铜牌会员,中,流失沉睡,仅1单,8685.17,1.0,0.144605,复购唤醒券：满300-80，14天有效
U000254,铜牌会员,中,流失沉睡,仅1单,9562.96,1.0,0.144401,复购唤醒券：满300-80，14天有效
U003197,普通会员,低,流失沉睡,仅1单,1797.82,1.0,0.144183,复购唤醒券：满300-80，14天有效
U003199,普通会员,高,流失沉睡,仅1单,26265.21,1.0,0.144121,复购唤醒券：满300-80，14天有效
U002459,铜牌会员,高,流失沉睡,从未下单,29469.11,0.0,0.144039,首单唤醒大额券：满100-50，7天有效
U002449,金牌会员,低,流失沉睡,仅1单,2131.93,1.0,0.143714,复购唤醒券：满300-80，14天有效
U000265,钻石会员,高,流失沉睡,仅1单,23043.78,1.0,0.143414,复购唤醒券：满300-80，14天有效
U002153,金牌会员,低,流失沉睡,复购≥2次,823.65,2.0,0.143364,复购唤醒券：满300-80，14天有效
U004987,普通会员,高,流失沉睡,从未下单,20950.25,0.0,0.143314,首单唤醒大额券：满100-50，7天有效
U002419,钻石会员,中,流失沉睡,仅1单,3986.23,1.0,0.143235,复购唤醒券：满300-80，14天有效
U002978,银牌会员,低,流失沉睡,从未下单,1120.67,0.0,0.143179,首单唤醒大额券：满100-50，7天有效
U001116,铜牌会员,中,流失沉睡,复购≥2次,3557.56,2.0,0.143045,复购唤醒券：满300-80，14天有效
U000546,普通会员,中,流失沉睡,从未下单,3410.73,0.0,0.142994,首单唤醒大额券：满100-50，7天有效
U001694,金牌会员,低,流失沉睡,仅1单,1895.3,1.0,0.142947,复购唤醒券：满300-80，14天有效
U002442,普通会员,中,流失沉睡,从未下单,3054.69,0.0,0.142698,首单唤醒大额券：满100-50，7天有效
U001000,普通会员,低,流失沉睡,从未下单,1502.0,0.0,0.142629,首单唤醒大额券：满100-50，7天有效
U003842,金牌会员,高,流失沉睡,从未下单,29480.79,0.0,0.142609,首单唤醒大额券：满100-50，7天有效
U003934,金牌会员,低,流失沉睡,从未下单,1671.89,0.0,0.142599,首单唤醒大额券：满100-50，7天有效
U004933,铜牌会员,高,流失沉睡,从未下单,15293.95,0.0,0.142566,首单唤醒大额券：满100-50，7天有效
U003845,铜牌会员,高,流失沉睡,仅1单,15350.73,1.0,0.142513,复购唤醒券：满300-80，14天有效
U000861,普通会员,中,流失沉睡,从未下单,5289.57,0.0,0.1424,首单唤醒大额券：满100-50，7天有效
U003550,铜牌会员,中,流失沉睡,从未下单,3427.0,0.0,0.142361,首单唤醒大额券：满100-50，7天有效
U000003,银牌会员,中,流失沉睡,从未下单,3468.85,0.0,0.142358,首单唤醒大额券：满100-50，7天有效
U002495,铜牌会员,高,流失沉睡,仅1单,14547.78,1.0,0.141947,复购唤醒券：满300-80，14天有效
U000415,金牌会员,高,流失沉睡,从未下单,12006.38,0.0,0.141878,首单唤醒大额券：满100-50，7天有效
U000631,金牌会员,高,流失沉睡,从未下单,25893.88,0.0,0.141704,首单唤醒大额券：满100-50，7天有效
U003551,铜牌会员,低,流失沉睡,从未下单,2395.73,0.0,0.14163,首单唤醒大额券：满100-50，7天有效
U000549,铜牌会员,中,流失沉睡,从未下单,3507.84,0.0,0.141624,首单唤醒大额券：满100-50，7天有效
U003086,普通会员,高,流失沉睡,从未下单,24792.73,0.0,0.141536,首单唤醒大额券：满100-50，7天有效
U001124,铜牌会员,低,流失沉睡,从未下单,554.59,0.0,0.141352,首单唤醒大额券：满100-50，7天有效
U003532,普通会员,中,流失沉睡,从未下单,4504.88,0.0,0.141328,首单唤醒大额券：满100-50，7天有效
U004520,普通会员,中,流失沉睡,仅1单,5415.85,1.0,0.141167,复购唤醒券：满300-80，14天有效
U004726,铜牌会员,低,流失沉睡,从未下单,1895.09,0.0,0.141117,首单唤醒大额券：满100-50，7天有效
U001485,铜牌会员,高,流失沉睡,仅1单,40759.76,1.0,0.141113,复购唤醒券：满300-80，14天有效
U002993,金牌会员,低,流失沉睡,仅1单,1512.51,1.0,0.140984,复购唤醒券：满300-80，14天有效
U003226,铜牌会员,中,流失沉睡,复购≥2次,3708.29,2.0,0.140929,复购唤醒券：满300-80，14天有效
U002091,普通会员,中,流失沉睡,仅1单,5683.03,1.0,0.140836,复购唤醒券：满300-80，14天有效
U002100,钻石会员,低,流失沉睡,仅1单,1411.23,1.0,0.140829,复购唤醒券：满300-80，14天有效
U002244,普通会员,中,流失沉睡,从未下单,3656.44,0.0,0.140774,首单唤醒大额券：满100-50，7天有效
U002255,普通会员,中,流失沉睡,从未下单,4832.38,0.0,0.140469,首单唤醒大额券：满100-50，7天有效
U003656,铜牌会员,中,流失沉睡,仅1单,4229.82,1.0,0.140068,复购唤醒券：满300-80，14天有效
U003499,金牌会员,低,流失沉睡,仅1单,613.49,1.0,0.139991,复购唤醒券：满300-80，14天有效
U002671,普通会员,中,流失沉睡,从未下单,4090.81,0.0,0.139805,首单唤醒大额券：满100-50，7天有效
U004258,铜牌会员,中,流失沉睡,仅1单,3161.6,1.0,0.139692,复购唤醒券：满300-80，14天有效
U001018,银牌会员,中,流失沉睡,仅1单,8000.59,1.0,0.139645,复购唤醒券：满300-80，14天有效
U001388,铜牌会员,中,流失沉睡,仅1单,3494.88,1.0,0.139549,复购唤醒券：满300-80，14天有效
U003509,普通会员,低,流失沉睡,仅1单,2623.21,1.0,0.13952,复购唤醒券：满300-80，14天有效
U003596,银牌会员,低,流失沉睡,仅1单,2630.66,1.0,0.139504,复购唤醒券：满300-80，14天有效
U003690,钻石会员,中,流失沉睡,从未下单,3209.84,0.0,0.139483,首单唤醒大额券：满100-50，7天有效
U004183,银牌会员,中,流失沉睡,从未下单,3291.46,0.0,0.139292,首单唤醒大额券：满100-50，7天有效
U001912,普通会员,高,流失沉睡,从未下单,12256.36,0.0,0.139185,首单唤醒大额券：满100-50，7天有效
U004287,普通会员,中,流失沉睡,仅1单,5328.24,1.0,0.139185,复购唤醒券：满300-80，14天有效
U003804,普通会员,高,流失沉睡,仅1单,16466.39,1.0,0.139176,复购唤醒券：满300-80，14天有效
U003251,铜牌会员,低,流失沉睡,从未下单,1418.22,0.0,0.13916,首单唤醒大额券：满100-50，7天有效
U003069,普通会员,中,流失沉睡,仅1单,8261.29,1.0,0.138971,复购唤醒券：满300-80，14天有效
U001549,钻石会员,低,流失沉睡,从未下单,744.64,0.0,0.138862,首单唤醒大额券：满100-50，7天有效
U003590,铜牌会员,中,流失沉睡,仅1单,7907.62,1.0,0.13882,复购唤醒券：满300-80，14天有效
U001546,银牌会员,中,流失沉睡,仅1单,5290.81,1.0,0.138611,复购唤醒券：满300-80，14天有效
U003033,银牌会员,低,流失沉睡,仅1单,567.93,1.0,0.138587,复购唤醒券：满300-80，14天有效
U002636,铜牌会员,高,流失沉睡,从未下单,13926.87,0.0,0.138471,首单唤醒大额券：满100-50，7天有效
U001748,铜牌会员,低,流失沉睡,仅1单,2493.47,1.0,0.138458,复购唤醒券：满300-80，14天有效
U001628,金牌会员,中,流失沉睡,从未下单,5535.53,0.0,0.138455,首单唤醒大额券：满100-50，7天有效
U003234,银牌会员,中,流失沉睡,从未下单,3521.21,0.0,0.138379,首单唤醒大额券：满100-50，7天有效
U001029,银牌会员,高,流失沉睡,仅1单,20053.36,1.0,0.138202,复购唤醒券：满300-80，14天有效
U002670,普通会员,中,流失沉睡,从未下单,4988.61,0.0,0.138179,首单唤醒大额券：满100-50，7天有效
U003235,金牌会员,低,流失沉睡,从未下单,926.16,0.0,0.138143,首单唤醒大额券：满100-50，7天有效
U004161,钻石会员,中,流失沉睡,仅1单,3295.34,1.0,0.137953,复购唤醒券：满300-80，14天有效
U001515,银牌会员,高,流失沉睡,仅1单,19096.36,1.0,0.137904,复购唤醒券：满300-80，14天有效
U000915,普通会员,高,流失沉睡,从未下单,11789.27,0.0,0.137493,首单唤醒大额券：满100-50，7天有效
U003749,钻石会员,中,流失沉睡,从未下单,3107.5,0.0,0.137326,首单唤醒大额券：满100-50，7天有效
U003775,普通会员,低,流失沉睡,仅1单,2949.73,1.0,0.137305,复购唤醒券：满300-80，14天有效
U002026,普通会员,中,流失沉睡,仅1单,4217.17,1.0,0.137201,复购唤醒券：满300-80，14天有效
U000068,钻石会员,低,流失沉睡,仅1单,1330.44,1.0,0.137138,复购唤醒券：满300-80，14天有效
U001749,铜牌会员,中,流失沉睡,仅1单,3551.26,1.0,0.137109,复购唤醒券：满300-80，14天有效
U004010,铜牌会员,中,流失沉睡,从未下单,7735.8,0.0,0.137062,首单唤醒大额券：满100-50，7天有效
U003722,铜牌会员,中,流失沉睡,仅1单,3471.88,1.0,0.136942,复购唤醒券：满300-80，14天有效
U004409,铜牌会员,中,流失沉睡,从未下单,4932.96,0.0,0.136917,首单唤醒大额券：满100-50，7天有效
U000371,铜牌会员,低,流失沉睡,仅1单,1207.75,1.0,0.136894,复购唤醒券：满300-80，14天有效
U000505,铜牌会员,高,流失沉睡,仅1单,21290.55,1.0,0.136629,复购唤醒券：满300-80，14天有效
U001285,银牌会员,低,流失沉睡,从未下单,1723.22,0.0,0.136464,首单唤醒大额券：满100-50，7天有效
U003982,铜牌会员,低,流失沉睡,仅1单,1394.26,1.0,0.136424,复购唤醒券：满300-80，14天有效
U003461,普通会员,中,流失沉睡,从未下单,4332.66,0.0,0.136277,首单唤醒大额券：满100-50，7天有效
U001152,铜牌会员,高,流失沉睡,从未下单,27352.44,0.0,0.136256,首单唤醒大额券：满100-50，7天有效
U002009,普通会员,低,流失沉睡,复购≥2次,1694.17,2.0,0.136213,复购唤醒券：满300-80，14天有效
U004786,普通会员,低,流失沉睡,从未下单,2385.46,0.0,0.135989,首单唤醒大额券：满100-50，7天有效
U002912,银牌会员,中,流失沉睡,仅1单,3900.87,1.0,0.135961,复购唤醒券：满300-80，14天有效
U000192,普通会员,低,流失沉睡,从未下单,1640.13,0.0,0.135945,首单唤醒大额券：满100-50，7天有效
U000806,银牌会员,中,流失沉睡,仅1单,4225.55,1.0,0.135778,复购唤醒券：满300-80，14天有效
U002772,银牌会员,中,流失沉睡,仅1单,3768.15,1.0,0.135644,复购唤醒券：满300-80，14天有效
U004523,银牌会员,低,流失沉睡,仅1单,2061.64,1.0,0.135566,复购唤醒券：满300-80，14天有效
U002883,普通会员,高,流失沉睡,从未下单,19320.98,0.0,0.135507,首单唤醒大额券：满100-50，7天有效
U001830,钻石会员,低,流失沉睡,从未下单,1522.68,0.0,0.135472,首单唤醒大额券：满100-50，7天有效
U001358,铜牌会员,低,流失沉睡,仅1单,2042.49,1.0,0.135263,复购唤醒券：满300-80，14天有效
U002028,普通会员,低,流失沉睡,从未下单,2890.18,0.0,0.13479,首单唤醒大额券：满100-50，7天有效
U000348,银牌会员,中,流失沉睡,仅1单,5451.88,1.0,0.134683,复购唤醒券：满300-80，14天有效
U003007,金牌会员,中,流失沉睡,从未下单,7131.84,0.0,0.134614,首单唤醒大额券：满100-50，7天有效
U003475,银牌会员,中,流失沉睡,仅1单,3856.4,1.0,0.134598,复购唤醒券：满300-80，14天有效
U001908,银牌会员,中,流失沉睡,仅1单,7874.7,1.0,0.134377,复购唤醒券：满300-80，14天有效
U001372,钻石会员,低,流失沉睡,从未下单,683.15,0.0,0.134345,首单唤醒大额券：满100-50，7天有效
U002963,银牌会员,低,流失沉睡,复购≥2次,1894.67,2.0,0.134317,复购唤醒券：满300-80，14天有效
U000589,铜牌会员,高,流失沉睡,从未下单,32978.39,0.0,0.134245,首单唤醒大额券：满100-50，7天有效
U001891,金牌会员,低,流失沉睡,从未下单,1818.76,0.0,0.134134,首单唤醒大额券：满100-50，7天有效
U004411,铜牌会员,中,流失沉睡,仅1单,4976.92,1.0,0.134132,复购唤醒券：满300-80，14天有效
U002499,铜牌会员,中,流失沉睡,从未下单,9297.66,0.0,0.133899,首单唤醒大额券：满100-50，7天有效
U004203,普通会员,低,流失沉睡,从未下单,1248.23,0.0,0.133821,首单唤醒大额券：满100-50，7天有效
U000770,普通会员,低,流失沉睡,仅1单,2363.94,1.0,0.133776,复购唤醒券：满300-80，14天有效
U004231,金牌会员,低,流失沉睡,仅1单,436.86,1.0,0.133556,复购唤醒券：满300-80，14天有效
U003970,铜牌会员,高,流失沉睡,从未下单,10506.98,0.0,0.133123,首单唤醒大额券：满100-50，7天有效
U001406,金牌会员,中,流失沉睡,仅1单,3154.01,1.0,0.133087,复购唤醒券：满300-80，14天有效
U000735,普通会员,中,流失沉睡,仅1单,8462.2,1.0,0.132959,复购唤醒券：满300-80，14天有效
U000641,铜牌会员,中,流失沉睡,仅1单,3757.63,1.0,0.132956,复购唤醒券：满300-80，14天有效
U001049,铜牌会员,低,流失沉睡,仅1单,1322.53,1.0,0.132948,复购唤醒券：满300-80，14天有效
U001145,铜牌会员,低,流失沉睡,仅1单,1824.74,1.0,0.132942,复购唤醒券：满300-80，14天有效
U002876,普通会员,中,流失沉睡,从未下单,7468.65,0.0,0.132903,首单唤醒大额券：满100-50，7天有效
U001663,铜牌会员,中,流失沉睡,仅1单,4108.5,1.0,0.132884,复购唤醒券：满300-80，14天有效
U002505,钻石会员,高,流失沉睡,仅1单,21184.13,1.0,0.132884,复购唤醒券：满300-80，14天有效
U003070,银牌会员,中,流失沉睡,从未下单,6255.66,0.0,0.132881,首单唤醒大额券：满100-50，7天有效
U000365,普通会员,低,流失沉睡,从未下单,1205.53,0.0,0.132795,首单唤醒大额券：满100-50，7天有效
U004463,银牌会员,低,流失沉睡,仅1单,1852.22,1.0,0.132601,复购唤醒券：满300-80，14天有效
U002756,银牌会员,高,流失沉睡,仅1单,20981.56,1.0,0.132505,复购唤醒券：满300-80，14天有效
U002129,普通会员,中,流失沉睡,仅1单,5633.07,1.0,0.132481,复购唤醒券：满300-80，14天有效
U000866,银牌会员,中,流失沉睡,仅1单,4064.1,1.0,0.132366,复购唤醒券：满300-80，14天有效
U003141,普通会员,低,流失沉睡,仅1单,2839.94,1.0,0.132331,复购唤醒券：满300-80，14天有效
U004146,普通会员,中,流失沉睡,仅1单,5418.86,1.0,0.132197,复购唤醒券：满300-80，14天有效
U003108,钻石会员,低,流失沉睡,从未下单,2271.39,0.0,0.132187,首单唤醒大额券：满100-50，7天有效
U002001,普通会员,低,流失沉睡,仅1单,1649.11,1.0,0.132002,复购唤醒券：满300-80，14天有效
U001963,金牌会员,低,流失沉睡,仅1单,689.15,1.0,0.131889,复购唤醒券：满300-80，14天有效
U003438,金牌会员,中,流失沉睡,仅1单,3380.34,1.0,0.131733,复购唤醒券：满300-80，14天有效
U003232,银牌会员,中,流失沉睡,从未下单,5231.3,0.0,0.131705,首单唤醒大额券：满100-50，7天有效
U001253,铜牌会员,低,流失沉睡,仅1单,1770.05,1.0,0.131678,复购唤醒券：满300-80，14天有效
U000561,普通会员,中,流失沉睡,仅1单,4131.29,1.0,0.131677,复购唤醒券：满300-80，14天有效
U004065,铜牌会员,中,流失沉睡,仅1单,3503.83,1.0,0.131639,复购唤醒券：满300-80，14天有效
U004458,普通会员,低,流失沉睡,仅1单,1522.31,1.0,0.131632,复购唤醒券：满300-80，14天有效
U003010,金牌会员,低,流失沉睡,仅1单,2115.45,1.0,0.1316,复购唤醒券：满300-80，14天有效
U002344,普通会员,中,流失沉睡,从未下单,5242.84,0.0,0.131572,首单唤醒大额券：满100-50，7天有效
U000636,普通会员,低,流失沉睡,从未下单,2765.45,0.0,0.131492,首单唤醒大额券：满100-50，7天有效
U000382,银牌会员,中,流失沉睡,从未下单,7701.23,0.0,0.131462,首单唤醒大额券：满100-50，7天有效
U004579,银牌会员,低,流失沉睡,从未下单,2137.77,0.0,0.131383,首单唤醒大额券：满100-50，7天有效
U004814,铜牌会员,低,流失沉睡,复购≥2次,1518.76,2.0,0.131321,复购唤醒券：满300-80，14天有效
U001831,银牌会员,中,流失沉睡,复购≥2次,4269.25,2.0,0.131259,复购唤醒券：满300-80，14天有效
U000058,银牌会员,中,流失沉睡,仅1单,4971.69,1.0,0.131218,复购唤醒券：满300-80，14天有效
U004717,普通会员,低,流失沉睡,从未下单,482.56,0.0,0.131176,首单唤醒大额券：满100-50，7天有效
U001977,银牌会员,低,流失沉睡,从未下单,2488.27,0.0,0.131012,首单唤醒大额券：满100-50，7天有效
U004028,普通会员,低,流失沉睡,从未下单,2652.43,0.0,0.130935,首单唤醒大额券：满100-50，7天有效
U000837,银牌会员,低,流失沉睡,从未下单,1655.31,0.0,0.130793,首单唤醒大额券：满100-50，7天有效
U004108,钻石会员,低,流失沉睡,仅1单,1931.56,1.0,0.130778,复购唤醒券：满300-80，14天有效
U001004,银牌会员,中,流失沉睡,仅1单,4230.01,1.0,0.130762,复购唤醒券：满300-80，14天有效
U003196,银牌会员,中,流失沉睡,从未下单,4258.41,0.0,0.130426,首单唤醒大额券：满100-50，7天有效
U004351,铜牌会员,低,流失沉睡,从未下单,692.38,0.0,0.13042,首单唤醒大额券：满100-50，7天有效
U002616,铜牌会员,中,流失沉睡,从未下单,7911.62,0.0,0.130395,首单唤醒大额券：满100-50，7天有效
U004904,铜牌会员,中,流失沉睡,从未下单,6076.22,0.0,0.130274,首单唤醒大额券：满100-50，7天有效
U000499,银牌会员,中,流失沉睡,仅1单,3107.21,1.0,0.130171,复购唤醒券：满300-80，14天有效
U001151,金牌会员,中,流失沉睡,仅1单,5817.22,1.0,0.130099,复购唤醒券：满300-80，14天有效
U001044,铜牌会员,低,流失沉睡,仅1单,1906.87,1.0,0.129818,复购唤醒券：满300-80，14天有效
U000319,普通会员,中,流失沉睡,从未下单,3369.37,0.0,0.129752,首单唤醒大额券：满100-50，7天有效
U003253,普通会员,高,流失沉睡,仅1单,24372.67,1.0,0.129658,复购唤醒券：满300-80，14天有效
U002695,金牌会员,中,流失沉睡,仅1单,3491.8,1.0,0.129634,复购唤醒券：满300-80，14天有效
U001120,铜牌会员,低,流失沉睡,仅1单,2743.43,1.0,0.129601,复购唤醒券：满300-80，14天有效
U000986,普通会员,低,流失沉睡,从未下单,729.59,0.0,0.129598,首单唤醒大额券：满100-50，7天有效
U000524,钻石会员,中,流失沉睡,仅1单,3865.92,1.0,0.129593,复购唤醒券：满300-80，14天有效
U001220,普通会员,中,流失沉睡,仅1单,4192.41,1.0,0.129545,复购唤醒券：满300-80，14天有效
U000888,银牌会员,高,流失沉睡,仅1单,21372.07,1.0,0.129501,复购唤醒券：满300-80，14天有效
U004131,普通会员,高,流失沉睡,仅1单,17144.87,1.0,0.129497,复购唤醒券：满300-80，14天有效
U004052,银牌会员,中,流失沉睡,从未下单,3832.44,0.0,0.129483,首单唤醒大额券：满100-50，7天有效
U003619,铜牌会员,中,流失沉睡,从未下单,4995.2,0.0,0.12944,首单唤醒大额券：满100-50，7天有效
U000953,普通会员,低,流失沉睡,仅1单,1031.53,1.0,0.129435,复购唤醒券：满300-80，14天有效
U002844,铜牌会员,低,流失沉睡,从未下单,2074.71,0.0,0.129319,首单唤醒大额券：满100-50，7天有效
U003963,铜牌会员,中,流失沉睡,从未下单,9310.21,0.0,0.129293,首单唤醒大额券：满100-50，7天有效
U001146,银牌会员,低,流失沉睡,仅1单,1262.18,1.0,0.129284,复购唤醒券：满300-80，14天有效
U003686,银牌会员,中,流失沉睡,从未下单,3419.92,0.0,0.129226,首单唤醒大额券：满100-50，7天有效
U002014,金牌会员,中,流失沉睡,仅1单,5558.63,1.0,0.129199,复购唤醒券：满300-80，14天有效
U001026,金牌会员,中,流失沉睡,从未下单,5219.23,0.0,0.128973,首单唤醒大额券：满100-50，7天有效
U001529,普通会员,中,流失沉睡,仅1单,3165.19,1.0,0.128966,复购唤醒券：满300-80，14天有效
U003649,银牌会员,低,流失沉睡,仅1单,1200.97,1.0,0.12882,复购唤醒券：满300-80，14天有效
U000223,铜牌会员,中,流失沉睡,仅1单,3316.55,1.0,0.128746,复购唤醒券：满300-80，14天有效
U003497,铜牌会员,中,流失沉睡,仅1单,3805.14,1.0,0.128731,复购唤醒券：满300-80，14天有效
U002831,金牌会员,中,流失沉睡,从未下单,6222.91,0.0,0.12851,首单唤醒大额券：满100-50，7天有效
U000724,铜牌会员,中,流失沉睡,从未下单,3105.42,0.0,0.128503,首单唤醒大额券：满100-50，7天有效
U004191,钻石会员,中,流失沉睡,从未下单,3528.81,0.0,0.128468,首单唤醒大额券：满100-50，7天有效
U002550,钻石会员,低,流失沉睡,仅1单,2276.74,1.0,0.12845,复购唤醒券：满300-80，14天有效
U000579,银牌会员,低,流失沉睡,从未下单,2255.62,0.0,0.128403,首单唤醒大额券：满100-50，7天有效
U000974,普通会员,中,流失沉睡,仅1单,9803.29,1.0,0.12832,复购唤醒券：满300-80，14天有效
U001217,银牌会员,中,流失沉睡,仅1单,5224.54,1.0,0.128264,复购唤醒券：满300-80，14天有效
U000010,铜牌会员,中,流失沉睡,从未下单,5805.46,0.0,0.128207,首单唤醒大额券：满100-50，7天有效
U002347,普通会员,低,流失沉睡,仅1单,2785.13,1.0,0.12819,复购唤醒券：满300-80，14天有效
U000531,铜牌会员,中,流失沉睡,仅1单,4767.14,1.0,0.128189,复购唤醒券：满300-80，14天有效
U002676,金牌会员,低,流失沉睡,从未下单,846.47,0.0,0.128134,首单唤醒大额券：满100-50，7天有效
U003713,铜牌会员,低,流失沉睡,从未下单,1758.2,0.0,0.12797,首单唤醒大额券：满100-50，7天有效
U000360,金牌会员,中,流失沉睡,从未下单,7610.72,0.0,0.127944,首单唤醒大额券：满100-50，7天有效
U004688,铜牌会员,高,流失沉睡,从未下单,20454.88,0.0,0.12789,首单唤醒大额券：满100-50，7天有效
U003043,普通会员,低,流失沉睡,仅1单,1059.23,1.0,0.127867,复购唤醒券：满300-80，14天有效
U003666,银牌会员,中,流失沉睡,仅1单,4572.55,1.0,0.12778,复购唤醒券：满300-80，14天有效
U001187,铜牌会员,高,流失沉睡,仅1单,19071.02,1.0,0.127618,复购唤醒券：满300-80，14天有效
U003711,银牌会员,中,流失沉睡,仅1单,3247.86,1.0,0.127522,复购唤醒券：满300-80，14天有效
U002323,银牌会员,中,流失沉睡,从未下单,3568.98,0.0,0.127388,首单唤醒大额券：满100-50，7天有效
U000007,银牌会员,低,流失沉睡,从未下单,1565.74,0.0,0.127342,首单唤醒大额券：满100-50，7天有效
U002575,铜牌会员,低,流失沉睡,仅1单,2904.77,1.0,0.127111,复购唤醒券：满300-80，14天有效
U001504,钻石会员,高,流失沉睡,仅1单,28766.69,1.0,0.127031,复购唤醒券：满300-80，14天有效
U001265,普通会员,低,流失沉睡,仅1单,2914.17,1.0,0.127001,复购唤醒券：满300-80，14天有效
U003052,银牌会员,高,流失沉睡,仅1单,16403.55,1.0,0.126977,复购唤醒券：满300-80，14天有效
U002112,普通会员,低,流失沉睡,仅1单,1647.8,1.0,0.126969,复购唤醒券：满300-80，14天有效
U001469,铜牌会员,低,流失沉睡,仅1单,2097.92,1.0,0.126903,复购唤醒券：满300-80，14天有效
U003177,普通会员,中,流失沉睡,仅1单,3628.71,1.0,0.1269,复购唤醒券：满300-80，14天有效
U003337,银牌会员,低,流失沉睡,从未下单,2277.42,0.0,0.126888,首单唤醒大额券：满100-50，7天有效
U004148,普通会员,中,流失沉睡,从未下单,7829.46,0.0,0.126855,首单唤醒大额券：满100-50，7天有效
U001052,金牌会员,低,流失沉睡,从未下单,1105.88,0.0,0.126791,首单唤醒大额券：满100-50，7天有效
U000082,金牌会员,低,流失沉睡,仅1单,2187.81,1.0,0.126731,复购唤醒券：满300-80，14天有效
U002235,银牌会员,中,流失沉睡,从未下单,3410.44,0.0,0.126658,首单唤醒大额券：满100-50，7天有效
U000976,铜牌会员,低,流失沉睡,仅1单,532.08,1.0,0.126603,复购唤醒券：满300-80，14天有效
U001114,钻石会员,低,流失沉睡,仅1单,2082.84,1.0,0.126109,复购唤醒券：满300-80，14天有效
U002813,银牌会员,高,流失沉睡,从未下单,15127.41,0.0,0.126092,首单唤醒大额券：满100-50，7天有效
U000523,银牌会员,低,流失沉睡,从未下单,1763.47,0.0,0.12607,首单唤醒大额券：满100-50，7天有效
U004493,普通会员,低,流失沉睡,从未下单,1481.85,0.0,0.126029,首单唤醒大额券：满100-50，7天有效
U003470,普通会员,低,流失沉睡,仅1单,2807.11,1.0,0.125945,复购唤醒券：满300-80，14天有效
U001273,铜牌会员,低,流失沉睡,复购≥2次,780.34,2.0,0.125905,复购唤醒券：满300-80，14天有效
U000224,铜牌会员,低,流失沉睡,仅1单,1269.3,1.0,0.12572,复购唤醒券：满300-80，14天有效
U002301,金牌会员,中,流失沉睡,从未下单,3969.15,0.0,0.125682,首单唤醒大额券：满100-50，7天有效
U002110,银牌会员,低,流失沉睡,仅1单,1641.64,1.0,0.125552,复购唤醒券：满300-80，14天有效
U001649,铜牌会员,低,流失沉睡,仅1单,1344.05,1.0,0.125366,复购唤醒券：满300-80，14天有效
U002742,金牌会员,高,流失沉睡,从未下单,23868.22,0.0,0.125235,首单唤醒大额券：满100-50，7天有效
U003394,铜牌会员,中,流失沉睡,仅1单,3088.15,1.0,0.125191,复购唤醒券：满300-80，14天有效
U002094,普通会员,中,流失沉睡,从未下单,4747.73,0.0,0.125178,首单唤醒大额券：满100-50，7天有效
U001836,铜牌会员,中,流失沉睡,仅1单,5385.99,1.0,0.125076,复购唤醒券：满300-80，14天有效
U004093,铜牌会员,高,流失沉睡,仅1单,24117.77,1.0,0.125028,复购唤醒券：满300-80，14天有效
U000994,普通会员,中,流失沉睡,仅1单,3064.42,1.0,0.125019,复购唤醒券：满300-80，14天有效
U001696,普通会员,中,流失沉睡,仅1单,4096.18,1.0,0.124912,复购唤醒券：满300-80，14天有效
U002109,银牌会员,高,流失沉睡,仅1单,15869.63,1.0,0.124908,复购唤醒券：满300-80，14天有效
U001386,金牌会员,中,流失沉睡,仅1单,5190.45,1.0,0.124799,复购唤醒券：满300-80，14天有效
U000064,银牌会员,中,流失沉睡,仅1单,3219.34,1.0,0.124751,复购唤醒券：满300-80，14天有效
U002149,银牌会员,高,流失沉睡,仅1单,20960.71,1.0,0.124694,复购唤醒券：满300-80，14天有效
U000544,金牌会员,低,流失沉睡,仅1单,1992.88,1.0,0.12465,复购唤醒券：满300-80，14天有效
U003767,普通会员,中,流失沉睡,仅1单,4516.99,1.0,0.124436,复购唤醒券：满300-80，14天有效
U001105,银牌会员,中,流失沉睡,从未下单,4305.2,0.0,0.124357,首单唤醒大额券：满100-50，7天有效
U000404,铜牌会员,中,流失沉睡,仅1单,3709.76,1.0,0.124342,复购唤醒券：满300-80，14天有效
U002239,金牌会员,中,流失沉睡,从未下单,5886.46,0.0,0.124214,首单唤醒大额券：满100-50，7天有效
U002646,铜牌会员,低,流失沉睡,仅1单,1696.81,1.0,0.124098,复购唤醒券：满300-80，14天有效
U004444,铜牌会员,中,流失沉睡,从未下单,6029.03,0.0,0.124083,首单唤醒大额券：满100-50，7天有效
U000802,普通会员,低,流失沉睡,复购≥2次,2670.6,2.0,0.124021,复购唤醒券：满300-80，14天有效
U003381,钻石会员,低,流失沉睡,仅1单,1866.54,1.0,0.12398,复购唤醒券：满300-80，14天有效
U003621,普通会员,低,流失沉睡,仅1单,2339.78,1.0,0.123968,复购唤醒券：满300-80，14天有效
U002710,铜牌会员,中,流失沉睡,从未下单,7378.53,0.0,0.123885,首单唤醒大额券：满100-50，7天有效
U000103,铜牌会员,高,流失沉睡,仅1单,20535.62,1.0,0.123859,复购唤醒券：满300-80，14天有效
U000822,铜牌会员,中,流失沉睡,仅1单,5174.71,1.0,0.123767,复购唤醒券：满300-80，14天有效
U000512,银牌会员,低,流失沉睡,从未下单,1808.86,0.0,0.123749,首单唤醒大额券：满100-50，7天有效
U004205,铜牌会员,中,流失沉睡,仅1单,3593.56,1.0,0.123748,复购唤醒券：满300-80，14天有效
U000921,普通会员,中,流失沉睡,仅1单,3321.35,1.0,0.123649,复购唤醒券：满300-80，14天有效
U001050,铜牌会员,中,流失沉睡,从未下单,3841.64,0.0,0.12359,首单唤醒大额券：满100-50，7天有效
U004799,铜牌会员,中,流失沉睡,仅1单,4595.77,1.0,0.123571,复购唤醒券：满300-80，14天有效
U002055,银牌会员,中,流失沉睡,从未下单,3914.9,0.0,0.123528,首单唤醒大额券：满100-50，7天有效
U004875,银牌会员,低,流失沉睡,仅1单,2087.79,1.0,0.12348,复购唤醒券：满300-80，14天有效
U002720,金牌会员,中,流失沉睡,仅1单,3844.25,1.0,0.123472,复购唤醒券：满300-80，14天有效
U000430,铜牌会员,高,流失沉睡,仅1单,10350.58,1.0,0.1232,复购唤醒券：满300-80，14天有效
U002455,金牌会员,中,流失沉睡,从未下单,3240.37,0.0,0.123171,首单唤醒大额券：满100-50，7天有效
U002839,铜牌会员,低,流失沉睡,从未下单,1737.86,0.0,0.123163,首单唤醒大额券：满100-50，7天有效
U003898,普通会员,高,流失沉睡,仅1单,15289.11,1.0,0.123112,复购唤醒券：满300-80，14天有效
U001567,铜牌会员,高,流失沉睡,仅1单,16825.37,1.0,0.123063,复购唤醒券：满300-80，14天有效
U001193,铜牌会员,中,流失沉睡,仅1单,4185.55,1.0,0.122839,复购唤醒券：满300-80，14天有效
U002624,普通会员,中,流失沉睡,从未下单,4337.07,0.0,0.122823,首单唤醒大额券：满100-50，7天有效
U003201,银牌会员,中,流失沉睡,从未下单,7120.35,0.0,0.122807,首单唤醒大额券：满100-50，7天有效
U001795,银牌会员,低,流失沉睡,从未下单,2299.68,0.0,0.122739,首单唤醒大额券：满100-50，7天有效
U004542,金牌会员,高,流失沉睡,从未下单,13684.32,0.0,0.12261,首单唤醒大额券：满100-50，7天有效
U004962,金牌会员,中,流失沉睡,仅1单,4745.84,1.0,0.122552,复购唤醒券：满300-80，14天有效
U000037,普通会员,低,流失沉睡,复购≥2次,1098.83,2.0,0.122467,复购唤醒券：满300-80，14天有效
U001588,普通会员,中,流失沉睡,从未下单,8125.03,0.0,0.1224,首单唤醒大额券：满100-50，7天有效
U002572,银牌会员,低,流失沉睡,仅1单,1946.14,1.0,0.122367,复购唤醒券：满300-80，14天有效
U001154,银牌会员,中,流失沉睡,仅1单,5047.18,1.0,0.122248,复购唤醒券：满300-80，14天有效
U001786,金牌会员,低,流失沉睡,仅1单,985.01,1.0,0.122228,复购唤醒券：满300-80，14天有效
U002367,银牌会员,低,流失沉睡,从未下单,1972.03,0.0,0.122082,首单唤醒大额券：满100-50，7天有效
U004196,铜牌会员,中,流失沉睡,仅1单,4173.34,1.0,0.121839,复购唤醒券：满300-80，14天有效
U003702,银牌会员,中,流失沉睡,从未下单,8324.22,0.0,0.1218,首单唤醒大额券：满100-50，7天有效
U002869,银牌会员,中,流失沉睡,仅1单,4511.77,1.0,0.121666,复购唤醒券：满300-80，14天有效
U003531,钻石会员,低,流失沉睡,仅1单,473.81,1.0,0.121661,复购唤醒券：满300-80，14天有效
U001194,铜牌会员,低,流失沉睡,从未下单,1818.83,0.0,0.121535,首单唤醒大额券：满100-50，7天有效
U003015,铜牌会员,中,流失沉睡,仅1单,9450.84,1.0,0.121388,复购唤醒券：满300-80，14天有效
U000084,金牌会员,高,流失沉睡,从未下单,14788.13,0.0,0.121355,首单唤醒大额券：满100-50，7天有效
U000372,银牌会员,低,流失沉睡,仅1单,2884.5,1.0,0.121323,复购唤醒券：满300-80，14天有效
U002409,普通会员,高,流失沉睡,从未下单,21087.56,0.0,0.121273,首单唤醒大额券：满100-50，7天有效
U002910,普通会员,低,流失沉睡,从未下单,674.51,0.0,0.121191,首单唤醒大额券：满100-50，7天有效
U004018,银牌会员,低,流失沉睡,仅1单,2462.59,1.0,0.120982,复购唤醒券：满300-80，14天有效
U002921,银牌会员,低,流失沉睡,仅1单,2537.71,1.0,0.120681,复购唤醒券：满300-80，14天有效
U004009,铜牌会员,低,流失沉睡,仅1单,2633.37,1.0,0.120471,复购唤醒券：满300-80，14天有效
U003144,普通会员,低,流失沉睡,仅1单,2217.46,1.0,0.120421,复购唤醒券：满300-80，14天有效
U000390,银牌会员,低,流失沉睡,从未下单,545.71,0.0,0.120087,首单唤醒大额券：满100-50，7天有效
U002258,金牌会员,低,流失沉睡,仅1单,868.98,1.0,0.119997,复购唤醒券：满300-80，14天有效
U002219,铜牌会员,低,流失沉睡,仅1单,2470.09,1.0,0.119988,复购唤醒券：满300-80，14天有效
U004087,普通会员,中,流失沉睡,仅1单,4776.78,1.0,0.11997,复购唤醒券：满300-80，14天有效
U004124,铜牌会员,低,流失沉睡,仅1单,2594.89,1.0,0.119911,复购唤醒券：满300-80，14天有效
U001527,银牌会员,低,流失沉睡,仅1单,1549.6,1.0,0.119904,复购唤醒券：满300-80，14天有效
U004227,钻石会员,低,流失沉睡,仅1单,1335.94,1.0,0.119809,复购唤醒券：满300-80，14天有效
U001822,钻石会员,低,流失沉睡,从未下单,1876.88,0.0,0.119735,首单唤醒大额券：满100-50，7天有效
U001979,普通会员,中,流失沉睡,仅1单,5629.82,1.0,0.11957,复购唤醒券：满300-80，14天有效
U000052,普通会员,低,流失沉睡,仅1单,2145.11,1.0,0.119331,复购唤醒券：满300-80，14天有效
U001428,银牌会员,低,流失沉睡,从未下单,1447.58,0.0,0.119329,首单唤醒大额券：满100-50，7天有效
U000516,铜牌会员,低,流失沉睡,仅1单,2848.47,1.0,0.119226,复购唤醒券：满300-80，14天有效
U004049,普通会员,低,流失沉睡,从未下单,1562.2,0.0,0.119216,首单唤醒大额券：满100-50，7天有效
U002649,普通会员,高,流失沉睡,仅1单,30324.74,1.0,0.119086,复购唤醒券：满300-80，14天有效
U001025,铜牌会员,低,流失沉睡,仅1单,1814.42,1.0,0.118994,复购唤醒券：满300-80，14天有效
U004860,普通会员,中,流失沉睡,从未下单,3773.37,0.0,0.11885,首单唤醒大额券：满100-50，7天有效
U000334,铜牌会员,低,流失沉睡,仅1单,1134.69,1.0,0.118734,复购唤醒券：满300-80，14天有效
U003046,银牌会员,低,流失沉睡,从未下单,965.36,0.0,0.118518,首单唤醒大额券：满100-50，7天有效
U003877,普通会员,中,流失沉睡,仅1单,5006.12,1.0,0.118359,复购唤醒券：满300-80，14天有效
U000887,银牌会员,中,流失沉睡,仅1单,3355.22,1.0,0.118242,复购唤醒券：满300-80，14天有效
U003343,铜牌会员,低,流失沉睡,仅1单,1904.47,1.0,0.118122,复购唤醒券：满300-80，14天有效
U000658,银牌会员,高,流失沉睡,仅1单,11299.97,1.0,0.118024,复购唤醒券：满300-80，14天有效
U004489,钻石会员,中,流失沉睡,仅1单,3370.62,1.0,0.117792,复购唤醒券：满300-80，14天有效
U001851,银牌会员,低,流失沉睡,仅1单,1608.79,1.0,0.117687,复购唤醒券：满300-80，14天有效
U004312,普通会员,中,流失沉睡,从未下单,4476.4,0.0,0.117676,首单唤醒大额券：满100-50，7天有效
U001794,铜牌会员,中,流失沉睡,仅1单,5220.86,1.0,0.117619,复购唤醒券：满300-80，14天有效
U001411,铜牌会员,中,流失沉睡,从未下单,6204.61,0.0,0.117512,首单唤醒大额券：满100-50，7天有效
U003981,金牌会员,中,流失沉睡,从未下单,3606.7,0.0,0.117292,首单唤醒大额券：满100-50，7天有效
U003675,银牌会员,中,流失沉睡,仅1单,3353.65,1.0,0.11728,复购唤醒券：满300-80，14天有效
U003691,金牌会员,中,流失沉睡,仅1单,6081.6,1.0,0.117243,复购唤醒券：满300-80，14天有效
U002955,铜牌会员,中,流失沉睡,从未下单,5649.1,0.0,0.117224,首单唤醒大额券：满100-50，7天有效
U004794,铜牌会员,高,流失沉睡,从未下单,22836.86,0.0,0.117182,首单唤醒大额券：满100-50，7天有效
U003090,银牌会员,中,流失沉睡,从未下单,4846.37,0.0,0.11713,首单唤醒大额券：满100-50，7天有效
U004512,铜牌会员,中,流失沉睡,仅1单,4098.99,1.0,0.117063,复购唤醒券：满300-80，14天有效
U002251,铜牌会员,低,流失沉睡,仅1单,2629.2,1.0,0.116995,复购唤醒券：满300-80，14天有效
U002500,银牌会员,低,流失沉睡,仅1单,2158.45,1.0,0.116958,复购唤醒券：满300-80，14天有效
U001455,铜牌会员,中,流失沉睡,仅1单,3878.09,1.0,0.11692,复购唤醒券：满300-80，14天有效
U002751,普通会员,低,流失沉睡,仅1单,1434.88,1.0,0.116797,复购唤醒券：满300-80，14天有效
U002551,铜牌会员,中,流失沉睡,从未下单,4008.83,0.0,0.116719,首单唤醒大额券：满100-50，7天有效
U002452,银牌会员,中,流失沉睡,从未下单,3012.29,0.0,0.116702,首单唤醒大额券：满100-50，7天有效
U000844,铜牌会员,低,流失沉睡,复购≥2次,1324.16,2.0,0.116691,复购唤醒券：满300-80，14天有效
U002594,普通会员,中,流失沉睡,从未下单,6185.63,0.0,0.116547,首单唤醒大额券：满100-50，7天有效
U000482,普通会员,高,流失沉睡,仅1单,10722.7,1.0,0.116528,复购唤醒券：满300-80，14天有效
U001492,金牌会员,低,流失沉睡,从未下单,2871.68,0.0,0.116473,首单唤醒大额券：满100-50，7天有效
U001370,铜牌会员,高,流失沉睡,从未下单,27578.77,0.0,0.116397,首单唤醒大额券：满100-50，7天有效
U002215,普通会员,低,流失沉睡,从未下单,484.6,0.0,0.116294,首单唤醒大额券：满100-50，7天有效
U001781,普通会员,低,流失沉睡,仅1单,2516.47,1.0,0.116194,复购唤醒券：满300-80，14天有效
U000896,钻石会员,低,流失沉睡,仅1单,2842.74,1.0,0.116149,复购唤醒券：满300-80，14天有效
U003135,银牌会员,低,流失沉睡,从未下单,2747.76,0.0,0.116089,首单唤醒大额券：满100-50，7天有效
U001171,铜牌会员,低,流失沉睡,仅1单,2102.68,1.0,0.115927,复购唤醒券：满300-80，14天有效
U004562,普通会员,低,流失沉睡,仅1单,2356.3,1.0,0.115898,复购唤醒券：满300-80，14天有效
U001730,银牌会员,低,流失沉睡,仅1单,1406.39,1.0,0.115813,复购唤醒券：满300-80，14天有效
U002382,铜牌会员,低,流失沉睡,仅1单,2740.87,1.0,0.115782,复购唤醒券：满300-80，14天有效
U000891,铜牌会员,低,流失沉睡,从未下单,2805.92,0.0,0.115678,首单唤醒大额券：满100-50，7天有效
U004969,铜牌会员,中,流失沉睡,仅1单,8993.14,1.0,0.115668,复购唤醒券：满300-80，14天有效
U002424,普通会员,低,流失沉睡,从未下单,2560.11,0.0,0.115539,首单唤醒大额券：满100-50，7天有效
U004991,普通会员,中,流失沉睡,仅1单,4437.6,1.0,0.115526,复购唤醒券：满300-80，14天有效
U002510,铜牌会员,低,流失沉睡,从未下单,349.71,0.0,0.115508,首单唤醒大额券：满100-50，7天有效
U001465,金牌会员,中,流失沉睡,仅1单,5512.78,1.0,0.11546,复购唤醒券：满300-80，14天有效
U002043,铜牌会员,中,流失沉睡,仅1单,3157.19,1.0,0.115433,复购唤醒券：满300-80，14天有效
U001338,银牌会员,中,流失沉睡,从未下单,6950.44,0.0,0.115401,首单唤醒大额券：满100-50，7天有效
U004859,普通会员,低,流失沉睡,仅1单,1871.12,1.0,0.115242,复购唤醒券：满300-80，14天有效
U004222,金牌会员,高,流失沉睡,仅1单,14028.21,1.0,0.115198,复购唤醒券：满300-80，14天有效
U002222,金牌会员,中,流失沉睡,从未下单,4109.09,0.0,0.115146,首单唤醒大额券：满100-50，7天有效
U000459,铜牌会员,低,流失沉睡,仅1单,2376.3,1.0,0.115009,复购唤醒券：满300-80，14天有效
U002821,普通会员,中,流失沉睡,仅1单,7856.29,1.0,0.114981,复购唤醒券：满300-80，14天有效
U002880,普通会员,高,流失沉睡,仅1单,21562.77,1.0,0.114788,复购唤醒券：满300-80，14天有效
U001421,铜牌会员,低,流失沉睡,仅1单,2091.68,1.0,0.114747,复购唤醒券：满300-80，14天有效
U004789,普通会员,低,流失沉睡,仅1单,659.37,1.0,0.114708,复购唤醒券：满300-80，14天有效
U002307,金牌会员,中,流失沉睡,从未下单,3934.28,0.0,0.11461,首单唤醒大额券：满100-50，7天有效
U004715,钻石会员,高,流失沉睡,仅1单,20164.55,1.0,0.1146,复购唤醒券：满300-80，14天有效
U001563,金牌会员,低,流失沉睡,仅1单,1878.83,1.0,0.114578,复购唤醒券：满300-80，14天有效
U000021,普通会员,低,流失沉睡,从未下单,1760.0,0.0,0.114555,首单唤醒大额券：满100-50，7天有效
U001995,银牌会员,低,流失沉睡,从未下单,2737.26,0.0,0.114482,首单唤醒大额券：满100-50，7天有效
U004943,银牌会员,低,流失沉睡,仅1单,2684.61,1.0,0.114444,复购唤醒券：满300-80，14天有效
U003272,钻石会员,低,流失沉睡,仅1单,902.07,1.0,0.114425,复购唤醒券：满300-80，14天有效
U004871,金牌会员,低,流失沉睡,从未下单,832.66,0.0,0.114372,首单唤醒大额券：满100-50，7天有效
U000055,钻石会员,低,流失沉睡,仅1单,2354.64,1.0,0.114263,复购唤醒券：满300-80，14天有效
U004475,铜牌会员,中,流失沉睡,仅1单,4809.36,1.0,0.11415,复购唤醒券：满300-80，14天有效
U002765,铜牌会员,高,流失沉睡,从未下单,20400.79,0.0,0.114067,首单唤醒大额券：满100-50，7天有效
U002370,金牌会员,低,流失沉睡,从未下单,959.9,0.0,0.113996,首单唤醒大额券：满100-50，7天有效
U001117,普通会员,低,流失沉睡,仅1单,1249.13,1.0,0.113857,复购唤醒券：满300-80，14天有效
U004075,铜牌会员,低,流失沉睡,仅1单,1471.94,1.0,0.113706,复购唤醒券：满300-80，14天有效
U004594,铜牌会员,低,流失沉睡,仅1单,939.38,1.0,0.113649,复购唤醒券：满300-80，14天有效
U004185,铜牌会员,中,流失沉睡,从未下单,3774.02,0.0,0.113633,首单唤醒大额券：满100-50，7天有效
U004204,金牌会员,低,流失沉睡,仅1单,1208.11,1.0,0.113555,复购唤醒券：满300-80，14天有效
U000054,铜牌会员,中,流失沉睡,仅1单,5371.98,1.0,0.113534,复购唤醒券：满300-80，14天有效
U003634,铜牌会员,中,流失沉睡,仅1单,4398.11,1.0,0.113431,复购唤醒券：满300-80，14天有效
U001753,铜牌会员,中,流失沉睡,仅1单,4015.85,1.0,0.11341,复购唤醒券：满300-80，14天有效
U001308,铜牌会员,中,流失沉睡,仅1单,3507.3,1.0,0.113378,复购唤醒券：满300-80，14天有效
U004088,普通会员,高,流失沉睡,仅1单,26212.87,1.0,0.113353,复购唤醒券：满300-80，14天有效
U000406,金牌会员,高,流失沉睡,仅1单,12679.22,1.0,0.113238,复购唤醒券：满300-80，14天有效
U000150,银牌会员,中,流失沉睡,仅1单,3249.88,1.0,0.113225,复购唤醒券：满300-80，14天有效
U000358,普通会员,中,流失沉睡,从未下单,3000.68,0.0,0.113186,首单唤醒大额券：满100-50，7天有效
U002247,钻石会员,中,流失沉睡,仅1单,4082.54,1.0,0.112831,复购唤醒券：满300-80，14天有效
U004736,铜牌会员,中,流失沉睡,从未下单,5273.76,0.0,0.112768,首单唤醒大额券：满100-50，7天有效
U002528,铜牌会员,中,流失沉睡,仅1单,4215.41,1.0,0.112674,复购唤醒券：满300-80，14天有效
U002709,普通会员,中,流失沉睡,从未下单,3754.85,0.0,0.112658,首单唤醒大额券：满100-50，7天有效
U002723,银牌会员,低,流失沉睡,从未下单,1065.27,0.0,0.112455,首单唤醒大额券：满100-50，7天有效
U004437,钻石会员,高,流失沉睡,仅1单,19106.03,1.0,0.112443,复购唤醒券：满300-80，14天有效
U004973,钻石会员,低,流失沉睡,从未下单,1770.47,0.0,0.112246,首单唤醒大额券：满100-50，7天有效
U003057,铜牌会员,低,流失沉睡,仅1单,1060.31,1.0,0.112172,复购唤醒券：满300-80，14天有效
U000285,铜牌会员,中,流失沉睡,仅1单,4051.44,1.0,0.112127,复购唤醒券：满300-80，14天有效
U004556,金牌会员,低,流失沉睡,仅1单,1537.91,1.0,0.111997,复购唤醒券：满300-80，14天有效
U003072,普通会员,高,流失沉睡,仅1单,14137.74,1.0,0.111983,复购唤醒券：满300-80，14天有效
U002316,金牌会员,中,流失沉睡,从未下单,3119.61,0.0,0.111936,首单唤醒大额券：满100-50，7天有效
U001425,银牌会员,低,流失沉睡,仅1单,886.72,1.0,0.111877,复购唤醒券：满300-80，14天有效
U004739,铜牌会员,中,流失沉睡,仅1单,3730.98,1.0,0.111857,复购唤醒券：满300-80，14天有效
U000143,铜牌会员,低,流失沉睡,从未下单,1257.73,0.0,0.111838,首单唤醒大额券：满100-50，7天有效
U000642,银牌会员,高,流失沉睡,仅1单,15415.27,1.0,0.111809,复购唤醒券：满300-80，14天有效
U004372,普通会员,低,流失沉睡,复购≥2次,1563.06,2.0,0.111741,复购唤醒券：满300-80，14天有效
U001590,铜牌会员,中,流失沉睡,仅1单,6975.48,1.0,0.111722,复购唤醒券：满300-80，14天有效
U003660,银牌会员,低,流失沉睡,从未下单,777.58,0.0,0.111642,首单唤醒大额券：满100-50，7天有效
U003593,金牌会员,低,流失沉睡,仅1单,1178.77,1.0,0.111619,复购唤醒券：满300-80，14天有效
U003562,银牌会员,低,流失沉睡,仅1单,1951.41,1.0,0.111457,复购唤醒券：满300-80，14天有效
U003706,金牌会员,低,流失沉睡,从未下单,2123.89,0.0,0.111284,首单唤醒大额券：满100-50，7天有效
U002179,钻石会员,高,流失沉睡,从未下单,23944.97,0.0,0.111283,首单唤醒大额券：满100-50，7天有效
U000379,铜牌会员,高,流失沉睡,从未下单,13464.22,0.0,0.11127,首单唤醒大额券：满100-50，7天有效
U000167,银牌会员,低,流失沉睡,从未下单,664.45,0.0,0.111251,首单唤醒大额券：满100-50，7天有效
U002722,银牌会员,低,流失沉睡,从未下单,2992.55,0.0,0.111138,首单唤醒大额券：满100-50，7天有效
U000255,普通会员,中,流失沉睡,从未下单,4519.37,0.0,0.111002,首单唤醒大额券：满100-50，7天有效
U002276,金牌会员,低,流失沉睡,从未下单,375.73,0.0,0.110971,首单唤醒大额券：满100-50，7天有效
U003303,银牌会员,低,流失沉睡,从未下单,1103.02,0.0,0.110957,首单唤醒大额券：满100-50，7天有效
U004333,铜牌会员,中,流失沉睡,从未下单,3920.1,0.0,0.110886,首单唤醒大额券：满100-50，7天有效
U003148,金牌会员,低,流失沉睡,从未下单,1853.78,0.0,0.11075,首单唤醒大额券：满100-50，7天有效
U003168,铜牌会员,中,流失沉睡,仅1单,4294.39,1.0,0.110705,复购唤醒券：满300-80，14天有效
U002407,普通会员,中,流失沉睡,从未下单,3031.53,0.0,0.110375,首单唤醒大额券：满100-50，7天有效
U003714,铜牌会员,高,流失沉睡,仅1单,25406.82,1.0,0.110188,复购唤醒券：满300-80，14天有效
U002864,铜牌会员,低,流失沉睡,从未下单,2197.6,0.0,0.110187,首单唤醒大额券：满100-50，7天有效
U002406,银牌会员,低,流失沉睡,仅1单,2946.1,1.0,0.109968,复购唤醒券：满300-80，14天有效
U001638,普通会员,低,流失沉睡,从未下单,2711.6,0.0,0.109956,首单唤醒大额券：满100-50，7天有效
U002725,金牌会员,低,流失沉睡,仅1单,2391.96,1.0,0.109934,复购唤醒券：满300-80，14天有效
U002297,普通会员,低,流失沉睡,仅1单,1688.85,1.0,0.10988,复购唤醒券：满300-80，14天有效
U000873,普通会员,中,流失沉睡,仅1单,3740.16,1.0,0.109877,复购唤醒券：满300-80，14天有效
U002102,铜牌会员,中,流失沉睡,仅1单,4124.5,1.0,0.109737,复购唤醒券：满300-80，14天有效
U000426,银牌会员,低,流失沉睡,仅1单,1170.8,1.0,0.109656,复购唤醒券：满300-80，14天有效
U003609,银牌会员,低,流失沉睡,仅1单,482.49,1.0,0.10965,复购唤醒券：满300-80，14天有效
U002699,铜牌会员,低,流失沉睡,从未下单,1734.67,0.0,0.109578,首单唤醒大额券：满100-50，7天有效
U004901,普通会员,低,流失沉睡,从未下单,2603.2,0.0,0.109552,首单唤醒大额券：满100-50，7天有效
U002614,铜牌会员,低,流失沉睡,从未下单,2491.69,0.0,0.109441,首单唤醒大额券：满100-50，7天有效
U003607,银牌会员,中,流失沉睡,仅1单,5626.67,1.0,0.109318,复购唤醒券：满300-80，14天有效
U000664,普通会员,中,流失沉睡,仅1单,4631.31,1.0,0.109309,复购唤醒券：满300-80，14天有效
U003922,钻石会员,低,流失沉睡,仅1单,982.44,1.0,0.109267,复购唤醒券：满300-80，14天有效
U001287,银牌会员,中,流失沉睡,从未下单,3492.4,0.0,0.109197,首单唤醒大额券：满100-50，7天有效
U002494,铜牌会员,低,流失沉睡,从未下单,2168.1,0.0,0.109165,首单唤醒大额券：满100-50，7天有效
U002476,金牌会员,低,流失沉睡,仅1单,1619.92,1.0,0.108909,复购唤醒券：满300-80，14天有效
U001009,普通会员,低,流失沉睡,仅1单,1958.5,1.0,0.108906,复购唤醒券：满300-80，14天有效
U003465,钻石会员,低,流失沉睡,复购≥2次,803.91,2.0,0.108349,复购唤醒券：满300-80，14天有效
U004281,银牌会员,低,流失沉睡,从未下单,2917.66,0.0,0.108109,首单唤醒大额券：满100-50，7天有效
U001139,银牌会员,低,流失沉睡,仅1单,2599.22,1.0,0.108085,复购唤醒券：满300-80，14天有效
U001110,银牌会员,中,流失沉睡,从未下单,5561.34,0.0,0.108045,首单唤醒大额券：满100-50，7天有效
U004861,银牌会员,低,流失沉睡,仅1单,2032.6,1.0,0.108045,复购唤醒券：满300-80，14天有效
U000201,铜牌会员,中,流失沉睡,仅1单,5805.37,1.0,0.107962,复购唤醒券：满300-80，14天有效
U003282,普通会员,低,流失沉睡,仅1单,2448.68,1.0,0.107934,复购唤醒券：满300-80，14天有效
U004350,铜牌会员,低,流失沉睡,仅1单,2588.44,1.0,0.107932,复购唤醒券：满300-80，14天有效
U003113,金牌会员,中,流失沉睡,仅1单,3499.09,1.0,0.107912,复购唤醒券：满300-80，14天有效
U001167,金牌会员,高,流失沉睡,仅1单,16265.8,1.0,0.107907,复购唤醒券：满300-80，14天有效
U000431,金牌会员,中,流失沉睡,从未下单,3701.94,0.0,0.107846,首单唤醒大额券：满100-50，7天有效
U001497,普通会员,高,流失沉睡,仅1单,12925.89,1.0,0.107844,复购唤醒券：满300-80，14天有效
U003407,金牌会员,低,流失沉睡,从未下单,770.27,0.0,0.10784,首单唤醒大额券：满100-50，7天有效
U003878,铜牌会员,高,流失沉睡,仅1单,18290.22,1.0,0.107753,复购唤醒券：满300-80，14天有效
U004012,铜牌会员,中,流失沉睡,从未下单,9208.32,0.0,0.107656,首单唤醒大额券：满100-50，7天有效
U001880,银牌会员,低,流失沉睡,从未下单,1877.94,0.0,0.107626,首单唤醒大额券：满100-50，7天有效
U000773,普通会员,低,流失沉睡,从未下单,1424.21,0.0,0.107477,首单唤醒大额券：满100-50，7天有效
U004400,银牌会员,低,流失沉睡,仅1单,1425.14,1.0,0.107409,复购唤醒券：满300-80，14天有效
U003758,普通会员,中,流失沉睡,从未下单,3820.79,0.0,0.107404,首单唤醒大额券：满100-50，7天有效
U003169,铜牌会员,高,流失沉睡,从未下单,30428.33,0.0,0.1073,首单唤醒大额券：满100-50，7天有效
U000398,普通会员,低,流失沉睡,仅1单,2429.24,1.0,0.107034,复购唤醒券：满300-80，14天有效
U000267,铜牌会员,中,流失沉睡,仅1单,3878.9,1.0,0.107015,复购唤醒券：满300-80，14天有效
U004047,银牌会员,中,流失沉睡,仅1单,3424.71,1.0,0.106999,复购唤醒券：满300-80，14天有效
U000898,银牌会员,中,流失沉睡,仅1单,5697.64,1.0,0.106983,复购唤醒券：满300-80，14天有效
U000909,普通会员,低,流失沉睡,从未下单,1080.87,0.0,0.106859,首单唤醒大额券：满100-50，7天有效
U000063,银牌会员,低,流失沉睡,仅1单,895.41,1.0,0.106802,复购唤醒券：满300-80，14天有效
U002701,金牌会员,中,流失沉睡,从未下单,5183.66,0.0,0.106758,首单唤醒大额券：满100-50，7天有效
U000670,铜牌会员,低,流失沉睡,仅1单,2461.45,1.0,0.106729,复购唤醒券：满300-80，14天有效
U003188,钻石会员,低,流失沉睡,仅1单,1182.23,1.0,0.106536,复购唤醒券：满300-80，14天有效
U001878,普通会员,低,流失沉睡,从未下单,1329.56,0.0,0.106531,首单唤醒大额券：满100-50，7天有效
U002974,普通会员,低,流失沉睡,仅1单,2487.05,1.0,0.106481,复购唤醒券：满300-80，14天有效
U001245,普通会员,高,流失沉睡,从未下单,18736.44,0.0,0.106336,首单唤醒大额券：满100-50，7天有效
U001347,银牌会员,低,流失沉睡,复购≥2次,542.84,2.0,0.10632,复购唤醒券：满300-80，14天有效
U002688,银牌会员,低,流失沉睡,从未下单,1022.83,0.0,0.106249,首单唤醒大额券：满100-50，7天有效
U003490,普通会员,中,流失沉睡,从未下单,7407.52,0.0,0.10618,首单唤醒大额券：满100-50，7天有效
U001949,银牌会员,低,流失沉睡,仅1单,1796.76,1.0,0.106179,复购唤醒券：满300-80，14天有效
U003547,铜牌会员,低,流失沉睡,从未下单,2776.82,0.0,0.106106,首单唤醒大额券：满100-50，7天有效
U000815,银牌会员,低,流失沉睡,从未下单,1116.16,0.0,0.106104,首单唤醒大额券：满100-50，7天有效
U001437,铜牌会员,低,流失沉睡,从未下单,2173.77,0.0,0.106072,首单唤醒大额券：满100-50，7天有效
U002535,铜牌会员,低,流失沉睡,仅1单,640.9,1.0,0.105887,复购唤醒券：满300-80，14天有效
U000155,普通会员,低,流失沉睡,从未下单,1707.2,0.0,0.10578,首单唤醒大额券：满100-50，7天有效
U000127,铜牌会员,低,流失沉睡,从未下单,475.64,0.0,0.105717,首单唤醒大额券：满100-50，7天有效
U001636,铜牌会员,中,流失沉睡,仅1单,9002.34,1.0,0.105716,复购唤醒券：满300-80，14天有效
U003227,金牌会员,低,流失沉睡,仅1单,1259.91,1.0,0.105471,复购唤醒券：满300-80，14天有效
U003640,银牌会员,中,流失沉睡,从未下单,4279.62,0.0,0.10524,首单唤醒大额券：满100-50，7天有效
U003807,铜牌会员,低,流失沉睡,从未下单,1291.62,0.0,0.105225,首单唤醒大额券：满100-50，7天有效
U000840,铜牌会员,中,流失沉睡,从未下单,3860.27,0.0,0.104929,首单唤醒大额券：满100-50，7天有效
U003182,普通会员,低,流失沉睡,从未下单,1357.01,0.0,0.104821,首单唤醒大额券：满100-50，7天有效
U001543,普通会员,中,流失沉睡,仅1单,3447.6,1.0,0.104737,复购唤醒券：满300-80，14天有效
U004616,金牌会员,低,流失沉睡,仅1单,1393.65,1.0,0.10471,复购唤醒券：满300-80，14天有效
U002389,铜牌会员,低,流失沉睡,仅1单,1980.58,1.0,0.104423,复购唤醒券：满300-80，14天有效
U003085,银牌会员,低,流失沉睡,仅1单,815.81,1.0,0.104352,复购唤醒券：满300-80，14天有效
U001431,铜牌会员,高,流失沉睡,从未下单,24377.33,0.0,0.104307,首单唤醒大额券：满100-50，7天有效
U000916,铜牌会员,中,流失沉睡,仅1单,5377.92,1.0,0.104296,复购唤醒券：满300-80，14天有效
U000399,铜牌会员,低,流失沉睡,仅1单,2937.35,1.0,0.103883,复购唤醒券：满300-80，14天有效
U003327,铜牌会员,低,流失沉睡,从未下单,410.71,0.0,0.103832,首单唤醒大额券：满100-50，7天有效
U004217,金牌会员,低,流失沉睡,仅1单,2440.81,1.0,0.10367,复购唤醒券：满300-80，14天有效
U001323,金牌会员,中,流失沉睡,从未下单,4225.76,0.0,0.103634,首单唤醒大额券：满100-50，7天有效
U003276,普通会员,低,流失沉睡,从未下单,1429.35,0.0,0.103601,首单唤醒大额券：满100-50，7天有效
U004686,普通会员,中,流失沉睡,仅1单,4250.32,1.0,0.103588,复购唤醒券：满300-80，14天有效
U003553,银牌会员,高,流失沉睡,仅1单,14093.2,1.0,0.103333,复购唤醒券：满300-80，14天有效
U004082,铜牌会员,低,流失沉睡,仅1单,2784.55,1.0,0.103314,复购唤醒券：满300-80，14天有效
U001133,铜牌会员,低,流失沉睡,仅1单,1647.25,1.0,0.103242,复购唤醒券：满300-80，14天有效
U002141,银牌会员,低,流失沉睡,仅1单,2290.63,1.0,0.103225,复购唤醒券：满300-80，14天有效
U002714,普通会员,中,流失沉睡,从未下单,4853.56,0.0,0.102923,首单唤醒大额券：满100-50，7天有效
U004328,普通会员,高,流失沉睡,从未下单,16101.08,0.0,0.102917,首单唤醒大额券：满100-50，7天有效
U002991,银牌会员,低,流失沉睡,从未下单,747.31,0.0,0.102819,首单唤醒大额券：满100-50，7天有效
U002852,金牌会员,中,流失沉睡,从未下单,3296.85,0.0,0.10278,首单唤醒大额券：满100-50，7天有效
U000965,银牌会员,低,流失沉睡,仅1单,709.3,1.0,0.102743,复购唤醒券：满300-80，14天有效
U002243,铜牌会员,中,流失沉睡,仅1单,3829.41,1.0,0.102711,复购唤醒券：满300-80，14天有效
U004791,银牌会员,低,流失沉睡,从未下单,1997.16,0.0,0.102664,首单唤醒大额券：满100-50，7天有效
U003567,铜牌会员,低,流失沉睡,从未下单,1405.99,0.0,0.102638,首单唤醒大额券：满100-50，7天有效
U002068,金牌会员,低,流失沉睡,从未下单,1769.19,0.0,0.102635,首单唤醒大额券：满100-50，7天有效
U001938,银牌会员,中,流失沉睡,仅1单,5109.15,1.0,0.102628,复购唤醒券：满300-80，14天有效
U003112,金牌会员,高,流失沉睡,从未下单,21810.36,0.0,0.102594,首单唤醒大额券：满100-50，7天有效
U000048,铜牌会员,低,流失沉睡,从未下单,557.67,0.0,0.102553,首单唤醒大额券：满100-50，7天有效
U003665,普通会员,中,流失沉睡,仅1单,4229.58,1.0,0.102545,复购唤醒券：满300-80，14天有效
U001008,铜牌会员,中,流失沉睡,从未下单,3463.42,0.0,0.102456,首单唤醒大额券：满100-50，7天有效
U004771,铜牌会员,高,流失沉睡,从未下单,15583.04,0.0,0.102385,首单唤醒大额券：满100-50，7天有效
U002075,金牌会员,中,流失沉睡,从未下单,4163.31,0.0,0.102369,首单唤醒大额券：满100-50，7天有效
U001845,铜牌会员,高,流失沉睡,仅1单,10690.5,1.0,0.10228,复购唤醒券：满300-80，14天有效
U003638,普通会员,高,流失沉睡,从未下单,16409.92,0.0,0.10223,首单唤醒大额券：满100-50，7天有效
U001602,银牌会员,低,流失沉睡,仅1单,2168.94,1.0,0.102219,复购唤醒券：满300-80，14天有效
U001943,银牌会员,低,流失沉睡,从未下单,1764.08,0.0,0.102189,首单唤醒大额券：满100-50，7天有效
U004405,普通会员,中,流失沉睡,仅1单,3994.76,1.0,0.101901,复购唤醒券：满300-80，14天有效
U003623,银牌会员,低,流失沉睡,从未下单,2693.88,0.0,0.101842,首单唤醒大额券：满100-50，7天有效
U002600,铜牌会员,中,流失沉睡,复购≥2次,3318.69,2.0,0.101581,复购唤醒券：满300-80，14天有效
U002013,铜牌会员,低,流失沉睡,仅1单,1908.14,1.0,0.10153,复购唤醒券：满300-80，14天有效
U000392,银牌会员,高,流失沉睡,从未下单,11318.61,0.0,0.101513,首单唤醒大额券：满100-50，7天有效
U002265,银牌会员,低,流失沉睡,从未下单,2425.48,0.0,0.101455,首单唤醒大额券：满100-50，7天有效
U004371,普通会员,中,流失沉睡,从未下单,3307.77,0.0,0.101451,首单唤醒大额券：满100-50，7天有效
U000968,铜牌会员,高,流失沉睡,从未下单,16582.68,0.0,0.10137,首单唤醒大额券：满100-50，7天有效
U003762,铜牌会员,高,流失沉睡,从未下单,20352.07,0.0,0.101332,首单唤醒大额券：满100-50，7天有效
U003373,银牌会员,低,流失沉睡,仅1单,875.01,1.0,0.101274,复购唤醒券：满300-80，14天有效
U000414,普通会员,低,流失沉睡,仅1单,2768.6,1.0,0.101133,复购唤醒券：满300-80，14天有效
U000646,铜牌会员,高,流失沉睡,仅1单,19856.18,1.0,0.100958,复购唤醒券：满300-80，14天有效
U004236,普通会员,低,流失沉睡,仅1单,1831.06,1.0,0.100903,复购唤醒券：满300-80，14天有效
U004127,铜牌会员,低,流失沉睡,从未下单,456.46,0.0,0.100828,首单唤醒大额券：满100-50，7天有效
U000511,银牌会员,低,流失沉睡,从未下单,992.71,0.0,0.100765,首单唤醒大额券：满100-50，7天有效
U003213,金牌会员,低,流失沉睡,仅1单,1872.55,1.0,0.100719,复购唤醒券：满300-80，14天有效
U002044,铜牌会员,低,流失沉睡,仅1单,1854.47,1.0,0.100714,复购唤醒券：满300-80，14天有效
U000320,银牌会员,高,流失沉睡,从未下单,22599.62,0.0,0.100676,首单唤醒大额券：满100-50，7天有效
U003267,银牌会员,低,流失沉睡,仅1单,2243.86,1.0,0.100653,复购唤醒券：满300-80，14天有效
U004646,银牌会员,中,流失沉睡,仅1单,5038.28,1.0,0.100604,复购唤醒券：满300-80，14天有效
U001007,银牌会员,低,流失沉睡,从未下单,1126.83,0.0,0.100479,首单唤醒大额券：满100-50，7天有效
U001961,普通会员,中,流失沉睡,从未下单,3233.36,0.0,0.100415,首单唤醒大额券：满100-50，7天有效
U001604,金牌会员,低,流失沉睡,仅1单,2620.15,1.0,0.100221,复购唤醒券：满300-80，14天有效
U003353,铜牌会员,低,流失沉睡,从未下单,1804.4,0.0,0.100168,首单唤醒大额券：满100-50，7天有效
U003492,普通会员,低,流失沉睡,仅1单,970.32,1.0,0.099997,复购唤醒券：满300-80，14天有效
U001802,铜牌会员,低,流失沉睡,从未下单,828.12,0.0,0.099988,首单唤醒大额券：满100-50，7天有效
U003028,普通会员,高,流失沉睡,从未下单,24476.21,0.0,0.099934,首单唤醒大额券：满100-50，7天有效
U000146,铜牌会员,低,流失沉睡,仅1单,905.98,1.0,0.099853,复购唤醒券：满300-80，14天有效
U002053,普通会员,低,流失沉睡,仅1单,2905.37,1.0,0.099837,复购唤醒券：满300-80，14天有效
U002797,金牌会员,中,流失沉睡,仅1单,4599.91,1.0,0.0998,复购唤醒券：满300-80，14天有效
U004613,铜牌会员,中,流失沉睡,从未下单,4069.99,0.0,0.099786,首单唤醒大额券：满100-50，7天有效
U000429,银牌会员,中,流失沉睡,仅1单,3484.03,1.0,0.099699,复购唤醒券：满300-80，14天有效
U003779,普通会员,中,流失沉睡,从未下单,3378.48,0.0,0.099576,首单唤醒大额券：满100-50，7天有效
U001496,钻石会员,低,流失沉睡,仅1单,363.4,1.0,0.09949,复购唤醒券：满300-80，14天有效
U000036,普通会员,低,流失沉睡,从未下单,2118.33,0.0,0.099294,首单唤醒大额券：满100-50，7天有效
U000557,普通会员,低,流失沉睡,仅1单,732.75,1.0,0.099263,复购唤醒券：满300-80，14天有效
U003426,铜牌会员,低,流失沉睡,仅1单,2635.2,1.0,0.099145,复购唤醒券：满300-80，14天有效
U003644,铜牌会员,低,流失沉睡,仅1单,705.54,1.0,0.099141,复购唤醒券：满300-80，14天有效
U002046,银牌会员,中,流失沉睡,从未下单,3008.07,0.0,0.099113,首单唤醒大额券：满100-50，7天有效
U000507,铜牌会员,低,流失沉睡,从未下单,893.19,0.0,0.099049,首单唤醒大额券：满100-50，7天有效
U000299,银牌会员,高,流失沉睡,从未下单,11472.6,0.0,0.098985,首单唤醒大额券：满100-50，7天有效
U003926,铜牌会员,高,流失沉睡,从未下单,26297.19,0.0,0.098948,首单唤醒大额券：满100-50，7天有效
U003652,银牌会员,低,流失沉睡,仅1单,2528.15,1.0,0.098868,复购唤醒券：满300-80，14天有效
U003955,铜牌会员,低,流失沉睡,仅1单,472.43,1.0,0.098867,复购唤醒券：满300-80，14天有效
U004751,钻石会员,高,流失沉睡,从未下单,17360.62,0.0,0.098864,首单唤醒大额券：满100-50，7天有效
U004622,金牌会员,中,流失沉睡,从未下单,5743.07,0.0,0.098655,首单唤醒大额券：满100-50，7天有效
U003440,银牌会员,中,流失沉睡,从未下单,3485.16,0.0,0.098641,首单唤醒大额券：满100-50，7天有效
U004527,铜牌会员,低,流失沉睡,从未下单,1440.5,0.0,0.098622,首单唤醒大额券：满100-50，7天有效
U003513,金牌会员,中,流失沉睡,仅1单,3363.76,1.0,0.098513,复购唤醒券：满300-80，14天有效
U003588,铜牌会员,高,流失沉睡,从未下单,17696.84,0.0,0.098441,首单唤醒大额券：满100-50，7天有效
U003914,铜牌会员,低,流失沉睡,从未下单,2939.9,0.0,0.09842,首单唤醒大额券：满100-50，7天有效
U003002,铜牌会员,低,流失沉睡,仅1单,1364.85,1.0,0.098327,复购唤醒券：满300-80，14天有效
U003099,银牌会员,中,流失沉睡,从未下单,3158.55,0.0,0.098268,首单唤醒大额券：满100-50，7天有效
U002905,普通会员,中,流失沉睡,从未下单,3136.48,0.0,0.098205,首单唤醒大额券：满100-50，7天有效
U002734,普通会员,低,流失沉睡,仅1单,1127.71,1.0,0.098186,复购唤醒券：满300-80，14天有效
U004716,铜牌会员,中,流失沉睡,仅1单,3876.98,1.0,0.098173,复购唤醒券：满300-80，14天有效
U001956,普通会员,低,流失沉睡,仅1单,851.42,1.0,0.09784,复购唤醒券：满300-80，14天有效
U000775,普通会员,低,流失沉睡,从未下单,1006.55,0.0,0.097772,首单唤醒大额券：满100-50，7天有效
U001925,金牌会员,低,流失沉睡,仅1单,628.11,1.0,0.09775,复购唤醒券：满300-80，14天有效
U002757,银牌会员,中,流失沉睡,仅1单,3378.95,1.0,0.097723,复购唤醒券：满300-80，14天有效
U004004,银牌会员,中,流失沉睡,仅1单,3043.2,1.0,0.097715,复购唤醒券：满300-80，14天有效
U002357,银牌会员,低,流失沉睡,从未下单,1659.63,0.0,0.097509,首单唤醒大额券：满100-50，7天有效
U000324,银牌会员,低,流失沉睡,从未下单,880.36,0.0,0.097459,首单唤醒大额券：满100-50，7天有效
U001210,铜牌会员,低,流失沉睡,仅1单,1851.8,1.0,0.097435,复购唤醒券：满300-80，14天有效
U000578,普通会员,低,流失沉睡,仅1单,1023.21,1.0,0.097283,复购唤醒券：满300-80，14天有效
U003838,普通会员,中,流失沉睡,仅1单,4120.45,1.0,0.097242,复购唤醒券：满300-80，14天有效
U001042,铜牌会员,低,流失沉睡,从未下单,2663.88,0.0,0.097203,首单唤醒大额券：满100-50，7天有效
U003350,铜牌会员,中,流失沉睡,从未下单,4212.64,0.0,0.097203,首单唤醒大额券：满100-50，7天有效
U000868,银牌会员,低,流失沉睡,从未下单,487.97,0.0,0.097138,首单唤醒大额券：满100-50，7天有效
U002590,普通会员,低,流失沉睡,仅1单,1369.44,1.0,0.096992,复购唤醒券：满300-80，14天有效
U004114,普通会员,中,流失沉睡,从未下单,3008.49,0.0,0.096939,首单唤醒大额券：满100-50，7天有效
U002040,普通会员,中,流失沉睡,仅1单,4152.7,1.0,0.096932,复购唤醒券：满300-80，14天有效
U002663,普通会员,低,流失沉睡,仅1单,2608.64,1.0,0.096794,复购唤醒券：满300-80，14天有效
U004441,普通会员,低,流失沉睡,从未下单,475.6,0.0,0.096788,首单唤醒大额券：满100-50，7天有效
U001556,普通会员,低,流失沉睡,从未下单,461.66,0.0,0.09674,首单唤醒大额券：满100-50，7天有效
U001353,银牌会员,低,流失沉睡,从未下单,1041.05,0.0,0.096739,首单唤醒大额券：满100-50，7天有效
U000104,普通会员,低,流失沉睡,仅1单,625.95,1.0,0.096583,复购唤醒券：满300-80，14天有效
U003543,铜牌会员,低,流失沉睡,仅1单,2637.92,1.0,0.096551,复购唤醒券：满300-80，14天有效
U003377,银牌会员,低,流失沉睡,从未下单,2857.73,0.0,0.096543,首单唤醒大额券：满100-50，7天有效
U000005,普通会员,中,流失沉睡,仅1单,3047.81,1.0,0.096433,复购唤醒券：满300-80，14天有效
U004037,普通会员,低,流失沉睡,仅1单,447.11,1.0,0.096418,复购唤醒券：满300-80，14天有效
U003005,铜牌会员,中,流失沉睡,从未下单,3097.78,0.0,0.096403,首单唤醒大额券：满100-50，7天有效
U004672,银牌会员,低,流失沉睡,从未下单,2628.09,0.0,0.096201,首单唤醒大额券：满100-50，7天有效
U003746,普通会员,低,流失沉睡,仅1单,1345.72,1.0,0.096162,复购唤醒券：满300-80，14天有效
U003262,银牌会员,中,流失沉睡,从未下单,4155.58,0.0,0.096025,首单唤醒大额券：满100-50，7天有效
U004055,铜牌会员,低,流失沉睡,从未下单,2284.88,0.0,0.096024,首单唤醒大额券：满100-50，7天有效
U001160,金牌会员,中,流失沉睡,仅1单,4756.75,1.0,0.09599,复购唤醒券：满300-80，14天有效
U000619,普通会员,高,流失沉睡,从未下单,12212.11,0.0,0.095936,首单唤醒大额券：满100-50，7天有效
U001368,普通会员,低,流失沉睡,仅1单,901.17,1.0,0.095917,复购唤醒券：满300-80，14天有效
U002212,铜牌会员,低,流失沉睡,仅1单,2519.3,1.0,0.095876,复购唤醒券：满300-80，14天有效
U004190,金牌会员,低,流失沉睡,仅1单,2707.34,1.0,0.095791,复购唤醒券：满300-80，14天有效
U001228,银牌会员,低,流失沉睡,仅1单,1431.0,1.0,0.095697,复购唤醒券：满300-80，14天有效
U000147,银牌会员,中,流失沉睡,从未下单,4046.39,0.0,0.095634,首单唤醒大额券：满100-50，7天有效
U000321,铜牌会员,中,流失沉睡,从未下单,3479.75,0.0,0.095611,首单唤醒大额券：满100-50，7天有效
U000691,普通会员,低,流失沉睡,从未下单,2961.67,0.0,0.095602,首单唤醒大额券：满100-50，7天有效
U003395,金牌会员,中,流失沉睡,仅1单,3013.27,1.0,0.095501,复购唤醒券：满300-80，14天有效
U004992,金牌会员,中,流失沉睡,从未下单,4111.67,0.0,0.095335,首单唤醒大额券：满100-50，7天有效
U001561,银牌会员,中,流失沉睡,仅1单,4133.23,1.0,0.095313,复购唤醒券：满300-80，14天有效
U001344,银牌会员,中,流失沉睡,从未下单,4525.35,0.0,0.095285,首单唤醒大额券：满100-50，7天有效
U000208,铜牌会员,低,流失沉睡,从未下单,1783.9,0.0,0.095223,首单唤醒大额券：满100-50，7天有效
U002423,银牌会员,低,流失沉睡,仅1单,2217.38,1.0,0.095131,复购唤醒券：满300-80，14天有效
U004617,金牌会员,高,流失沉睡,从未下单,21843.01,0.0,0.09511,首单唤醒大额券：满100-50，7天有效
U000096,铜牌会员,低,流失沉睡,仅1单,1352.16,1.0,0.095085,复购唤醒券：满300-80，14天有效
U002397,银牌会员,中,流失沉睡,从未下单,3752.12,0.0,0.095057,首单唤醒大额券：满100-50，7天有效
U002669,银牌会员,低,流失沉睡,从未下单,2553.15,0.0,0.095015,首单唤醒大额券：满100-50，7天有效
U001494,金牌会员,中,流失沉睡,从未下单,3101.91,0.0,0.094944,首单唤醒大额券：满100-50，7天有效
U001384,铜牌会员,中,流失沉睡,从未下单,3047.75,0.0,0.094901,首单唤醒大额券：满100-50，7天有效
U003688,银牌会员,低,流失沉睡,仅1单,942.45,1.0,0.094896,复购唤醒券：满300-80，14天有效
U000337,普通会员,低,流失沉睡,从未下单,755.46,0.0,0.094876,首单唤醒大额券：满100-50，7天有效
U000421,金牌会员,低,流失沉睡,从未下单,484.84,0.0,0.094869,首单唤醒大额券：满100-50，7天有效
U002686,金牌会员,中,流失沉睡,仅1单,3805.4,1.0,0.09467,复购唤醒券：满300-80，14天有效
U003103,金牌会员,低,流失沉睡,从未下单,315.22,0.0,0.094652,首单唤醒大额券：满100-50，7天有效
U001572,银牌会员,低,流失沉睡,从未下单,518.71,0.0,0.094631,首单唤醒大额券：满100-50，7天有效
U000623,铜牌会员,低,流失沉睡,仅1单,1330.09,1.0,0.094597,复购唤醒券：满300-80，14天有效
U002758,铜牌会员,低,流失沉睡,仅1单,2591.64,1.0,0.094578,复购唤醒券：满300-80，14天有效
U000368,铜牌会员,高,流失沉睡,仅1单,29474.48,1.0,0.09453,复购唤醒券：满300-80，14天有效
U001021,普通会员,低,流失沉睡,仅1单,1911.79,1.0,0.094341,复购唤醒券：满300-80，14天有效
U004620,铜牌会员,低,流失沉睡,从未下单,2337.77,0.0,0.09432,首单唤醒大额券：满100-50，7天有效
U001536,铜牌会员,中,流失沉睡,从未下单,4590.66,0.0,0.094311,首单唤醒大额券：满100-50，7天有效
U001613,银牌会员,中,流失沉睡,仅1单,3387.25,1.0,0.094304,复购唤醒券：满300-80，14天有效
U002011,普通会员,低,流失沉睡,仅1单,1233.94,1.0,0.094302,复购唤醒券：满300-80，14天有效
U002526,银牌会员,低,流失沉睡,仅1单,2302.38,1.0,0.094215,复购唤醒券：满300-80，14天有效
U001639,普通会员,中,流失沉睡,仅1单,3624.32,1.0,0.094204,复购唤醒券：满300-80，14天有效
U002425,银牌会员,中,流失沉睡,仅1单,3560.26,1.0,0.094176,复购唤醒券：满300-80，14天有效
U001408,普通会员,中,流失沉睡,从未下单,5132.22,0.0,0.094158,首单唤醒大额券：满100-50，7天有效
U003425,铜牌会员,低,流失沉睡,仅1单,1770.17,1.0,0.094041,复购唤醒券：满300-80，14天有效
U000342,普通会员,低,流失沉睡,从未下单,1009.48,0.0,0.094024,首单唤醒大额券：满100-50，7天有效
U002731,银牌会员,低,流失沉睡,从未下单,778.43,0.0,0.093949,首单唤醒大额券：满100-50，7天有效
U000760,铜牌会员,高,流失沉睡,从未下单,11947.11,0.0,0.093948,首单唤醒大额券：满100-50，7天有效
U001170,普通会员,中,流失沉睡,从未下单,4108.89,0.0,0.093887,首单唤醒大额券：满100-50，7天有效
U002808,金牌会员,低,流失沉睡,从未下单,357.58,0.0,0.093887,首单唤醒大额券：满100-50，7天有效
U001647,银牌会员,中,流失沉睡,从未下单,7497.21,0.0,0.09384,首单唤醒大额券：满100-50，7天有效
U003133,铜牌会员,中,流失沉睡,仅1单,3736.46,1.0,0.09382,复购唤醒券：满300-80，14天有效
U003985,铜牌会员,高,流失沉睡,从未下单,17482.96,0.0,0.093787,首单唤醒大额券：满100-50，7天有效
U000751,普通会员,低,流失沉睡,从未下单,2679.24,0.0,0.093771,首单唤醒大额券：满100-50，7天有效
U000885,金牌会员,中,流失沉睡,仅1单,3767.77,1.0,0.093743,复购唤醒券：满300-80，14天有效
U000009,铜牌会员,中,流失沉睡,从未下单,3518.64,0.0,0.093702,首单唤醒大额券：满100-50，7天有效
U003458,铜牌会员,低,流失沉睡,仅1单,1275.03,1.0,0.093612,复购唤醒券：满300-80，14天有效
U002783,银牌会员,中,流失沉睡,仅1单,3245.33,1.0,0.093565,复购唤醒券：满300-80，14天有效
U002516,铜牌会员,中,流失沉睡,从未下单,4057.54,0.0,0.093473,首单唤醒大额券：满100-50，7天有效
U000613,金牌会员,中,流失沉睡,仅1单,3146.22,1.0,0.093352,复购唤醒券：满300-80，14天有效
U000794,铜牌会员,中,流失沉睡,仅1单,3201.39,1.0,0.093261,复购唤醒券：满300-80，14天有效
U003474,普通会员,中,流失沉睡,仅1单,3433.65,1.0,0.093223,复购唤醒券：满300-80，14天有效
U001909,普通会员,低,流失沉睡,仅1单,594.39,1.0,0.093222,复购唤醒券：满300-80，14天有效
U000945,普通会员,中,流失沉睡,从未下单,3745.18,0.0,0.093144,首单唤醒大额券：满100-50，7天有效
U003300,银牌会员,中,流失沉睡,从未下单,3419.67,0.0,0.093079,首单唤醒大额券：满100-50，7天有效
U002768,普通会员,低,流失沉睡,仅1单,1059.91,1.0,0.09305,复购唤醒券：满300-80，14天有效
U004050,普通会员,低,流失沉睡,从未下单,2935.37,0.0,0.093028,首单唤醒大额券：满100-50，7天有效
U004382,银牌会员,低,流失沉睡,仅1单,2415.71,1.0,0.093002,复购唤醒券：满300-80，14天有效
U000746,铜牌会员,高,流失沉睡,从未下单,23712.26,0.0,0.092788,首单唤醒大额券：满100-50，7天有效
U000647,铜牌会员,低,流失沉睡,从未下单,1619.72,0.0,0.092745,首单唤醒大额券：满100-50，7天有效
U001333,普通会员,低,流失沉睡,仅1单,1259.72,1.0,0.092724,复购唤醒券：满300-80，14天有效
U004308,普通会员,低,流失沉睡,从未下单,1789.96,0.0,0.092701,首单唤醒大额券：满100-50，7天有效
U004627,钻石会员,中,流失沉睡,仅1单,3803.37,1.0,0.092557,复购唤醒券：满300-80，14天有效
U002131,铜牌会员,低,流失沉睡,从未下单,455.36,0.0,0.092484,首单唤醒大额券：满100-50，7天有效
U003471,金牌会员,低,流失沉睡,仅1单,1480.54,1.0,0.092459,复购唤醒券：满300-80，14天有效
U003422,银牌会员,低,流失沉睡,仅1单,2562.06,1.0,0.092425,复购唤醒券：满300-80，14天有效
U004899,银牌会员,低,流失沉睡,从未下单,854.58,0.0,0.092418,首单唤醒大额券：满100-50，7天有效
U000988,金牌会员,低,流失沉睡,从未下单,1578.52,0.0,0.092414,首单唤醒大额券：满100-50，7天有效
U001815,银牌会员,低,流失沉睡,仅1单,943.82,1.0,0.09236,复购唤醒券：满300-80，14天有效
U003987,铜牌会员,低,流失沉睡,从未下单,2565.62,0.0,0.092346,首单唤醒大额券：满100-50，7天有效
U001982,普通会员,中,流失沉睡,仅1单,3824.49,1.0,0.092282,复购唤醒券：满300-80，14天有效
U002331,铜牌会员,低,流失沉睡,从未下单,2522.49,0.0,0.092256,首单唤醒大额券：满100-50，7天有效
U000351,普通会员,中,流失沉睡,从未下单,7773.21,0.0,0.092177,首单唤醒大额券：满100-50，7天有效
U001231,铜牌会员,中,流失沉睡,仅1单,3498.29,1.0,0.092123,复购唤醒券：满300-80，14天有效
U000825,银牌会员,低,流失沉睡,从未下单,552.52,0.0,0.092118,首单唤醒大额券：满100-50，7天有效
U004953,铜牌会员,低,流失沉睡,仅1单,934.9,1.0,0.09204,复购唤醒券：满300-80，14天有效
U003335,铜牌会员,低,流失沉睡,仅1单,541.39,1.0,0.092033,复购唤醒券：满300-80，14天有效
U000592,铜牌会员,低,流失沉睡,从未下单,2910.28,0.0,0.092019,首单唤醒大额券：满100-50，7天有效
U001362,金牌会员,高,流失沉睡,从未下单,18262.89,0.0,0.09194,首单唤醒大额券：满100-50，7天有效
U001916,普通会员,中,流失沉睡,从未下单,4614.99,0.0,0.091923,首单唤醒大额券：满100-50，7天有效
U001144,普通会员,低,流失沉睡,从未下单,2973.64,0.0,0.09192,首单唤醒大额券：满100-50，7天有效
U004970,银牌会员,低,流失沉睡,仅1单,2340.23,1.0,0.091875,复购唤醒券：满300-80，14天有效
U003109,钻石会员,中,流失沉睡,从未下单,3694.63,0.0,0.091872,首单唤醒大额券：满100-50，7天有效
U002073,铜牌会员,高,流失沉睡,从未下单,10999.51,0.0,0.091871,首单唤醒大额券：满100-50，7天有效
U003537,金牌会员,低,流失沉睡,从未下单,2829.63,0.0,0.091789,首单唤醒大额券：满100-50，7天有效
U004553,银牌会员,低,流失沉睡,仅1单,711.65,1.0,0.091727,复购唤醒券：满300-80，14天有效
U003873,铜牌会员,低,流失沉睡,仅1单,587.76,1.0,0.091697,复购唤醒券：满300-80，14天有效
U003449,铜牌会员,中,流失沉睡,从未下单,3500.46,0.0,0.091668,首单唤醒大额券：满100-50，7天有效
U002197,银牌会员,中,流失沉睡,仅1单,4028.01,1.0,0.091608,复购唤醒券：满300-80，14天有效
U000034,铜牌会员,中,流失沉睡,从未下单,5392.52,0.0,0.091593,首单唤醒大额券：满100-50，7天有效
U003311,银牌会员,低,流失沉睡,仅1单,2272.32,1.0,0.091573,复购唤醒券：满300-80，14天有效
U001846,普通会员,中,流失沉睡,从未下单,3849.15,0.0,0.091495,首单唤醒大额券：满100-50，7天有效
U004387,普通会员,低,流失沉睡,从未下单,1790.46,0.0,0.091489,首单唤醒大额券：满100-50，7天有效
U002569,铜牌会员,低,流失沉睡,仅1单,1565.53,1.0,0.091304,复购唤醒券：满300-80，14天有效
U002936,铜牌会员,中,流失沉睡,仅1单,3892.5,1.0,0.09128,复购唤醒券：满300-80，14天有效
U002061,铜牌会员,低,流失沉睡,从未下单,1451.84,0.0,0.091239,首单唤醒大额券：满100-50，7天有效
U001958,铜牌会员,低,流失沉睡,仅1单,1299.62,1.0,0.091112,复购唤醒券：满300-80，14天有效
U001164,铜牌会员,低,流失沉睡,从未下单,668.77,0.0,0.091103,首单唤醒大额券：满100-50，7天有效
U000526,普通会员,低,流失沉睡,从未下单,2247.2,0.0,0.091094,首单唤醒大额券：满100-50，7天有效
U002173,银牌会员,低,流失沉睡,仅1单,2182.33,1.0,0.090965,复购唤醒券：满300-80，14天有效
U001429,金牌会员,中,流失沉睡,仅1单,3488.3,1.0,0.090955,复购唤醒券：满300-80，14天有效
U001847,普通会员,中,流失沉睡,仅1单,3867.01,1.0,0.090902,复购唤醒券：满300-80，14天有效
U003406,钻石会员,低,流失沉睡,仅1单,348.74,1.0,0.090817,复购唤醒券：满300-80，14天有效
U003565,银牌会员,高,流失沉睡,仅1单,18352.38,1.0,0.090789,复购唤醒券：满300-80，14天有效
U003329,银牌会员,中,流失沉睡,从未下单,3433.39,0.0,0.090696,首单唤醒大额券：满100-50，7天有效
U004534,普通会员,中,流失沉睡,从未下单,3228.25,0.0,0.090676,首单唤醒大额券：满100-50，7天有效
U004484,铜牌会员,中,流失沉睡,仅1单,4078.54,1.0,0.090652,复购唤醒券：满300-80，14天有效
U004242,金牌会员,低,流失沉睡,仅1单,1121.95,1.0,0.090609,复购唤醒券：满300-80，14天有效
U000428,铜牌会员,中,流失沉睡,从未下单,4028.18,0.0,0.090544,首单唤醒大额券：满100-50，7天有效
U002530,金牌会员,低,流失沉睡,仅1单,878.1,1.0,0.090228,复购唤醒券：满300-80，14天有效
U003515,普通会员,中,流失沉睡,仅1单,4195.2,1.0,0.090226,复购唤醒券：满300-80，14天有效
U003482,普通会员,低,流失沉睡,从未下单,624.97,0.0,0.089911,首单唤醒大额券：满100-50，7天有效
U002737,银牌会员,高,流失沉睡,仅1单,20569.27,1.0,0.089744,复购唤醒券：满300-80，14天有效
U001057,普通会员,低,流失沉睡,从未下单,2544.75,0.0,0.089717,首单唤醒大额券：满100-50，7天有效
U004163,普通会员,低,流失沉睡,从未下单,1245.77,0.0,0.089698,首单唤醒大额券：满100-50，7天有效
U004467,钻石会员,低,流失沉睡,仅1单,431.67,1.0,0.089652,复购唤醒券：满300-80，14天有效
U001444,普通会员,低,流失沉睡,从未下单,2120.36,0.0,0.089598,首单唤醒大额券：满100-50，7天有效
U004782,铜牌会员,低,流失沉睡,从未下单,708.31,0.0,0.089589,首单唤醒大额券：满100-50，7天有效
U002304,铜牌会员,低,流失沉睡,仅1单,2169.0,1.0,0.08955,复购唤醒券：满300-80，14天有效
U002183,铜牌会员,中,流失沉睡,仅1单,3613.26,1.0,0.089363,复购唤醒券：满300-80，14天有效
U003372,银牌会员,低,流失沉睡,从未下单,2057.58,0.0,0.089331,首单唤醒大额券：满100-50，7天有效
U000233,普通会员,低,流失沉睡,从未下单,1478.6,0.0,0.089315,首单唤醒大额券：满100-50，7天有效
U003313,普通会员,低,流失沉睡,从未下单,1003.31,0.0,0.089257,首单唤醒大额券：满100-50，7天有效
U000488,铜牌会员,低,流失沉睡,从未下单,1314.49,0.0,0.089254,首单唤醒大额券：满100-50，7天有效
U000494,铜牌会员,低,流失沉睡,从未下单,2457.04,0.0,0.089132,首单唤醒大额券：满100-50，7天有效
U004755,铜牌会员,低,流失沉睡,仅1单,634.38,1.0,0.089026,复购唤醒券：满300-80，14天有效
U002158,银牌会员,低,流失沉睡,从未下单,583.37,0.0,0.088907,首单唤醒大额券：满100-50，7天有效
U003030,银牌会员,低,流失沉睡,仅1单,416.34,1.0,0.088902,复购唤醒券：满300-80，14天有效
U002305,普通会员,低,流失沉睡,从未下单,1387.69,0.0,0.088838,首单唤醒大额券：满100-50，7天有效
U003423,铜牌会员,低,流失沉睡,仅1单,880.97,1.0,0.088828,复购唤醒券：满300-80，14天有效
U000805,普通会员,中,流失沉睡,从未下单,3738.93,0.0,0.088791,首单唤醒大额券：满100-50，7天有效
U002260,银牌会员,低,流失沉睡,从未下单,1350.0,0.0,0.088783,首单唤醒大额券：满100-50，7天有效
U003176,铜牌会员,低,流失沉睡,从未下单,1114.66,0.0,0.088704,首单唤醒大额券：满100-50，7天有效
U000912,银牌会员,中,流失沉睡,仅1单,3315.34,1.0,0.088562,复购唤醒券：满300-80，14天有效
U002464,金牌会员,低,流失沉睡,从未下单,798.85,0.0,0.0885,首单唤醒大额券：满100-50，7天有效
U003124,普通会员,低,流失沉睡,从未下单,2118.76,0.0,0.088487,首单唤醒大额券：满100-50，7天有效
U004603,钻石会员,低,流失沉睡,仅1单,427.91,1.0,0.088484,复购唤醒券：满300-80，14天有效
U003100,银牌会员,低,流失沉睡,仅1单,2303.32,1.0,0.088447,复购唤醒券：满300-80，14天有效
U001841,铜牌会员,高,流失沉睡,从未下单,14088.36,0.0,0.088399,首单唤醒大额券：满100-50，7天有效
U001623,普通会员,低,流失沉睡,从未下单,947.14,0.0,0.088353,首单唤醒大额券：满100-50，7天有效
U003826,银牌会员,低,流失沉睡,仅1单,1107.85,1.0,0.088297,复购唤醒券：满300-80，14天有效
U002477,铜牌会员,低,流失沉睡,从未下单,1271.97,0.0,0.088292,首单唤醒大额券：满100-50，7天有效
U003501,普通会员,低,流失沉睡,仅1单,1000.85,1.0,0.088266,复购唤醒券：满300-80，14天有效
U001104,普通会员,中,流失沉睡,从未下单,4080.48,0.0,0.088223,首单唤醒大额券：满100-50，7天有效
U002140,铜牌会员,中,流失沉睡,从未下单,3259.56,0.0,0.088195,首单唤醒大额券：满100-50，7天有效
U001478,银牌会员,高,流失沉睡,仅1单,17061.9,1.0,0.088189,复购唤醒券：满300-80，14天有效
U001274,铜牌会员,低,流失沉睡,仅1单,735.03,1.0,0.088158,复购唤醒券：满300-80，14天有效
U000397,金牌会员,低,流失沉睡,仅1单,1236.83,1.0,0.08814,复购唤醒券：满300-80，14天有效
U004053,铜牌会员,中,流失沉睡,从未下单,3098.78,0.0,0.088124,首单唤醒大额券：满100-50，7天有效
U000032,普通会员,低,流失沉睡,仅1单,2464.14,1.0,0.088022,复购唤醒券：满300-80，14天有效
U002952,金牌会员,低,流失沉睡,仅1单,828.58,1.0,0.088004,复购唤醒券：满300-80，14天有效
U003741,银牌会员,中,流失沉睡,仅1单,3673.04,1.0,0.087985,复购唤醒券：满300-80，14天有效
U004912,银牌会员,低,流失沉睡,从未下单,2477.65,0.0,0.087764,首单唤醒大额券：满100-50，7天有效
U002177,铜牌会员,低,流失沉睡,仅1单,1508.24,1.0,0.087732,复购唤醒券：满300-80，14天有效
U001464,铜牌会员,低,流失沉睡,仅1单,1446.32,1.0,0.087669,复购唤醒券：满300-80，14天有效
U004598,普通会员,低,流失沉睡,从未下单,372.76,0.0,0.087661,首单唤醒大额券：满100-50，7天有效
U004537,普通会员,中,流失沉睡,仅1单,9544.37,1.0,0.087638,复购唤醒券：满300-80，14天有效
U004642,普通会员,低,流失沉睡,仅1单,2745.87,1.0,0.087615,复购唤醒券：满300-80，14天有效
U002227,金牌会员,低,流失沉睡,仅1单,2105.97,1.0,0.087373,复购唤醒券：满300-80，14天有效
U002735,铜牌会员,低,流失沉睡,仅1单,1444.88,1.0,0.087314,复购唤醒券：满300-80，14天有效
U000755,铜牌会员,中,流失沉睡,仅1单,3614.6,1.0,0.087274,复购唤醒券：满300-80，14天有效
U003239,普通会员,高,流失沉睡,从未下单,26344.98,0.0,0.087236,首单唤醒大额券：满100-50，7天有效
U004465,普通会员,低,流失沉睡,从未下单,1698.97,0.0,0.087125,首单唤醒大额券：满100-50，7天有效
U003716,铜牌会员,低,流失沉睡,从未下单,760.56,0.0,0.087083,首单唤醒大额券：满100-50，7天有效
U001937,普通会员,中,流失沉睡,仅1单,3643.95,1.0,0.087066,复购唤醒券：满300-80，14天有效
U000030,金牌会员,低,流失沉睡,从未下单,1651.98,0.0,0.086968,首单唤醒大额券：满100-50，7天有效
U002224,金牌会员,低,流失沉睡,从未下单,2543.88,0.0,0.086585,首单唤醒大额券：满100-50，7天有效
U002558,银牌会员,低,流失沉睡,仅1单,1129.8,1.0,0.086572,复购唤醒券：满300-80，14天有效
U003933,普通会员,低,流失沉睡,从未下单,1132.52,0.0,0.086449,首单唤醒大额券：满100-50，7天有效
U001659,普通会员,低,流失沉睡,从未下单,691.28,0.0,0.086446,首单唤醒大额券：满100-50，7天有效
U003175,普通会员,低,流失沉睡,仅1单,1311.54,1.0,0.086427,复购唤醒券：满300-80，14天有效
U001134,钻石会员,中,流失沉睡,从未下单,5371.98,0.0,0.086393,首单唤醒大额券：满100-50，7天有效
U003872,铜牌会员,中,流失沉睡,复购≥2次,3264.01,2.0,0.086348,复购唤醒券：满300-80，14天有效
U000977,普通会员,低,流失沉睡,从未下单,551.52,0.0,0.086325,首单唤醒大额券：满100-50，7天有效
U001198,金牌会员,低,流失沉睡,仅1单,1237.21,1.0,0.086311,复购唤醒券：满300-80，14天有效
U001505,铜牌会员,中,流失沉睡,仅1单,3569.74,1.0,0.08628,复购唤醒券：满300-80，14天有效
U003357,银牌会员,中,流失沉睡,从未下单,4121.74,0.0,0.086196,首单唤醒大额券：满100-50，7天有效
U001295,银牌会员,低,流失沉睡,仅1单,455.42,1.0,0.086166,复购唤醒券：满300-80，14天有效
U004229,铜牌会员,低,流失沉睡,从未下单,1165.02,0.0,0.086158,首单唤醒大额券：满100-50，7天有效
U004390,普通会员,低,流失沉睡,仅1单,664.37,1.0,0.086136,复购唤醒券：满300-80，14天有效
U004128,普通会员,低,流失沉睡,从未下单,2828.44,0.0,0.086117,首单唤醒大额券：满100-50，7天有效
U000626,普通会员,低,流失沉睡,从未下单,1594.6,0.0,0.085993,首单唤醒大额券：满100-50，7天有效
U003417,普通会员,低,流失沉睡,仅1单,2860.84,1.0,0.085975,复购唤醒券：满300-80，14天有效
U002188,普通会员,低,流失沉睡,从未下单,1525.91,0.0,0.085953,首单唤醒大额券：满100-50，7天有效
U002583,普通会员,中,流失沉睡,仅1单,3126.51,1.0,0.08593,复购唤醒券：满300-80，14天有效
U004769,金牌会员,低,流失沉睡,从未下单,2634.68,0.0,0.085874,首单唤醒大额券：满100-50，7天有效
U000417,铜牌会员,中,流失沉睡,从未下单,4046.5,0.0,0.085869,首单唤醒大额券：满100-50，7天有效
U003220,普通会员,低,流失沉睡,仅1单,2916.0,1.0,0.085658,复购唤醒券：满300-80，14天有效
U000463,铜牌会员,低,流失沉睡,从未下单,1092.39,0.0,0.085647,首单唤醒大额券：满100-50，7天有效
U004235,普通会员,低,流失沉睡,仅1单,934.26,1.0,0.085625,复购唤醒券：满300-80，14天有效
U001451,普通会员,低,流失沉睡,从未下单,277.83,0.0,0.085579,首单唤醒大额券：满100-50，7天有效
U000753,铜牌会员,低,流失沉睡,从未下单,283.62,0.0,0.085425,首单唤醒大额券：满100-50，7天有效
U002677,铜牌会员,低,流失沉睡,从未下单,1948.51,0.0,0.085323,首单唤醒大额券：满100-50，7天有效
U002092,银牌会员,中,流失沉睡,从未下单,3360.52,0.0,0.085304,首单唤醒大额券：满100-50，7天有效
U004243,铜牌会员,中,流失沉睡,从未下单,3259.35,0.0,0.085276,首单唤醒大额券：满100-50，7天有效
U002691,金牌会员,中,流失沉睡,仅1单,3020.89,1.0,0.085197,复购唤醒券：满300-80，14天有效
U003772,银牌会员,低,流失沉睡,仅1单,375.71,1.0,0.085178,复购唤醒券：满300-80，14天有效
U000434,钻石会员,低,流失沉睡,从未下单,1300.35,0.0,0.085151,首单唤醒大额券：满100-50，7天有效
U000043,银牌会员,高,流失沉睡,从未下单,21563.76,0.0,0.085107,首单唤醒大额券：满100-50，7天有效
U000222,普通会员,低,流失沉睡,从未下单,871.37,0.0,0.085107,首单唤醒大额券：满100-50，7天有效
U002142,银牌会员,低,流失沉睡,仅1单,1060.6,1.0,0.085097,复购唤醒券：满300-80，14天有效
U002150,普通会员,中,流失沉睡,仅1单,3398.91,1.0,0.085094,复购唤醒券：满300-80，14天有效
U000530,普通会员,中,流失沉睡,从未下单,3712.67,0.0,0.085084,首单唤醒大额券：满100-50，7天有效
U000073,金牌会员,低,流失沉睡,从未下单,2577.42,0.0,0.085001,首单唤醒大额券：满100-50，7天有效
U004948,银牌会员,中,流失沉睡,仅1单,4069.8,1.0,0.084954,复购唤醒券：满300-80，14天有效
U002259,金牌会员,低,流失沉睡,从未下单,481.13,0.0,0.084944,首单唤醒大额券：满100-50，7天有效
U000449,铜牌会员,低,流失沉睡,仅1单,2370.97,1.0,0.084917,复购唤醒券：满300-80，14天有效
U002186,银牌会员,低,流失沉睡,从未下单,747.08,0.0,0.084777,首单唤醒大额券：满100-50，7天有效
U000515,铜牌会员,低,流失沉睡,仅1单,2052.71,1.0,0.084618,复购唤醒券：满300-80，14天有效
U004412,普通会员,中,流失沉睡,仅1单,3946.84,1.0,0.084541,复购唤醒券：满300-80，14天有效
U002988,金牌会员,低,流失沉睡,仅1单,1189.39,1.0,0.084507,复购唤醒券：满300-80，14天有效
U001784,银牌会员,中,流失沉睡,从未下单,3421.28,0.0,0.084439,首单唤醒大额券：满100-50，7天有效
U001020,铜牌会员,低,流失沉睡,从未下单,1603.67,0.0,0.084384,首单唤醒大额券：满100-50，7天有效
U003533,银牌会员,低,流失沉睡,从未下单,1959.99,0.0,0.084381,首单唤醒大额券：满100-50，7天有效
U000917,银牌会员,低,流失沉睡,仅1单,2201.62,1.0,0.084379,复购唤醒券：满300-80，14天有效
U002250,铜牌会员,低,流失沉睡,仅1单,741.61,1.0,0.084368,复购唤醒券：满300-80，14天有效
U001147,铜牌会员,中,流失沉睡,仅1单,4271.97,1.0,0.08434,复购唤醒券：满300-80，14天有效
U004980,普通会员,低,流失沉睡,仅1单,625.35,1.0,0.084258,复购唤醒券：满300-80，14天有效
U001266,普通会员,低,流失沉睡,从未下单,1292.56,0.0,0.084242,首单唤醒大额券：满100-50，7天有效
U001445,铜牌会员,中,流失沉睡,从未下单,3516.28,0.0,0.084197,首单唤醒大额券：满100-50，7天有效
U002801,铜牌会员,低,流失沉睡,仅1单,1456.21,1.0,0.084166,复购唤醒券：满300-80，14天有效
U001284,普通会员,低,流失沉睡,从未下单,2261.56,0.0,0.084158,首单唤醒大额券：满100-50，7天有效
U001291,金牌会员,低,流失沉睡,仅1单,1502.29,1.0,0.084096,复购唤醒券：满300-80，14天有效
U002582,普通会员,中,流失沉睡,从未下单,3912.41,0.0,0.084093,首单唤醒大额券：满100-50，7天有效
U002956,铜牌会员,低,流失沉睡,仅1单,2424.86,1.0,0.084068,复购唤醒券：满300-80，14天有效
U000072,铜牌会员,低,流失沉睡,仅1单,2970.97,1.0,0.084063,复购唤醒券：满300-80，14天有效
U004869,银牌会员,低,流失沉睡,仅1单,2237.43,1.0,0.084032,复购唤醒券：满300-80，14天有效
U001825,普通会员,低,流失沉睡,从未下单,1487.98,0.0,0.083996,首单唤醒大额券：满100-50，7天有效
U002641,普通会员,低,流失沉睡,从未下单,558.65,0.0,0.083865,首单唤醒大额券：满100-50，7天有效
U000998,银牌会员,中,流失沉睡,从未下单,3498.64,0.0,0.08386,首单唤醒大额券：满100-50，7天有效
U003997,普通会员,低,流失沉睡,仅1单,756.87,1.0,0.083809,复购唤醒券：满300-80，14天有效
U002931,银牌会员,低,流失沉睡,从未下单,2712.14,0.0,0.08378,首单唤醒大额券：满100-50，7天有效
U000659,铜牌会员,低,流失沉睡,仅1单,1220.95,1.0,0.08377,复购唤醒券：满300-80，14天有效
U001724,钻石会员,低,流失沉睡,仅1单,723.69,1.0,0.083676,复购唤醒券：满300-80，14天有效
U002782,银牌会员,低,流失沉睡,仅1单,2290.84,1.0,0.083663,复购唤醒券：满300-80，14天有效
U004530,铜牌会员,中,流失沉睡,仅1单,3674.96,1.0,0.083607,复购唤醒券：满300-80，14天有效
U003198,普通会员,中,流失沉睡,从未下单,3413.4,0.0,0.083605,首单唤醒大额券：满100-50，7天有效
U002285,金牌会员,低,流失沉睡,仅1单,488.55,1.0,0.083597,复购唤醒券：满300-80，14天有效
U004779,铜牌会员,中,流失沉睡,仅1单,3868.22,1.0,0.083359,复购唤醒券：满300-80，14天有效
U002067,普通会员,低,流失沉睡,仅1单,1262.42,1.0,0.083276,复购唤醒券：满300-80，14天有效
U002394,普通会员,低,流失沉睡,仅1单,2491.01,1.0,0.083225,复购唤醒券：满300-80，14天有效
U000919,银牌会员,低,流失沉睡,仅1单,492.7,1.0,0.083216,复购唤醒券：满300-80，14天有效
U002519,钻石会员,低,流失沉睡,仅1单,2358.27,1.0,0.08311,复购唤醒券：满300-80，14天有效
U001964,铜牌会员,中,流失沉睡,从未下单,3202.12,0.0,0.083048,首单唤醒大额券：满100-50，7天有效
U000057,银牌会员,低,流失沉睡,从未下单,689.23,0.0,0.083006,首单唤醒大额券：满100-50，7天有效
U000859,铜牌会员,低,流失沉睡,仅1单,2714.17,1.0,0.08296,复购唤醒券：满300-80，14天有效
U001921,银牌会员,低,流失沉睡,仅1单,504.75,1.0,0.082836,复购唤醒券：满300-80，14天有效
U004981,银牌会员,低,流失沉睡,仅1单,1378.8,1.0,0.082773,复购唤醒券：满300-80，14天有效
U003048,金牌会员,低,流失沉睡,仅1单,1187.92,1.0,0.082739,复购唤醒券：满300-80，14天有效
U003294,铜牌会员,低,流失沉睡,从未下单,2935.75,0.0,0.082715,首单唤醒大额券：满100-50，7天有效
U003336,金牌会员,低,流失沉睡,从未下单,435.7,0.0,0.082677,首单唤醒大额券：满100-50，7天有效
U001086,铜牌会员,低,流失沉睡,从未下单,1271.69,0.0,0.082656,首单唤醒大额券：满100-50，7天有效
U002879,铜牌会员,高,流失沉睡,仅1单,16940.08,1.0,0.082599,复购唤醒券：满300-80，14天有效
U004238,普通会员,低,流失沉睡,仅1单,1440.43,1.0,0.082545,复购唤醒券：满300-80，14天有效
U004922,普通会员,低,流失沉睡,从未下单,1063.03,0.0,0.082434,首单唤醒大额券：满100-50，7天有效
U002119,银牌会员,低,流失沉睡,从未下单,375.58,0.0,0.082433,首单唤醒大额券：满100-50，7天有效
U004651,银牌会员,高,流失沉睡,仅1单,21436.56,1.0,0.082415,复购唤醒券：满300-80，14天有效
U000576,铜牌会员,低,流失沉睡,从未下单,1830.72,0.0,0.082392,首单唤醒大额券：满100-50，7天有效
U000242,铜牌会员,中,流失沉睡,从未下单,3980.1,0.0,0.082307,首单唤醒大额券：满100-50，7天有效
U004585,铜牌会员,低,流失沉睡,从未下单,2457.25,0.0,0.082274,首单唤醒大额券：满100-50，7天有效
U000090,普通会员,中,流失沉睡,仅1单,3446.56,1.0,0.082246,复购唤醒券：满300-80，14天有效
U001926,银牌会员,低,流失沉睡,仅1单,1812.19,1.0,0.082244,复购唤醒券：满300-80，14天有效
U001656,银牌会员,低,流失沉睡,从未下单,2690.06,0.0,0.08221,首单唤醒大额券：满100-50，7天有效
U000281,金牌会员,低,流失沉睡,仅1单,1479.73,1.0,0.082054,复购唤醒券：满300-80，14天有效
U002226,普通会员,低,流失沉睡,仅1单,694.45,1.0,0.082034,复购唤醒券：满300-80，14天有效
U000957,钻石会员,低,流失沉睡,从未下单,544.65,0.0,0.08201,首单唤醒大额券：满100-50，7天有效
U001931,银牌会员,低,流失沉睡,从未下单,1497.38,0.0,0.081794,首单唤醒大额券：满100-50，7天有效
U001765,普通会员,低,流失沉睡,从未下单,2514.46,0.0,0.081781,首单唤醒大额券：满100-50，7天有效
U001650,金牌会员,低,流失沉睡,从未下单,1197.38,0.0,0.081511,首单唤醒大额券：满100-50，7天有效
U000864,银牌会员,低,流失沉睡,从未下单,196.4,0.0,0.081503,首单唤醒大额券：满100-50，7天有效
U003530,银牌会员,低,流失沉睡,从未下单,2735.43,0.0,0.081452,首单唤醒大额券：满100-50，7天有效
U000964,普通会员,高,流失沉睡,仅1单,18300.13,1.0,0.081387,复购唤醒券：满300-80，14天有效
U000470,银牌会员,低,流失沉睡,仅1单,1151.86,1.0,0.081347,复购唤醒券：满300-80，14天有效
U000832,金牌会员,低,流失沉睡,从未下单,1867.18,0.0,0.081342,首单唤醒大额券：满100-50，7天有效
U001918,银牌会员,低,流失沉睡,从未下单,1662.73,0.0,0.081138,首单唤醒大额券：满100-50，7天有效
U000684,铜牌会员,低,流失沉睡,仅1单,953.58,1.0,0.081121,复购唤醒券：满300-80，14天有效
U002209,铜牌会员,低,流失沉睡,仅1单,1537.96,1.0,0.081078,复购唤醒券：满300-80，14天有效
U000821,普通会员,低,流失沉睡,从未下单,2155.98,0.0,0.081028,首单唤醒大额券：满100-50，7天有效
U001224,金牌会员,低,流失沉睡,从未下单,1810.19,0.0,0.081004,首单唤醒大额券：满100-50，7天有效
U004402,铜牌会员,低,流失沉睡,从未下单,476.52,0.0,0.080845,首单唤醒大额券：满100-50，7天有效
U003082,钻石会员,低,流失沉睡,从未下单,1995.62,0.0,0.080793,首单唤醒大额券：满100-50，7天有效
U002629,金牌会员,低,流失沉睡,从未下单,922.66,0.0,0.080754,首单唤醒大额券：满100-50，7天有效
U000984,普通会员,低,流失沉睡,从未下单,516.12,0.0,0.080697,首单唤醒大额券：满100-50，7天有效
U000008,银牌会员,低,流失沉睡,从未下单,1859.05,0.0,0.080639,首单唤醒大额券：满100-50，7天有效
U004311,钻石会员,中,流失沉睡,仅1单,3309.51,1.0,0.080597,复购唤醒券：满300-80，14天有效
U000066,金牌会员,低,流失沉睡,复购≥2次,618.05,2.0,0.080581,复购唤醒券：满300-80，14天有效
U000151,银牌会员,低,流失沉睡,从未下单,780.43,0.0,0.08057,首单唤醒大额券：满100-50，7天有效
U003930,铜牌会员,中,流失沉睡,仅1单,4097.81,1.0,0.080523,复购唤醒券：满300-80，14天有效
U001895,普通会员,低,流失沉睡,从未下单,1781.94,0.0,0.080416,首单唤醒大额券：满100-50，7天有效
U004084,普通会员,低,流失沉睡,从未下单,523.55,0.0,0.080402,首单唤醒大额券：满100-50，7天有效
U000394,银牌会员,低,流失沉睡,从未下单,2524.0,0.0,0.080263,首单唤醒大额券：满100-50，7天有效
U001213,普通会员,中,流失沉睡,从未下单,3745.38,0.0,0.080248,首单唤醒大额券：满100-50，7天有效
U002329,铜牌会员,低,流失沉睡,从未下单,1890.09,0.0,0.080217,首单唤醒大额券：满100-50，7天有效
U003323,铜牌会员,低,流失沉睡,仅1单,1781.87,1.0,0.080194,复购唤醒券：满300-80，14天有效
U001067,金牌会员,低,流失沉睡,从未下单,535.17,0.0,0.080167,首单唤醒大额券：满100-50，7天有效
U004314,金牌会员,低,流失沉睡,从未下单,1599.63,0.0,0.080098,首单唤醒大额券：满100-50，7天有效
U002630,普通会员,低,流失沉睡,仅1单,2221.6,1.0,0.080054,复购唤醒券：满300-80，14天有效
U000633,银牌会员,中,流失沉睡,从未下单,5769.75,0.0,0.080045,首单唤醒大额券：满100-50，7天有效
U004152,银牌会员,低,流失沉睡,仅1单,282.84,1.0,0.080032,复购唤醒券：满300-80，14天有效
U004054,普通会员,低,流失沉睡,仅1单,2351.5,1.0,0.079986,复购唤醒券：满300-80，14天有效
U002604,铜牌会员,低,流失沉睡,仅1单,979.16,1.0,0.079967,复购唤醒券：满300-80，14天有效
U002713,金牌会员,中,流失沉睡,从未下单,3402.29,0.0,0.07994,首单唤醒大额券：满100-50，7天有效
U002579,普通会员,低,流失沉睡,从未下单,1739.79,0.0,0.079752,首单唤醒大额券：满100-50，7天有效
U004253,银牌会员,低,流失沉睡,仅1单,2724.63,1.0,0.079647,复购唤醒券：满300-80，14天有效
U003781,金牌会员,低,流失沉睡,仅1单,2396.28,1.0,0.079628,复购唤醒券：满300-80，14天有效
U001493,铜牌会员,中,流失沉睡,仅1单,3322.6,1.0,0.079578,复购唤醒券：满300-80，14天有效
U000930,铜牌会员,低,流失沉睡,仅1单,376.11,1.0,0.079569,复购唤醒券：满300-80，14天有效
U001804,铜牌会员,低,流失沉睡,从未下单,892.13,0.0,0.079547,首单唤醒大额券：满100-50，7天有效
U002822,金牌会员,低,流失沉睡,从未下单,2112.84,0.0,0.079547,首单唤醒大额券：满100-50，7天有效
U002965,普通会员,低,流失沉睡,仅1单,1133.85,1.0,0.079541,复购唤醒券：满300-80，14天有效
U004854,金牌会员,低,流失沉睡,仅1单,851.09,1.0,0.07938,复购唤醒券：满300-80，14天有效
U001083,金牌会员,低,流失沉睡,仅1单,775.39,1.0,0.079355,复购唤醒券：满300-80，14天有效
U001810,铜牌会员,低,流失沉睡,从未下单,2383.57,0.0,0.079208,首单唤醒大额券：满100-50，7天有效
U002890,金牌会员,低,流失沉睡,从未下单,1657.1,0.0,0.079199,首单唤醒大额券：满100-50，7天有效
U002899,普通会员,低,流失沉睡,从未下单,495.21,0.0,0.079163,首单唤醒大额券：满100-50，7天有效
U000538,铜牌会员,低,流失沉睡,仅1单,868.47,1.0,0.079135,复购唤醒券：满300-80，14天有效
U001712,普通会员,中,流失沉睡,从未下单,3046.83,0.0,0.079069,首单唤醒大额券：满100-50，7天有效
U003844,银牌会员,低,流失沉睡,仅1单,1056.81,1.0,0.079054,复购唤醒券：满300-80，14天有效
U004535,铜牌会员,低,流失沉睡,从未下单,2834.25,0.0,0.079025,首单唤醒大额券：满100-50，7天有效
U001990,银牌会员,低,流失沉睡,仅1单,1045.64,1.0,0.078969,复购唤醒券：满300-80，14天有效
U003613,普通会员,低,流失沉睡,仅1单,456.24,1.0,0.078961,复购唤醒券：满300-80，14天有效
U002698,银牌会员,低,流失沉睡,从未下单,529.69,0.0,0.0789,首单唤醒大额券：满100-50，7天有效
U003927,铜牌会员,中,流失沉睡,从未下单,3040.25,0.0,0.078878,首单唤醒大额券：满100-50，7天有效
U003194,普通会员,低,流失沉睡,从未下单,1034.07,0.0,0.078833,首单唤醒大额券：满100-50，7天有效
U004544,普通会员,中,流失沉睡,仅1单,3887.33,1.0,0.078738,复购唤醒券：满300-80，14天有效
U003160,银牌会员,低,流失沉睡,仅1单,885.82,1.0,0.078704,复购唤醒券：满300-80，14天有效
U001188,银牌会员,低,流失沉睡,仅1单,929.8,1.0,0.078687,复购唤醒券：满300-80，14天有效
U001774,银牌会员,低,流失沉睡,从未下单,0.0,0.0,0.078678,首单唤醒大额券：满100-50，7天有效
U003597,银牌会员,低,流失沉睡,仅1单,2411.66,1.0,0.07866,复购唤醒券：满300-80，14天有效
U003081,普通会员,低,流失沉睡,仅1单,1105.09,1.0,0.078623,复购唤醒券：满300-80，14天有效
U002228,银牌会员,低,流失沉睡,仅1单,1449.86,1.0,0.078595,复购唤醒券：满300-80，14天有效
U001799,金牌会员,低,流失沉睡,从未下单,1404.59,0.0,0.078547,首单唤醒大额券：满100-50，7天有效
U004147,银牌会员,中,流失沉睡,从未下单,3636.68,0.0,0.078544,首单唤醒大额券：满100-50，7天有效
U000730,银牌会员,低,流失沉睡,仅1单,835.3,1.0,0.078516,复购唤醒券：满300-80，14天有效
U003200,银牌会员,中,流失沉睡,从未下单,7062.6,0.0,0.078347,首单唤醒大额券：满100-50，7天有效
U002948,银牌会员,低,流失沉睡,仅1单,2158.52,1.0,0.07829,复购唤醒券：满300-80，14天有效
U004439,金牌会员,低,流失沉睡,仅1单,2079.85,1.0,0.078276,复购唤醒券：满300-80，14天有效
U002335,普通会员,低,流失沉睡,从未下单,2098.33,0.0,0.078269,首单唤醒大额券：满100-50，7天有效
U001383,银牌会员,低,流失沉睡,从未下单,0.0,0.0,0.078237,首单唤醒大额券：满100-50，7天有效
U002139,铜牌会员,低,流失沉睡,仅1单,715.98,1.0,0.078086,复购唤醒券：满300-80，14天有效
U004787,银牌会员,低,流失沉睡,仅1单,419.16,1.0,0.078,复购唤醒券：满300-80，14天有效
U003522,铜牌会员,低,流失沉睡,从未下单,110.84,0.0,0.077775,首单唤醒大额券：满100-50，7天有效
U003074,铜牌会员,高,流失沉睡,从未下单,15248.0,0.0,0.077756,首单唤醒大额券：满100-50，7天有效
U000811,普通会员,低,流失沉睡,从未下单,2830.75,0.0,0.077715,首单唤醒大额券：满100-50，7天有效
U004597,银牌会员,高,流失沉睡,仅1单,23051.22,1.0,0.077651,复购唤醒券：满300-80，14天有效
U004068,金牌会员,低,流失沉睡,从未下单,2699.53,0.0,0.077596,首单唤醒大额券：满100-50，7天有效
U000640,铜牌会员,低,流失沉睡,从未下单,2938.83,0.0,0.077581,首单唤醒大额券：满100-50，7天有效
U004762,铜牌会员,低,流失沉睡,仅1单,930.43,1.0,0.077495,复购唤醒券：满300-80，14天有效
U000481,铜牌会员,低,流失沉睡,仅1单,1175.25,1.0,0.077494,复购唤醒券：满300-80，14天有效
U000477,银牌会员,高,流失沉睡,仅1单,20173.41,1.0,0.077492,复购唤醒券：满300-80，14天有效
U000227,铜牌会员,中,流失沉睡,从未下单,3917.02,0.0,0.077394,首单唤醒大额券：满100-50，7天有效
U002778,银牌会员,低,流失沉睡,仅1单,1338.12,1.0,0.077249,复购唤醒券：满300-80，14天有效
U000023,银牌会员,低,流失沉睡,从未下单,792.75,0.0,0.077242,首单唤醒大额券：满100-50，7天有效
U004001,普通会员,低,流失沉睡,从未下单,1014.97,0.0,0.077215,首单唤醒大额券：满100-50，7天有效
U002817,铜牌会员,低,流失沉睡,仅1单,2576.55,1.0,0.077068,复购唤醒券：满300-80，14天有效
U002776,铜牌会员,低,流失沉睡,从未下单,676.46,0.0,0.077052,首单唤醒大额券：满100-50，7天有效
U000629,银牌会员,低,流失沉睡,从未下单,2127.78,0.0,0.076949,首单唤醒大额券：满100-50，7天有效
U001551,铜牌会员,低,流失沉睡,从未下单,1218.53,0.0,0.076889,首单唤醒大额券：满100-50，7天有效
U000541,普通会员,低,流失沉睡,从未下单,1647.59,0.0,0.076847,首单唤醒大额券：满100-50，7天有效
U004345,银牌会员,中,流失沉睡,从未下单,3200.84,0.0,0.076796,首单唤醒大额券：满100-50，7天有效
U000836,银牌会员,低,流失沉睡,仅1单,2932.03,1.0,0.076747,复购唤醒券：满300-80，14天有效
U002818,银牌会员,低,流失沉睡,仅1单,1260.23,1.0,0.076711,复购唤醒券：满300-80，14天有效
U000262,铜牌会员,低,流失沉睡,仅1单,2545.46,1.0,0.076633,复购唤醒券：满300-80，14天有效
U001890,铜牌会员,低,流失沉睡,从未下单,953.05,0.0,0.076617,首单唤醒大额券：满100-50，7天有效
U000671,银牌会员,中,流失沉睡,从未下单,8105.59,0.0,0.076592,首单唤醒大额券：满100-50，7天有效
U001364,铜牌会员,低,流失沉睡,仅1单,515.28,1.0,0.076532,复购唤醒券：满300-80，14天有效
U001581,银牌会员,低,流失沉睡,仅1单,317.5,1.0,0.076508,复购唤醒券：满300-80，14天有效
U001454,铜牌会员,低,流失沉睡,从未下单,0.0,0.0,0.07639,首单唤醒大额券：满100-50，7天有效
U004464,铜牌会员,低,流失沉睡,从未下单,310.09,0.0,0.076375,首单唤醒大额券：满100-50，7天有效
U004925,普通会员,低,流失沉睡,从未下单,1434.99,0.0,0.076273,首单唤醒大额券：满100-50，7天有效
U002968,普通会员,低,流失沉睡,从未下单,1950.16,0.0,0.07619,首单唤醒大额券：满100-50，7天有效
U001861,金牌会员,低,流失沉睡,仅1单,745.3,1.0,0.076185,复购唤醒券：满300-80，14天有效
U004324,金牌会员,低,流失沉睡,仅1单,276.81,1.0,0.076174,复购唤醒券：满300-80，14天有效
U001450,铜牌会员,低,流失沉睡,从未下单,883.13,0.0,0.076144,首单唤醒大额券：满100-50，7天有效
U000476,铜牌会员,低,流失沉睡,从未下单,2874.32,0.0,0.076069,首单唤醒大额券：满100-50，7天有效
U002174,铜牌会员,低,流失沉睡,从未下单,866.76,0.0,0.076059,首单唤醒大额券：满100-50，7天有效
U003288,铜牌会员,低,流失沉睡,从未下单,215.84,0.0,0.075986,首单唤醒大额券：满100-50，7天有效
U004697,金牌会员,低,流失沉睡,从未下单,1852.89,0.0,0.075932,首单唤醒大额券：满100-50，7天有效
U004930,银牌会员,中,流失沉睡,仅1单,3105.97,1.0,0.075884,复购唤醒券：满300-80，14天有效
U002421,普通会员,低,流失沉睡,从未下单,952.78,0.0,0.075677,首单唤醒大额券：满100-50，7天有效
U002973,铜牌会员,低,流失沉睡,从未下单,1047.52,0.0,0.075438,首单唤醒大额券：满100-50，7天有效
U001791,银牌会员,低,流失沉睡,仅1单,1819.06,1.0,0.075402,复购唤醒券：满300-80，14天有效
U001923,铜牌会员,低,流失沉睡,从未下单,1958.94,0.0,0.075237,首单唤醒大额券：满100-50，7天有效
U003433,铜牌会员,中,流失沉睡,从未下单,7635.52,0.0,0.075218,首单唤醒大额券：满100-50，7天有效
U001793,金牌会员,低,流失沉睡,从未下单,2572.63,0.0,0.075109,首单唤醒大额券：满100-50，7天有效
U004221,铜牌会员,低,流失沉睡,仅1单,1371.91,1.0,0.075096,复购唤醒券：满300-80，14天有效
U000184,银牌会员,低,流失沉睡,从未下单,1594.46,0.0,0.075059,首单唤醒大额券：满100-50，7天有效
U002182,金牌会员,中,流失沉睡,从未下单,3408.06,0.0,0.07504,首单唤醒大额券：满100-50，7天有效
U004399,银牌会员,低,流失沉睡,从未下单,2257.97,0.0,0.074838,首单唤醒大额券：满100-50，7天有效
U004336,铜牌会员,低,流失沉睡,仅1单,1928.57,1.0,0.074768,复购唤醒券：满300-80，14天有效
U004438,银牌会员,中,流失沉睡,从未下单,3401.66,0.0,0.074716,首单唤醒大额券：满100-50，7天有效
U001985,银牌会员,低,流失沉睡,从未下单,2014.19,0.0,0.074689,首单唤醒大额券：满100-50，7天有效
U002969,银牌会员,低,流失沉睡,仅1单,2243.48,1.0,0.074616,复购唤醒券：满300-80，14天有效
U004800,钻石会员,低,流失沉睡,仅1单,701.32,1.0,0.074553,复购唤醒券：满300-80，14天有效
U002286,普通会员,中,流失沉睡,仅1单,3081.84,1.0,0.074541,复购唤醒券：满300-80，14天有效
U002871,银牌会员,低,流失沉睡,从未下单,829.44,0.0,0.074455,首单唤醒大额券：满100-50，7天有效
U002281,银牌会员,低,流失沉睡,从未下单,1646.25,0.0,0.074377,首单唤醒大额券：满100-50，7天有效
U001010,普通会员,低,流失沉睡,仅1单,2970.43,1.0,0.07433,复购唤醒券：满300-80，14天有效
U002443,铜牌会员,低,流失沉睡,仅1单,1644.95,1.0,0.074188,复购唤醒券：满300-80，14天有效
U002763,银牌会员,低,流失沉睡,仅1单,1098.24,1.0,0.074036,复购唤醒券：满300-80，14天有效
U003742,普通会员,低,流失沉睡,仅1单,865.9,1.0,0.073997,复购唤醒券：满300-80，14天有效
U003546,金牌会员,低,流失沉睡,从未下单,1410.27,0.0,0.073979,首单唤醒大额券：满100-50，7天有效
U003116,铜牌会员,中,流失沉睡,仅1单,3301.31,1.0,0.073957,复购唤醒券：满300-80，14天有效
U001053,普通会员,低,流失沉睡,从未下单,2387.75,0.0,0.07395,首单唤醒大额券：满100-50，7天有效
U001212,普通会员,低,流失沉睡,从未下单,1205.22,0.0,0.073913,首单唤醒大额券：满100-50，7天有效
U001684,银牌会员,中,流失沉睡,从未下单,4020.81,0.0,0.073894,首单唤醒大额券：满100-50，7天有效
U000277,铜牌会员,高,流失沉睡,从未下单,18976.59,0.0,0.073852,首单唤醒大额券：满100-50，7天有效
U001605,铜牌会员,中,流失沉睡,从未下单,4207.05,0.0,0.073852,首单唤醒大额券：满100-50，7天有效
U000188,铜牌会员,低,流失沉睡,从未下单,1606.33,0.0,0.073579,首单唤醒大额券：满100-50，7天有效
U000958,铜牌会员,低,流失沉睡,从未下单,1351.27,0.0,0.07349,首单唤醒大额券：满100-50，7天有效
U000690,铜牌会员,中,流失沉睡,仅1单,3950.26,1.0,0.073458,复购唤醒券：满300-80，14天有效
U001242,铜牌会员,低,流失沉睡,仅1单,1018.75,1.0,0.073429,复购唤醒券：满300-80，14天有效
U000465,普通会员,低,流失沉睡,仅1单,1028.98,1.0,0.073417,复购唤醒券：满300-80，14天有效
U000796,铜牌会员,低,流失沉睡,从未下单,1551.67,0.0,0.073315,首单唤醒大额券：满100-50，7天有效
U000850,普通会员,低,流失沉睡,仅1单,249.35,1.0,0.073296,复购唤醒券：满300-80，14天有效
U002861,金牌会员,低,流失沉睡,从未下单,609.21,0.0,0.073219,首单唤醒大额券：满100-50，7天有效
U001484,银牌会员,中,流失沉睡,仅1单,3130.66,1.0,0.073079,复购唤醒券：满300-80，14天有效
U004935,钻石会员,低,流失沉睡,仅1单,1201.53,1.0,0.073045,复购唤醒券：满300-80，14天有效
U000411,普通会员,低,流失沉睡,从未下单,2692.81,0.0,0.073021,首单唤醒大额券：满100-50，7天有效
U000461,铜牌会员,低,流失沉睡,仅1单,1913.86,1.0,0.072997,复购唤醒券：满300-80，14天有效
U001300,钻石会员,低,流失沉睡,从未下单,926.44,0.0,0.072844,首单唤醒大额券：满100-50，7天有效
U000273,银牌会员,低,流失沉睡,仅1单,2377.48,1.0,0.072841,复购唤醒券：满300-80，14天有效
U004519,普通会员,低,流失沉睡,从未下单,1385.22,0.0,0.072823,首单唤醒大额券：满100-50，7天有效
U001573,银牌会员,低,流失沉睡,从未下单,1271.6,0.0,0.072806,首单唤醒大额券：满100-50，7天有效
U001216,铜牌会员,中,流失沉睡,从未下单,3447.61,0.0,0.072801,首单唤醒大额券：满100-50，7天有效
U004929,铜牌会员,低,流失沉睡,仅1单,2437.74,1.0,0.072715,复购唤醒券：满300-80，14天有效
U003766,普通会员,低,流失沉睡,仅1单,978.39,1.0,0.072708,复购唤醒券：满300-80，14天有效
U000645,普通会员,低,流失沉睡,仅1单,677.6,1.0,0.072659,复购唤醒券：满300-80，14天有效
U001966,铜牌会员,低,流失沉睡,仅1单,907.79,1.0,0.07261,复购唤醒券：满300-80，14天有效
U004898,普通会员,低,流失沉睡,仅1单,519.47,1.0,0.072601,复购唤醒券：满300-80，14天有效
U002309,金牌会员,低,流失沉睡,从未下单,861.53,0.0,0.072554,首单唤醒大额券：满100-50，7天有效
U002894,金牌会员,低,流失沉睡,从未下单,1798.16,0.0,0.072198,首单唤醒大额券：满100-50，7天有效
U001667,金牌会员,低,流失沉睡,仅1单,111.44,1.0,0.072163,复购唤醒券：满300-80，14天有效
U001883,铜牌会员,低,流失沉睡,从未下单,173.18,0.0,0.072147,首单唤醒大额券：满100-50，7天有效
U002320,银牌会员,低,流失沉睡,从未下单,2755.1,0.0,0.072084,首单唤醒大额券：满100-50，7天有效
U000935,金牌会员,低,流失沉睡,仅1单,388.98,1.0,0.071982,复购唤醒券：满300-80，14天有效
U001268,银牌会员,低,流失沉睡,仅1单,2387.79,1.0,0.071952,复购唤醒券：满300-80，14天有效
U000733,铜牌会员,低,流失沉睡,从未下单,783.73,0.0,0.071814,首单唤醒大额券：满100-50，7天有效
U004130,普通会员,低,流失沉睡,仅1单,1034.86,1.0,0.071771,复购唤醒券：满300-80，14天有效
U004574,铜牌会员,低,流失沉睡,仅1单,1633.44,1.0,0.071765,复购唤醒券：满300-80，14天有效
U003641,银牌会员,低,流失沉睡,从未下单,1428.48,0.0,0.071699,首单唤醒大额券：满100-50，7天有效
U002047,银牌会员,低,流失沉睡,仅1单,274.78,1.0,0.071659,复购唤醒券：满300-80，14天有效
U004259,铜牌会员,低,流失沉睡,仅1单,687.69,1.0,0.071651,复购唤醒券：满300-80，14天有效
U002128,铜牌会员,低,流失沉睡,从未下单,2999.45,0.0,0.071637,首单唤醒大额券：满100-50，7天有效
U004753,金牌会员,低,流失沉睡,从未下单,1167.59,0.0,0.071637,首单唤醒大额券：满100-50，7天有效
U003566,铜牌会员,低,流失沉睡,仅1单,497.29,1.0,0.071612,复购唤醒券：满300-80，14天有效
U001534,铜牌会员,低,流失沉睡,仅1单,1181.84,1.0,0.071611,复购唤醒券：满300-80，14天有效
U003882,银牌会员,低,流失沉睡,从未下单,610.09,0.0,0.071579,首单唤醒大额券：满100-50，7天有效
U004734,银牌会员,低,流失沉睡,仅1单,1253.61,1.0,0.071529,复购唤醒券：满300-80，14天有效
U004510,钻石会员,低,流失沉睡,从未下单,93.79,0.0,0.071454,首单唤醒大额券：满100-50，7天有效
U004743,普通会员,低,流失沉睡,从未下单,693.5,0.0,0.071439,首单唤醒大额券：满100-50，7天有效
U000226,铜牌会员,低,流失沉睡,从未下单,687.76,0.0,0.071431,首单唤醒大额券：满100-50，7天有效
U000942,铜牌会员,低,流失沉睡,从未下单,971.15,0.0,0.071341,首单唤醒大额券：满100-50，7天有效
U000364,银牌会员,低,流失沉睡,仅1单,2902.89,1.0,0.071305,复购唤醒券：满300-80，14天有效
U002534,钻石会员,低,流失沉睡,仅1单,501.16,1.0,0.071295,复购唤醒券：满300-80，14天有效
U002213,普通会员,低,流失沉睡,从未下单,772.33,0.0,0.071274,首单唤醒大额券：满100-50，7天有效
U002377,普通会员,低,流失沉睡,仅1单,320.22,1.0,0.071199,复购唤醒券：满300-80，14天有效
U004318,金牌会员,低,流失沉睡,仅1单,307.57,1.0,0.071129,复购唤醒券：满300-80，14天有效
U003770,金牌会员,低,流失沉睡,从未下单,652.17,0.0,0.071114,首单唤醒大额券：满100-50，7天有效
U004104,铜牌会员,低,流失沉睡,仅1单,2303.69,1.0,0.071099,复购唤醒券：满300-80，14天有效
U003790,银牌会员,低,流失沉睡,从未下单,2253.73,0.0,0.071084,首单唤醒大额券：满100-50，7天有效
U003920,普通会员,低,流失沉睡,仅1单,1332.86,1.0,0.07107,复购唤醒券：满300-80，14天有效
U002847,普通会员,中,流失沉睡,仅1单,4650.74,1.0,0.070948,复购唤醒券：满300-80，14天有效
U002959,铜牌会员,低,流失沉睡,从未下单,361.84,0.0,0.070919,首单唤醒大额券：满100-50，7天有效
U003333,铜牌会员,低,流失沉睡,仅1单,2369.47,1.0,0.070882,复购唤醒券：满300-80，14天有效
U000094,铜牌会员,中,流失沉睡,从未下单,3495.32,0.0,0.070876,首单唤醒大额券：满100-50，7天有效
U000661,银牌会员,低,流失沉睡,从未下单,2739.48,0.0,0.070827,首单唤醒大额券：满100-50，7天有效
U003117,银牌会员,低,流失沉睡,仅1单,2465.92,1.0,0.070803,复购唤醒券：满300-80，14天有效
U000056,银牌会员,低,流失沉睡,仅1单,827.55,1.0,0.070763,复购唤醒券：满300-80，14天有效
U000962,银牌会员,低,流失沉睡,仅1单,336.87,1.0,0.070747,复购唤醒券：满300-80，14天有效
U003065,金牌会员,低,流失沉睡,从未下单,1015.78,0.0,0.070735,首单唤醒大额券：满100-50，7天有效
U000862,铜牌会员,低,流失沉睡,仅1单,1479.59,1.0,0.070677,复购唤醒券：满300-80，14天有效
U003817,金牌会员,低,流失沉睡,从未下单,2803.47,0.0,0.07054,首单唤醒大额券：满100-50，7天有效
U000416,铜牌会员,低,流失沉睡,仅1单,1340.63,1.0,0.070481,复购唤醒券：满300-80，14天有效
U003663,银牌会员,低,流失沉睡,从未下单,173.8,0.0,0.070477,首单唤醒大额券：满100-50，7天有效
U002753,普通会员,低,流失沉睡,从未下单,2312.21,0.0,0.070375,首单唤醒大额券：满100-50，7天有效
U001598,银牌会员,低,流失沉睡,从未下单,0.0,0.0,0.070367,首单唤醒大额券：满100-50，7天有效
U000374,普通会员,低,流失沉睡,仅1单,2718.57,1.0,0.07035,复购唤醒券：满300-80，14天有效
U000468,银牌会员,低,流失沉睡,仅1单,1668.85,1.0,0.070295,复购唤醒券：满300-80，14天有效
U001208,银牌会员,低,流失沉睡,从未下单,480.59,0.0,0.070265,首单唤醒大额券：满100-50，7天有效
U000300,银牌会员,低,流失沉睡,从未下单,2302.02,0.0,0.070252,首单唤醒大额券：满100-50，7天有效
U004658,普通会员,低,流失沉睡,仅1单,668.19,1.0,0.070251,复购唤醒券：满300-80，14天有效
U001946,普通会员,低,流失沉睡,从未下单,2207.7,0.0,0.070185,首单唤醒大额券：满100-50，7天有效
U003592,铜牌会员,低,流失沉睡,仅1单,1398.51,1.0,0.070158,复购唤醒券：满300-80，14天有效
U004798,铜牌会员,低,流失沉睡,仅1单,1031.2,1.0,0.070138,复购唤醒券：满300-80，14天有效
U003229,银牌会员,低,流失沉睡,仅1单,491.19,1.0,0.069999,复购唤醒券：满300-80，14天有效
U000776,铜牌会员,低,流失沉睡,仅1单,1142.86,1.0,0.069916,复购唤醒券：满300-80，14天有效
U000163,铜牌会员,低,流失沉睡,仅1单,438.17,1.0,0.069818,复购唤醒券：满300-80，14天有效
U000189,铜牌会员,低,流失沉睡,从未下单,330.0,0.0,0.069765,首单唤醒大额券：满100-50，7天有效
U003341,普通会员,低,流失沉睡,从未下单,602.77,0.0,0.069663,首单唤醒大额券：满100-50，7天有效
U002324,银牌会员,低,流失沉睡,仅1单,946.21,1.0,0.0696,复购唤醒券：满300-80，14天有效
U002726,银牌会员,低,流失沉睡,从未下单,793.52,0.0,0.069582,首单唤醒大额券：满100-50，7天有效
U003263,金牌会员,低,流失沉睡,从未下单,2087.71,0.0,0.069517,首单唤醒大额券：满100-50，7天有效
U003256,银牌会员,低,流失沉睡,仅1单,1182.93,1.0,0.06949,复购唤醒券：满300-80，14天有效
U002151,银牌会员,低,流失沉睡,仅1单,2495.24,1.0,0.069399,复购唤醒券：满300-80，14天有效
U001523,铜牌会员,低,流失沉睡,从未下单,1539.26,0.0,0.06926,首单唤醒大额券：满100-50，7天有效
U003788,普通会员,低,流失沉睡,从未下单,751.84,0.0,0.069124,首单唤醒大额券：满100-50，7天有效
U000927,银牌会员,低,流失沉睡,仅1单,461.62,1.0,0.069044,复购唤醒券：满300-80，14天有效
U001584,铜牌会员,低,流失沉睡,仅1单,1849.54,1.0,0.068949,复购唤醒券：满300-80，14天有效
U001079,银牌会员,低,流失沉睡,从未下单,2376.04,0.0,0.068912,首单唤醒大额券：满100-50，7天有效
U003163,普通会员,低,流失沉睡,从未下单,625.79,0.0,0.068898,首单唤醒大额券：满100-50，7天有效
U004885,普通会员,低,流失沉睡,从未下单,2531.67,0.0,0.068794,首单唤醒大额券：满100-50，7天有效
U004433,铜牌会员,低,流失沉睡,仅1单,1378.12,1.0,0.068747,复购唤醒券：满300-80，14天有效
U002338,普通会员,低,流失沉睡,从未下单,2189.24,0.0,0.068681,首单唤醒大额券：满100-50，7天有效
U000338,铜牌会员,低,流失沉睡,仅1单,1076.74,1.0,0.068654,复购唤醒券：满300-80，14天有效
U004719,银牌会员,低,流失沉睡,仅1单,2863.75,1.0,0.068631,复购唤醒券：满300-80，14天有效
U001610,铜牌会员,低,流失沉睡,从未下单,733.67,0.0,0.068623,首单唤醒大额券：满100-50，7天有效
U002588,银牌会员,低,流失沉睡,从未下单,2268.08,0.0,0.068609,首单唤醒大额券：满100-50，7天有效
U004201,铜牌会员,低,流失沉睡,从未下单,2007.09,0.0,0.068594,首单唤醒大额券：满100-50，7天有效
U002511,银牌会员,低,流失沉睡,从未下单,469.28,0.0,0.068534,首单唤醒大额券：满100-50，7天有效
U004377,金牌会员,低,流失沉睡,从未下单,2119.69,0.0,0.068525,首单唤醒大额券：满100-50，7天有效
U003998,普通会员,低,流失沉睡,从未下单,1457.96,0.0,0.068515,首单唤醒大额券：满100-50，7天有效
U004408,钻石会员,低,流失沉睡,仅1单,88.5,1.0,0.068499,复购唤醒券：满300-80，14天有效
U004354,普通会员,低,流失沉睡,从未下单,0.0,0.0,0.068409,首单唤醒大额券：满100-50，7天有效
U001415,铜牌会员,低,流失沉睡,从未下单,2076.14,0.0,0.068326,首单唤醒大额券：满100-50，7天有效
U001547,普通会员,低,流失沉睡,仅1单,801.41,1.0,0.068295,复购唤醒券：满300-80，14天有效
U003740,金牌会员,低,流失沉睡,从未下单,1975.11,0.0,0.068218,首单唤醒大额券：满100-50，7天有效
U002447,银牌会员,低,流失沉睡,仅1单,586.81,1.0,0.068205,复购唤醒券：满300-80，14天有效
U001512,铜牌会员,低,流失沉睡,从未下单,618.91,0.0,0.068136,首单唤醒大额券：满100-50，7天有效
U000359,银牌会员,低,流失沉睡,从未下单,1396.13,0.0,0.068016,首单唤醒大额券：满100-50，7天有效
U003319,金牌会员,低,流失沉睡,从未下单,0.0,0.0,0.068006,首单唤醒大额券：满100-50，7天有效
U003084,铜牌会员,低,流失沉睡,从未下单,1303.38,0.0,0.067969,首单唤醒大额券：满100-50，7天有效
U002352,银牌会员,低,流失沉睡,仅1单,798.04,1.0,0.067967,复购唤醒券：满300-80，14天有效
U003122,铜牌会员,低,流失沉睡,从未下单,411.88,0.0,0.067944,首单唤醒大额券：满100-50，7天有效
U002877,银牌会员,低,流失沉睡,仅1单,728.68,1.0,0.067934,复购唤醒券：满300-80，14天有效
U003347,银牌会员,低,流失沉睡,从未下单,0.0,0.0,0.067846,首单唤醒大额券：满100-50，7天有效
U002935,普通会员,低,流失沉睡,从未下单,973.15,0.0,0.06784,首单唤醒大额券：满100-50，7天有效
U000617,金牌会员,低,流失沉睡,仅1单,668.11,1.0,0.067748,复购唤醒券：满300-80，14天有效
U002171,普通会员,低,流失沉睡,仅1单,1864.88,1.0,0.067707,复购唤醒券：满300-80，14天有效
U001635,铜牌会员,低,流失沉睡,从未下单,0.0,0.0,0.067704,首单唤醒大额券：满100-50，7天有效
U000344,铜牌会员,低,流失沉睡,仅1单,1510.26,1.0,0.067683,复购唤醒券：满300-80，14天有效
U000787,铜牌会员,低,流失沉睡,从未下单,2168.82,0.0,0.067592,首单唤醒大额券：满100-50，7天有效
U004386,银牌会员,低,流失沉睡,从未下单,1049.75,0.0,0.067532,首单唤醒大额券：满100-50，7天有效
U004138,金牌会员,低,流失沉睡,从未下单,0.0,0.0,0.067516,首单唤醒大额券：满100-50，7天有效
U000583,铜牌会员,低,流失沉睡,仅1单,353.81,1.0,0.067383,复购唤醒券：满300-80，14天有效
U004772,普通会员,低,流失沉睡,仅1单,196.3,1.0,0.067214,复购唤醒券：满300-80，14天有效
U005000,银牌会员,中,流失沉睡,从未下单,3070.01,0.0,0.067144,首单唤醒大额券：满100-50，7天有效
U001541,金牌会员,低,流失沉睡,仅1单,914.25,1.0,0.06714,复购唤醒券：满300-80，14天有效
U003184,银牌会员,中,流失沉睡,从未下单,3199.7,0.0,0.06713,首单唤醒大额券：满100-50，7天有效
U001038,普通会员,低,流失沉睡,仅1单,1544.13,1.0,0.067126,复购唤醒券：满300-80，14天有效
U004301,铜牌会员,低,流失沉睡,从未下单,758.0,0.0,0.067081,首单唤醒大额券：满100-50，7天有效
U002216,银牌会员,低,流失沉睡,从未下单,795.31,0.0,0.066921,首单唤醒大额券：满100-50，7天有效
U001664,金牌会员,低,流失沉睡,从未下单,602.02,0.0,0.066915,首单唤醒大额券：满100-50，7天有效
U004747,银牌会员,低,流失沉睡,仅1单,653.91,1.0,0.066866,复购唤醒券：满300-80，14天有效
U002806,银牌会员,低,流失沉睡,从未下单,1069.86,0.0,0.066863,首单唤醒大额券：满100-50，7天有效
U004577,银牌会员,低,流失沉睡,仅1单,744.46,1.0,0.066843,复购唤醒券：满300-80，14天有效
U001163,普通会员,低,流失沉睡,从未下单,1707.01,0.0,0.066785,首单唤醒大额券：满100-50，7天有效
U002656,金牌会员,低,流失沉睡,从未下单,905.73,0.0,0.066696,首单唤醒大额券：满100-50，7天有效
U000663,金牌会员,低,流失沉睡,从未下单,2264.44,0.0,0.066632,首单唤醒大额券：满100-50，7天有效
U004304,普通会员,低,流失沉睡,从未下单,1761.91,0.0,0.06663,首单唤醒大额券：满100-50，7天有效
U003139,铜牌会员,低,流失沉睡,从未下单,2924.06,0.0,0.066605,首单唤醒大额券：满100-50，7天有效
U002422,金牌会员,低,流失沉睡,从未下单,0.0,0.0,0.066584,首单唤醒大额券：满100-50，7天有效
U003820,铜牌会员,低,流失沉睡,从未下单,308.48,0.0,0.066534,首单唤醒大额券：满100-50，7天有效
U001283,铜牌会员,低,流失沉睡,仅1单,890.75,1.0,0.066458,复购唤醒券：满300-80，14天有效
U002160,金牌会员,低,流失沉睡,从未下单,1663.07,0.0,0.066438,首单唤醒大额券：满100-50，7天有效
U002690,银牌会员,低,流失沉睡,仅1单,732.47,1.0,0.066423,复购唤醒券：满300-80，14天有效
U001481,铜牌会员,低,流失沉睡,仅1单,208.42,1.0,0.066268,复购唤醒券：满300-80，14天有效
U003910,普通会员,低,流失沉睡,仅1单,1605.76,1.0,0.066251,复购唤醒券：满300-80，14天有效
U001267,银牌会员,低,流失沉睡,从未下单,583.25,0.0,0.066111,首单唤醒大额券：满100-50，7天有效
U000181,铜牌会员,低,流失沉睡,从未下单,510.31,0.0,0.066103,首单唤醒大额券：满100-50，7天有效
U001190,银牌会员,低,流失沉睡,从未下单,0.0,0.0,0.066066,首单唤醒大额券：满100-50，7天有效
U001303,铜牌会员,低,流失沉睡,仅1单,299.54,1.0,0.06601,复购唤醒券：满300-80，14天有效
U003158,普通会员,低,流失沉睡,从未下单,2149.32,0.0,0.066,首单唤醒大额券：满100-50，7天有效
U004785,金牌会员,低,流失沉睡,从未下单,0.0,0.0,0.065995,首单唤醒大额券：满100-50，7天有效
U001596,金牌会员,低,流失沉睡,从未下单,1393.01,0.0,0.065914,首单唤醒大额券：满100-50，7天有效
U000522,钻石会员,低,流失沉睡,从未下单,188.67,0.0,0.065875,首单唤醒大额券：满100-50，7天有效
U000158,金牌会员,低,流失沉睡,仅1单,534.32,1.0,0.065827,复购唤醒券：满300-80，14天有效
U002272,普通会员,低,流失沉睡,仅1单,2600.32,1.0,0.065748,复购唤醒券：满300-80，14天有效
U003538,金牌会员,低,流失沉睡,仅1单,502.3,1.0,0.065704,复购唤醒券：满300-80，14天有效
U000443,金牌会员,低,流失沉睡,仅1单,237.42,1.0,0.065656,复购唤醒券：满300-80，14天有效
U003401,铜牌会员,低,流失沉睡,从未下单,2467.28,0.0,0.065639,首单唤醒大额券：满100-50，7天有效
U002779,铜牌会员,低,流失沉睡,仅1单,888.72,1.0,0.065617,复购唤醒券：满300-80，14天有效
U004100,金牌会员,低,流失沉睡,从未下单,686.36,0.0,0.065579,首单唤醒大额券：满100-50，7天有效
U001399,普通会员,低,流失沉睡,仅1单,979.83,1.0,0.065573,复购唤醒券：满300-80，14天有效
U000639,银牌会员,低,流失沉睡,从未下单,2431.5,0.0,0.065476,首单唤醒大额券：满100-50，7天有效
U004677,普通会员,低,流失沉睡,从未下单,0.0,0.0,0.065439,首单唤醒大额券：满100-50，7天有效
U002578,普通会员,低,流失沉睡,从未下单,0.0,0.0,0.065436,首单唤醒大额券：满100-50，7天有效
U004817,铜牌会员,低,流失沉睡,从未下单,0.0,0.0,0.065291,首单唤醒大额券：满100-50，7天有效
U000218,普通会员,低,流失沉睡,从未下单,0.0,0.0,0.06517,首单唤醒大额券：满100-50，7天有效
U000484,铜牌会员,低,流失沉睡,从未下单,550.06,0.0,0.065162,首单唤醒大额券：满100-50，7天有效
U004578,铜牌会员,低,流失沉睡,从未下单,1442.66,0.0,0.065153,首单唤醒大额券：满100-50，7天有效
U002440,金牌会员,低,流失沉睡,仅1单,1176.06,1.0,0.065069,复购唤醒券：满300-80，14天有效
U004698,铜牌会员,低,流失沉睡,从未下单,593.87,0.0,0.06506,首单唤醒大额券：满100-50，7天有效
U004696,铜牌会员,低,流失沉睡,从未下单,2383.71,0.0,0.064876,首单唤醒大额券：满100-50，7天有效
U003725,铜牌会员,低,流失沉睡,仅1单,640.16,1.0,0.064874,复购唤醒券：满300-80，14天有效
U002248,银牌会员,低,流失沉睡,从未下单,1009.75,0.0,0.06487,首单唤醒大额券：满100-50，7天有效
U004490,银牌会员,低,流失沉睡,仅1单,989.75,1.0,0.06482,复购唤醒券：满300-80，14天有效
U003110,金牌会员,低,流失沉睡,仅1单,2052.99,1.0,0.064815,复购唤醒券：满300-80，14天有效
U000475,铜牌会员,低,流失沉睡,从未下单,204.96,0.0,0.0648,首单唤醒大额券：满100-50，7天有效
U004532,铜牌会员,低,流失沉睡,从未下单,182.07,0.0,0.064706,首单唤醒大额券：满100-50，7天有效
U000876,铜牌会员,低,流失沉睡,从未下单,0.0,0.0,0.064695,首单唤醒大额券：满100-50，7天有效
U003170,金牌会员,低,流失沉睡,从未下单,0.0,0.0,0.064675,首单唤醒大额券：满100-50，7天有效
U003692,铜牌会员,低,流失沉睡,从未下单,1936.54,0.0,0.064643,首单唤醒大额券：满100-50，7天有效
U003648,银牌会员,低,流失沉睡,仅1单,1061.24,1.0,0.064613,复购唤醒券：满300-80，14天有效
U003129,普通会员,低,流失沉睡,从未下单,280.93,0.0,0.06459,首单唤醒大额券：满100-50，7天有效
U002937,铜牌会员,低,流失沉睡,从未下单,1850.08,0.0,0.064562,首单唤醒大额券：满100-50，7天有效
U001920,铜牌会员,低,流失沉睡,从未下单,2067.61,0.0,0.064532,首单唤醒大额券：满100-50，7天有效
U004655,银牌会员,低,流失沉睡,从未下单,1009.93,0.0,0.064523,首单唤醒大额券：满100-50，7天有效
U002744,普通会员,低,流失沉睡,仅1单,2668.27,1.0,0.064514,复购唤醒券：满300-80，14天有效
U004060,普通会员,低,流失沉睡,从未下单,433.78,0.0,0.064479,首单唤醒大额券：满100-50，7天有效
U001930,银牌会员,低,流失沉睡,从未下单,0.0,0.0,0.064386,首单唤醒大额券：满100-50，7天有效
U001819,银牌会员,低,流失沉睡,从未下单,1576.22,0.0,0.064224,首单唤醒大额券：满100-50，7天有效
U004604,铜牌会员,低,流失沉睡,仅1单,1617.59,1.0,0.064187,复购唤醒券：满300-80，14天有效
U001654,铜牌会员,低,流失沉睡,从未下单,1035.35,0.0,0.064137,首单唤醒大额券：满100-50，7天有效
U002618,银牌会员,低,流失沉睡,从未下单,660.19,0.0,0.063987,首单唤醒大额券：满100-50，7天有效
U002893,金牌会员,低,流失沉睡,从未下单,852.3,0.0,0.063955,首单唤醒大额券：满100-50，7天有效
U004720,银牌会员,低,流失沉睡,从未下单,136.76,0.0,0.063921,首单唤醒大额券：满100-50，7天有效
U004137,钻石会员,低,流失沉睡,仅1单,35.29,1.0,0.063862,复购唤醒券：满300-80，14天有效
U001309,银牌会员,低,流失沉睡,从未下单,2398.47,0.0,0.063854,首单唤醒大额券：满100-50，7天有效
U004002,普通会员,低,流失沉睡,仅1单,2143.64,1.0,0.063811,复购唤醒券：满300-80，14天有效
U001773,铜牌会员,低,流失沉睡,仅1单,584.23,1.0,0.063809,复购唤醒券：满300-80，14天有效
U003285,铜牌会员,低,流失沉睡,从未下单,1481.38,0.0,0.063797,首单唤醒大额券：满100-50，7天有效
U001764,银牌会员,低,流失沉睡,仅1单,918.68,1.0,0.063755,复购唤醒券：满300-80，14天有效
U003344,普通会员,低,流失沉睡,从未下单,1620.81,0.0,0.06364,首单唤醒大额券：满100-50，7天有效
U000453,钻石会员,低,流失沉睡,仅1单,510.78,1.0,0.063624,复购唤醒券：满300-80，14天有效
U001678,金牌会员,低,流失沉睡,从未下单,702.59,0.0,0.063608,首单唤醒大额券：满100-50，7天有效
U002466,铜牌会员,低,流失沉睡,仅1单,1973.19,1.0,0.063582,复购唤醒券：满300-80，14天有效
U002990,普通会员,低,流失沉睡,从未下单,0.0,0.0,0.063528,首单唤醒大额券：满100-50，7天有效
U000767,铜牌会员,中,流失沉睡,从未下单,3061.81,0.0,0.063467,首单唤醒大额券：满100-50，7天有效
U002485,铜牌会员,低,流失沉睡,仅1单,724.65,1.0,0.063443,复购唤醒券：满300-80，14天有效
U000803,普通会员,低,流失沉睡,仅1单,228.06,1.0,0.063428,复购唤醒券：满300-80，14天有效
U002661,银牌会员,低,流失沉睡,从未下单,425.3,0.0,0.063407,首单唤醒大额券：满100-50，7天有效
U002017,铜牌会员,低,流失沉睡,从未下单,404.92,0.0,0.063319,首单唤醒大额券：满100-50，7天有效
U003798,铜牌会员,低,流失沉睡,从未下单,501.39,0.0,0.063257,首单唤醒大额券：满100-50，7天有效
U000202,铜牌会员,低,流失沉睡,仅1单,1345.21,1.0,0.06325,复购唤醒券：满300-80，14天有效
U002732,银牌会员,低,流失沉睡,从未下单,0.0,0.0,0.063244,首单唤醒大额券：满100-50，7天有效
U003600,银牌会员,低,流失沉睡,从未下单,2252.66,0.0,0.063187,首单唤醒大额券：满100-50，7天有效
U002815,银牌会员,低,流失沉睡,从未下单,0.0,0.0,0.063132,首单唤醒大额券：满100-50，7天有效
U001322,金牌会员,低,流失沉睡,从未下单,576.3,0.0,0.063,首单唤醒大额券：满100-50，7天有效
U000006,铜牌会员,低,流失沉睡,从未下单,1121.78,0.0,0.062918,首单唤醒大额券：满100-50，7天有效
U002220,金牌会员,低,流失沉睡,仅1单,889.74,1.0,0.062881,复购唤醒券：满300-80，14天有效
U004760,铜牌会员,低,流失沉睡,从未下单,0.0,0.0,0.062842,首单唤醒大额券：满100-50，7天有效
U003035,银牌会员,低,流失沉睡,从未下单,181.19,0.0,0.062814,首单唤醒大额券：满100-50，7天有效
U000093,钻石会员,低,流失沉睡,从未下单,0.0,0.0,0.062773,首单唤醒大额券：满100-50，7天有效
U002400,金牌会员,低,流失沉睡,从未下单,1679.35,0.0,0.062679,首单唤醒大额券：满100-50，7天有效
U000856,普通会员,低,流失沉睡,从未下单,1314.38,0.0,0.062521,首单唤醒大额券：满100-50，7天有效
U004543,铜牌会员,低,流失沉睡,从未下单,176.52,0.0,0.062454,首单唤醒大额券：满100-50，7天有效
U001557,银牌会员,低,流失沉睡,仅1单,329.0,1.0,0.062446,复购唤醒券：满300-80，14天有效
U002842,金牌会员,低,流失沉睡,从未下单,0.0,0.0,0.062377,首单唤醒大额券：满100-50，7天有效
U004505,铜牌会员,低,流失沉睡,从未下单,0.0,0.0,0.062343,首单唤醒大额券：满100-50，7天有效
U000570,银牌会员,低,流失沉睡,仅1单,744.2,1.0,0.06232,复购唤醒券：满300-80，14天有效
U002743,银牌会员,低,流失沉睡,从未下单,267.45,0.0,0.062228,首单唤醒大额券：满100-50，7天有效
U004415,铜牌会员,低,流失沉睡,从未下单,0.0,0.0,0.062225,首单唤醒大额券：满100-50，7天有效
U003180,银牌会员,中,流失沉睡,从未下单,3029.17,0.0,0.062223,首单唤醒大额券：满100-50，7天有效
U002111,普通会员,低,流失沉睡,从未下单,0.0,0.0,0.062198,首单唤醒大额券：满100-50，7天有效
U003815,普通会员,低,流失沉睡,从未下单,1404.02,0.0,0.062143,首单唤醒大额券：满100-50，7天有效
U004712,铜牌会员,低,流失沉睡,从未下单,1237.96,0.0,0.062111,首单唤醒大额券：满100-50，7天有效
U001119,银牌会员,低,流失沉睡,仅1单,514.48,1.0,0.062058,复购唤醒券：满300-80，14天有效
U003375,钻石会员,低,流失沉睡,从未下单,414.95,0.0,0.062034,首单唤醒大额券：满100-50，7天有效
U002115,银牌会员,低,流失沉睡,从未下单,0.0,0.0,0.062024,首单唤醒大额券：满100-50，7天有效
U004838,普通会员,低,流失沉睡,从未下单,1391.53,0.0,0.062019,首单唤醒大额券：满100-50，7天有效
U004910,银牌会员,低,流失沉睡,仅1单,632.56,1.0,0.061819,复购唤醒券：满300-80，14天有效
U001944,金牌会员,低,流失沉睡,从未下单,0.0,0.0,0.061667,首单唤醒大额券：满100-50，7天有效
U004907,银牌会员,低,流失沉睡,从未下单,1011.21,0.0,0.061643,首单唤醒大额券：满100-50，7天有效
U003297,铜牌会员,低,流失沉睡,仅1单,2052.09,1.0,0.061408,复购唤醒券：满300-80，14天有效
U000726,银牌会员,低,流失沉睡,从未下单,0.0,0.0,0.061322,首单唤醒大额券：满100-50，7天有效
U001355,普通会员,低,流失沉睡,从未下单,236.98,0.0,0.06126,首单唤醒大额券：满100-50，7天有效
U002667,金牌会员,低,流失沉睡,仅1单,1297.69,1.0,0.06126,复购唤醒券：满300-80，14天有效
U002553,普通会员,低,流失沉睡,从未下单,1233.64,0.0,0.061186,首单唤醒大额券：满100-50，7天有效
U004462,普通会员,低,流失沉睡,仅1单,127.43,1.0,0.061069,复购唤醒券：满300-80，14天有效
U001632,金牌会员,低,流失沉睡,从未下单,324.57,0.0,0.06099,首单唤醒大额券：满100-50，7天有效
U000517,铜牌会员,低,流失沉睡,仅1单,434.63,1.0,0.060974,复购唤醒券：满300-80，14天有效
U004746,铜牌会员,低,流失沉睡,从未下单,189.58,0.0,0.060962,首单唤醒大额券：满100-50，7天有效
U001516,银牌会员,低,流失沉睡,从未下单,340.37,0.0,0.06095,首单唤醒大额券：满100-50，7天有效
U000149,铜牌会员,低,流失沉睡,仅1单,1304.9,1.0,0.060857,复购唤醒券：满300-80，14天有效
U003371,金牌会员,低,流失沉睡,仅1单,1029.51,1.0,0.060857,复购唤醒券：满300-80，14天有效
U001258,金牌会员,低,流失沉睡,仅1单,429.35,1.0,0.060841,复购唤醒券：满300-80，14天有效
U003947,银牌会员,低,流失沉睡,从未下单,0.0,0.0,0.06084,首单唤醒大额券：满100-50，7天有效
U001199,铜牌会员,低,流失沉睡,仅1单,253.08,1.0,0.060836,复购唤醒券：满300-80，14天有效
U003467,金牌会员,低,流失沉睡,从未下单,274.93,0.0,0.060796,首单唤醒大额券：满100-50，7天有效
U001352,铜牌会员,低,流失沉睡,从未下单,0.0,0.0,0.060762,首单唤醒大额券：满100-50，7天有效
U003481,铜牌会员,低,流失沉睡,仅1单,1824.78,1.0,0.0607,复购唤醒券：满300-80，14天有效
U002383,铜牌会员,低,流失沉睡,从未下单,256.34,0.0,0.060638,首单唤醒大额券：满100-50，7天有效
U004849,普通会员,低,流失沉睡,从未下单,1122.73,0.0,0.060624,首单唤醒大额券：满100-50，7天有效
U001756,普通会员,低,流失沉睡,从未下单,718.98,0.0,0.060527,首单唤醒大额券：满100-50，7天有效
U001446,银牌会员,低,流失沉睡,仅1单,166.8,1.0,0.060478,复购唤醒券：满300-80，14天有效
U004975,普通会员,低,流失沉睡,从未下单,175.79,0.0,0.060448,首单唤醒大额券：满100-50，7天有效
U002767,铜牌会员,低,流失沉睡,从未下单,0.0,0.0,0.060409,首单唤醒大额券：满100-50，7天有效
U000145,银牌会员,低,流失沉睡,从未下单,2160.03,0.0,0.06022,首单唤醒大额券：满100-50，7天有效
U003962,普通会员,低,流失沉睡,仅1单,1115.86,1.0,0.060119,复购唤醒券：满300-80，14天有效
U003736,银牌会员,低,流失沉睡,从未下单,0.0,0.0,0.060049,首单唤醒大额券：满100-50，7天有效
U000157,铜牌会员,低,流失沉睡,从未下单,0.0,0.0,0.059918,首单唤醒大额券：满100-50，7天有效
U001693,普通会员,低,流失沉睡,从未下单,701.38,0.0,0.05989,首单唤醒大额券：满100-50，7天有效
U003252,银牌会员,低,流失沉睡,从未下单,1091.8,0.0,0.059815,首单唤醒大额券：满100-50，7天有效
U002418,普通会员,低,流失沉睡,从未下单,0.0,0.0,0.059795,首单唤醒大额券：满100-50，7天有效
U002083,金牌会员,低,流失沉睡,从未下单,0.0,0.0,0.059736,首单唤醒大额券：满100-50，7天有效
U002058,铜牌会员,低,流失沉睡,仅1单,2149.66,1.0,0.059659,复购唤醒券：满300-80，14天有效
U002345,普通会员,低,流失沉睡,从未下单,562.15,0.0,0.059529,首单唤醒大额券：满100-50，7天有效
U002467,铜牌会员,低,流失沉睡,从未下单,439.94,0.0,0.059456,首单唤醒大额券：满100-50，7天有效
U003747,银牌会员,低,流失沉睡,仅1单,56.8,1.0,0.059453,复购唤醒券：满300-80，14天有效
U001550,铜牌会员,低,流失沉睡,从未下单,2229.52,0.0,0.059432,首单唤醒大额券：满100-50，7天有效
U004299,铜牌会员,低,流失沉睡,从未下单,231.38,0.0,0.059429,首单唤醒大额券：满100-50，7天有效
U002982,银牌会员,低,流失沉睡,仅1单,646.09,1.0,0.059414,复购唤醒券：满300-80，14天有效
U003757,普通会员,低,流失沉睡,从未下单,0.0,0.0,0.059393,首单唤醒大额券：满100-50，7天有效
U000347,铜牌会员,低,流失沉睡,仅1单,156.11,1.0,0.059378,复购唤醒券：满300-80，14天有效
U002754,普通会员,低,流失沉睡,从未下单,0.0,0.0,0.059376,首单唤醒大额券：满100-50，7天有效
U002642,铜牌会员,低,流失沉睡,从未下单,951.74,0.0,0.059329,首单唤醒大额券：满100-50，7天有效
U001407,银牌会员,低,流失沉睡,从未下单,0.0,0.0,0.059296,首单唤醒大额券：满100-50，7天有效
U000719,铜牌会员,低,流失沉睡,从未下单,0.0,0.0,0.059282,首单唤醒大额券：满100-50，7天有效
U000356,银牌会员,低,流失沉睡,仅1单,144.08,1.0,0.05926,复购唤醒券：满300-80，14天有效
U002934,铜牌会员,低,流失沉睡,从未下单,907.15,0.0,0.059226,首单唤醒大额券：满100-50，7天有效
U000677,普通会员,低,流失沉睡,从未下单,0.0,0.0,0.059097,首单唤醒大额券：满100-50，7天有效
U000138,铜牌会员,低,流失沉睡,从未下单,2423.33,0.0,0.059064,首单唤醒大额券：满100-50，7天有效
U004595,银牌会员,低,流失沉睡,从未下单,0.0,0.0,0.05905,首单唤醒大额券：满100-50，7天有效
U000842,铜牌会员,低,流失沉睡,仅1单,525.01,1.0,0.059042,复购唤醒券：满300-80，14天有效
U000509,铜牌会员,低,流失沉睡,从未下单,342.24,0.0,0.058898,首单唤醒大额券：满100-50，7天有效
U002461,钻石会员,低,流失沉睡,从未下单,263.09,0.0,0.058879,首单唤醒大额券：满100-50，7天有效
U003441,金牌会员,低,流失沉睡,从未下单,591.73,0.0,0.058863,首单唤醒大额券：满100-50，7天有效
U004611,银牌会员,低,流失沉睡,仅1单,656.18,1.0,0.058791,复购唤醒券：满300-80，14天有效
U000679,铜牌会员,低,流失沉睡,从未下单,0.0,0.0,0.058751,首单唤醒大额券：满100-50，7天有效
U000715,银牌会员,低,流失沉睡,从未下单,2335.42,0.0,0.058749,首单唤醒大额券：满100-50，7天有效
U001848,普通会员,低,流失沉睡,从未下单,0.0,0.0,0.058723,首单唤醒大额券：满100-50，7天有效
U000807,铜牌会员,低,流失沉睡,从未下单,300.33,0.0,0.058694,首单唤醒大额券：满100-50，7天有效
U004623,铜牌会员,低,流失沉睡,从未下单,0.0,0.0,0.058655,首单唤醒大额券：满100-50，7天有效
U002386,普通会员,低,流失沉睡,仅1单,198.29,1.0,0.058573,复购唤醒券：满300-80，14天有效
U004499,银牌会员,低,流失沉睡,从未下单,0.0,0.0,0.05857,首单唤醒大额券：满100-50，7天有效
U001955,金牌会员,低,流失沉睡,从未下单,0.0,0.0,0.058538,首单唤醒大额券：满100-50，7天有效
U001823,普通会员,低,流失沉睡,从未下单,495.54,0.0,0.058514,首单唤醒大额券：满100-50，7天有效
U002206,铜牌会员,低,流失沉睡,仅1单,146.42,1.0,0.058355,复购唤醒券：满300-80，14天有效
U004960,普通会员,低,流失沉睡,从未下单,0.0,0.0,0.058337,首单唤醒大额券：满100-50，7天有效
U001269,钻石会员,低,流失沉睡,仅1单,263.27,1.0,0.058236,复购唤醒券：满300-80，14天有效
U000450,银牌会员,低,流失沉睡,从未下单,74.85,0.0,0.058232,首单唤醒大额券：满100-50，7天有效
U000437,铜牌会员,低,流失沉睡,从未下单,659.38,0.0,0.058188,首单唤醒大额券：满100-50，7天有效
U003498,银牌会员,低,流失沉睡,仅1单,640.38,1.0,0.058187,复购唤醒券：满300-80，14天有效
U003733,铜牌会员,低,流失沉睡,从未下单,0.0,0.0,0.058083,首单唤醒大额券：满100-50，7天有效
U002082,金牌会员,低,流失沉睡,仅1单,105.32,1.0,0.058066,复购唤醒券：满300-80，14天有效
U002532,普通会员,低,流失沉睡,从未下单,907.12,0.0,0.058014,首单唤醒大额券：满100-50，7天有效
U000317,普通会员,低,流失沉睡,从未下单,0.0,0.0,0.058007,首单唤醒大额券：满100-50，7天有效
U004452,金牌会员,低,流失沉睡,从未下单,0.0,0.0,0.05799,首单唤醒大额券：满100-50，7天有效
U003342,普通会员,低,流失沉睡,从未下单,0.0,0.0,0.057963,首单唤醒大额券：满100-50，7天有效
U000771,铜牌会员,低,流失沉睡,从未下单,0.0,0.0,0.057895,首单唤醒大额券：满100-50，7天有效
U002944,铜牌会员,低,流失沉睡,从未下单,0.0,0.0,0.057895,首单唤醒大额券：满100-50，7天有效
U004339,银牌会员,低,流失沉睡,从未下单,0.0,0.0,0.057868,首单唤醒大额券：满100-50，7天有效
U002951,普通会员,低,流失沉睡,从未下单,286.32,0.0,0.057826,首单唤醒大额券：满100-50，7天有效
U000843,银牌会员,低,流失沉睡,从未下单,331.21,0.0,0.057812,首单唤醒大额券：满100-50，7天有效
U003514,银牌会员,低,流失沉睡,从未下单,620.84,0.0,0.057463,首单唤醒大额券：满100-50，7天有效
U000748,银牌会员,低,流失沉睡,仅1单,548.96,1.0,0.057457,复购唤醒券：满300-80，14天有效
U003637,铜牌会员,低,流失沉睡,从未下单,0.0,0.0,0.057429,首单唤醒大额券：满100-50，7天有效
U000528,钻石会员,低,流失沉睡,从未下单,0.0,0.0,0.057347,首单唤醒大额券：满100-50，7天有效
U002668,银牌会员,低,流失沉睡,从未下单,0.0,0.0,0.057321,首单唤醒大额券：满100-50，7天有效
U003979,银牌会员,低,流失沉睡,从未下单,0.0,0.0,0.057317,首单唤醒大额券：满100-50，7天有效
U001700,铜牌会员,低,流失沉睡,从未下单,0.0,0.0,0.057286,首单唤醒大额券：满100-50，7天有效
U002185,铜牌会员,低,流失沉睡,从未下单,428.9,0.0,0.057165,首单唤醒大额券：满100-50，7天有效
U004778,钻石会员,低,流失沉睡,从未下单,0.0,0.0,0.057021,首单唤醒大额券：满100-50，7天有效
U004269,普通会员,低,流失沉睡,从未下单,261.48,0.0,0.056955,首单唤醒大额券：满100-50，7天有效
U004136,普通会员,低,流失沉睡,仅1单,186.78,1.0,0.056948,复购唤醒券：满300-80，14天有效
U000108,银牌会员,低,流失沉睡,从未下单,446.1,0.0,0.056921,首单唤醒大额券：满100-50，7天有效
U000314,金牌会员,低,流失沉睡,从未下单,0.0,0.0,0.05686,首单唤醒大额券：满100-50，7天有效
U000582,银牌会员,低,流失沉睡,仅1单,158.44,1.0,0.056833,复购唤醒券：满300-80，14天有效
U001033,铜牌会员,低,流失沉睡,从未下单,1094.49,0.0,0.056819,首单唤醒大额券：满100-50，7天有效
U002298,银牌会员,低,流失沉睡,从未下单,0.0,0.0,0.056795,首单唤醒大额券：满100-50，7天有效
U000376,铜牌会员,低,流失沉睡,从未下单,0.0,0.0,0.056678,首单唤醒大额券：满100-50，7天有效
U002664,钻石会员,低,流失沉睡,从未下单,0.0,0.0,0.056678,首单唤醒大额券：满100-50，7天有效
U004393,金牌会员,低,流失沉睡,仅1单,248.47,1.0,0.056663,复购唤醒券：满300-80，14天有效
U004389,金牌会员,低,流失沉睡,从未下单,158.24,0.0,0.056477,首单唤醒大额券：满100-50，7天有效
U000116,金牌会员,低,流失沉睡,从未下单,727.96,0.0,0.056455,首单唤醒大额券：满100-50，7天有效
U002609,钻石会员,低,流失沉睡,从未下单,0.0,0.0,0.056404,首单唤醒大额券：满100-50，7天有效
U000675,普通会员,低,流失沉睡,从未下单,0.0,0.0,0.056382,首单唤醒大额券：满100-50，7天有效
U000296,铜牌会员,低,流失沉睡,仅1单,112.28,1.0,0.056367,复购唤醒券：满300-80，14天有效
U001122,金牌会员,低,流失沉睡,从未下单,0.0,0.0,0.056323,首单唤醒大额券：满100-50，7天有效
U002428,银牌会员,低,流失沉睡,从未下单,0.0,0.0,0.056321,首单唤醒大额券：满100-50，7天有效
U003756,金牌会员,低,流失沉睡,从未下单,0.0,0.0,0.056313,首单唤醒大额券：满100-50，7天有效
U000852,银牌会员,低,流失沉睡,从未下单,0.0,0.0,0.056304,首单唤醒大额券：满100-50，7天有效
U004529,普通会员,低,流失沉睡,仅1单,169.34,1.0,0.056297,复购唤醒券：满300-80，14天有效
U004557,银牌会员,低,流失沉睡,从未下单,110.13,0.0,0.056284,首单唤醒大额券：满100-50，7天有效
U000217,普通会员,低,流失沉睡,从未下单,0.0,0.0,0.056189,首单唤醒大额券：满100-50，7天有效
U000536,金牌会员,低,流失沉睡,从未下单,0.0,0.0,0.056168,首单唤醒大额券：满100-50，7天有效
U003185,普通会员,低,流失沉睡,从未下单,0.0,0.0,0.056164,首单唤醒大额券：满100-50，7天有效
U000076,钻石会员,低,流失沉睡,从未下单,0.0,0.0,0.056112,首单唤醒大额券：满100-50，7天有效
U000943,金牌会员,低,流失沉睡,从未下单,0.0,0.0,0.056089,首单唤醒大额券：满100-50，7天有效
U000487,普通会员,低,流失沉睡,从未下单,0.0,0.0,0.056075,首单唤醒大额券：满100-50，7天有效
U003056,金牌会员,低,流失沉睡,仅1单,102.91,1.0,0.056075,复购唤醒券：满300-80，14天有效
U001060,金牌会员,低,流失沉睡,从未下单,622.54,0.0,0.056061,首单唤醒大额券：满100-50，7天有效
U004877,银牌会员,低,流失沉睡,从未下单,0.0,0.0,0.056056,首单唤醒大额券：满100-50，7天有效
U004796,金牌会员,低,流失沉睡,从未下单,314.99,0.0,0.056043,首单唤醒大额券：满100-50，7天有效
U003104,金牌会员,低,流失沉睡,从未下单,0.0,0.0,0.056024,首单唤醒大额券：满100-50，7天有效
U004446,银牌会员,低,流失沉睡,从未下单,0.0,0.0,0.05598,首单唤醒大额券：满100-50，7天有效
U003331,银牌会员,低,流失沉睡,从未下单,0.0,0.0,0.055959,首单唤醒大额券：满100-50，7天有效
U004418,钻石会员,低,流失沉睡,从未下单,0.0,0.0,0.055954,首单唤醒大额券：满100-50，7天有效
U003971,银牌会员,低,流失沉睡,从未下单,103.79,0.0,0.055942,首单唤醒大额券：满100-50，7天有效
U002739,钻石会员,低,流失沉睡,从未下单,0.0,0.0,0.055939,首单唤醒大额券：满100-50，7天有效
U000345,钻石会员,低,流失沉睡,从未下单,0.0,0.0,0.055888,首单唤醒大额券：满100-50，7天有效
U001996,金牌会员,低,流失沉睡,从未下单,321.62,0.0,0.055803,首单唤醒大额券：满100-50，7天有效
U001012,金牌会员,低,流失沉睡,从未下单,0.0,0.0,0.055765,首单唤醒大额券：满100-50，7天有效
U003765,银牌会员,低,流失沉睡,从未下单,0.0,0.0,0.05575,首单唤醒大额券：满100-50，7天有效
U000600,铜牌会员,低,流失沉睡,从未下单,87.31,0.0,0.055711,首单唤醒大额券：满100-50，7天有效
U003883,铜牌会员,低,流失沉睡,从未下单,0.0,0.0,0.055711,首单唤醒大额券：满100-50，7天有效
U002127,普通会员,低,流失沉睡,从未下单,0.0,0.0,0.055692,首单唤醒大额券：满100-50，7天有效
U001585,银牌会员,低,流失沉睡,从未下单,0.0,0.0,0.055685,首单唤醒大额券：满100-50，7天有效
U001200,铜牌会员,低,流失沉睡,从未下单,195.85,0.0,0.055576,首单唤醒大额券：满100-50，7天有效
U003835,铜牌会员,低,流失沉睡,从未下单,0.0,0.0,0.055566,首单唤醒大额券：满100-50，7天有效
U002687,普通会员,低,流失沉睡,仅1单,484.76,1.0,0.055464,复购唤醒券：满300-80，14天有效
U002294,普通会员,低,流失沉睡,从未下单,0.0,0.0,0.055434,首单唤醒大额券：满100-50，7天有效
U004445,银牌会员,低,流失沉睡,从未下单,0.0,0.0,0.055362,首单唤醒大额券：满100-50，7天有效
U004874,银牌会员,低,流失沉睡,从未下单,0.0,0.0,0.055274,首单唤醒大额券：满100-50，7天有效
U004396,铜牌会员,低,流失沉睡,从未下单,0.0,0.0,0.05525,首单唤醒大额券：满100-50，7天有效
U001176,金牌会员,低,流失沉睡,从未下单,0.0,0.0,0.055249,首单唤醒大额券：满100-50，7天有效
U001459,铜牌会员,低,流失沉睡,从未下单,44.56,0.0,0.055249,首单唤醒大额券：满100-50，7天有效
U001869,普通会员,低,流失沉睡,从未下单,903.15,0.0,0.055249,首单唤醒大额券：满100-50，7天有效
U001062,铜牌会员,低,流失沉睡,从未下单,0.0,0.0,0.055213,首单唤醒大额券：满100-50，7天有效
U004956,铜牌会员,低,流失沉睡,从未下单,0.0,0.0,0.055204,首单唤醒大额券：满100-50，7天有效
U004046,银牌会员,低,流失沉睡,仅1单,314.18,1.0,0.055111,复购唤醒券：满300-80，14天有效
U001397,银牌会员,低,流失沉睡,从未下单,0.0,0.0,0.055073,首单唤醒大额券：满100-50，7天有效
U004099,普通会员,低,流失沉睡,仅1单,46.95,1.0,0.055023,复购唤醒券：满300-80，14天有效
U004561,铜牌会员,低,流失沉睡,从未下单,0.0,0.0,0.055006,首单唤醒大额券：满100-50，7天有效
U001870,银牌会员,低,流失沉睡,从未下单,0.0,0.0,0.054915,首单唤醒大额券：满100-50，7天有效
U003810,银牌会员,低,流失沉睡,从未下单,0.0,0.0,0.05491,首单唤醒大额券：满100-50，7天有效
U004473,普通会员,低,流失沉睡,从未下单,418.53,0.0,0.054855,首单唤醒大额券：满100-50，7天有效
U004067,金牌会员,低,流失沉睡,从未下单,737.0,0.0,0.054851,首单唤醒大额券：满100-50，7天有效
U002983,铜牌会员,低,流失沉睡,从未下单,0.0,0.0,0.05482,首单唤醒大额券：满100-50，7天有效
U000572,金牌会员,低,流失沉睡,从未下单,0.0,0.0,0.054773,首单唤醒大额券：满100-50，7天有效
U003935,铜牌会员,低,流失沉睡,从未下单,0.0,0.0,0.054771,首单唤醒大额券：满100-50，7天有效
U003431,铜牌会员,低,流失沉睡,从未下单,0.0,0.0,0.054759,首单唤醒大额券：满100-50，7天有效
U002300,银牌会员,低,流失沉睡,仅1单,111.19,1.0,0.05462,复购唤醒券：满300-80，14天有效
U002986,普通会员,低,流失沉睡,从未下单,0.0,0.0,0.054611,首单唤醒大额券：满100-50，7天有效
U003831,银牌会员,低,流失沉睡,从未下单,0.0,0.0,0.054606,首单唤醒大额券：满100-50，7天有效
U001522,铜牌会员,低,流失沉睡,从未下单,0.0,0.0,0.054593,首单唤醒大额券：满100-50，7天有效
U004413,普通会员,低,流失沉睡,从未下单,0.0,0.0,0.054589,首单唤醒大额券：满100-50，7天有效
U003210,银牌会员,低,流失沉睡,从未下单,0.0,0.0,0.054569,首单唤醒大额券：满100-50，7天有效
U001380,普通会员,低,流失沉睡,从未下单,0.0,0.0,0.054532,首单唤醒大额券：满100-50，7天有效
U001329,银牌会员,低,流失沉睡,从未下单,0.0,0.0,0.054497,首单唤醒大额券：满100-50，7天有效
U001797,普通会员,低,流失沉睡,从未下单,0.0,0.0,0.054361,首单唤醒大额券：满100-50，7天有效
U003651,银牌会员,低,流失沉睡,从未下单,0.0,0.0,0.054352,首单唤醒大额券：满100-50，7天有效
U004027,铜牌会员,低,流失沉睡,从未下单,0.0,0.0,0.054261,首单唤醒大额券：满100-50，7天有效
U001457,铜牌会员,低,流失沉睡,从未下单,0.0,0.0,0.05424,首单唤醒大额券：满100-50，7天有效
U003523,铜牌会员,低,流失沉睡,从未下单,197.54,0.0,0.05424,首单唤醒大额券：满100-50，7天有效
U004518,普通会员,低,流失沉睡,从未下单,0.0,0.0,0.05424,首单唤醒大额券：满100-50，7天有效
U002029,普通会员,低,流失沉睡,从未下单,565.8,0.0,0.054231,首单唤醒大额券：满100-50，7天有效
U000239,铜牌会员,低,流失沉睡,从未下单,0.0,0.0,0.054209,首单唤醒大额券：满100-50，7天有效
U000391,铜牌会员,低,流失沉睡,从未下单,0.0,0.0,0.054196,首单唤醒大额券：满100-50，7天有效
U003949,铜牌会员,低,流失沉睡,从未下单,0.0,0.0,0.054196,首单唤醒大额券：满100-50，7天有效
U003365,钻石会员,低,流失沉睡,从未下单,0.0,0.0,0.05416,首单唤醒大额券：满100-50，7天有效
U003134,银牌会员,低,流失沉睡,从未下单,0.0,0.0,0.054056,首单唤醒大额券：满100-50，7天有效
U001250,银牌会员,低,流失沉睡,从未下单,0.0,0.0,0.054019,首单唤醒大额券：满100-50，7天有效
U001487,铜牌会员,低,流失沉睡,从未下单,334.51,0.0,0.054017,首单唤醒大额券：满100-50，7天有效
U004756,银牌会员,低,流失沉睡,仅1单,178.58,1.0,0.053953,复购唤醒券：满300-80，14天有效
U004837,银牌会员,低,流失沉睡,从未下单,0.0,0.0,0.053916,首单唤醒大额券：满100-50，7天有效
U004895,银牌会员,低,流失沉睡,从未下单,0.0,0.0,0.053905,首单唤醒大额券：满100-50，7天有效
U004682,银牌会员,低,流失沉睡,从未下单,0.0,0.0,0.053894,首单唤醒大额券：满100-50，7天有效
U004346,钻石会员,低,流失沉睡,从未下单,76.84,0.0,0.053868,首单唤醒大额券：满100-50，7天有效
U002651,银牌会员,低,流失沉睡,从未下单,0.0,0.0,0.053841,首单唤醒大额券：满100-50，7天有效
U000924,普通会员,低,流失沉睡,从未下单,1066.0,0.0,0.053835,首单唤醒大额券：满100-50，7天有效
U001272,银牌会员,低,流失沉睡,仅1单,166.12,1.0,0.053686,复购唤醒券：满300-80，14天有效
U003932,铜牌会员,低,流失沉睡,从未下单,0.0,0.0,0.053681,首单唤醒大额券：满100-50，7天有效
U004999,普通会员,低,流失沉睡,从未下单,574.79,0.0,0.053669,首单唤醒大额券：满100-50，7天有效
U000119,银牌会员,低,流失沉睡,从未下单,0.0,0.0,0.053641,首单唤醒大额券：满100-50，7天有效
U000171,银牌会员,低,流失沉睡,从未下单,0.0,0.0,0.053615,首单唤醒大额券：满100-50，7天有效
U004220,铜牌会员,低,流失沉睡,从未下单,0.0,0.0,0.053599,首单唤醒大额券：满100-50，7天有效
U004834,银牌会员,低,流失沉睡,从未下单,56.45,0.0,0.053599,首单唤醒大额券：满100-50，7天有效
U000438,银牌会员,低,流失沉睡,从未下单,0.0,0.0,0.053577,首单唤醒大额券：满100-50，7天有效
U001420,普通会员,低,流失沉睡,从未下单,0.0,0.0,0.053573,首单唤醒大额券：满100-50，7天有效
U000216,普通会员,低,流失沉睡,从未下单,0.0,0.0,0.053542,首单唤醒大额券：满100-50，7天有效
U002598,铜牌会员,低,流失沉睡,从未下单,509.91,0.0,0.053533,首单唤醒大额券：满100-50，7天有效
U002350,铜牌会员,低,流失沉睡,从未下单,288.47,0.0,0.053512,首单唤醒大额券：满100-50，7天有效
U002567,金牌会员,低,流失沉睡,从未下单,0.0,0.0,0.053484,首单唤醒大额券：满100-50，7天有效
U003614,钻石会员,低,流失沉睡,从未下单,0.0,0.0,0.053397,首单唤醒大额券：满100-50，7天有效
U000914,金牌会员,低,流失沉睡,从未下单,0.0,0.0,0.053376,首单唤醒大额券：满100-50，7天有效
U002388,银牌会员,低,流失沉睡,从未下单,0.0,0.0,0.053376,首单唤醒大额券：满100-50，7天有效
U003681,金牌会员,低,流失沉睡,从未下单,339.52,0.0,0.053319,首单唤醒大额券：满100-50，7天有效
U004424,金牌会员,低,流失沉睡,从未下单,0.0,0.0,0.053319,首单唤醒大额券：满100-50，7天有效
U000792,银牌会员,低,流失沉睡,从未下单,0.0,0.0,0.05327,首单唤醒大额券：满100-50，7天有效
U000548,银牌会员,低,流失沉睡,从未下单,0.0,0.0,0.053253,首单唤醒大额券：满100-50，7天有效
U002095,铜牌会员,低,流失沉睡,仅1单,385.58,1.0,0.053227,复购唤醒券：满300-80，14天有效
U001030,普通会员,低,流失沉睡,从未下单,0.0,0.0,0.053136,首单唤醒大额券：满100-50，7天有效
U004450,铜牌会员,低,流失沉睡,从未下单,0.0,0.0,0.053133,首单唤醒大额券：满100-50，7天有效
U002252,普通会员,低,流失沉睡,从未下单,0.0,0.0,0.052989,首单唤醒大额券：满100-50，7天有效
U001570,金牌会员,低,流失沉睡,从未下单,15.96,0.0,0.052985,首单唤醒大额券：满100-50，7天有效
U000758,铜牌会员,低,流失沉睡,从未下单,170.85,0.0,0.052963,首单唤醒大额券：满100-50，7天有效
U002473,金牌会员,低,流失沉睡,从未下单,0.0,0.0,0.052963,首单唤醒大额券：满100-50，7天有效
U004103,铜牌会员,低,流失沉睡,从未下单,0.0,0.0,0.052946,首单唤醒大额券：满100-50，7天有效
U001003,钻石会员,低,流失沉睡,从未下单,0.0,0.0,0.052944,首单唤醒大额券：满100-50，7天有效
U004092,银牌会员,低,流失沉睡,从未下单,0.0,0.0,0.052911,首单唤醒大额券：满100-50，7天有效
U003060,金牌会员,低,流失沉睡,从未下单,0.0,0.0,0.052836,首单唤醒大额券：满100-50，7天有效
U000095,钻石会员,低,流失沉睡,从未下单,0.0,0.0,0.052805,首单唤醒大额券：满100-50，7天有效
U004225,金牌会员,低,流失沉睡,从未下单,0.0,0.0,0.052774,首单唤醒大额券：满100-50，7天有效
U004007,铜牌会员,低,流失沉睡,从未下单,0.0,0.0,0.05273,首单唤醒大额券：满100-50，7天有效
U004709,铜牌会员,低,流失沉睡,从未下单,0.0,0.0,0.052642,首单唤醒大额券：满100-50，7天有效
U000820,铜牌会员,低,流失沉睡,从未下单,0.0,0.0,0.052548,首单唤醒大额券：满100-50，7天有效
U001447,铜牌会员,低,流失沉睡,从未下单,0.0,0.0,0.052546,首单唤醒大额券：满100-50，7天有效
U000350,银牌会员,低,流失沉睡,从未下单,0.0,0.0,0.052545,首单唤醒大额券：满100-50，7天有效
U004759,铜牌会员,低,流失沉睡,从未下单,0.0,0.0,0.05253,首单唤醒大额券：满100-50，7天有效
U004705,铜牌会员,低,流失沉睡,从未下单,0.0,0.0,0.052437,首单唤醒大额券：满100-50，7天有效
U004788,金牌会员,低,流失沉睡,从未下单,0.0,0.0,0.052433,首单唤醒大额券：满100-50，7天有效
U001976,金牌会员,低,流失沉睡,从未下单,0.0,0.0,0.052361,首单唤醒大额券：满100-50，7天有效
U003653,钻石会员,低,流失沉睡,从未下单,0.0,0.0,0.052361,首单唤醒大额券：满100-50，7天有效
U003771,金牌会员,低,流失沉睡,从未下单,0.0,0.0,0.052305,首单唤醒大额券：满100-50，7天有效
U004828,普通会员,低,流失沉睡,从未下单,0.0,0.0,0.052211,首单唤醒大额券：满100-50，7天有效
U002514,普通会员,低,流失沉睡,从未下单,0.0,0.0,0.052207,首单唤醒大额券：满100-50，7天有效
U000656,银牌会员,低,流失沉睡,从未下单,0.0,0.0,0.052204,首单唤醒大额券：满100-50，7天有效
U002860,铜牌会员,低,流失沉睡,从未下单,0.0,0.0,0.052179,首单唤醒大额券：满100-50，7天有效
U001833,铜牌会员,低,流失沉睡,从未下单,0.0,0.0,0.052178,首单唤醒大额券：满100-50，7天有效
U004020,普通会员,低,流失沉睡,从未下单,0.0,0.0,0.052178,首单唤醒大额券：满100-50，7天有效
U001777,普通会员,低,流失沉睡,从未下单,0.0,0.0,0.052152,首单唤醒大额券：满100-50，7天有效
U000540,铜牌会员,低,流失沉睡,从未下单,0.0,0.0,0.052125,首单唤醒大额券：满100-50，7天有效
U003494,银牌会员,低,流失沉睡,从未下单,0.0,0.0,0.052099,首单唤醒大额券：满100-50，7天有效
U003352,铜牌会员,低,流失沉睡,从未下单,195.68,0.0,0.052096,首单唤醒大额券：满100-50，7天有效
U002738,金牌会员,低,流失沉睡,从未下单,0.0,0.0,0.052075,首单唤醒大额券：满100-50，7天有效
U002647,普通会员,低,流失沉睡,从未下单,0.0,0.0,0.052074,首单唤醒大额券：满100-50，7天有效
U000635,金牌会员,低,流失沉睡,从未下单,0.0,0.0,0.052024,首单唤醒大额券：满100-50，7天有效
U003478,银牌会员,低,流失沉睡,从未下单,0.0,0.0,0.052024,首单唤醒大额券：满100-50，7天有效
U003412,铜牌会员,低,流失沉睡,从未下单,0.0,0.0,0.052005,首单唤醒大额券：满100-50，7天有效
U001947,普通会员,低,流失沉睡,从未下单,0.0,0.0,0.051934,首单唤醒大额券：满100-50，7天有效
U004076,铜牌会员,低,流失沉睡,从未下单,0.0,0.0,0.051905,首单唤醒大额券：满100-50，7天有效
U004384,普通会员,低,流失沉睡,从未下单,0.0,0.0,0.0519,首单唤醒大额券：满100-50，7天有效
U004766,普通会员,低,流失沉睡,仅1单,36.7,1.0,0.05189,复购唤醒券：满300-80，14天有效
U002711,普通会员,低,流失沉睡,从未下单,0.0,0.0,0.051816,首单唤醒大额券：满100-50，7天有效
U002458,普通会员,低,流失沉睡,从未下单,0.0,0.0,0.051801,首单唤醒大额券：满100-50，7天有效
U002380,铜牌会员,低,流失沉睡,从未下单,0.0,0.0,0.051766,首单唤醒大额券：满100-50，7天有效
U000678,普通会员,低,流失沉睡,仅1单,44.42,1.0,0.051749,复购唤醒券：满300-80，14天有效
U001311,铜牌会员,低,流失沉睡,从未下单,0.0,0.0,0.051749,首单唤醒大额券：满100-50，7天有效
U002904,金牌会员,低,流失沉睡,从未下单,0.0,0.0,0.051737,首单唤醒大额券：满100-50，7天有效
U003601,金牌会员,低,流失沉睡,从未下单,395.75,0.0,0.051737,首单唤醒大额券：满100-50，7天有效
U004695,普通会员,低,流失沉睡,从未下单,705.89,0.0,0.051737,首单唤醒大额券：满100-50，7天有效
U002706,普通会员,低,流失沉睡,从未下单,0.0,0.0,0.051655,首单唤醒大额券：满100-50，7天有效
U004417,铜牌会员,低,流失沉睡,从未下单,0.0,0.0,0.051642,首单唤醒大额券：满100-50，7天有效
U001526,铜牌会员,低,流失沉睡,从未下单,0.0,0.0,0.051506,首单唤醒大额券：满100-50，7天有效
U003880,金牌会员,低,流失沉睡,从未下单,0.0,0.0,0.05148,首单唤醒大额券：满100-50，7天有效
U001463,铜牌会员,低,流失沉睡,从未下单,0.0,0.0,0.051447,首单唤醒大额券：满100-50，7天有效
U004077,钻石会员,低,流失沉睡,仅1单,157.34,1.0,0.051441,复购唤醒券：满300-80，14天有效
U002523,铜牌会员,低,流失沉睡,从未下单,0.0,0.0,0.051419,首单唤醒大额券：满100-50，7天有效
U003508,银牌会员,低,流失沉睡,从未下单,0.0,0.0,0.051394,首单唤醒大额券：满100-50，7天有效
U002798,铜牌会员,低,流失沉睡,从未下单,0.0,0.0,0.051386,首单唤醒大额券：满100-50，7天有效
U002311,普通会员,低,流失沉睡,从未下单,0.0,0.0,0.051369,首单唤醒大额券：满100-50，7天有效
U004159,普通会员,低,流失沉睡,仅1单,125.38,1.0,0.051228,复购唤醒券：满300-80，14天有效
U000478,钻石会员,低,流失沉睡,从未下单,812.09,0.0,0.051202,首单唤醒大额券：满100-50，7天有效
U000744,铜牌会员,低,流失沉睡,从未下单,0.0,0.0,0.051202,首单唤醒大额券：满100-50，7天有效
U002761,铜牌会员,低,流失沉睡,从未下单,0.0,0.0,0.051183,首单唤醒大额券：满100-50，7天有效
U003695,金牌会员,低,流失沉睡,从未下单,0.0,0.0,0.051137,首单唤醒大额券：满100-50，7天有效
U004151,银牌会员,低,流失沉睡,从未下单,0.0,0.0,0.05111,首单唤醒大额券：满100-50，7天有效
U000497,铜牌会员,低,流失沉睡,从未下单,0.0,0.0,0.0511,首单唤醒大额券：满100-50，7天有效
U004272,金牌会员,低,流失沉睡,从未下单,0.0,0.0,0.0511,首单唤醒大额券：满100-50，7天有效
U001732,铜牌会员,低,流失沉睡,从未下单,0.0,0.0,0.051026,首单唤醒大额券：满100-50，7天有效
U001279,银牌会员,低,流失沉睡,从未下单,0.0,0.0,0.051012,首单唤醒大额券：满100-50，7天有效
U004802,普通会员,低,流失沉睡,仅1单,421.5,1.0,0.051012,复购唤醒券：满300-80，14天有效
U004468,银牌会员,低,流失沉睡,从未下单,0.0,0.0,0.050975,首单唤醒大额券：满100-50，7天有效
U001326,普通会员,低,流失沉睡,从未下单,0.0,0.0,0.050937,首单唤醒大额券：满100-50，7天有效
U001838,银牌会员,低,流失沉睡,从未下单,0.0,0.0,0.050937,首单唤醒大额券：满100-50，7天有效
U001476,铜牌会员,低,流失沉睡,从未下单,0.0,0.0,0.050936,首单唤醒大额券：满100-50，7天有效
U001900,铜牌会员,低,流失沉睡,从未下单,148.15,0.0,0.050909,首单唤醒大额券：满100-50，7天有效
U001207,金牌会员,低,流失沉睡,仅1单,35.38,1.0,0.050885,复购唤醒券：满300-80，14天有效
U003745,金牌会员,低,流失沉睡,从未下单,0.0,0.0,0.050885,首单唤醒大额券：满100-50，7天有效
U004588,普通会员,低,流失沉睡,从未下单,0.0,0.0,0.050833,首单唤醒大额券：满100-50，7天有效
U001809,普通会员,低,流失沉睡,从未下单,0.0,0.0,0.050805,首单唤醒大额券：满100-50，7天有效
U001085,铜牌会员,低,流失沉睡,仅1单,116.43,1.0,0.05078,复购唤醒券：满300-80，14天有效
U004213,银牌会员,低,流失沉睡,从未下单,0.0,0.0,0.050776,首单唤醒大额券：满100-50，7天有效
U000878,银牌会员,低,流失沉睡,从未下单,0.0,0.0,0.050727,首单唤醒大额券：满100-50，7天有效
U002907,铜牌会员,低,流失沉睡,从未下单,0.0,0.0,0.050727,首单唤醒大额券：满100-50，7天有效
U003752,银牌会员,低,流失沉睡,从未下单,0.0,0.0,0.050726,首单唤醒大额券：满100-50，7天有效
U002133,金牌会员,低,流失沉睡,从未下单,171.34,0.0,0.050687,首单唤醒大额券：满100-50，7天有效
U004264,银牌会员,低,流失沉睡,从未下单,102.14,0.0,0.050687,首单唤醒大额券：满100-50，7天有效
U002072,铜牌会员,低,流失沉睡,从未下单,124.86,0.0,0.050664,首单唤醒大额券：满100-50，7天有效
U002998,铜牌会员,低,流失沉睡,从未下单,0.0,0.0,0.050664,首单唤醒大额券：满100-50，7天有效
U001969,普通会员,低,流失沉睡,从未下单,0.0,0.0,0.050644,首单唤醒大额券：满100-50，7天有效
U003307,银牌会员,低,流失沉睡,从未下单,0.0,0.0,0.050644,首单唤醒大额券：满100-50，7天有效
U003830,金牌会员,低,流失沉睡,从未下单,0.0,0.0,0.050613,首单唤醒大额券：满100-50，7天有效
U003101,铜牌会员,低,流失沉睡,从未下单,0.0,0.0,0.050587,首单唤醒大额券：满100-50，7天有效
U000711,金牌会员,低,流失沉睡,从未下单,0.0,0.0,0.050549,首单唤醒大额券：满100-50，7天有效
U000355,铜牌会员,低,流失沉睡,从未下单,0.0,0.0,0.050495,首单唤醒大额券：满100-50，7天有效
U002903,铜牌会员,低,流失沉睡,从未下单,0.0,0.0,0.050455,首单唤醒大额券：满100-50，7天有效
U002976,普通会员,低,流失沉睡,从未下单,0.0,0.0,0.050455,首单唤醒大额券：满100-50，7天有效
U000333,铜牌会员,低,流失沉睡,从未下单,0.0,0.0,0.050402,首单唤醒大额券：满100-50，7天有效
U003856,金牌会员,低,流失沉睡,从未下单,56.15,0.0,0.050384,首单唤醒大额券：满100-50，7天有效
U003324,铜牌会员,低,流失沉睡,从未下单,0.0,0.0,0.050372,首单唤醒大额券：满100-50，7天有效
U004406,铜牌会员,低,流失沉睡,从未下单,0.0,0.0,0.050372,首单唤醒大额券：满100-50，7天有效
U004357,铜牌会员,低,流失沉睡,从未下单,0.0,0.0,0.050358,首单唤醒大额券：满100-50，7天有效
U003965,普通会员,低,流失沉睡,从未下单,0.0,0.0,0.050327,首单唤醒大额券：满100-50，7天有效
U002933,银牌会员,低,流失沉睡,从未下单,0.0,0.0,0.050319,首单唤醒大额券：满100-50，7天有效
U002981,铜牌会员,低,流失沉睡,从未下单,0.0,0.0,0.050319,首单唤醒大额券：满100-50，7天有效
U001391,钻石会员,低,流失沉睡,从未下单,0.0,0.0,0.050301,首单唤醒大额券：满100-50，7天有效
U004360,铜牌会员,低,流失沉睡,从未下单,62.76,0.0,0.050301,首单唤醒大额券：满100-50，7天有效
U003657,金牌会员,低,流失沉睡,从未下单,117.74,0.0,0.050249,首单唤醒大额券：满100-50，7天有效
U000688,普通会员,低,流失沉睡,从未下单,0.0,0.0,0.050244,首单唤醒大额券：满100-50，7天有效
U001178,铜牌会员,低,流失沉睡,从未下单,0.0,0.0,0.050244,首单唤醒大额券：满100-50，7天有效
U001950,普通会员,低,流失沉睡,从未下单,104.92,0.0,0.050218,首单唤醒大额券：满100-50，7天有效
U004420,银牌会员,低,流失沉睡,从未下单,0.0,0.0,0.050218,首单唤醒大额券：满100-50，7天有效
U004950,银牌会员,低,流失沉睡,从未下单,157.42,0.0,0.050218,首单唤醒大额券：满100-50，7天有效
U001270,铜牌会员,低,流失沉睡,从未下单,0.0,0.0,0.050199,首单唤醒大额券：满100-50，7天有效
U000172,铜牌会员,低,流失沉睡,从未下单,0.0,0.0,0.050079,首单唤醒大额券：满100-50，7天有效
U002943,铜牌会员,低,流失沉睡,从未下单,0.0,0.0,0.050029,首单唤醒大额券：满100-50，7天有效
U004252,铜牌会员,低,流失沉睡,从未下单,0.0,0.0,0.050029,首单唤醒大额券：满100-50，7天有效
U003855,银牌会员,低,流失沉睡,从未下单,0.0,0.0,0.050022,首单唤醒大额券：满100-50，7天有效
U003925,铜牌会员,低,流失沉睡,从未下单,0.0,0.0,0.050022,首单唤醒大额券：满100-50，7天有效
U000712,铜牌会员,低,流失沉睡,从未下单,0.0,0.0,0.049971,首单唤醒大额券：满100-50，7天有效
U000565,铜牌会员,低,流失沉睡,从未下单,0.0,0.0,0.049958,首单唤醒大额券：满100-50，7天有效
U001629,铜牌会员,低,流失沉睡,从未下单,0.0,0.0,0.049958,首单唤醒大额券：满100-50，7天有效
U002427,普通会员,低,流失沉睡,从未下单,0.0,0.0,0.049958,首单唤醒大额券：满100-50，7天有效
U000560,铜牌会员,低,流失沉睡,从未下单,0.0,0.0,0.049907,首单唤醒大额券：满100-50，7天有效
U002356,普通会员,低,流失沉睡,从未下单,0.0,0.0,0.049868,首单唤醒大额券：满100-50，7天有效
U002096,铜牌会员,低,流失沉睡,从未下单,0.0,0.0,0.049692,首单唤醒大额券：满100-50，7天有效
U002143,铜牌会员,低,流失沉睡,从未下单,0.0,0.0,0.049641,首单唤醒大额券：满100-50，7天有效
U001470,铜牌会员,低,流失沉睡,从未下单,0.0,0.0,0.049622,首单唤醒大额券：满100-50，7天有效
U003659,银牌会员,低,流失沉睡,从未下单,0.0,0.0,0.049602,首单唤醒大额券：满100-50，7天有效
U000425,铜牌会员,低,流失沉睡,从未下单,0.0,0.0,0.049576,首单唤醒大额券：满100-50，7天有效
U002919,铜牌会员,低,流失沉睡,从未下单,0.0,0.0,0.049543,首单唤醒大额券：满100-50，7天有效
U003558,铜牌会员,低,流失沉睡,从未下单,0.0,0.0,0.049361,首单唤醒大额券：满100-50，7天有效
U004971,铜牌会员,低,流失沉睡,从未下单,0.0,0.0,0.049342,首单唤醒大额券：满100-50，7天有效
U002680,铜牌会员,低,流失沉睡,从未下单,123.54,0.0,0.049291,首单唤醒大额券：满100-50，7天有效
U004909,铜牌会员,低,流失沉睡,从未下单,0.0,0.0,0.049037,首单唤醒大额券：满100-50，7天有效
U000297,铜牌会员,低,流失沉睡,从未下单,0.0,0.0,0.048687,首单唤醒大额券：满100-50，7天有效
U001028,铜牌会员,低,流失沉睡,从未下单,0.0,0.0,0.048687,首单唤醒大额券：满100-50，7天有效
U003408,铜牌会员,中,潜力用户,复购≥2次,9679.97,2.0,0.905762,小额升档券：满200-30，30天有效
U000070,铜牌会员,中,潜力用户,复购≥2次,7947.13,2.0,0.89324,小额升档券：满200-30，30天有效
U003786,铜牌会员,中,潜力用户,复购≥2次,8478.66,3.0,0.891963,小额升档券：满200-30，30天有效
U000851,铜牌会员,中,潜力用户,复购≥2次,5798.83,2.0,0.884537,小额升档券：满200-30，30天有效
U001109,铜牌会员,中,潜力用户,复购≥2次,8102.01,2.0,0.86889,小额升档券：满200-30，30天有效
U004701,普通会员,中,潜力用户,复购≥2次,6693.54,3.0,0.861786,小额升档券：满200-30，30天有效
U004430,普通会员,中,潜力用户,复购≥2次,6983.45,2.0,0.859487,小额升档券：满200-30，30天有效
U004728,铜牌会员,中,潜力用户,复购≥2次,9242.12,5.0,0.854539,小额升档券：满200-30，30天有效
U000902,铜牌会员,中,潜力用户,复购≥2次,6240.89,2.0,0.851149,小额升档券：满200-30，30天有效
U004274,银牌会员,中,潜力用户,复购≥2次,8552.22,4.0,0.849559,小额升档券：满200-30，30天有效
U004927,银牌会员,中,潜力用户,复购≥2次,8990.13,2.0,0.847224,小额升档券：满200-30，30天有效
U003295,普通会员,中,潜力用户,复购≥2次,9504.42,3.0,0.846736,小额升档券：满200-30，30天有效
U004676,普通会员,中,潜力用户,复购≥2次,6950.24,2.0,0.845945,小额升档券：满200-30，30天有效
U002746,钻石会员,中,潜力用户,复购≥2次,8508.44,3.0,0.845437,小额升档券：满200-30，30天有效
U004116,金牌会员,中,潜力用户,复购≥2次,8655.76,2.0,0.845019,小额升档券：满200-30，30天有效
U002144,铜牌会员,中,潜力用户,复购≥2次,8941.99,2.0,0.844469,小额升档券：满200-30，30天有效
U002030,铜牌会员,中,潜力用户,复购≥2次,6777.0,3.0,0.843029,小额升档券：满200-30，30天有效
U002372,钻石会员,中,潜力用户,复购≥2次,8759.03,2.0,0.842094,小额升档券：满200-30，30天有效
U000311,银牌会员,中,潜力用户,复购≥2次,8417.2,2.0,0.841697,小额升档券：满200-30，30天有效
U001482,铜牌会员,中,潜力用户,复购≥2次,6151.41,2.0,0.839777,小额升档券：满200-30，30天有效
U000412,铜牌会员,中,潜力用户,复购≥2次,6659.77,2.0,0.839762,小额升档券：满200-30，30天有效
U002555,金牌会员,中,潜力用户,复购≥2次,8787.97,2.0,0.837884,小额升档券：满200-30，30天有效
U002674,铜牌会员,中,潜力用户,复购≥2次,8233.47,3.0,0.835896,小额升档券：满200-30，30天有效
U002318,金牌会员,中,潜力用户,复购≥2次,9173.16,4.0,0.834069,小额升档券：满200-30，30天有效
U002644,银牌会员,中,潜力用户,复购≥2次,9858.97,2.0,0.833263,小额升档券：满200-30，30天有效
U002544,铜牌会员,中,潜力用户,复购≥2次,7403.97,3.0,0.833052,小额升档券：满200-30，30天有效
U003860,铜牌会员,中,潜力用户,复购≥2次,6651.22,4.0,0.833,小额升档券：满200-30，30天有效
U003794,银牌会员,中,潜力用户,复购≥2次,8418.23,2.0,0.832716,小额升档券：满200-30，30天有效
U004263,银牌会员,中,潜力用户,复购≥2次,9509.6,2.0,0.831396,小额升档券：满200-30，30天有效
U003238,钻石会员,中,潜力用户,复购≥2次,8696.4,2.0,0.830972,小额升档券：满200-30，30天有效
U004167,金牌会员,中,潜力用户,复购≥2次,5867.32,2.0,0.830473,小额升档券：满200-30，30天有效
U003669,普通会员,中,潜力用户,复购≥2次,6517.54,2.0,0.829961,小额升档券：满200-30，30天有效
U002402,铜牌会员,中,潜力用户,复购≥2次,8695.37,2.0,0.82856,小额升档券：满200-30，30天有效
U003748,银牌会员,中,潜力用户,复购≥2次,9637.9,3.0,0.828465,小额升档券：满200-30，30天有效
U004164,银牌会员,中,潜力用户,复购≥2次,8611.55,3.0,0.827866,小额升档券：满200-30，30天有效
U002501,金牌会员,中,潜力用户,复购≥2次,9837.8,2.0,0.827842,小额升档券：满200-30，30天有效
U004425,普通会员,中,潜力用户,复购≥2次,8795.94,2.0,0.827816,小额升档券：满200-30，30天有效
U000237,银牌会员,中,潜力用户,复购≥2次,7531.48,6.0,0.827802,小额升档券：满200-30，30天有效
U003153,金牌会员,中,潜力用户,复购≥2次,9287.49,4.0,0.826713,小额升档券：满200-30，30天有效
U001349,银牌会员,中,潜力用户,复购≥2次,9927.86,3.0,0.826079,小额升档券：满200-30，30天有效
U004153,普通会员,中,潜力用户,复购≥2次,7912.56,3.0,0.82603,小额升档券：满200-30，30天有效
U003526,金牌会员,中,潜力用户,复购≥2次,9852.63,3.0,0.825578,小额升档券：满200-30，30天有效
U003140,银牌会员,中,潜力用户,复购≥2次,8661.27,2.0,0.825538,小额升档券：满200-30，30天有效
U000113,铜牌会员,中,潜力用户,复购≥2次,7014.96,3.0,0.825252,小额升档券：满200-30，30天有效
U001535,普通会员,中,潜力用户,复购≥2次,8277.86,2.0,0.824843,小额升档券：满200-30，30天有效
U003561,钻石会员,中,潜力用户,复购≥2次,9969.45,2.0,0.824533,小额升档券：满200-30，30天有效
U003682,银牌会员,中,潜力用户,复购≥2次,7013.92,2.0,0.821769,小额升档券：满200-30，30天有效
U001089,普通会员,中,潜力用户,复购≥2次,7319.07,2.0,0.821686,小额升档券：满200-30，30天有效
U002561,铜牌会员,中,潜力用户,复购≥2次,7126.54,3.0,0.820325,小额升档券：满200-30，30天有效
U003889,普通会员,中,潜力用户,复购≥2次,6828.8,3.0,0.820006,小额升档券：满200-30，30天有效
U004019,金牌会员,中,潜力用户,复购≥2次,5994.45,3.0,0.818623,小额升档券：满200-30，30天有效
U002190,普通会员,中,潜力用户,复购≥2次,8967.08,2.0,0.818197,小额升档券：满200-30，30天有效
U004515,铜牌会员,中,潜力用户,复购≥2次,7164.95,2.0,0.817602,小额升档券：满200-30，30天有效
U003000,金牌会员,中,潜力用户,复购≥2次,5888.05,2.0,0.817359,小额升档券：满200-30，30天有效
U002607,钻石会员,中,潜力用户,复购≥2次,8119.3,2.0,0.816704,小额升档券：满200-30，30天有效
U000352,铜牌会员,中,潜力用户,复购≥2次,8502.55,4.0,0.816369,小额升档券：满200-30，30天有效
U000228,银牌会员,中,潜力用户,复购≥2次,6685.5,4.0,0.815413,小额升档券：满200-30，30天有效
U000248,铜牌会员,中,潜力用户,复购≥2次,7817.2,2.0,0.815381,小额升档券：满200-30，30天有效
U001698,金牌会员,中,潜力用户,复购≥2次,7851.82,2.0,0.815378,小额升档券：满200-30，30天有效
U002498,铜牌会员,中,潜力用户,复购≥2次,8847.54,3.0,0.815353,小额升档券：满200-30，30天有效
U002132,普通会员,中,潜力用户,复购≥2次,5893.34,2.0,0.815004,小额升档券：满200-30，30天有效
U002264,银牌会员,中,潜力用户,复购≥2次,8932.93,3.0,0.813973,小额升档券：满200-30，30天有效
U004862,铜牌会员,中,潜力用户,复购≥2次,8074.71,4.0,0.813922,小额升档券：满200-30，30天有效
U000880,金牌会员,中,潜力用户,复购≥2次,4257.53,3.0,0.813702,小额升档券：满200-30，30天有效
U003505,普通会员,中,潜力用户,复购≥2次,4892.47,2.0,0.812657,小额升档券：满200-30，30天有效
U001385,铜牌会员,中,潜力用户,复购≥2次,8967.83,2.0,0.812623,小额升档券：满200-30，30天有效
U001390,铜牌会员,中,潜力用户,复购≥2次,6386.55,2.0,0.812323,小额升档券：满200-30，30天有效
U003034,金牌会员,中,潜力用户,复购≥2次,9118.28,3.0,0.812284,小额升档券：满200-30，30天有效
U002538,银牌会员,中,潜力用户,复购≥2次,5276.52,3.0,0.811356,小额升档券：满200-30，30天有效
U000183,铜牌会员,中,潜力用户,复购≥2次,9263.33,2.0,0.810951,小额升档券：满200-30，30天有效
U000153,银牌会员,中,潜力用户,复购≥2次,6838.21,2.0,0.810307,小额升档券：满200-30，30天有效
U001747,金牌会员,中,潜力用户,复购≥2次,8952.27,2.0,0.810293,小额升档券：满200-30，30天有效
U001336,铜牌会员,中,潜力用户,复购≥2次,6113.04,2.0,0.810241,小额升档券：满200-30，30天有效
U002940,普通会员,中,潜力用户,复购≥2次,8166.7,2.0,0.808441,小额升档券：满200-30，30天有效
U003879,银牌会员,中,潜力用户,复购≥2次,8123.83,2.0,0.807906,小额升档券：满200-30，30天有效
U001393,铜牌会员,中,潜力用户,复购≥2次,8910.17,2.0,0.807565,小额升档券：满200-30，30天有效
U001717,银牌会员,中,潜力用户,复购≥2次,9451.92,2.0,0.807008,小额升档券：满200-30，30天有效
U000174,银牌会员,中,潜力用户,复购≥2次,9153.61,2.0,0.805501,小额升档券：满200-30，30天有效
U001778,普通会员,中,潜力用户,复购≥2次,5990.46,2.0,0.805244,小额升档券：满200-30，30天有效
U001722,普通会员,中,潜力用户,复购≥2次,6985.08,2.0,0.804775,小额升档券：满200-30，30天有效
U004313,银牌会员,中,潜力用户,复购≥2次,8151.63,2.0,0.804752,小额升档券：满200-30，30天有效
U000100,普通会员,中,潜力用户,复购≥2次,7663.94,2.0,0.804378,小额升档券：满200-30，30天有效
U002493,铜牌会员,中,潜力用户,复购≥2次,6948.98,4.0,0.803769,小额升档券：满200-30，30天有效
U002120,金牌会员,中,潜力用户,复购≥2次,7223.52,2.0,0.803754,小额升档券：满200-30，30天有效
U000229,普通会员,中,潜力用户,复购≥2次,5790.76,3.0,0.802828,小额升档券：满200-30，30天有效
U003646,银牌会员,中,潜力用户,复购≥2次,6737.43,4.0,0.802379,小额升档券：满200-30，30天有效
U000303,银牌会员,中,潜力用户,复购≥2次,5261.31,2.0,0.80147,小额升档券：满200-30，30天有效
U002392,普通会员,中,潜力用户,复购≥2次,6501.79,3.0,0.801452,小额升档券：满200-30，30天有效
U000291,普通会员,中,潜力用户,复购≥2次,8160.09,3.0,0.801188,小额升档券：满200-30，30天有效
U002411,普通会员,中,潜力用户,复购≥2次,8040.91,2.0,0.800251,小额升档券：满200-30，30天有效
U002204,金牌会员,中,潜力用户,复购≥2次,4988.88,4.0,0.800224,小额升档券：满200-30，30天有效
U001503,铜牌会员,中,潜力用户,复购≥2次,4221.28,2.0,0.798674,小额升档券：满200-30，30天有效
U001392,铜牌会员,中,潜力用户,复购≥2次,4930.85,2.0,0.798546,小额升档券：满200-30，30天有效
U000115,银牌会员,中,潜力用户,复购≥2次,6457.22,2.0,0.798398,小额升档券：满200-30，30天有效
U002439,金牌会员,中,潜力用户,复购≥2次,8249.26,3.0,0.79738,小额升档券：满200-30，30天有效
U004767,钻石会员,中,潜力用户,复购≥2次,8079.66,3.0,0.797346,小额升档券：满200-30，30天有效
U001983,普通会员,中,潜力用户,复购≥2次,7326.47,2.0,0.797095,小额升档券：满200-30，30天有效
U000491,金牌会员,中,潜力用户,复购≥2次,7728.02,3.0,0.797022,小额升档券：满200-30，30天有效
U003368,铜牌会员,中,潜力用户,复购≥2次,7807.88,2.0,0.796572,小额升档券：满200-30，30天有效
U004749,金牌会员,中,潜力用户,复购≥2次,7092.85,2.0,0.79634,小额升档券：满200-30，30天有效
U003750,金牌会员,中,潜力用户,复购≥2次,7480.17,3.0,0.79626,小额升档券：满200-30，30天有效
U004724,金牌会员,中,潜力用户,复购≥2次,8198.77,3.0,0.796174,小额升档券：满200-30，30天有效
U001400,金牌会员,中,潜力用户,复购≥2次,3472.79,2.0,0.796075,小额升档券：满200-30，30天有效
U000599,银牌会员,中,潜力用户,复购≥2次,7280.02,2.0,0.795542,小额升档券：满200-30，30天有效
U003164,普通会员,中,潜力用户,复购≥2次,6748.23,2.0,0.79545,小额升档券：满200-30，30天有效
U002420,金牌会员,中,潜力用户,复购≥2次,9998.95,3.0,0.794965,小额升档券：满200-30，30天有效
U000247,铜牌会员,中,潜力用户,复购≥2次,8863.51,5.0,0.794438,小额升档券：满200-30，30天有效
U000838,金牌会员,中,潜力用户,复购≥2次,6895.41,2.0,0.793495,小额升档券：满200-30，30天有效
U003737,银牌会员,中,潜力用户,复购≥2次,6941.86,2.0,0.793241,小额升档券：满200-30，30天有效
U001452,铜牌会员,中,潜力用户,复购≥2次,6915.45,2.0,0.792845,小额升档券：满200-30，30天有效
U000193,银牌会员,中,潜力用户,复购≥2次,8907.29,4.0,0.792335,小额升档券：满200-30，30天有效
U000937,银牌会员,中,潜力用户,复购≥2次,5092.63,2.0,0.791643,小额升档券：满200-30，30天有效
U000738,普通会员,中,潜力用户,复购≥2次,9765.68,2.0,0.791339,小额升档券：满200-30，30天有效
U003053,铜牌会员,中,潜力用户,复购≥2次,7169.73,2.0,0.791092,小额升档券：满200-30，30天有效
U003678,普通会员,中,潜力用户,复购≥2次,9081.88,2.0,0.790179,小额升档券：满200-30，30天有效
U004349,金牌会员,中,潜力用户,复购≥2次,8138.98,3.0,0.790117,小额升档券：满200-30，30天有效
U004426,铜牌会员,中,潜力用户,复购≥2次,3483.84,2.0,0.789867,小额升档券：满200-30，30天有效
U004434,铜牌会员,中,潜力用户,复购≥2次,7110.71,2.0,0.789705,小额升档券：满200-30，30天有效
U002249,铜牌会员,中,潜力用户,复购≥2次,3224.06,2.0,0.789364,小额升档券：满200-30，30天有效
U002432,钻石会员,中,潜力用户,复购≥2次,7907.06,3.0,0.788804,小额升档券：满200-30，30天有效
U003728,铜牌会员,中,潜力用户,复购≥2次,6783.36,2.0,0.78735,小额升档券：满200-30，30天有效
U004662,银牌会员,中,潜力用户,复购≥2次,3488.28,2.0,0.786388,小额升档券：满200-30，30天有效
U003174,普通会员,低,潜力用户,复购≥2次,2529.6,3.0,0.785749,小额升档券：满200-30，30天有效
U002487,普通会员,中,潜力用户,复购≥2次,6395.75,4.0,0.785629,小额升档券：满200-30，30天有效
U001984,铜牌会员,中,潜力用户,复购≥2次,4356.41,2.0,0.785503,小额升档券：满200-30，30天有效
U004158,金牌会员,中,潜力用户,复购≥2次,9962.35,2.0,0.784673,小额升档券：满200-30，30天有效
U000456,银牌会员,中,潜力用户,复购≥2次,6466.59,5.0,0.784142,小额升档券：满200-30，30天有效
U001805,金牌会员,中,潜力用户,复购≥2次,6786.02,2.0,0.783892,小额升档券：满200-30，30天有效
U002777,银牌会员,中,潜力用户,复购≥2次,6955.48,2.0,0.783372,小额升档券：满200-30，30天有效
U001987,金牌会员,中,潜力用户,复购≥2次,8880.82,2.0,0.782639,小额升档券：满200-30，30天有效
U001677,银牌会员,中,潜力用户,复购≥2次,8532.15,2.0,0.782405,小额升档券：满200-30，30天有效
U002086,钻石会员,中,潜力用户,复购≥2次,4928.45,3.0,0.781737,小额升档券：满200-30，30天有效
U000142,银牌会员,中,潜力用户,复购≥2次,6341.86,2.0,0.781518,小额升档券：满200-30，30天有效
U003792,普通会员,中,潜力用户,复购≥2次,8651.37,2.0,0.781002,小额升档券：满200-30，30天有效
U003243,银牌会员,中,潜力用户,复购≥2次,7957.94,2.0,0.781001,小额升档券：满200-30，30天有效
U003411,普通会员,中,潜力用户,复购≥2次,6604.88,3.0,0.780252,小额升档券：满200-30，30天有效
U002502,银牌会员,中,潜力用户,复购≥2次,7932.33,3.0,0.779499,小额升档券：满200-30，30天有效
U003783,金牌会员,中,潜力用户,复购≥2次,9808.52,2.0,0.779157,小额升档券：满200-30，30天有效
U004944,铜牌会员,中,潜力用户,复购≥2次,6714.02,2.0,0.779035,小额升档券：满200-30，30天有效
U004961,银牌会员,中,潜力用户,复购≥2次,7025.84,2.0,0.778619,小额升档券：满200-30，30天有效
U000745,金牌会员,中,潜力用户,复购≥2次,8612.57,2.0,0.778013,小额升档券：满200-30，30天有效
U004481,钻石会员,中,潜力用户,复购≥2次,8177.6,2.0,0.777774,小额升档券：满200-30，30天有效
U002121,钻石会员,中,潜力用户,复购≥2次,9014.89,4.0,0.777018,小额升档券：满200-30，30天有效
U001779,银牌会员,中,潜力用户,复购≥2次,7351.8,2.0,0.776557,小额升档券：满200-30，30天有效
U001807,普通会员,中,潜力用户,复购≥2次,9722.29,2.0,0.775942,小额升档券：满200-30，30天有效
U002736,普通会员,中,潜力用户,复购≥2次,6323.97,4.0,0.775194,小额升档券：满200-30，30天有效
U003574,普通会员,中,潜力用户,复购≥2次,7698.87,2.0,0.774901,小额升档券：满200-30，30天有效
U001223,金牌会员,中,潜力用户,复购≥2次,3584.73,2.0,0.774636,小额升档券：满200-30，30天有效
U004483,普通会员,中,潜力用户,复购≥2次,4202.99,3.0,0.77452,小额升档券：满200-30，30天有效
U001575,金牌会员,中,潜力用户,复购≥2次,9340.55,3.0,0.773576,小额升档券：满200-30，30天有效
U001706,银牌会员,中,潜力用户,复购≥2次,5861.35,2.0,0.773232,小额升档券：满200-30，30天有效
U004096,普通会员,中,潜力用户,复购≥2次,9819.32,2.0,0.773211,小额升档券：满200-30，30天有效
U001331,银牌会员,中,潜力用户,复购≥2次,8174.74,3.0,0.772598,小额升档券：满200-30，30天有效
U003436,银牌会员,中,潜力用户,复购≥2次,9328.12,3.0,0.772482,小额升档券：满200-30，30天有效
U002759,金牌会员,中,潜力用户,复购≥2次,9801.38,3.0,0.772163,小额升档券：满200-30，30天有效
U004795,铜牌会员,中,潜力用户,复购≥2次,7899.42,2.0,0.771953,小额升档券：满200-30，30天有效
U002471,金牌会员,中,潜力用户,复购≥2次,7562.63,4.0,0.771928,小额升档券：满200-30，30天有效
U004497,金牌会员,中,潜力用户,复购≥2次,6502.42,3.0,0.771236,小额升档券：满200-30，30天有效
U003861,铜牌会员,中,潜力用户,复购≥2次,4753.65,2.0,0.771002,小额升档券：满200-30，30天有效
U003233,钻石会员,中,潜力用户,仅1单,7700.06,1.0,0.770836,小额升档券：满200-30，30天有效
U004145,钻石会员,中,潜力用户,复购≥2次,7325.51,2.0,0.770728,小额升档券：满200-30，30天有效
U000260,钻石会员,中,潜力用户,复购≥2次,9766.77,3.0,0.770593,小额升档券：满200-30，30天有效
U000622,普通会员,中,潜力用户,复购≥2次,9817.73,2.0,0.770442,小额升档券：满200-30，30天有效
U000025,铜牌会员,中,潜力用户,复购≥2次,4318.94,2.0,0.768711,小额升档券：满200-30，30天有效
U002913,金牌会员,中,潜力用户,复购≥2次,5889.88,2.0,0.768591,小额升档券：满200-30，30天有效
U000220,金牌会员,中,潜力用户,复购≥2次,4687.75,2.0,0.768569,小额升档券：满200-30，30天有效
U002337,普通会员,中,潜力用户,复购≥2次,9851.7,2.0,0.768559,小额升档券：满200-30，30天有效
U001314,银牌会员,中,潜力用户,复购≥2次,5266.27,3.0,0.768458,小额升档券：满200-30，30天有效
U003796,铜牌会员,中,潜力用户,复购≥2次,6163.96,2.0,0.768322,小额升档券：满200-30，30天有效
U002866,铜牌会员,中,潜力用户,复购≥2次,5775.36,2.0,0.767801,小额升档券：满200-30，30天有效
U001294,铜牌会员,中,潜力用户,复购≥2次,4685.33,2.0,0.766927,小额升档券：满200-30，30天有效
U001155,铜牌会员,中,潜力用户,复购≥2次,8362.2,3.0,0.766802,小额升档券：满200-30，30天有效
U003670,银牌会员,中,潜力用户,复购≥2次,9174.76,2.0,0.766772,小额升档券：满200-30，30天有效
U004300,银牌会员,中,潜力用户,复购≥2次,8929.39,2.0,0.766599,小额升档券：满200-30，30天有效
U000555,银牌会员,中,潜力用户,复购≥2次,8232.75,3.0,0.765892,小额升档券：满200-30，30天有效
U001157,铜牌会员,中,潜力用户,复购≥2次,6396.7,3.0,0.765821,小额升档券：满200-30，30天有效
U002351,铜牌会员,中,潜力用户,复购≥2次,4444.47,2.0,0.765595,小额升档券：满200-30，30天有效
U003610,普通会员,中,潜力用户,复购≥2次,5935.58,2.0,0.764901,小额升档券：满200-30，30天有效
U001762,银牌会员,中,潜力用户,复购≥2次,4400.68,3.0,0.764256,小额升档券：满200-30，30天有效
U000672,金牌会员,中,潜力用户,复购≥2次,8654.16,4.0,0.764179,小额升档券：满200-30，30天有效
U003658,钻石会员,中,潜力用户,复购≥2次,5966.63,2.0,0.764128,小额升档券：满200-30，30天有效
U004684,钻石会员,中,潜力用户,复购≥2次,7354.84,2.0,0.763849,小额升档券：满200-30，30天有效
U004531,普通会员,中,潜力用户,复购≥2次,5565.48,2.0,0.763713,小额升档券：满200-30，30天有效
U002403,金牌会员,中,潜力用户,复购≥2次,7037.47,2.0,0.763332,小额升档券：满200-30，30天有效
U004460,普通会员,中,潜力用户,复购≥2次,9740.46,3.0,0.763293,小额升档券：满200-30，30天有效
U003974,银牌会员,中,潜力用户,复购≥2次,6644.8,2.0,0.762865,小额升档券：满200-30，30天有效
U000110,铜牌会员,中,潜力用户,复购≥2次,8236.12,2.0,0.762535,小额升档券：满200-30，30天有效
U001953,铜牌会员,中,潜力用户,复购≥2次,6431.54,3.0,0.762119,小额升档券：满200-30，30天有效
U003420,钻石会员,中,潜力用户,复购≥2次,8564.0,2.0,0.761705,小额升档券：满200-30，30天有效
U003793,银牌会员,中,潜力用户,复购≥2次,5203.46,2.0,0.761189,小额升档券：满200-30，30天有效
U003556,铜牌会员,中,潜力用户,复购≥2次,7144.54,2.0,0.76081,小额升档券：满200-30，30天有效
U000577,银牌会员,中,潜力用户,复购≥2次,4339.71,2.0,0.760618,小额升档券：满200-30，30天有效
U002617,铜牌会员,中,潜力用户,复购≥2次,5538.93,2.0,0.760298,小额升档券：满200-30，30天有效
U001248,铜牌会员,中,潜力用户,复购≥2次,5828.74,3.0,0.759783,小额升档券：满200-30，30天有效
U000999,铜牌会员,中,潜力用户,从未下单,6651.94,0.0,0.759108,小额升档券：满200-30，30天有效
U002908,铜牌会员,中,潜力用户,复购≥2次,7353.16,2.0,0.759016,小额升档券：满200-30，30天有效
U001143,铜牌会员,中,潜力用户,复购≥2次,7160.78,3.0,0.758285,小额升档券：满200-30，30天有效
U001917,银牌会员,中,潜力用户,复购≥2次,6352.77,4.0,0.75815,小额升档券：满200-30，30天有效
U001758,金牌会员,中,潜力用户,复购≥2次,5444.96,2.0,0.75773,小额升档券：满200-30，30天有效
U001011,金牌会员,中,潜力用户,复购≥2次,3100.35,3.0,0.757639,小额升档券：满200-30，30天有效
U002164,银牌会员,中,潜力用户,复购≥2次,7514.6,3.0,0.75748,小额升档券：满200-30，30天有效
U000649,普通会员,中,潜力用户,复购≥2次,6666.63,2.0,0.757324,小额升档券：满200-30，30天有效
U004911,银牌会员,中,潜力用户,复购≥2次,8953.71,2.0,0.757141,小额升档券：满200-30，30天有效
U003662,银牌会员,中,潜力用户,复购≥2次,9608.94,3.0,0.75699,小额升档券：满200-30，30天有效
U004844,钻石会员,中,潜力用户,复购≥2次,9983.29,2.0,0.75696,小额升档券：满200-30，30天有效
U000893,铜牌会员,中,潜力用户,复购≥2次,9674.24,2.0,0.756054,小额升档券：满200-30，30天有效
U003580,铜牌会员,中,潜力用户,复购≥2次,4950.8,2.0,0.755967,小额升档券：满200-30，30天有效
U002005,普通会员,中,潜力用户,复购≥2次,4272.87,2.0,0.755604,小额升档券：满200-30，30天有效
U000723,铜牌会员,中,潜力用户,复购≥2次,4358.95,2.0,0.755468,小额升档券：满200-30，30天有效
U000439,银牌会员,中,潜力用户,复购≥2次,5916.0,2.0,0.755273,小额升档券：满200-30，30天有效
U003517,银牌会员,中,潜力用户,复购≥2次,5813.73,3.0,0.755138,小额升档券：满200-30，30天有效
U002874,普通会员,中,潜力用户,复购≥2次,4918.5,2.0,0.755034,小额升档券：满200-30，30天有效
U000853,铜牌会员,中,潜力用户,复购≥2次,7205.51,2.0,0.754638,小额升档券：满200-30，30天有效
U004974,银牌会员,中,潜力用户,复购≥2次,6656.64,2.0,0.754205,小额升档券：满200-30，30天有效
U000462,金牌会员,中,潜力用户,复购≥2次,8268.6,2.0,0.75355,小额升档券：满200-30，30天有效
U003008,普通会员,中,潜力用户,复购≥2次,8942.78,3.0,0.753511,小额升档券：满200-30，30天有效
U001233,铜牌会员,中,潜力用户,复购≥2次,5365.46,2.0,0.753477,小额升档券：满200-30，30天有效
U001491,铜牌会员,中,潜力用户,复购≥2次,5259.07,2.0,0.753098,小额升档券：满200-30，30天有效
U002035,铜牌会员,中,潜力用户,复购≥2次,8504.55,2.0,0.752797,小额升档券：满200-30，30天有效
U004270,银牌会员,中,潜力用户,复购≥2次,7940.96,3.0,0.752588,小额升档券：满200-30，30天有效
U000566,铜牌会员,中,潜力用户,复购≥2次,4315.23,2.0,0.751472,小额升档券：满200-30，30天有效
U004280,钻石会员,中,潜力用户,复购≥2次,8114.68,2.0,0.75143,小额升档券：满200-30，30天有效
U001792,普通会员,中,潜力用户,复购≥2次,6176.7,2.0,0.750919,小额升档券：满200-30，30天有效
U004805,普通会员,中,潜力用户,复购≥2次,4171.71,2.0,0.750801,小额升档券：满200-30，30天有效
U004038,银牌会员,中,潜力用户,复购≥2次,7006.56,2.0,0.750747,小额升档券：满200-30，30天有效
U003615,金牌会员,中,潜力用户,复购≥2次,6591.59,2.0,0.750514,小额升档券：满200-30，30天有效
U000650,普通会员,中,潜力用户,复购≥2次,5768.3,3.0,0.749959,小额升档券：满200-30，30天有效
U003179,普通会员,中,潜力用户,复购≥2次,6161.01,2.0,0.749137,小额升档券：满200-30，30天有效
U003801,银牌会员,中,潜力用户,复购≥2次,7896.81,4.0,0.749103,小额升档券：满200-30，30天有效
U002909,铜牌会员,中,潜力用户,复购≥2次,6615.04,2.0,0.748635,小额升档券：满200-30，30天有效
U002675,普通会员,低,潜力用户,复购≥2次,2969.97,2.0,0.748312,小额升档券：满200-30，30天有效
U004881,银牌会员,中,潜力用户,复购≥2次,5084.03,2.0,0.746147,小额升档券：满200-30，30天有效
U000433,铜牌会员,中,潜力用户,复购≥2次,4313.04,4.0,0.745846,小额升档券：满200-30，30天有效
U001471,银牌会员,中,潜力用户,复购≥2次,9339.05,3.0,0.745433,小额升档券：满200-30，30天有效
U001975,银牌会员,中,潜力用户,复购≥2次,6866.6,3.0,0.74527,小额升档券：满200-30，30天有效
U001897,银牌会员,中,潜力用户,复购≥2次,9356.66,3.0,0.744892,小额升档券：满200-30，30天有效
U000961,普通会员,中,潜力用户,复购≥2次,8482.82,2.0,0.74444,小额升档券：满200-30，30天有效
U003145,金牌会员,中,潜力用户,复购≥2次,5063.95,4.0,0.743655,小额升档券：满200-30，30天有效
U001090,银牌会员,中,潜力用户,复购≥2次,7497.02,3.0,0.743537,小额升档券：满200-30，30天有效
U002123,银牌会员,中,潜力用户,复购≥2次,4860.2,2.0,0.74343,小额升档券：满200-30，30天有效
U003025,普通会员,中,潜力用户,复购≥2次,8687.36,3.0,0.742801,小额升档券：满200-30，30天有效
U001072,金牌会员,中,潜力用户,复购≥2次,5463.49,3.0,0.742476,小额升档券：满200-30，30天有效
U002531,银牌会员,中,潜力用户,复购≥2次,7023.03,3.0,0.742364,小额升档券：满200-30，30天有效
U001442,银牌会员,中,潜力用户,复购≥2次,8680.54,2.0,0.742268,小额升档券：满200-30，30天有效
U002460,普通会员,中,潜力用户,复购≥2次,7334.99,3.0,0.742183,小额升档券：满200-30，30天有效
U002218,铜牌会员,中,潜力用户,复购≥2次,5534.55,3.0,0.742039,小额升档券：满200-30，30天有效
U002152,银牌会员,中,潜力用户,复购≥2次,3566.32,2.0,0.741559,小额升档券：满200-30，30天有效
U000931,银牌会员,中,潜力用户,仅1单,8931.23,1.0,0.741262,小额升档券：满200-30，30天有效
U004373,铜牌会员,中,潜力用户,复购≥2次,7050.2,2.0,0.740888,小额升档券：满200-30，30天有效
U003774,铜牌会员,中,潜力用户,复购≥2次,9585.62,2.0,0.740557,小额升档券：满200-30，30天有效
U002328,铜牌会员,中,潜力用户,复购≥2次,7582.43,2.0,0.740387,小额升档券：满200-30，30天有效
U000136,银牌会员,中,潜力用户,复购≥2次,7177.76,2.0,0.739969,小额升档券：满200-30，30天有效
U000863,铜牌会员,中,潜力用户,复购≥2次,6184.55,3.0,0.739793,小额升档券：满200-30，30天有效
U000713,普通会员,中,潜力用户,复购≥2次,7064.03,2.0,0.739569,小额升档券：满200-30，30天有效
U002310,铜牌会员,中,潜力用户,复购≥2次,5949.57,2.0,0.739465,小额升档券：满200-30，30天有效
U001782,普通会员,中,潜力用户,复购≥2次,7140.03,2.0,0.739357,小额升档券：满200-30，30天有效
U000910,铜牌会员,中,潜力用户,复购≥2次,5926.18,3.0,0.738904,小额升档券：满200-30，30天有效
U000627,铜牌会员,低,潜力用户,复购≥2次,2802.09,2.0,0.738347,小额升档券：满200-30，30天有效
U000922,铜牌会员,中,潜力用户,复购≥2次,3642.1,2.0,0.738266,小额升档券：满200-30，30天有效
U000611,铜牌会员,中,潜力用户,复购≥2次,5230.54,2.0,0.73715,小额升档券：满200-30，30天有效
U003512,普通会员,中,潜力用户,复购≥2次,3471.48,2.0,0.736634,小额升档券：满200-30，30天有效
U000264,金牌会员,中,潜力用户,复购≥2次,4769.97,3.0,0.7366,小额升档券：满200-30，30天有效
U002846,普通会员,中,潜力用户,复购≥2次,4918.56,2.0,0.736527,小额升档券：满200-30，30天有效
U002719,普通会员,中,潜力用户,复购≥2次,9965.6,3.0,0.735817,小额升档券：满200-30，30天有效
U004469,铜牌会员,中,潜力用户,复购≥2次,6977.02,2.0,0.735672,小额升档券：满200-30，30天有效
U000573,铜牌会员,中,潜力用户,复购≥2次,9349.65,3.0,0.735514,小额升档券：满200-30，30天有效
U001827,铜牌会员,低,潜力用户,复购≥2次,2748.74,3.0,0.735402,小额升档券：满200-30，30天有效
U002979,普通会员,中,潜力用户,复购≥2次,6346.51,3.0,0.734732,小额升档券：满200-30，30天有效
U002195,普通会员,中,潜力用户,复购≥2次,4468.62,3.0,0.734519,小额升档券：满200-30，30天有效
U004021,铜牌会员,中,潜力用户,复购≥2次,7797.28,2.0,0.734335,小额升档券：满200-30，30天有效
U001738,金牌会员,中,潜力用户,复购≥2次,4620.65,2.0,0.733644,小额升档券：满200-30，30天有效
U002845,金牌会员,中,潜力用户,复购≥2次,7056.11,2.0,0.733366,小额升档券：满200-30，30天有效
U002130,银牌会员,中,潜力用户,复购≥2次,7030.18,3.0,0.733313,小额升档券：满200-30，30天有效
U002312,铜牌会员,中,潜力用户,复购≥2次,5378.57,2.0,0.73304,小额升档券：满200-30，30天有效
U004831,普通会员,中,潜力用户,复购≥2次,4440.69,2.0,0.732463,小额升档券：满200-30，30天有效
U004713,铜牌会员,中,潜力用户,复购≥2次,7967.55,2.0,0.73206,小额升档券：满200-30，30天有效
U001438,钻石会员,中,潜力用户,复购≥2次,5479.82,2.0,0.731874,小额升档券：满200-30，30天有效
U004410,钻石会员,中,潜力用户,复购≥2次,5372.02,2.0,0.730201,小额升档券：满200-30，30天有效
U003984,普通会员,中,潜力用户,复购≥2次,7445.96,2.0,0.729891,小额升档券：满200-30，30天有效
U002435,铜牌会员,中,潜力用户,复购≥2次,5510.64,2.0,0.729479,小额升档券：满200-30，30天有效
U001755,金牌会员,中,潜力用户,复购≥2次,5947.05,4.0,0.729411,小额升档券：满200-30，30天有效
U001094,银牌会员,中,潜力用户,复购≥2次,9047.32,2.0,0.729356,小额升档券：满200-30，30天有效
U001271,普通会员,中,潜力用户,复购≥2次,9179.01,3.0,0.72904,小额升档券：满200-30，30天有效
U002135,铜牌会员,中,潜力用户,复购≥2次,4638.56,3.0,0.728893,小额升档券：满200-30，30天有效
U000567,普通会员,低,潜力用户,复购≥2次,2670.1,2.0,0.728766,小额升档券：满200-30，30天有效
U001414,铜牌会员,中,潜力用户,复购≥2次,6175.53,2.0,0.728145,小额升档券：满200-30，30天有效
U003721,普通会员,中,潜力用户,复购≥2次,7237.55,2.0,0.727324,小额升档券：满200-30，30天有效
U002810,铜牌会员,低,潜力用户,复购≥2次,2790.13,2.0,0.727042,小额升档券：满200-30，30天有效
U000784,铜牌会员,中,潜力用户,复购≥2次,5445.34,3.0,0.726906,小额升档券：满200-30，30天有效
U003718,铜牌会员,中,潜力用户,复购≥2次,5634.78,4.0,0.726792,小额升档券：满200-30，30天有效
U000301,铜牌会员,中,潜力用户,复购≥2次,4340.01,3.0,0.726779,小额升档券：满200-30，30天有效
U000366,普通会员,中,潜力用户,复购≥2次,4288.86,2.0,0.72534,小额升档券：满200-30，30天有效
U002481,铜牌会员,中,潜力用户,复购≥2次,7332.31,2.0,0.724054,小额升档券：满200-30，30天有效
U003390,金牌会员,中,潜力用户,复购≥2次,3304.63,3.0,0.72336,小额升档券：满200-30，30天有效
U003943,银牌会员,中,潜力用户,复购≥2次,8029.17,2.0,0.723021,小额升档券：满200-30，30天有效
U002253,铜牌会员,中,潜力用户,复购≥2次,4012.51,2.0,0.722926,小额升档券：满200-30，30天有效
U001882,普通会员,低,潜力用户,复购≥2次,2069.97,2.0,0.721569,小额升档券：满200-30，30天有效
U000637,钻石会员,中,潜力用户,复购≥2次,7939.96,2.0,0.72136,小额升档券：满200-30，30天有效
U003818,铜牌会员,中,潜力用户,复购≥2次,6480.43,2.0,0.721324,小额升档券：满200-30，30天有效
U001652,金牌会员,中,潜力用户,复购≥2次,3608.53,2.0,0.721066,小额升档券：满200-30，30天有效
U000493,普通会员,中,潜力用户,复购≥2次,6791.8,2.0,0.721025,小额升档券：满200-30，30天有效
U004168,银牌会员,中,潜力用户,复购≥2次,5445.72,2.0,0.720288,小额升档券：满200-30，30天有效
U002413,普通会员,中,潜力用户,复购≥2次,6041.49,3.0,0.720102,小额升档券：满200-30，30天有效
U004829,金牌会员,中,潜力用户,复购≥2次,8098.76,2.0,0.720094,小额升档券：满200-30，30天有效
U004516,铜牌会员,中,潜力用户,复购≥2次,3446.3,3.0,0.719726,小额升档券：满200-30，30天有效
U001101,银牌会员,中,潜力用户,复购≥2次,4757.93,2.0,0.719361,小额升档券：满200-30，30天有效
U003773,普通会员,中,潜力用户,复购≥2次,5173.38,2.0,0.719204,小额升档券：满200-30，30天有效
U003062,金牌会员,中,潜力用户,复购≥2次,4786.77,2.0,0.71902,小额升档券：满200-30，30天有效
U000693,金牌会员,中,潜力用户,复购≥2次,3513.48,3.0,0.719001,小额升档券：满200-30，30天有效
U000682,金牌会员,低,潜力用户,复购≥2次,2654.42,2.0,0.718888,小额升档券：满200-30，30天有效
U003093,普通会员,中,潜力用户,复购≥2次,5834.87,3.0,0.718148,小额升档券：满200-30，30天有效
U003620,金牌会员,低,潜力用户,复购≥2次,2267.38,2.0,0.718034,小额升档券：满200-30，30天有效
U004998,铜牌会员,中,潜力用户,复购≥2次,6088.21,3.0,0.717845,小额升档券：满200-30，30天有效
U001886,银牌会员,中,潜力用户,复购≥2次,7489.76,3.0,0.717458,小额升档券：满200-30，30天有效
U001611,铜牌会员,中,潜力用户,复购≥2次,8364.19,2.0,0.717356,小额升档券：满200-30，30天有效
U004219,银牌会员,中,潜力用户,复购≥2次,6847.2,3.0,0.717337,小额升档券：满200-30，30天有效
U004078,银牌会员,中,潜力用户,复购≥2次,5994.91,3.0,0.716759,小额升档券：满200-30，30天有效
U004815,铜牌会员,中,潜力用户,复购≥2次,8375.03,2.0,0.71671,小额升档券：满200-30，30天有效
U003629,银牌会员,中,潜力用户,复购≥2次,5780.92,2.0,0.716662,小额升档券：满200-30，30天有效
U002694,普通会员,低,潜力用户,复购≥2次,2894.6,2.0,0.716332,小额升档券：满200-30，30天有效
U003913,金牌会员,中,潜力用户,复购≥2次,3569.55,2.0,0.716121,小额升档券：满200-30，30天有效
U002853,铜牌会员,中,潜力用户,复购≥2次,3890.2,2.0,0.715831,小额升档券：满200-30，30天有效
U002313,金牌会员,中,潜力用户,复购≥2次,7846.14,3.0,0.715606,小额升档券：满200-30，30天有效
U000941,金牌会员,中,潜力用户,复购≥2次,8229.6,2.0,0.715407,小额升档券：满200-30，30天有效
U003183,铜牌会员,中,潜力用户,复购≥2次,7856.6,3.0,0.714248,小额升档券：满200-30，30天有效
U001676,铜牌会员,中,潜力用户,复购≥2次,5600.86,3.0,0.714018,小额升档券：满200-30，30天有效
U003026,银牌会员,中,潜力用户,仅1单,6899.08,1.0,0.71337,小额升档券：满200-30，30天有效
U003332,铜牌会员,中,潜力用户,复购≥2次,3200.34,2.0,0.712723,小额升档券：满200-30，30天有效
U000731,金牌会员,中,潜力用户,复购≥2次,7182.67,3.0,0.712562,小额升档券：满200-30，30天有效
U001704,银牌会员,中,潜力用户,复购≥2次,5395.5,2.0,0.711922,小额升档券：满200-30，30天有效
U003687,铜牌会员,中,潜力用户,复购≥2次,8484.17,2.0,0.711386,小额升档券：满200-30，30天有效
U001302,金牌会员,中,潜力用户,复购≥2次,4610.91,2.0,0.710918,小额升档券：满200-30，30天有效
U000212,银牌会员,中,潜力用户,复购≥2次,6465.75,3.0,0.710784,小额升档券：满200-30，30天有效
U003960,金牌会员,中,潜力用户,复购≥2次,3752.28,2.0,0.710644,小额升档券：满200-30，30天有效
U004964,银牌会员,中,潜力用户,复购≥2次,7955.94,2.0,0.710328,小额升档券：满200-30，30天有效
U002792,钻石会员,中,潜力用户,复购≥2次,5881.2,2.0,0.71019,小额升档券：满200-30，30天有效
U000971,普通会员,中,潜力用户,复购≥2次,5519.49,2.0,0.709868,小额升档券：满200-30，30天有效
U004113,铜牌会员,中,潜力用户,复购≥2次,9592.1,2.0,0.709832,小额升档券：满200-30，30天有效
U002882,银牌会员,中,潜力用户,复购≥2次,9209.24,3.0,0.709687,小额升档券：满200-30，30天有效
U001642,金牌会员,低,潜力用户,复购≥2次,2445.55,2.0,0.709513,小额升档券：满200-30，30天有效
U003581,铜牌会员,中,潜力用户,复购≥2次,9874.16,2.0,0.709403,小额升档券：满200-30，30天有效
U004754,普通会员,低,潜力用户,复购≥2次,2648.75,2.0,0.708761,小额升档券：满200-30，30天有效
U002233,银牌会员,中,潜力用户,复购≥2次,6650.73,2.0,0.708286,小额升档券：满200-30，30天有效
U002145,金牌会员,中,潜力用户,复购≥2次,5287.15,2.0,0.708231,小额升档券：满200-30，30天有效
U004059,银牌会员,中,潜力用户,复购≥2次,3452.98,2.0,0.708165,小额升档券：满200-30，30天有效
U003260,金牌会员,中,潜力用户,复购≥2次,9729.64,3.0,0.706994,小额升档券：满200-30，30天有效
U002348,钻石会员,低,潜力用户,复购≥2次,2892.98,2.0,0.706859,小额升档券：满200-30，30天有效
U001662,金牌会员,中,潜力用户,复购≥2次,4963.47,2.0,0.706368,小额升档券：满200-30，30天有效
U001902,普通会员,低,潜力用户,复购≥2次,2939.43,3.0,0.706207,小额升档券：满200-30，30天有效
U001422,普通会员,中,潜力用户,复购≥2次,7064.27,3.0,0.705628,小额升档券：满200-30，30天有效
U000855,铜牌会员,中,潜力用户,复购≥2次,3214.53,2.0,0.705218,小额升档券：满200-30，30天有效
U003051,钻石会员,中,潜力用户,复购≥2次,6279.1,2.0,0.705207,小额升档券：满200-30，30天有效
U002376,银牌会员,中,潜力用户,复购≥2次,4611.91,2.0,0.703501,小额升档券：满200-30，30天有效
U003832,普通会员,中,潜力用户,从未下单,9217.45,0.0,0.703482,小额升档券：满200-30，30天有效
U001688,铜牌会员,中,潜力用户,复购≥2次,8291.62,2.0,0.702703,小额升档券：满200-30，30天有效
U002557,金牌会员,中,潜力用户,复购≥2次,5125.54,3.0,0.702628,小额升档券：满200-30，30天有效
U003225,铜牌会员,中,潜力用户,复购≥2次,3474.11,2.0,0.701439,小额升档券：满200-30，30天有效
U004057,普通会员,中,潜力用户,复购≥2次,3100.0,2.0,0.700875,小额升档券：满200-30，30天有效
U001142,普通会员,中,潜力用户,复购≥2次,7707.22,2.0,0.700402,小额升档券：满200-30，30天有效
U000609,普通会员,中,潜力用户,复购≥2次,8669.74,3.0,0.700131,小额升档券：满200-30，30天有效
U001901,银牌会员,中,潜力用户,复购≥2次,4915.02,2.0,0.700066,小额升档券：满200-30，30天有效
U002033,钻石会员,中,潜力用户,复购≥2次,8283.24,3.0,0.699717,小额升档券：满200-30，30天有效
U003908,钻石会员,低,潜力用户,复购≥2次,2490.5,2.0,0.699445,小额升档券：满200-30，30天有效
U001957,铜牌会员,中,潜力用户,复购≥2次,5632.04,2.0,0.698928,小额升档券：满200-30，30天有效
U001922,钻石会员,中,潜力用户,复购≥2次,6579.19,3.0,0.698263,小额升档券：满200-30，30天有效
U001159,普通会员,中,潜力用户,复购≥2次,9826.99,2.0,0.697521,小额升档券：满200-30，30天有效
U001520,铜牌会员,中,潜力用户,复购≥2次,5198.48,3.0,0.696984,小额升档券：满200-30，30天有效
U002371,钻石会员,中,潜力用户,复购≥2次,4319.15,2.0,0.696638,小额升档券：满200-30，30天有效
U002399,普通会员,低,潜力用户,复购≥2次,2946.12,2.0,0.696608,小额升档券：满200-30，30天有效
U004091,银牌会员,中,潜力用户,复购≥2次,7448.73,3.0,0.696459,小额升档券：满200-30，30天有效
U000331,普通会员,中,潜力用户,复购≥2次,7752.55,2.0,0.696457,小额升档券：满200-30，30天有效
U004538,普通会员,中,潜力用户,复购≥2次,8127.45,2.0,0.695793,小额升档券：满200-30，30天有效
U004291,普通会员,中,潜力用户,复购≥2次,8744.15,2.0,0.695776,小额升档券：满200-30，30天有效
U001525,银牌会员,中,潜力用户,复购≥2次,6789.0,2.0,0.695493,小额升档券：满200-30，30天有效
U004972,普通会员,中,潜力用户,复购≥2次,4325.83,2.0,0.695493,小额升档券：满200-30，30天有效
U004559,钻石会员,低,潜力用户,复购≥2次,2434.95,2.0,0.694826,小额升档券：满200-30，30天有效
U003811,银牌会员,中,潜力用户,复购≥2次,5117.05,2.0,0.694333,小额升档券：满200-30，30天有效
U001511,普通会员,中,潜力用户,复购≥2次,5117.3,2.0,0.694151,小额升档券：满200-30，30天有效
U003986,银牌会员,中,潜力用户,复购≥2次,8404.96,4.0,0.693224,小额升档券：满200-30，30天有效
U002483,金牌会员,中,潜力用户,复购≥2次,6365.72,3.0,0.692874,小额升档券：满200-30，30天有效
U001750,普通会员,中,潜力用户,复购≥2次,7701.23,2.0,0.692215,小额升档券：满200-30，30天有效
U004322,钻石会员,中,潜力用户,复购≥2次,3244.51,3.0,0.691944,小额升档券：满200-30，30天有效
U001022,金牌会员,中,潜力用户,复购≥2次,7181.12,2.0,0.691497,小额升档券：满200-30，30天有效
U004845,普通会员,中,潜力用户,复购≥2次,7827.95,2.0,0.691313,小额升档券：满200-30，30天有效
U004626,铜牌会员,中,潜力用户,复购≥2次,4923.35,2.0,0.69127,小额升档券：满200-30，30天有效
U000409,银牌会员,中,潜力用户,复购≥2次,8551.37,4.0,0.691268,小额升档券：满200-30，30天有效
U000114,金牌会员,中,潜力用户,复购≥2次,9862.12,2.0,0.691226,小额升档券：满200-30，30天有效
U004902,铜牌会员,中,潜力用户,复购≥2次,7204.74,2.0,0.690968,小额升档券：满200-30，30天有效
U000452,普通会员,中,潜力用户,复购≥2次,4436.31,3.0,0.690777,小额升档券：满200-30，30天有效
U002750,普通会员,中,潜力用户,复购≥2次,3632.47,2.0,0.689675,小额升档券：满200-30，30天有效
U004448,铜牌会员,中,潜力用户,复购≥2次,7989.79,2.0,0.689398,小额升档券：满200-30，30天有效
U000179,铜牌会员,中,潜力用户,仅1单,7504.68,1.0,0.689202,小额升档券：满200-30，30天有效
U004443,银牌会员,中,潜力用户,复购≥2次,9977.87,2.0,0.688917,小额升档券：满200-30，30天有效
U001296,普通会员,中,潜力用户,复购≥2次,4290.12,3.0,0.688605,小额升档券：满200-30，30天有效
U000653,普通会员,中,潜力用户,仅1单,5992.64,1.0,0.688158,小额升档券：满200-30，30天有效
U002056,银牌会员,中,潜力用户,仅1单,9674.41,1.0,0.688093,小额升档券：满200-30，30天有效
U002994,铜牌会员,中,潜力用户,复购≥2次,3446.19,2.0,0.688027,小额升档券：满200-30，30天有效
U003290,铜牌会员,中,潜力用户,复购≥2次,4912.14,2.0,0.687244,小额升档券：满200-30，30天有效
U001699,金牌会员,中,潜力用户,复购≥2次,8328.87,2.0,0.687176,小额升档券：满200-30，30天有效
U003727,铜牌会员,中,潜力用户,复购≥2次,5961.11,2.0,0.687089,小额升档券：满200-30，30天有效
U002015,铜牌会员,中,潜力用户,复购≥2次,8776.11,2.0,0.687044,小额升档券：满200-30，30天有效
U004983,铜牌会员,中,潜力用户,复购≥2次,5594.39,2.0,0.686765,小额升档券：满200-30，30天有效
U004731,普通会员,中,潜力用户,复购≥2次,9652.7,2.0,0.686051,小额升档券：满200-30，30天有效
U004568,普通会员,中,潜力用户,复购≥2次,4350.16,2.0,0.685785,小额升档券：满200-30，30天有效
U002163,普通会员,中,潜力用户,仅1单,6547.02,1.0,0.685672,小额升档券：满200-30，30天有效
U004792,铜牌会员,中,潜力用户,复购≥2次,4258.32,2.0,0.684993,小额升档券：满200-30，30天有效
U002333,铜牌会员,中,潜力用户,复购≥2次,9972.22,2.0,0.684828,小额升档券：满200-30，30天有效
U001973,普通会员,中,潜力用户,复购≥2次,5501.72,2.0,0.684443,小额升档券：满200-30，30天有效
U001507,铜牌会员,中,潜力用户,复购≥2次,9436.22,2.0,0.684381,小额升档券：满200-30，30天有效
U001115,铜牌会员,中,潜力用户,仅1单,7907.52,1.0,0.684252,小额升档券：满200-30，30天有效
U003606,铜牌会员,中,潜力用户,复购≥2次,9418.89,2.0,0.683535,小额升档券：满200-30，30天有效
U003825,普通会员,低,潜力用户,复购≥2次,2745.92,2.0,0.683382,小额升档券：满200-30，30天有效
U003138,银牌会员,中,潜力用户,复购≥2次,6155.64,2.0,0.683378,小额升档券：满200-30，30天有效
U000728,普通会员,低,潜力用户,复购≥2次,2109.38,2.0,0.682904,小额升档券：满200-30，30天有效
U003429,普通会员,中,潜力用户,复购≥2次,5924.73,2.0,0.682703,小额升档券：满200-30，30天有效
U002576,铜牌会员,中,潜力用户,复购≥2次,3130.03,2.0,0.682466,小额升档券：满200-30，30天有效
U003904,金牌会员,低,潜力用户,复购≥2次,1851.31,3.0,0.681303,小额升档券：满200-30，30天有效
U001365,金牌会员,中,潜力用户,复购≥2次,6920.06,2.0,0.680852,小额升档券：满200-30，30天有效
U001074,金牌会员,中,潜力用户,复购≥2次,4676.67,2.0,0.680536,小额升档券：满200-30，30天有效
U001166,铜牌会员,中,潜力用户,复购≥2次,4680.43,2.0,0.680349,小额升档券：满200-30，30天有效
U000826,银牌会员,中,潜力用户,复购≥2次,6906.91,2.0,0.679746,小额升档券：满200-30，30天有效
U002306,普通会员,中,潜力用户,复购≥2次,5022.23,3.0,0.67939,小额升档券：满200-30，30天有效
U001697,铜牌会员,中,潜力用户,复购≥2次,4700.08,2.0,0.679301,小额升档券：满200-30，30天有效
U003812,普通会员,中,潜力用户,复购≥2次,5453.51,3.0,0.678905,小额升档券：满200-30，30天有效
U002854,金牌会员,低,潜力用户,复购≥2次,2705.33,2.0,0.678594,小额升档券：满200-30，30天有效
U004511,银牌会员,中,潜力用户,复购≥2次,3924.47,2.0,0.677656,小额升档券：满200-30，30天有效
U000513,铜牌会员,低,潜力用户,复购≥2次,2842.99,2.0,0.677615,小额升档券：满200-30，30天有效
U000939,铜牌会员,中,潜力用户,复购≥2次,8791.0,2.0,0.67746,小额升档券：满200-30，30天有效
U000308,普通会员,中,潜力用户,复购≥2次,5878.96,2.0,0.676846,小额升档券：满200-30，30天有效
U001524,金牌会员,中,潜力用户,复购≥2次,3522.34,2.0,0.676392,小额升档券：满200-30，30天有效
U004605,普通会员,中,潜力用户,复购≥2次,5962.41,2.0,0.67591,小额升档券：满200-30，30天有效
U001461,铜牌会员,中,潜力用户,复购≥2次,4281.7,2.0,0.675904,小额升档券：满200-30，30天有效
U000798,铜牌会员,中,潜力用户,复购≥2次,7023.26,2.0,0.675858,小额升档券：满200-30，30天有效
U002457,普通会员,低,潜力用户,复购≥2次,2307.28,3.0,0.6755,小额升档券：满200-30，30天有效
U001843,银牌会员,中,潜力用户,复购≥2次,6752.74,3.0,0.675289,小额升档券：满200-30，30天有效
U003529,银牌会员,中,潜力用户,复购≥2次,9298.05,4.0,0.674609,小额升档券：满200-30，30天有效
U002659,铜牌会员,中,潜力用户,复购≥2次,6435.38,2.0,0.674556,小额升档券：满200-30，30天有效
U001046,银牌会员,中,潜力用户,复购≥2次,3169.14,3.0,0.674256,小额升档券：满200-30，30天有效
U000777,银牌会员,中,潜力用户,复购≥2次,4898.47,2.0,0.673964,小额升档券：满200-30，30天有效
U004517,普通会员,低,潜力用户,复购≥2次,2861.49,3.0,0.673943,小额升档券：满200-30，30天有效
U000997,金牌会员,中,潜力用户,复购≥2次,6301.93,2.0,0.673604,小额升档券：满200-30，30天有效
U000808,普通会员,低,潜力用户,复购≥2次,2134.76,2.0,0.673355,小额升档券：满200-30，30天有效
U004503,铜牌会员,中,潜力用户,复购≥2次,4637.96,2.0,0.673281,小额升档券：满200-30，30天有效
U001328,铜牌会员,中,潜力用户,复购≥2次,9990.93,3.0,0.673166,小额升档券：满200-30，30天有效
U004824,普通会员,中,潜力用户,复购≥2次,6083.68,2.0,0.672317,小额升档券：满200-30，30天有效
U001202,普通会员,低,潜力用户,复购≥2次,2631.48,3.0,0.672043,小额升档券：满200-30，30天有效
U004659,金牌会员,低,潜力用户,复购≥2次,1909.93,3.0,0.671979,小额升档券：满200-30，30天有效
U004392,铜牌会员,中,潜力用户,复购≥2次,3197.15,4.0,0.671842,小额升档券：满200-30，30天有效
U004192,铜牌会员,中,潜力用户,复购≥2次,4159.11,2.0,0.671812,小额升档券：满200-30，30天有效
U003136,金牌会员,中,潜力用户,仅1单,9738.24,1.0,0.671678,小额升档券：满200-30，30天有效
U002484,银牌会员,中,潜力用户,复购≥2次,7771.37,2.0,0.671669,小额升档券：满200-30，30天有效
U000062,金牌会员,中,潜力用户,仅1单,8324.01,1.0,0.671227,小额升档券：满200-30，30天有效
U004466,铜牌会员,低,潜力用户,复购≥2次,2760.11,2.0,0.670832,小额升档券：满200-30，30天有效
U002741,银牌会员,中,潜力用户,复购≥2次,9778.57,2.0,0.670801,小额升档券：满200-30，30天有效
U004758,普通会员,低,潜力用户,复购≥2次,2676.3,2.0,0.669793,小额升档券：满200-30，30天有效
U000473,银牌会员,中,潜力用户,复购≥2次,3259.05,3.0,0.66879,小额升档券：满200-30，30天有效
U002236,银牌会员,中,潜力用户,复购≥2次,4157.06,3.0,0.667995,小额升档券：满200-30，30天有效
U000718,铜牌会员,中,潜力用户,复购≥2次,7610.7,2.0,0.667733,小额升档券：满200-30，30天有效
U000923,金牌会员,中,潜力用户,复购≥2次,3475.69,2.0,0.667415,小额升档券：满200-30，30天有效
U003539,铜牌会员,中,潜力用户,复购≥2次,4946.38,2.0,0.667279,小额升档券：满200-30，30天有效
U000182,铜牌会员,低,潜力用户,复购≥2次,2456.87,3.0,0.666689,小额升档券：满200-30，30天有效
U004959,钻石会员,中,潜力用户,复购≥2次,3760.55,2.0,0.666625,小额升档券：满200-30，30天有效
U004942,钻石会员,中,潜力用户,复购≥2次,6772.08,3.0,0.666477,小额升档券：满200-30，30天有效
U000655,银牌会员,低,潜力用户,复购≥2次,1991.78,2.0,0.666389,小额升档券：满200-30，30天有效
U002404,金牌会员,中,潜力用户,复购≥2次,5714.47,2.0,0.666243,小额升档券：满200-30，30天有效
U002613,铜牌会员,中,潜力用户,仅1单,9597.32,1.0,0.66511,小额升档券：满200-30，30天有效
U004032,普通会员,中,潜力用户,复购≥2次,3117.53,2.0,0.664989,小额升档券：满200-30，30天有效
U000754,金牌会员,中,潜力用户,复购≥2次,8636.53,2.0,0.664768,小额升档券：满200-30，30天有效
U000980,银牌会员,中,潜力用户,复购≥2次,5560.28,2.0,0.664744,小额升档券：满200-30，30天有效
U000168,钻石会员,低,潜力用户,复购≥2次,2542.26,2.0,0.664711,小额升档券：满200-30，30天有效
U004685,金牌会员,中,潜力用户,复购≥2次,3495.62,2.0,0.664276,小额升档券：满200-30，30天有效
U004228,银牌会员,低,潜力用户,复购≥2次,2874.26,2.0,0.664067,小额升档券：满200-30，30天有效
U004989,银牌会员,中,潜力用户,复购≥2次,5167.0,2.0,0.663888,小额升档券：满200-30，30天有效
U003813,金牌会员,中,潜力用户,复购≥2次,8835.87,3.0,0.663599,小额升档券：满200-30，30天有效
U003604,银牌会员,中,潜力用户,复购≥2次,5220.29,2.0,0.663115,小额升档券：满200-30，30天有效
U001238,钻石会员,中,潜力用户,复购≥2次,3531.29,2.0,0.662649,小额升档券：满200-30，30天有效
U004378,普通会员,中,潜力用户,复购≥2次,7119.39,3.0,0.662017,小额升档券：满200-30，30天有效
U003257,普通会员,中,潜力用户,复购≥2次,4126.81,2.0,0.661849,小额升档券：满200-30，30天有效
U000768,金牌会员,中,潜力用户,复购≥2次,3925.34,2.0,0.661821,小额升档券：满200-30，30天有效
U003851,银牌会员,低,潜力用户,复购≥2次,1555.68,2.0,0.661773,小额升档券：满200-30，30天有效
U001954,普通会员,中,潜力用户,复购≥2次,3838.21,3.0,0.661751,小额升档券：满200-30，30天有效
U003405,金牌会员,中,潜力用户,复购≥2次,4791.2,2.0,0.661079,小额升档券：满200-30，30天有效
U001710,铜牌会员,中,潜力用户,复购≥2次,8011.09,2.0,0.660949,小额升档券：满200-30，30天有效
U003866,铜牌会员,中,潜力用户,复购≥2次,3736.99,2.0,0.660606,小额升档券：满200-30，30天有效
U004866,铜牌会员,中,潜力用户,复购≥2次,3633.94,2.0,0.660569,小额升档券：满200-30，30天有效
U000883,铜牌会员,低,潜力用户,复购≥2次,1954.01,3.0,0.660188,小额升档券：满200-30，30天有效
U002340,银牌会员,中,潜力用户,复购≥2次,3936.22,3.0,0.659716,小额升档券：满200-30，30天有效
U003032,普通会员,中,潜力用户,复购≥2次,5195.17,2.0,0.659625,小额升档券：满200-30，30天有效
U000016,铜牌会员,中,潜力用户,复购≥2次,4438.78,2.0,0.658855,小额升档券：满200-30，30天有效
U004661,普通会员,中,潜力用户,复购≥2次,3592.26,3.0,0.658691,小额升档券：满200-30，30天有效
U004101,银牌会员,中,潜力用户,复购≥2次,4000.35,2.0,0.658632,小额升档券：满200-30，30天有效
U002266,银牌会员,中,潜力用户,复购≥2次,3366.17,2.0,0.658403,小额升档券：满200-30，30天有效
U000310,铜牌会员,中,潜力用户,复购≥2次,9034.14,3.0,0.658373,小额升档券：满200-30，30天有效
U004710,银牌会员,低,潜力用户,复购≥2次,1417.06,2.0,0.658356,小额升档券：满200-30，30天有效
U004085,银牌会员,中,潜力用户,复购≥2次,4472.78,2.0,0.65806,小额升档券：满200-30，30天有效
U002628,银牌会员,中,潜力用户,复购≥2次,6120.59,4.0,0.657262,小额升档券：满200-30，30天有效
U003704,银牌会员,中,潜力用户,复购≥2次,8309.85,2.0,0.65722,小额升档券：满200-30，30天有效
U000075,银牌会员,中,潜力用户,复购≥2次,5900.32,2.0,0.656965,小额升档券：满200-30，30天有效
U003132,钻石会员,中,潜力用户,复购≥2次,5340.85,2.0,0.656362,小额升档券：满200-30，30天有效
U001761,铜牌会员,中,潜力用户,复购≥2次,8463.82,3.0,0.656249,小额升档券：满200-30，30天有效
U001692,银牌会员,低,潜力用户,复购≥2次,2519.81,3.0,0.656169,小额升档券：满200-30，30天有效
U004850,普通会员,中,潜力用户,复购≥2次,9937.83,3.0,0.656112,小额升档券：满200-30，30天有效
U004985,金牌会员,低,潜力用户,复购≥2次,2907.6,2.0,0.655667,小额升档券：满200-30，30天有效
U004267,铜牌会员,中,潜力用户,复购≥2次,5027.08,3.0,0.655397,小额升档券：满200-30，30天有效
U001785,铜牌会员,中,潜力用户,复购≥2次,4472.73,3.0,0.655284,小额升档券：满200-30，30天有效
U000894,银牌会员,中,潜力用户,复购≥2次,5458.76,2.0,0.655161,小额升档券：满200-30，30天有效
U000207,铜牌会员,中,潜力用户,复购≥2次,6332.44,2.0,0.654945,小额升档券：满200-30，30天有效
U000022,钻石会员,低,潜力用户,复购≥2次,2446.35,2.0,0.654601,小额升档券：满200-30，30天有效
U002008,银牌会员,中,潜力用户,复购≥2次,7011.44,2.0,0.654568,小额升档券：满200-30，30天有效
U004868,银牌会员,低,潜力用户,复购≥2次,1899.57,2.0,0.653776,小额升档券：满200-30，30天有效
U004718,普通会员,中,潜力用户,复购≥2次,3671.16,2.0,0.653334,小额升档券：满200-30，30天有效
U002520,铜牌会员,低,潜力用户,复购≥2次,2419.88,2.0,0.653127,小额升档券：满200-30，30天有效
U001980,银牌会员,低,潜力用户,复购≥2次,2260.69,2.0,0.652867,小额升档券：满200-30，30天有效
U004945,铜牌会员,中,潜力用户,复购≥2次,6545.62,2.0,0.652461,小额升档券：满200-30，30天有效
U000550,铜牌会员,中,潜力用户,复购≥2次,3529.53,2.0,0.651972,小额升档券：满200-30，30天有效
U004853,普通会员,低,潜力用户,复购≥2次,1815.9,2.0,0.651936,小额升档券：满200-30，30天有效
U004485,钻石会员,中,潜力用户,复购≥2次,4415.4,2.0,0.651883,小额升档券：满200-30，30天有效
U003452,银牌会员,中,潜力用户,仅1单,9531.27,1.0,0.651865,小额升档券：满200-30，30天有效
U002786,银牌会员,低,潜力用户,复购≥2次,1925.94,2.0,0.651149,小额升档券：满200-30，30天有效
U001739,铜牌会员,中,潜力用户,复购≥2次,3849.41,2.0,0.651108,小额升档券：满200-30，30天有效
U003545,铜牌会员,中,潜力用户,复购≥2次,3044.82,3.0,0.650379,小额升档券：满200-30，30天有效
U001530,银牌会员,中,潜力用户,仅1单,7430.42,1.0,0.649802,小额升档券：满200-30，30天有效
U004218,金牌会员,中,潜力用户,复购≥2次,3587.78,2.0,0.649778,小额升档券：满200-30，30天有效
U002405,银牌会员,低,潜力用户,复购≥2次,2921.38,3.0,0.649647,小额升档券：满200-30，30天有效
U004976,钻石会员,中,潜力用户,复购≥2次,4330.83,2.0,0.649419,小额升档券：满200-30，30天有效
U000197,普通会员,中,潜力用户,仅1单,8502.15,1.0,0.647774,小额升档券：满200-30，30天有效
U003809,银牌会员,低,潜力用户,复购≥2次,2398.91,2.0,0.647715,小额升档券：满200-30，30天有效
U003928,银牌会员,中,潜力用户,复购≥2次,9623.75,3.0,0.647544,小额升档券：满200-30，30天有效
U001849,普通会员,中,潜力用户,复购≥2次,4690.57,2.0,0.646758,小额升档券：满200-30，30天有效
U001424,银牌会员,中,潜力用户,从未下单,7400.69,0.0,0.646017,小额升档券：满200-30，30天有效
U004884,银牌会员,中,潜力用户,复购≥2次,4000.61,2.0,0.645708,小额升档券：满200-30，30天有效
U002889,钻石会员,中,潜力用户,从未下单,4436.37,0.0,0.645522,小额升档券：满200-30，30天有效
U000860,普通会员,中,潜力用户,复购≥2次,7371.18,2.0,0.645414,小额升档券：满200-30，30天有效
U002191,钻石会员,中,潜力用户,复购≥2次,7539.15,2.0,0.64525,小额升档券：满200-30，30天有效
U004624,银牌会员,低,潜力用户,复购≥2次,2415.52,2.0,0.644911,小额升档券：满200-30，30天有效
U002900,普通会员,中,潜力用户,复购≥2次,3724.34,2.0,0.644541,小额升档券：满200-30，30天有效
U002176,普通会员,中,潜力用户,复购≥2次,6794.51,3.0,0.644524,小额升档券：满200-30，30天有效
U003585,普通会员,低,潜力用户,复购≥2次,2121.22,2.0,0.644016,小额升档券：满200-30，30天有效
U002666,钻石会员,中,潜力用户,复购≥2次,9024.53,2.0,0.643283,小额升档券：满200-30，30天有效
U002570,普通会员,低,潜力用户,复购≥2次,1740.04,2.0,0.642622,小额升档券：满200-30，30天有效
U001759,普通会员,中,潜力用户,复购≥2次,4121.51,2.0,0.642394,小额升档券：满200-30，30天有效
U001533,银牌会员,中,潜力用户,复购≥2次,4539.53,2.0,0.641825,小额升档券：满200-30，30天有效
U003089,普通会员,中,潜力用户,复购≥2次,6875.73,3.0,0.641393,小额升档券：满200-30，30天有效
U000420,普通会员,中,潜力用户,复购≥2次,8262.74,2.0,0.641307,小额升档券：满200-30，30天有效
U001745,银牌会员,中,潜力用户,仅1单,7491.09,1.0,0.640985,小额升档券：满200-30，30天有效
U001862,铜牌会员,中,潜力用户,复购≥2次,4787.17,2.0,0.640203,小额升档券：满200-30，30天有效
U004416,普通会员,中,潜力用户,复购≥2次,3055.11,2.0,0.639543,小额升档券：满200-30，30天有效
U002006,银牌会员,中,潜力用户,复购≥2次,5244.74,3.0,0.638356,小额升档券：满200-30，30天有效
U004478,金牌会员,低,潜力用户,复购≥2次,2794.73,2.0,0.638144,小额升档券：满200-30，30天有效
U003569,金牌会员,中,潜力用户,复购≥2次,5498.85,2.0,0.638135,小额升档券：满200-30，30天有效
U001460,铜牌会员,中,潜力用户,复购≥2次,4202.23,2.0,0.638112,小额升档券：满200-30，30天有效
U003206,普通会员,中,潜力用户,复购≥2次,5574.62,2.0,0.637976,小额升档券：满200-30，30天有效
U004193,银牌会员,低,潜力用户,复购≥2次,2374.0,2.0,0.636722,小额升档券：满200-30，30天有效
U003203,铜牌会员,低,潜力用户,复购≥2次,2301.31,2.0,0.636246,小额升档券：满200-30，30天有效
U000049,铜牌会员,中,潜力用户,复购≥2次,4604.75,4.0,0.634965,小额升档券：满200-30，30天有效
U004809,银牌会员,低,潜力用户,复购≥2次,2097.24,2.0,0.634383,小额升档券：满200-30，30天有效
U003044,金牌会员,中,潜力用户,复购≥2次,6557.49,2.0,0.634382,小额升档券：满200-30，30天有效
U004596,金牌会员,低,潜力用户,复购≥2次,2232.62,2.0,0.634164,小额升档券：满200-30，30天有效
U003460,铜牌会员,低,潜力用户,复购≥2次,1720.83,2.0,0.634131,小额升档券：满200-30，30天有效
U004453,普通会员,中,潜力用户,复购≥2次,4853.02,2.0,0.633516,小额升档券：满200-30，30天有效
U001071,铜牌会员,低,潜力用户,复购≥2次,2344.62,2.0,0.63217,小额升档券：满200-30，30天有效
U002612,铜牌会员,低,潜力用户,复购≥2次,2790.97,3.0,0.631962,小额升档券：满200-30，30天有效
U003674,普通会员,低,潜力用户,复购≥2次,1885.14,2.0,0.63187,小额升档券：满200-30，30天有效
U003564,银牌会员,低,潜力用户,复购≥2次,1753.26,2.0,0.631762,小额升档券：满200-30，30天有效
U003732,普通会员,中,潜力用户,复购≥2次,3164.39,2.0,0.631635,小额升档券：满200-30，30天有效
U000186,铜牌会员,中,潜力用户,复购≥2次,6158.68,3.0,0.631522,小额升档券：满200-30，30天有效
U003667,铜牌会员,中,潜力用户,复购≥2次,4115.93,3.0,0.63054,小额升档券：满200-30，30天有效
U000556,铜牌会员,中,潜力用户,仅1单,5414.4,1.0,0.630372,小额升档券：满200-30，30天有效
U002704,银牌会员,中,潜力用户,复购≥2次,4720.74,2.0,0.629984,小额升档券：满200-30，30天有效
U003258,银牌会员,中,潜力用户,复购≥2次,3150.75,3.0,0.629939,小额升档券：满200-30，30天有效
U001165,普通会员,中,潜力用户,从未下单,8581.44,0.0,0.629112,小额升档券：满200-30，30天有效
U000410,普通会员,中,潜力用户,复购≥2次,3940.67,3.0,0.627911,小额升档券：满200-30，30天有效
U003011,金牌会员,低,潜力用户,复购≥2次,2342.64,2.0,0.627759,小额升档券：满200-30，30天有效
U002574,银牌会员,中,潜力用户,复购≥2次,9424.34,2.0,0.627724,小额升档券：满200-30，30天有效
U003847,银牌会员,低,潜力用户,复购≥2次,1962.48,2.0,0.627093,小额升档券：满200-30，30天有效
U000120,普通会员,中,潜力用户,复购≥2次,5577.6,2.0,0.627045,小额升档券：满200-30，30天有效
U003444,钻石会员,中,潜力用户,复购≥2次,3590.87,2.0,0.626746,小额升档券：满200-30，30天有效
U001599,铜牌会员,中,潜力用户,复购≥2次,5205.79,2.0,0.626498,小额升档券：满200-30，30天有效
U000490,普通会员,低,潜力用户,复购≥2次,1425.82,2.0,0.62634,小额升档券：满200-30，30天有效
U002730,金牌会员,低,潜力用户,复购≥2次,1807.33,2.0,0.624958,小额升档券：满200-30，30天有效
U003954,银牌会员,中,潜力用户,从未下单,9380.8,0.0,0.624905,小额升档券：满200-30，30天有效
U003917,金牌会员,低,潜力用户,复购≥2次,2093.74,2.0,0.624595,小额升档券：满200-30，30天有效
U002066,铜牌会员,低,潜力用户,复购≥2次,2581.62,3.0,0.62456,小额升档券：满200-30，30天有效
U000288,银牌会员,低,潜力用户,复购≥2次,2207.72,2.0,0.624248,小额升档券：满200-30，30天有效
U002938,普通会员,中,潜力用户,复购≥2次,4889.6,2.0,0.62402,小额升档券：满200-30，30天有效
U001726,银牌会员,中,潜力用户,仅1单,8170.4,1.0,0.623802,小额升档券：满200-30，30天有效
U003004,铜牌会员,低,潜力用户,复购≥2次,2850.92,3.0,0.623714,小额升档券：满200-30，30天有效
U000839,铜牌会员,低,潜力用户,复购≥2次,2699.0,2.0,0.62321,小额升档券：满200-30，30天有效
U000125,普通会员,低,潜力用户,复购≥2次,1856.81,2.0,0.623203,小额升档券：满200-30，30天有效
U000681,银牌会员,中,潜力用户,复购≥2次,4112.46,2.0,0.622949,小额升档券：满200-30，30天有效
U003980,普通会员,低,潜力用户,复购≥2次,1856.55,2.0,0.622867,小额升档券：满200-30，30天有效
U000895,钻石会员,中,潜力用户,复购≥2次,5635.42,3.0,0.622723,小额升档券：满200-30，30天有效
U001259,铜牌会员,中,潜力用户,仅1单,9256.56,1.0,0.621154,小额升档券：满200-30，30天有效
U001637,钻石会员,中,潜力用户,复购≥2次,9708.37,2.0,0.621148,小额升档券：满200-30，30天有效
U002781,金牌会员,中,潜力用户,复购≥2次,3951.02,3.0,0.620739,小额升档券：满200-30，30天有效
U002221,普通会员,低,潜力用户,复购≥2次,1502.52,2.0,0.620127,小额升档券：满200-30，30天有效
U004822,铜牌会员,低,潜力用户,复购≥2次,2630.27,2.0,0.619918,小额升档券：满200-30，30天有效
U004872,铜牌会员,中,潜力用户,复购≥2次,4027.9,2.0,0.619513,小额升档券：满200-30，30天有效
U004873,普通会员,中,潜力用户,复购≥2次,3373.82,2.0,0.618775,小额升档券：满200-30，30天有效
U002231,银牌会员,低,潜力用户,复购≥2次,2958.21,2.0,0.618721,小额升档券：满200-30，30天有效
U003439,普通会员,低,潜力用户,复购≥2次,1739.45,2.0,0.618696,小额升档券：满200-30，30天有效
U000306,铜牌会员,中,潜力用户,复购≥2次,4941.58,2.0,0.61846,小额升档券：满200-30，30天有效
U001714,金牌会员,低,潜力用户,复购≥2次,2972.67,2.0,0.618143,小额升档券：满200-30，30天有效
U001204,金牌会员,低,潜力用户,复购≥2次,1475.21,2.0,0.617842,小额升档券：满200-30，30天有效
U001064,银牌会员,低,潜力用户,复购≥2次,2922.49,2.0,0.615903,小额升档券：满200-30，30天有效
U001993,金牌会员,中,潜力用户,仅1单,8953.27,1.0,0.615811,小额升档券：满200-30，30天有效
U003868,普通会员,中,潜力用户,复购≥2次,7556.02,2.0,0.615594,小额升档券：满200-30，30天有效
U000162,铜牌会员,中,潜力用户,复购≥2次,7957.51,2.0,0.615581,小额升档券：满200-30，30天有效
U003397,普通会员,中,潜力用户,复购≥2次,7842.01,3.0,0.614927,小额升档券：满200-30，30天有效
U001631,铜牌会员,中,潜力用户,复购≥2次,3772.07,3.0,0.614377,小额升档券：满200-30，30天有效
U004835,银牌会员,中,潜力用户,复购≥2次,4258.5,2.0,0.614182,小额升档券：满200-30，30天有效
U002966,普通会员,中,潜力用户,复购≥2次,4636.94,2.0,0.613911,小额升档券：满200-30，30天有效
U004356,银牌会员,低,潜力用户,复购≥2次,2451.6,2.0,0.613846,小额升档券：满200-30，30天有效
U004195,普通会员,中,潜力用户,复购≥2次,3636.03,2.0,0.612878,小额升档券：满200-30，30天有效
U001884,金牌会员,低,潜力用户,复购≥2次,2096.28,2.0,0.612347,小额升档券：满200-30，30天有效
U001150,银牌会员,低,潜力用户,复购≥2次,1334.53,2.0,0.611697,小额升档券：满200-30，30天有效
U002122,金牌会员,中,潜力用户,复购≥2次,4496.68,2.0,0.611496,小额升档券：满200-30，30天有效
U003091,铜牌会员,中,潜力用户,仅1单,6979.35,1.0,0.610844,小额升档券：满200-30，30天有效
U001951,银牌会员,低,潜力用户,复购≥2次,1659.22,2.0,0.608911,小额升档券：满200-30，30天有效
U000911,普通会员,中,潜力用户,复购≥2次,8761.01,3.0,0.608098,小额升档券：满200-30，30天有效
U001832,金牌会员,低,潜力用户,复购≥2次,2128.59,2.0,0.607856,小额升档券：满200-30，30天有效
U001887,普通会员,中,潜力用户,仅1单,7186.09,1.0,0.607572,小额升档券：满200-30，30天有效
U002631,银牌会员,中,潜力用户,复购≥2次,4457.27,2.0,0.607236,小额升档券：满200-30，30天有效
U001474,金牌会员,低,潜力用户,复购≥2次,2987.37,3.0,0.607147,小额升档券：满200-30，30天有效
U003317,金牌会员,中,潜力用户,复购≥2次,7543.58,2.0,0.607068,小额升档券：满200-30，30天有效
U003283,铜牌会员,中,潜力用户,复购≥2次,6878.31,3.0,0.607063,小额升档券：满200-30，30天有效
U004363,铜牌会员,中,潜力用户,复购≥2次,9120.14,3.0,0.606919,小额升档券：满200-30，30天有效
U001315,普通会员,中,潜力用户,复购≥2次,6429.71,2.0,0.605142,小额升档券：满200-30，30天有效
U004089,金牌会员,低,潜力用户,复购≥2次,1579.08,2.0,0.604954,小额升档券：满200-30，30天有效
U000272,铜牌会员,中,潜力用户,复购≥2次,4107.1,2.0,0.604719,小额升档券：满200-30，30天有效
U002429,普通会员,低,潜力用户,复购≥2次,1296.84,2.0,0.60468,小额升档券：满200-30，30天有效
U003608,普通会员,低,潜力用户,复购≥2次,2065.56,2.0,0.603835,小额升档券：满200-30，30天有效
U004572,银牌会员,中,潜力用户,复购≥2次,7030.29,2.0,0.603542,小额升档券：满200-30，30天有效
U002995,银牌会员,中,潜力用户,复购≥2次,7693.8,4.0,0.603341,小额升档券：满200-30，30天有效
U003946,银牌会员,低,潜力用户,复购≥2次,1549.95,2.0,0.602888,小额升档券：满200-30，30天有效
U002917,金牌会员,中,潜力用户,复购≥2次,3406.88,2.0,0.602517,小额升档券：满200-30，30天有效
U004397,普通会员,中,潜力用户,复购≥2次,7279.25,2.0,0.601794,小额升档券：满200-30，30天有效
U004522,金牌会员,中,潜力用户,仅1单,8734.11,1.0,0.601782,小额升档券：满200-30，30天有效
U002964,普通会员,中,潜力用户,仅1单,9006.46,1.0,0.601626,小额升档券：满200-30，30天有效
U003187,银牌会员,低,潜力用户,复购≥2次,2360.69,3.0,0.60109,小额升档券：满200-30，30天有效
U003054,银牌会员,中,潜力用户,复购≥2次,4328.39,2.0,0.600838,小额升档券：满200-30，30天有效
U004368,铜牌会员,中,潜力用户,复购≥2次,5135.32,2.0,0.6,小额升档券：满200-30，30天有效
U004181,银牌会员,中,潜力用户,仅1单,7529.59,1.0,0.598673,小额升档券：满200-30，30天有效
U004442,普通会员,中,潜力用户,复购≥2次,3618.88,3.0,0.598103,小额升档券：满200-30，30天有效
U003489,普通会员,低,潜力用户,复购≥2次,1215.05,2.0,0.597576,小额升档券：满200-30，30天有效
U003106,铜牌会员,低,潜力用户,复购≥2次,2090.42,2.0,0.595706,小额升档券：满200-30，30天有效
U000737,金牌会员,低,潜力用户,复购≥2次,948.31,2.0,0.595686,小额升档券：满200-30，30天有效
U004139,银牌会员,中,潜力用户,复购≥2次,3552.64,2.0,0.594772,小额升档券：满200-30，30天有效
U004905,钻石会员,中,潜力用户,复购≥2次,8837.16,2.0,0.594185,小额升档券：满200-30，30天有效
U000704,铜牌会员,低,潜力用户,复购≥2次,1810.23,2.0,0.594127,小额升档券：满200-30，30天有效
U003888,钻石会员,中,潜力用户,复购≥2次,3990.77,2.0,0.593856,小额升档券：满200-30，30天有效
U000857,银牌会员,低,潜力用户,复购≥2次,1931.45,2.0,0.593704,小额升档券：满200-30，30天有效
U003379,钻石会员,中,潜力用户,复购≥2次,3643.77,3.0,0.593446,小额升档券：满200-30，30天有效
U000257,钻石会员,中,潜力用户,复购≥2次,3301.87,2.0,0.593428,小额升档券：满200-30，30天有效
U002812,铜牌会员,低,潜力用户,复购≥2次,2876.18,2.0,0.593354,小额升档券：满200-30，30天有效
U000764,银牌会员,中,潜力用户,仅1单,8125.17,1.0,0.593353,小额升档券：满200-30，30天有效
U000742,银牌会员,中,潜力用户,复购≥2次,9199.27,3.0,0.592754,小额升档券：满200-30，30天有效
U002957,银牌会员,低,潜力用户,复购≥2次,1784.05,2.0,0.592345,小额升档券：满200-30，30天有效
U002999,银牌会员,中,潜力用户,复购≥2次,3227.58,2.0,0.592117,小额升档券：满200-30，30天有效
U003382,银牌会员,低,潜力用户,复购≥2次,2439.69,2.0,0.591918,小额升档券：满200-30，30天有效
U004889,普通会员,低,潜力用户,复购≥2次,1079.48,2.0,0.590908,小额升档券：满200-30，30天有效
U002897,银牌会员,低,潜力用户,复购≥2次,2328.45,2.0,0.590579,小额升档券：满200-30，30天有效
U001803,银牌会员,中,潜力用户,复购≥2次,4173.46,2.0,0.588832,小额升档券：满200-30，30天有效
U002358,普通会员,中,潜力用户,仅1单,8277.49,1.0,0.588638,小额升档券：满200-30，30天有效
U000309,铜牌会员,低,潜力用户,复购≥2次,2432.56,2.0,0.588003,小额升档券：满200-30，30天有效
U003828,普通会员,中,潜力用户,复购≥2次,7398.78,2.0,0.587746,小额升档券：满200-30，30天有效
U004932,金牌会员,中,潜力用户,复购≥2次,8999.29,2.0,0.587478,小额升档券：满200-30，30天有效
U003305,银牌会员,中,潜力用户,复购≥2次,5188.4,2.0,0.58735,小额升档券：满200-30，30天有效
U000683,银牌会员,中,潜力用户,仅1单,8115.48,1.0,0.58649,小额升档券：满200-30，30天有效
U000995,金牌会员,中,潜力用户,复购≥2次,4507.5,2.0,0.586037,小额升档券：满200-30，30天有效
U000027,铜牌会员,中,潜力用户,复购≥2次,6554.94,2.0,0.58558,小额升档券：满200-30，30天有效
U004725,银牌会员,低,潜力用户,复购≥2次,1633.34,2.0,0.585037,小额升档券：满200-30，30天有效
U002949,银牌会员,低,潜力用户,复购≥2次,2043.78,2.0,0.584819,小额升档券：满200-30，30天有效
U001643,铜牌会员,低,潜力用户,复购≥2次,2337.83,2.0,0.584,小额升档券：满200-30，30天有效
U002023,普通会员,中,潜力用户,复购≥2次,3051.96,2.0,0.582956,小额升档券：满200-30，30天有效
U004978,铜牌会员,低,潜力用户,复购≥2次,1672.88,2.0,0.582285,小额升档券：满200-30，30天有效
U002321,金牌会员,中,潜力用户,复购≥2次,3713.86,2.0,0.582113,小额升档券：满200-30，30天有效
U003245,银牌会员,中,潜力用户,仅1单,5945.18,1.0,0.582015,小额升档券：满200-30，30天有效
U003535,金牌会员,中,潜力用户,复购≥2次,3567.36,2.0,0.581481,小额升档券：满200-30，30天有效
U000926,普通会员,中,潜力用户,复购≥2次,9860.42,3.0,0.580815,小额升档券：满200-30，30天有效
U000575,普通会员,中,潜力用户,复购≥2次,5917.82,2.0,0.579564,小额升档券：满200-30，30天有效
U002794,银牌会员,中,潜力用户,从未下单,7572.13,0.0,0.579541,小额升档券：满200-30，30天有效
U003192,银牌会员,低,潜力用户,复购≥2次,1579.57,2.0,0.57901,小额升档券：满200-30，30天有效
U003339,银牌会员,低,潜力用户,复购≥2次,1354.18,2.0,0.578988,小额升档券：满200-30，30天有效
U001766,银牌会员,低,潜力用户,复购≥2次,1737.4,2.0,0.57867,小额升档券：满200-30，30天有效
U000918,银牌会员,中,潜力用户,仅1单,6593.52,1.0,0.578594,小额升档券：满200-30，30天有效
U000963,普通会员,中,潜力用户,复购≥2次,4476.61,2.0,0.578526,小额升档券：满200-30，30天有效
U000913,铜牌会员,中,潜力用户,复购≥2次,3132.7,2.0,0.578418,小额升档券：满200-30，30天有效
U000739,普通会员,低,潜力用户,复购≥2次,2795.14,2.0,0.578043,小额升档券：满200-30，30天有效
U001179,铜牌会员,低,潜力用户,复购≥2次,1293.36,2.0,0.577349,小额升档券：满200-30，30天有效
U001941,普通会员,低,潜力用户,复购≥2次,2395.71,2.0,0.576317,小额升档券：满200-30，30天有效
U000929,普通会员,中,潜力用户,复购≥2次,3583.97,2.0,0.576137,小额升档券：满200-30，30天有效
U001665,银牌会员,中,潜力用户,复购≥2次,8171.71,3.0,0.574692,小额升档券：满200-30，30天有效
U001055,金牌会员,低,潜力用户,复购≥2次,1546.16,2.0,0.574092,小额升档券：满200-30，30天有效
U002468,普通会员,中,潜力用户,复购≥2次,3169.6,2.0,0.574006,小额升档券：满200-30，30天有效
U004917,普通会员,中,潜力用户,仅1单,4495.63,1.0,0.573715,小额升档券：满200-30，30天有效
U000087,铜牌会员,低,潜力用户,复购≥2次,1210.14,2.0,0.573682,小额升档券：满200-30，30天有效
U000782,银牌会员,中,潜力用户,仅1单,7467.98,1.0,0.572417,小额升档券：满200-30，30天有效
U003735,钻石会员,低,潜力用户,复购≥2次,1668.04,2.0,0.572185,小额升档券：满200-30，30天有效
U003754,银牌会员,低,潜力用户,复购≥2次,935.3,2.0,0.572179,小额升档券：满200-30，30天有效
U004198,金牌会员,中,潜力用户,复购≥2次,6015.92,3.0,0.571585,小额升档券：满200-30，30天有效
U002166,金牌会员,低,潜力用户,复购≥2次,724.48,2.0,0.570908,小额升档券：满200-30，30天有效
U001327,银牌会员,中,潜力用户,仅1单,7794.13,1.0,0.570076,小额升档券：满200-30，30天有效
U000078,银牌会员,中,潜力用户,仅1单,8292.19,1.0,0.568354,小额升档券：满200-30，30天有效
U002378,普通会员,中,潜力用户,复购≥2次,4036.17,3.0,0.56778,小额升档券：满200-30，30天有效
U001607,银牌会员,中,潜力用户,复购≥2次,7044.33,2.0,0.567626,小额升档券：满200-30，30天有效
U000362,银牌会员,中,潜力用户,从未下单,9313.6,0.0,0.567186,小额升档券：满200-30，30天有效
U001261,银牌会员,中,潜力用户,复购≥2次,9849.25,3.0,0.566722,小额升档券：满200-30，30天有效
U004664,金牌会员,中,潜力用户,复购≥2次,4988.74,3.0,0.565761,小额升档券：满200-30，30天有效
U004858,钻石会员,中,潜力用户,复购≥2次,6426.9,3.0,0.565675,小额升档券：满200-30，30天有效
U003221,银牌会员,中,潜力用户,复购≥2次,3236.12,2.0,0.565493,小额升档券：满200-30，30天有效
U002967,铜牌会员,低,潜力用户,复购≥2次,747.21,2.0,0.56459,小额升档券：满200-30，30天有效
U004571,铜牌会员,低,潜力用户,复购≥2次,901.56,2.0,0.563554,小额升档券：满200-30，30天有效
U001247,普通会员,低,潜力用户,复购≥2次,2839.22,2.0,0.562888,小额升档券：满200-30，30天有效
U001538,铜牌会员,中,潜力用户,从未下单,8458.66,0.0,0.562572,小额升档券：满200-30，30天有效
U002230,普通会员,低,潜力用户,复购≥2次,1036.62,2.0,0.562514,小额升档券：满200-30，30天有效
U002479,银牌会员,中,潜力用户,仅1单,8631.16,1.0,0.561648,小额升档券：满200-30，30天有效
U004364,铜牌会员,低,潜力用户,复购≥2次,2570.86,2.0,0.561322,小额升档券：满200-30，30天有效
U004804,钻石会员,中,潜力用户,复购≥2次,8534.81,2.0,0.561273,小额升档券：满200-30，30天有效
U001820,铜牌会员,低,潜力用户,复购≥2次,1008.67,2.0,0.560923,小额升档券：满200-30，30天有效
U002064,钻石会员,低,潜力用户,复购≥2次,1893.21,3.0,0.55999,小额升档券：满200-30，30天有效
U000284,铜牌会员,低,潜力用户,复购≥2次,2953.85,2.0,0.559739,小额升档券：满200-30，30天有效
U004790,普通会员,中,潜力用户,复购≥2次,7625.3,3.0,0.559702,小额升档券：满200-30，30天有效
U004352,银牌会员,中,潜力用户,复购≥2次,9952.11,2.0,0.559416,小额升档券：满200-30，30天有效
U003059,金牌会员,中,潜力用户,复购≥2次,7594.57,4.0,0.559121,小额升档券：满200-30，30天有效
U003739,普通会员,低,潜力用户,复购≥2次,793.62,2.0,0.557104,小额升档券：满200-30，30天有效
U004916,铜牌会员,中,潜力用户,从未下单,7258.41,0.0,0.556607,小额升档券：满200-30，30天有效
U002237,银牌会员,中,潜力用户,复购≥2次,3710.56,2.0,0.555581,小额升档券：满200-30，30天有效
U000067,金牌会员,中,潜力用户,仅1单,7458.88,1.0,0.554854,小额升档券：满200-30，30天有效
U002540,钻石会员,中,潜力用户,仅1单,6296.72,1.0,0.554491,小额升档券：满200-30，30天有效
U001363,铜牌会员,低,潜力用户,复购≥2次,1166.97,2.0,0.554314,小额升档券：满200-30，30天有效
U001577,铜牌会员,中,潜力用户,仅1单,8087.58,1.0,0.55236,小额升档券：满200-30，30天有效
U003837,银牌会员,中,潜力用户,复购≥2次,7688.75,5.0,0.551924,小额升档券：满200-30，30天有效
U003058,金牌会员,低,潜力用户,复购≥2次,1047.46,2.0,0.551903,小额升档券：满200-30，30天有效
U004575,铜牌会员,中,潜力用户,复购≥2次,9717.07,4.0,0.551166,小额升档券：满200-30，30天有效
U000427,普通会员,中,潜力用户,复购≥2次,3445.54,3.0,0.550378,小额升档券：满200-30，30天有效
U004619,铜牌会员,中,潜力用户,从未下单,7035.6,0.0,0.549908,小额升档券：满200-30，30天有效
U004807,铜牌会员,中,潜力用户,复购≥2次,4856.82,3.0,0.548921,小额升档券：满200-30，30天有效
U003945,铜牌会员,中,潜力用户,复购≥2次,7071.4,2.0,0.548902,小额升档券：满200-30，30天有效
U001767,普通会员,低,潜力用户,复购≥2次,1260.41,2.0,0.547898,小额升档券：满200-30，30天有效
U003409,铜牌会员,中,潜力用户,从未下单,4861.87,0.0,0.547741,小额升档券：满200-30，30天有效
U000203,银牌会员,中,潜力用户,仅1单,6580.18,1.0,0.547437,小额升档券：满200-30，30天有效
U000305,普通会员,中,潜力用户,复购≥2次,6337.14,2.0,0.547183,小额升档券：满200-30，30天有效
U002610,银牌会员,低,潜力用户,复购≥2次,1234.77,2.0,0.547135,小额升档券：满200-30，30天有效
U004813,钻石会员,低,潜力用户,复购≥2次,815.53,2.0,0.546601,小额升档券：满200-30，30天有效
U004376,铜牌会员,中,潜力用户,复购≥2次,8106.31,2.0,0.546438,小额升档券：满200-30，30天有效
U000721,普通会员,中,潜力用户,复购≥2次,7939.9,4.0,0.546284,小额升档券：满200-30，30天有效
U004401,钻石会员,低,潜力用户,复购≥2次,379.8,2.0,0.546111,小额升档券：满200-30，30天有效
U001232,铜牌会员,中,潜力用户,复购≥2次,4285.57,3.0,0.545864,小额升档券：满200-30，30天有效
U004347,铜牌会员,中,潜力用户,复购≥2次,6328.4,2.0,0.545412,小额升档券：满200-30，30天有效
U002332,金牌会员,中,潜力用户,仅1单,7184.35,1.0,0.545176,小额升档券：满200-30，30天有效
U001757,银牌会员,中,潜力用户,复购≥2次,7372.49,2.0,0.544997,小额升档券：满200-30，30天有效
U003361,铜牌会员,低,潜力用户,复购≥2次,714.86,2.0,0.54498,小额升档券：满200-30，30天有效
U000085,铜牌会员,中,潜力用户,复购≥2次,5819.98,2.0,0.544852,小额升档券：满200-30，30天有效
U004208,铜牌会员,低,潜力用户,复购≥2次,581.83,2.0,0.544307,小额升档券：满200-30，30天有效
U004254,普通会员,中,潜力用户,复购≥2次,7912.33,2.0,0.543283,小额升档券：满200-30，30天有效
U004504,金牌会员,中,潜力用户,复购≥2次,5664.91,2.0,0.543094,小额升档券：满200-30，30天有效
U001278,铜牌会员,低,潜力用户,复购≥2次,1710.16,2.0,0.542799,小额升档券：满200-30，30天有效
U001241,金牌会员,中,潜力用户,仅1单,3693.53,1.0,0.542384,小额升档券：满200-30，30天有效
U001140,金牌会员,中,潜力用户,从未下单,8434.37,0.0,0.542296,小额升档券：满200-30，30天有效
U003528,钻石会员,中,潜力用户,仅1单,9433.66,1.0,0.54226,小额升档券：满200-30，30天有效
U003387,普通会员,中,潜力用户,从未下单,8867.17,0.0,0.541927,小额升档券：满200-30，30天有效
U000015,普通会员,低,潜力用户,复购≥2次,653.77,2.0,0.541792,小额升档券：满200-30，30天有效
U003975,铜牌会员,中,潜力用户,复购≥2次,9317.25,2.0,0.541494,小额升档券：满200-30，30天有效
U000804,银牌会员,中,潜力用户,仅1单,6699.26,1.0,0.539961,小额升档券：满200-30，30天有效
U001434,银牌会员,低,潜力用户,复购≥2次,687.29,2.0,0.539771,小额升档券：满200-30，30天有效
U004957,普通会员,中,潜力用户,从未下单,9355.51,0.0,0.538323,小额升档券：满200-30，30天有效
U000648,铜牌会员,低,潜力用户,复购≥2次,1483.89,2.0,0.536968,小额升档券：满200-30，30天有效
U002771,银牌会员,中,潜力用户,复购≥2次,8944.5,3.0,0.536483,小额升档券：满200-30，30天有效
U004748,铜牌会员,低,潜力用户,仅1单,2853.71,1.0,0.536392,小额升档券：满200-30，30天有效
U003864,银牌会员,低,潜力用户,复购≥2次,743.08,2.0,0.536243,小额升档券：满200-30，30天有效
U003414,铜牌会员,中,潜力用户,从未下单,3769.75,0.0,0.532974,小额升档券：满200-30，30天有效
U004586,铜牌会员,中,潜力用户,仅1单,7268.69,1.0,0.53279,小额升档券：满200-30，30天有效
U001818,金牌会员,中,潜力用户,仅1单,3565.59,1.0,0.530172,小额升档券：满200-30，30天有效
U004150,普通会员,中,潜力用户,复购≥2次,7664.63,2.0,0.528593,小额升档券：满200-30，30天有效
U003247,银牌会员,中,潜力用户,复购≥2次,9435.8,2.0,0.52758,小额升档券：满200-30，30天有效
U002837,银牌会员,低,潜力用户,复购≥2次,183.65,2.0,0.527491,小额升档券：满200-30，30天有效
U000781,普通会员,低,潜力用户,复购≥2次,1269.22,2.0,0.526131,小额升档券：满200-30，30天有效
U001486,铜牌会员,中,潜力用户,复购≥2次,7021.98,2.0,0.525286,小额升档券：满200-30，30天有效
U002716,银牌会员,中,潜力用户,从未下单,6934.6,0.0,0.524346,小额升档券：满200-30，30天有效
U003454,金牌会员,中,潜力用户,复购≥2次,4351.31,2.0,0.524008,小额升档券：满200-30，30天有效
U002353,普通会员,中,潜力用户,复购≥2次,5740.17,2.0,0.523253,小额升档券：满200-30，30天有效
U003413,普通会员,中,潜力用户,复购≥2次,8818.94,4.0,0.522834,小额升档券：满200-30，30天有效
U004893,银牌会员,中,潜力用户,仅1单,6378.51,1.0,0.520527,小额升档券：满200-30，30天有效
U001019,普通会员,低,潜力用户,复购≥2次,952.6,2.0,0.519882,小额升档券：满200-30，30天有效
U002863,铜牌会员,中,潜力用户,仅1单,4660.03,1.0,0.518517,小额升档券：满200-30，30天有效
U003710,普通会员,中,潜力用户,仅1单,6209.33,1.0,0.515955,小额升档券：满200-30，30天有效
U003330,普通会员,中,潜力用户,仅1单,6445.79,1.0,0.515855,小额升档券：满200-30，30天有效
U004582,铜牌会员,中,潜力用户,复购≥2次,5522.42,2.0,0.515183,小额升档券：满200-30，30天有效
U000046,普通会员,低,潜力用户,复购≥2次,1929.4,2.0,0.514244,小额升档券：满200-30，30天有效
U001617,钻石会员,中,潜力用户,仅1单,4642.96,1.0,0.513954,小额升档券：满200-30，30天有效
U004174,铜牌会员,中,潜力用户,复购≥2次,8348.54,3.0,0.512783,小额升档券：满200-30，30天有效
U000952,铜牌会员,中,潜力用户,仅1单,6471.13,1.0,0.511613,小额升档券：满200-30，30天有效
U002655,银牌会员,中,潜力用户,仅1单,7570.63,1.0,0.511121,小额升档券：满200-30，30天有效
U000848,银牌会员,低,潜力用户,复购≥2次,895.05,2.0,0.510329,小额升档券：满200-30，30天有效
U004744,钻石会员,中,潜力用户,仅1单,8040.14,1.0,0.509913,小额升档券：满200-30，30天有效
U001723,铜牌会员,中,潜力用户,从未下单,6037.8,0.0,0.5088,小额升档券：满200-30，30天有效
U001661,普通会员,中,潜力用户,仅1单,8523.88,1.0,0.508486,小额升档券：满200-30，30天有效
U001673,铜牌会员,中,潜力用户,复购≥2次,6768.25,2.0,0.507528,小额升档券：满200-30，30天有效
U002090,普通会员,低,潜力用户,从未下单,2361.84,0.0,0.505495,小额升档券：满200-30，30天有效
U000948,铜牌会员,低,潜力用户,复购≥2次,455.41,2.0,0.502849,小额升档券：满200-30，30天有效
U000554,普通会员,中,潜力用户,仅1单,8199.34,1.0,0.502589,小额升档券：满200-30，30天有效
U003279,银牌会员,中,潜力用户,复购≥2次,7438.85,2.0,0.501881,小额升档券：满200-30，30天有效
U002521,铜牌会员,中,潜力用户,复购≥2次,4677.39,2.0,0.499721,小额升档券：满200-30，30天有效
U001404,金牌会员,中,潜力用户,复购≥2次,4400.53,3.0,0.499601,小额升档券：满200-30，30天有效
U003427,金牌会员,高,潜力用户,仅1单,20923.23,1.0,0.499507,小额升档券：满200-30，30天有效
U004892,金牌会员,中,潜力用户,仅1单,9351.21,1.0,0.499171,小额升档券：满200-30，30天有效
U004634,普通会员,中,潜力用户,从未下单,5265.23,0.0,0.498338,小额升档券：满200-30，30天有效
U004295,金牌会员,中,潜力用户,从未下单,4847.33,0.0,0.497214,小额升档券：满200-30，30天有效
U002681,普通会员,中,潜力用户,复购≥2次,6343.78,2.0,0.49689,小额升档券：满200-30，30天有效
U000903,银牌会员,中,潜力用户,仅1单,6886.19,1.0,0.496585,小额升档券：满200-30，30天有效
U001292,钻石会员,中,潜力用户,仅1单,8815.37,1.0,0.496521,小额升档券：满200-30，30天有效
U004071,普通会员,中,潜力用户,复购≥2次,6170.98,3.0,0.496447,小额升档券：满200-30，30天有效
U003098,银牌会员,低,潜力用户,复购≥2次,992.23,2.0,0.495798,小额升档券：满200-30，30天有效
U002401,金牌会员,中,潜力用户,复购≥2次,3634.26,2.0,0.494742,小额升档券：满200-30，30天有效
U002926,钻石会员,高,潜力用户,仅1单,15284.62,1.0,0.494627,小额升档券：满200-30，30天有效
U001318,银牌会员,低,潜力用户,复购≥2次,432.07,2.0,0.494014,小额升档券：满200-30，30天有效
U003876,银牌会员,高,潜力用户,复购≥2次,11576.3,2.0,0.493366,小额升档券：满200-30，30天有效
U000506,铜牌会员,中,潜力用户,仅1单,5527.62,1.0,0.492403,小额升档券：满200-30，30天有效
U003378,银牌会员,中,潜力用户,仅1单,7981.67,1.0,0.491591,小额升档券：满200-30，30天有效
U000780,钻石会员,中,潜力用户,复购≥2次,6816.2,2.0,0.491391,小额升档券：满200-30，30天有效
U003250,普通会员,高,潜力用户,仅1单,10098.93,1.0,0.491263,小额升档券：满200-30，30天有效
U000210,铜牌会员,中,潜力用户,复购≥2次,6473.64,2.0,0.490866,小额升档券：满200-30，30天有效
U001967,银牌会员,中,潜力用户,复购≥2次,8020.75,3.0,0.49082,小额升档券：满200-30，30天有效
U002492,铜牌会员,中,潜力用户,复购≥2次,3302.07,3.0,0.490527,小额升档券：满200-30，30天有效
U001821,银牌会员,中,潜力用户,复购≥2次,6472.5,2.0,0.488873,小额升档券：满200-30，30天有效
U004940,金牌会员,中,潜力用户,仅1单,4352.89,1.0,0.488695,小额升档券：满200-30，30天有效
U000252,铜牌会员,中,潜力用户,仅1单,4758.72,1.0,0.488615,小额升档券：满200-30，30天有效
U001488,普通会员,中,潜力用户,复购≥2次,7988.81,2.0,0.487972,小额升档券：满200-30，30天有效
U000190,铜牌会员,高,潜力用户,复购≥2次,14713.57,2.0,0.487268,小额升档券：满200-30，30天有效
U003806,普通会员,高,潜力用户,从未下单,15843.91,0.0,0.48688,小额升档券：满200-30，30天有效
U001586,普通会员,中,潜力用户,复购≥2次,4837.85,2.0,0.486414,小额升档券：满200-30，30天有效
U000697,银牌会员,高,潜力用户,仅1单,10416.89,1.0,0.486398,小额升档券：满200-30，30天有效
U000975,铜牌会员,中,潜力用户,仅1单,5046.7,1.0,0.485951,小额升档券：满200-30，30天有效
U001840,银牌会员,中,潜力用户,复购≥2次,6174.26,2.0,0.485761,小额升档券：满200-30，30天有效
U001301,钻石会员,中,潜力用户,仅1单,6873.66,1.0,0.484839,小额升档券：满200-30，30天有效
U002916,普通会员,高,潜力用户,复购≥2次,17426.46,3.0,0.483638,小额升档券：满200-30，30天有效
U003578,金牌会员,高,潜力用户,仅1单,21367.64,1.0,0.482641,小额升档券：满200-30，30天有效
U003208,普通会员,中,潜力用户,复购≥2次,8124.45,2.0,0.482513,小额升档券：满200-30，30天有效
U002657,银牌会员,高,潜力用户,仅1单,22541.17,1.0,0.482147,小额升档券：满200-30，30天有效
U000897,银牌会员,高,潜力用户,仅1单,10368.58,1.0,0.482146,小额升档券：满200-30，30天有效
U002958,金牌会员,高,潜力用户,仅1单,23037.69,1.0,0.480618,小额升档券：满200-30，30天有效
U000899,普通会员,中,潜力用户,复购≥2次,9457.04,3.0,0.480054,小额升档券：满200-30，30天有效
U002635,银牌会员,高,潜力用户,复购≥2次,36684.89,4.0,0.479858,小额升档券：满200-30，30天有效
U003816,银牌会员,中,潜力用户,仅1单,8404.21,1.0,0.479739,小额升档券：满200-30，30天有效
U000400,普通会员,中,潜力用户,仅1单,8775.9,1.0,0.47966,小额升档券：满200-30，30天有效
U001715,银牌会员,高,潜力用户,仅1单,12200.89,1.0,0.479334,小额升档券：满200-30，30天有效
U001989,普通会员,中,潜力用户,仅1单,9439.07,1.0,0.478955,小额升档券：满200-30，30天有效
U003244,银牌会员,高,潜力用户,仅1单,11649.26,1.0,0.478692,小额升档券：满200-30，30天有效
U000586,金牌会员,中,潜力用户,从未下单,3634.22,0.0,0.478385,小额升档券：满200-30，30天有效
U000211,普通会员,高,潜力用户,复购≥2次,16393.34,2.0,0.4773,小额升档券：满200-30，30天有效
U000587,铜牌会员,中,潜力用户,仅1单,6574.44,1.0,0.476054,小额升档券：满200-30，30天有效
U000225,银牌会员,中,潜力用户,仅1单,5774.33,1.0,0.474701,小额升档券：满200-30，30天有效
U000558,银牌会员,高,潜力用户,仅1单,17365.61,1.0,0.473892,小额升档券：满200-30，30天有效
U004340,钻石会员,高,潜力用户,仅1单,13238.41,1.0,0.473188,小额升档券：满200-30，30天有效
U003484,普通会员,高,潜力用户,仅1单,15760.8,1.0,0.473096,小额升档券：满200-30，30天有效
U002662,金牌会员,高,潜力用户,复购≥2次,26244.44,2.0,0.472312,小额升档券：满200-30，30天有效
U003472,铜牌会员,高,潜力用户,复购≥2次,12903.83,3.0,0.471461,小额升档券：满200-30，30天有效
U004878,铜牌会员,中,潜力用户,仅1单,5369.39,1.0,0.471171,小额升档券：满200-30，30天有效
U000801,普通会员,高,潜力用户,仅1单,21406.02,1.0,0.469554,小额升档券：满200-30，30天有效
U000665,普通会员,中,潜力用户,从未下单,4243.24,0.0,0.469272,小额升档券：满200-30，30天有效
U000501,普通会员,高,潜力用户,仅1单,20415.4,1.0,0.468936,小额升档券：满200-30，30天有效
U002147,普通会员,高,潜力用户,仅1单,13098.31,1.0,0.46745,小额升档券：满200-30，30天有效
U001013,铜牌会员,高,潜力用户,复购≥2次,17599.35,2.0,0.467416,小额升档券：满200-30，30天有效
U003215,铜牌会员,高,潜力用户,复购≥2次,10635.87,2.0,0.466791,小额升档券：满200-30，30天有效
U001875,普通会员,中,潜力用户,复购≥2次,7458.71,3.0,0.465364,小额升档券：满200-30，30天有效
U000128,金牌会员,高,潜力用户,复购≥2次,11753.64,3.0,0.465198,小额升档券：满200-30，30天有效
U001381,普通会员,高,潜力用户,复购≥2次,10234.54,2.0,0.465189,小额升档券：满200-30，30天有效
U000590,银牌会员,中,潜力用户,仅1单,8532.97,1.0,0.464774,小额升档券：满200-30，30天有效
U000588,铜牌会员,高,潜力用户,仅1单,21065.72,1.0,0.464153,小额升档券：满200-30，30天有效
U004923,普通会员,高,潜力用户,复购≥2次,30545.08,3.0,0.46366,小额升档券：满200-30，30天有效
U004683,银牌会员,中,潜力用户,仅1单,8131.77,1.0,0.4626,小额升档券：满200-30，30天有效
U001063,金牌会员,中,潜力用户,复购≥2次,5709.24,4.0,0.46241,小额升档券：满200-30，30天有效
U001597,铜牌会员,中,潜力用户,从未下单,9586.56,0.0,0.461707,小额升档券：满200-30，30天有效
U000662,银牌会员,中,潜力用户,复购≥2次,6032.08,2.0,0.46164,小额升档券：满200-30，30天有效
U000973,钻石会员,中,潜力用户,仅1单,9514.1,1.0,0.461374,小额升档券：满200-30，30天有效
U003348,铜牌会员,中,潜力用户,复购≥2次,8220.25,4.0,0.460295,小额升档券：满200-30，30天有效
U001310,普通会员,中,潜力用户,复购≥2次,9503.62,2.0,0.460139,小额升档券：满200-30，30天有效
U004449,铜牌会员,中,潜力用户,从未下单,8007.35,0.0,0.459434,小额升档券：满200-30，30天有效
U001032,银牌会员,中,潜力用户,复购≥2次,6184.48,2.0,0.459121,小额升档券：满200-30，30天有效
U003893,银牌会员,中,潜力用户,复购≥2次,3575.64,2.0,0.459025,小额升档券：满200-30，30天有效
U002552,普通会员,高,潜力用户,仅1单,17530.1,1.0,0.458792,小额升档券：满200-30，30天有效
U003161,普通会员,中,潜力用户,从未下单,6497.91,0.0,0.458296,小额升档券：满200-30，30天有效
U002596,铜牌会员,中,潜力用户,复购≥2次,5045.94,2.0,0.457935,小额升档券：满200-30，30天有效
U000139,铜牌会员,高,潜力用户,从未下单,13597.47,0.0,0.457587,小额升档券：满200-30，30天有效
U002385,金牌会员,中,潜力用户,复购≥2次,8233.38,3.0,0.457535,小额升档券：满200-30，30天有效
U003367,普通会员,高,潜力用户,复购≥2次,11814.73,2.0,0.457104,小额升档券：满200-30，30天有效
U001051,铜牌会员,高,潜力用户,复购≥2次,10331.16,3.0,0.45708,小额升档券：满200-30，30天有效
U004704,普通会员,高,潜力用户,从未下单,15759.86,0.0,0.456485,小额升档券：满200-30，30天有效
U000033,普通会员,中,潜力用户,从未下单,8113.74,0.0,0.456357,小额升档券：满200-30，30天有效
U002527,普通会员,高,潜力用户,仅1单,24022.77,1.0,0.455359,小额升档券：满200-30，30天有效
U001299,普通会员,高,潜力用户,仅1单,35690.89,1.0,0.45494,小额升档券：满200-30，30天有效
U000793,普通会员,中,潜力用户,仅1单,3658.65,1.0,0.454764,小额升档券：满200-30，30天有效
U000051,银牌会员,高,潜力用户,复购≥2次,37147.88,2.0,0.454641,小额升档券：满200-30，30天有效
U000483,银牌会员,高,潜力用户,仅1单,20991.05,1.0,0.452939,小额升档券：满200-30，30天有效
U001622,铜牌会员,中,潜力用户,仅1单,8356.03,1.0,0.452264,小额升档券：满200-30，30天有效
U001111,普通会员,中,潜力用户,仅1单,4102.52,1.0,0.451478,小额升档券：满200-30，30天有效
U002819,普通会员,中,潜力用户,复购≥2次,9102.5,2.0,0.450269,小额升档券：满200-30，30天有效
U004887,钻石会员,中,潜力用户,复购≥2次,5339.76,4.0,0.449193,小额升档券：满200-30，30天有效
U002414,钻石会员,中,潜力用户,仅1单,4700.5,1.0,0.448638,小额升档券：满200-30，30天有效
U001911,银牌会员,高,潜力用户,复购≥2次,38093.53,2.0,0.448151,小额升档券：满200-30，30天有效
U004931,普通会员,高,潜力用户,复购≥2次,19066.84,2.0,0.448014,小额升档券：满200-30，30天有效
U000845,普通会员,高,潜力用户,复购≥2次,22170.35,3.0,0.447905,小额升档券：满200-30，30天有效
U004500,铜牌会员,高,潜力用户,仅1单,21440.55,1.0,0.44735,小额升档券：满200-30，30天有效
U004660,铜牌会员,高,潜力用户,从未下单,11041.66,0.0,0.447197,小额升档券：满200-30，30天有效
U004573,银牌会员,高,潜力用户,从未下单,31153.26,0.0,0.444757,小额升档券：满200-30，30天有效
U002025,普通会员,高,潜力用户,仅1单,12121.97,1.0,0.444498,小额升档券：满200-30，30天有效
U000734,铜牌会员,高,潜力用户,仅1单,12822.53,1.0,0.444274,小额升档券：满200-30，30天有效
U000667,普通会员,中,潜力用户,从未下单,6202.52,0.0,0.44427,小额升档券：满200-30，30天有效
U003676,金牌会员,高,潜力用户,复购≥2次,15263.84,2.0,0.443568,小额升档券：满200-30，30天有效
U004141,普通会员,高,潜力用户,复购≥2次,10246.98,2.0,0.443137,小额升档券：满200-30，30天有效
U001475,铜牌会员,高,潜力用户,从未下单,20437.5,0.0,0.442665,小额升档券：满200-30，30天有效
U003428,银牌会员,中,潜力用户,仅1单,8264.31,1.0,0.441275,小额升档券：满200-30，30天有效
U004729,铜牌会员,中,潜力用户,复购≥2次,4369.82,3.0,0.44095,小额升档券：满200-30，30天有效
U003583,银牌会员,高,潜力用户,复购≥2次,13780.07,2.0,0.440241,小额升档券：满200-30，30天有效
U002192,普通会员,中,潜力用户,复购≥2次,3051.97,3.0,0.439795,小额升档券：满200-30，30天有效
U003693,银牌会员,中,潜力用户,复购≥2次,4253.8,2.0,0.43771,小额升档券：满200-30，30天有效
U004023,铜牌会员,中,潜力用户,仅1单,5045.69,1.0,0.437644,小额升档券：满200-30，30天有效
U002283,铜牌会员,中,潜力用户,复购≥2次,4961.0,3.0,0.43757,小额升档券：满200-30，30天有效
U002246,银牌会员,中,潜力用户,仅1单,5159.19,1.0,0.43746,小额升档券：满200-30，30天有效
U004455,钻石会员,中,潜力用户,仅1单,3601.49,1.0,0.436743,小额升档券：满200-30，30天有效
U003442,普通会员,高,潜力用户,复购≥2次,22993.23,3.0,0.436685,小额升档券：满200-30，30天有效
U002887,金牌会员,高,潜力用户,复购≥2次,11336.37,3.0,0.436605,小额升档券：满200-30，30天有效
U000219,铜牌会员,中,潜力用户,从未下单,9829.08,0.0,0.436442,小额升档券：满200-30，30天有效
U003006,普通会员,高,潜力用户,复购≥2次,56035.6,3.0,0.436037,小额升档券：满200-30，30天有效
U003570,铜牌会员,中,潜力用户,复购≥2次,9421.24,2.0,0.435822,小额升档券：满200-30，30天有效
U004277,银牌会员,高,潜力用户,从未下单,14567.68,0.0,0.435064,小额升档券：满200-30，30天有效
U002715,金牌会员,中,潜力用户,复购≥2次,8182.79,2.0,0.434654,小额升档券：满200-30，30天有效
U001720,钻石会员,高,潜力用户,复购≥2次,52875.78,2.0,0.43436,小额升档券：满200-30，30天有效
U000061,普通会员,中,潜力用户,复购≥2次,5025.23,2.0,0.433915,小额升档券：满200-30，30天有效
U000408,铜牌会员,高,潜力用户,从未下单,13657.08,0.0,0.433771,小额升档券：满200-30，30天有效
U003259,银牌会员,中,潜力用户,复购≥2次,8190.65,5.0,0.433446,小额升档券：满200-30，30天有效
U003632,普通会员,中,潜力用户,复购≥2次,5619.21,2.0,0.433433,小额升档券：满200-30，30天有效
U000630,普通会员,中,潜力用户,复购≥2次,3315.98,3.0,0.433118,小额升档券：满200-30，30天有效
U003502,铜牌会员,中,潜力用户,复购≥2次,6569.34,2.0,0.432499,小额升档券：满200-30，30天有效
U003636,铜牌会员,中,潜力用户,复购≥2次,4764.08,2.0,0.4322,小额升档券：满200-30，30天有效
U000240,金牌会员,中,潜力用户,从未下单,4509.65,0.0,0.432176,小额升档券：满200-30，30天有效
U003338,银牌会员,高,潜力用户,仅1单,40305.87,1.0,0.430861,小额升档券：满200-30，30天有效
U001740,银牌会员,中,潜力用户,仅1单,8975.05,1.0,0.430731,小额升档券：满200-30，30天有效
U004671,银牌会员,高,潜力用户,仅1单,18001.47,1.0,0.430665,小额升档券：满200-30，30天有效
U001992,金牌会员,中,潜力用户,复购≥2次,7223.18,2.0,0.430316,小额升档券：满200-30，30天有效
U004763,铜牌会员,高,潜力用户,仅1单,19643.25,1.0,0.430017,小额升档券：满200-30，30天有效
U004745,铜牌会员,中,潜力用户,复购≥2次,6159.99,3.0,0.43001,小额升档券：满200-30，30天有效
U003983,银牌会员,中,潜力用户,仅1单,7145.9,1.0,0.42932,小额升档券：满200-30，30天有效
U001181,银牌会员,中,潜力用户,仅1单,5709.75,1.0,0.429211,小额升档券：满200-30，30天有效
U002161,普通会员,中,潜力用户,仅1单,3796.38,1.0,0.428383,小额升档券：满200-30，30天有效
U004279,普通会员,中,潜力用户,复购≥2次,4415.36,3.0,0.428087,小额升档券：满200-30，30天有效
U004022,金牌会员,中,潜力用户,复购≥2次,5030.37,2.0,0.427898,小额升档券：满200-30，30天有效
U004353,铜牌会员,中,潜力用户,仅1单,6086.62,1.0,0.426298,小额升档券：满200-30，30天有效
U001236,铜牌会员,高,潜力用户,仅1单,23469.88,1.0,0.425692,小额升档券：满200-30，30天有效
U001994,铜牌会员,中,潜力用户,复购≥2次,4951.7,2.0,0.425499,小额升档券：满200-30，30天有效
U001419,金牌会员,高,潜力用户,从未下单,13441.22,0.0,0.425404,小额升档券：满200-30，30天有效
U004498,铜牌会员,高,潜力用户,仅1单,16184.02,1.0,0.425337,小额升档券：满200-30，30天有效
U002784,钻石会员,中,潜力用户,复购≥2次,7809.58,2.0,0.42506,小额升档券：满200-30，30天有效
U002764,银牌会员,中,潜力用户,从未下单,5089.57,0.0,0.42417,小额升档券：满200-30，30天有效
U002929,铜牌会员,中,潜力用户,复购≥2次,4361.33,2.0,0.423468,小额升档券：满200-30，30天有效
U004501,普通会员,低,潜力用户,从未下单,1630.89,0.0,0.423458,小额升档券：满200-30，30天有效
U003557,普通会员,高,潜力用户,复购≥2次,11119.02,2.0,0.4231,小额升档券：满200-30，30天有效
U002804,普通会员,中,潜力用户,复购≥2次,5486.22,3.0,0.422675,小额升档券：满200-30，30天有效
U002453,普通会员,低,潜力用户,仅1单,1504.04,1.0,0.420791,小额升档券：满200-30，30天有效
U000152,铜牌会员,高,潜力用户,复购≥2次,16668.28,2.0,0.420391,小额升档券：满200-30，30天有效
U004888,铜牌会员,中,潜力用户,仅1单,6098.24,1.0,0.420258,小额升档券：满200-30，30天有效
U003041,金牌会员,中,潜力用户,复购≥2次,5973.53,2.0,0.419253,小额升档券：满200-30，30天有效
U003318,金牌会员,中,潜力用户,复购≥2次,3447.47,2.0,0.418865,小额升档券：满200-30，30天有效
U002497,银牌会员,高,潜力用户,从未下单,16561.49,0.0,0.418417,小额升档券：满200-30，30天有效
U001066,铜牌会员,中,潜力用户,仅1单,5728.16,1.0,0.418338,小额升档券：满200-30，30天有效
U001919,银牌会员,中,潜力用户,仅1单,4962.86,1.0,0.416835,小额升档券：满200-30，30天有效
U004343,铜牌会员,中,潜力用户,复购≥2次,9940.59,2.0,0.415737,小额升档券：满200-30，30天有效
U002693,铜牌会员,中,潜力用户,从未下单,7218.83,0.0,0.41484,小额升档券：满200-30，30天有效
U001868,金牌会员,中,潜力用户,复购≥2次,7684.67,2.0,0.414179,小额升档券：满200-30，30天有效
U000993,钻石会员,高,潜力用户,仅1单,11120.0,1.0,0.413984,小额升档券：满200-30，30天有效
U000089,钻石会员,高,潜力用户,从未下单,21630.54,0.0,0.413594,小额升档券：满200-30，30天有效
U002536,铜牌会员,高,潜力用户,从未下单,25252.28,0.0,0.413531,小额升档券：满200-30，30天有效
U000258,普通会员,高,潜力用户,仅1单,30172.73,1.0,0.412993,小额升档券：满200-30，30天有效
U000936,银牌会员,高,潜力用户,仅1单,36648.89,1.0,0.412834,小额升档券：满200-30，30天有效
U001927,银牌会员,中,潜力用户,复购≥2次,4928.83,2.0,0.411908,小额升档券：满200-30，30天有效
U000322,金牌会员,中,潜力用户,复购≥2次,6541.72,2.0,0.411701,小额升档券：满200-30，30天有效
U004367,普通会员,高,潜力用户,复购≥2次,16622.1,4.0,0.411494,小额升档券：满200-30，30天有效
U003654,银牌会员,高,潜力用户,从未下单,11257.66,0.0,0.411466,小额升档券：满200-30，30天有效
U002416,普通会员,高,潜力用户,复购≥2次,41104.18,2.0,0.411064,小额升档券：满200-30，30天有效
U001542,银牌会员,高,潜力用户,仅1单,31584.63,1.0,0.410561,小额升档券：满200-30，30天有效
U004200,普通会员,中,潜力用户,复购≥2次,3091.42,2.0,0.410319,小额升档券：满200-30，30天有效
U001088,铜牌会员,高,潜力用户,仅1单,41354.76,1.0,0.410128,小额升档券：满200-30，30天有效
U003720,银牌会员,中,潜力用户,复购≥2次,4413.15,2.0,0.409899,小额升档券：满200-30，30天有效
U003316,铜牌会员,中,潜力用户,仅1单,5591.75,1.0,0.40959,小额升档券：满200-30，30天有效
U001058,普通会员,高,潜力用户,仅1单,29509.61,1.0,0.409487,小额升档券：满200-30，30天有效
U004742,银牌会员,高,潜力用户,从未下单,31209.36,0.0,0.409388,小额升档券：满200-30，30天有效
U004302,铜牌会员,中,潜力用户,仅1单,7841.74,1.0,0.408952,小额升档券：满200-30，30天有效
U001126,铜牌会员,高,潜力用户,复购≥2次,24705.97,2.0,0.408614,小额升档券：满200-30，30天有效
U001939,铜牌会员,高,潜力用户,复购≥2次,37783.26,2.0,0.408491,小额升档券：满200-30，30天有效
U004593,金牌会员,中,潜力用户,仅1单,3079.82,1.0,0.406108,小额升档券：满200-30，30天有效
U000932,普通会员,高,潜力用户,复购≥2次,24582.01,3.0,0.405699,小额升档券：满200-30，30天有效
U000270,金牌会员,中,潜力用户,从未下单,5328.99,0.0,0.405379,小额升档券：满200-30，30天有效
U003571,普通会员,高,潜力用户,仅1单,30649.98,1.0,0.404744,小额升档券：满200-30，30天有效
U001091,银牌会员,中,潜力用户,仅1单,8016.2,1.0,0.403062,小额升档券：满200-30，30天有效
U002650,银牌会员,中,潜力用户,从未下单,7771.11,0.0,0.402859,小额升档券：满200-30，30天有效
U000813,普通会员,高,潜力用户,仅1单,13946.97,1.0,0.402348,小额升档券：满200-30，30天有效
U003013,普通会员,中,潜力用户,复购≥2次,4780.14,2.0,0.40218,小额升档券：满200-30，30天有效
U004298,普通会员,低,潜力用户,复购≥2次,1639.01,2.0,0.40213,小额升档券：满200-30，30天有效
U003453,银牌会员,中,潜力用户,复购≥2次,5280.2,3.0,0.401818,小额升档券：满200-30，30天有效
U001727,银牌会员,高,潜力用户,仅1单,46121.57,1.0,0.401811,小额升档券：满200-30，30天有效
U002330,普通会员,高,潜力用户,复购≥2次,12446.72,2.0,0.401353,小额升档券：满200-30，30天有效
U002556,钻石会员,中,潜力用户,仅1单,5836.05,1.0,0.401225,小额升档券：满200-30，30天有效
U000750,普通会员,中,潜力用户,复购≥2次,5628.5,2.0,0.400002,小额升档券：满200-30，30天有效
