pool,product_id,product_name,category,price,conversion_rate,popularity_score,avg_review_score,avg_disc,sales_count
爆款高转化池,P000001,壳牌汽车用品商品696,汽车用品,4895.89,0.5,0.18,4.0,0.1134180799392757,1228
爆款高转化池,P000004,优衣库服装鞋包商品572,服装鞋包,148.74,0.75,0.36,4.67,0.18495559924857696,9402
爆款高转化池,P000005,帮宝适母婴用品商品608,母婴用品,39.19,0.5,0.47,5.0,0.09447108157930806,6990
爆款高转化池,P000006,完美日记美妆护肤商品319,美妆护肤,1821.19,0.5,0.34,4.0,0.19613970804265968,4505
爆款高转化池,P000007,五粮液食品生鲜商品252,食品生鲜,44.3,0.5556,0.65,4.33,0.10343392284049963,4026
爆款高转化池,P000008,博世汽车用品商品610,汽车用品,3589.94,0.4286,0.5,4.5,0.1586416934154837,9022
爆款高转化池,P000010,美赞臣母婴用品商品758,母婴用品,885.81,0.5,0.53,4.5,0.16384848024250886,8614
爆款高转化池,P000012,中信出版社图书音像商品900,图书音像,489.83,0.4444,0.59,4.0,0.07548358583635172,9267
爆款高转化池,P000013,哥伦比亚运动户外商品497,运动户外,277.73,0.7143,0.49,4.5,0.20374198687599646,427
爆款高转化池,P000014,曲美家居家装商品130,家居家装,896.81,0.4,0.73,4.67,0.1385477690884946,4602
爆款高转化池,P000015,荣耀手机数码商品642,手机数码,3180.75,0.5714,0.63,4.67,0.12091088326600395,9568
爆款高转化池,P000016,格力家用电器商品202,家用电器,2358.93,0.5,0.48,4.0,0.1340422510020559,3951
爆款高转化池,P000017,三只松鼠食品生鲜商品882,食品生鲜,996.43,0.6,0.36,5.0,0.12610415714843176,3594
爆款高转化池,P000018,诺誓礼品鲜花商品463,礼品鲜花,935.85,0.5833,0.83,4.2,0.129879148306684,2846
爆款高转化池,P000019,欧莱雅美妆护肤商品706,美妆护肤,670.11,0.6,0.66,4.6,0.1129072250545611,5878
爆款高转化池,P000022,骆驼运动户外商品279,运动户外,495.53,0.4545,0.74,4.75,0.18235802706351267,1478
爆款高转化池,P000025,老凤祥珠宝首饰商品448,珠宝首饰,1448.03,0.5,0.64,4.67,0.17813986332499593,5301
爆款高转化池,P000026,苹果手机数码商品251,手机数码,4899.57,0.5,0.43,5.0,0.143979049072508,2320
爆款高转化池,P000029,Roseonly礼品鲜花商品444,礼品鲜花,308.75,0.6667,0.45,5.0,0.1787134311860411,2235
爆款高转化池,P000030,珀莱雅美妆护肤商品910,美妆护肤,1296.57,0.4444,0.7,4.33,0.1650131871933902,7982
爆款高转化池,P000031,卡仕达汽车用品商品278,汽车用品,5803.87,0.5455,0.73,4.33,0.12083737139889252,9207
爆款高转化池,P000032,云南白药医药保健商品328,医药保健,668.88,0.5455,0.66,4.0,0.13055706477867682,2872
爆款高转化池,P000033,花王母婴用品商品851,母婴用品,691.61,0.6667,0.48,4.67,0.17970074183728582,2086
爆款高转化池,P000034,雅诗兰黛美妆护肤商品818,美妆护肤,1899.96,0.5,0.27,5.0,0.19895623837442372,6415
爆款高转化池,P000035,皇家宠物用品商品286,宠物用品,606.36,0.5833,0.96,4.33,0.1462490703897236,3619
爆款高转化池,P000037,戴森家用电器商品427,家用电器,1759.16,0.4615,0.91,4.67,0.12355836807545358,1453
爆款高转化池,P000039,海尔家用电器商品458,家用电器,2424.93,0.4286,0.46,4.23,0.14834224388340259,1770
爆款高转化池,P000044,三只松鼠食品生鲜商品426,食品生鲜,268.52,0.4444,0.53,4.67,0.13906289296815716,1715
爆款高转化池,P000047,东鹏家居家装商品821,家居家装,40.68,0.5,0.4,4.23,0.1519651975586241,2703
爆款高转化池,P000048,诺誓礼品鲜花商品260,礼品鲜花,63.02,0.6667,0.48,4.67,0.1897047290874562,5424
爆款高转化池,P000049,西门子家用电器商品519,家用电器,5728.98,0.6,0.43,4.33,0.1438315827585819,8849
爆款高转化池,P000050,伊利食品生鲜商品404,食品生鲜,245.17,0.5,0.8,4.5,0.1282187414628422,813
爆款高转化池,P000052,飞鹤母婴用品商品401,母婴用品,825.66,0.5,0.63,4.67,0.13603835328130245,9833
爆款高转化池,P000055,福临门食品生鲜商品582,食品生鲜,494.21,0.75,0.6,4.6,0.17246705878337873,4341
爆款高转化池,P000056,七匹狼服装鞋包商品289,服装鞋包,773.49,0.5,0.62,4.5,0.15590818573889736,6249
爆款高转化池,P000061,美的家用电器商品960,家用电器,3403.3,0.625,0.69,4.33,0.11432497861764315,8561
爆款高转化池,P000062,强生母婴用品商品686,母婴用品,882.84,0.5833,0.79,4.4,0.2065907518972503,7803
爆款高转化池,P000065,SK-II美妆护肤商品316,美妆护肤,1626.5,0.5455,0.68,4.67,0.09669890844691778,2067
爆款高转化池,P000066,一加手机数码商品180,手机数码,7912.1,0.4286,0.44,4.5,0.20989614043354057,7133
爆款高转化池,P000069,哥伦比亚运动户外商品977,运动户外,283.44,0.5455,0.68,4.67,0.1541576291786556,7506
爆款高转化池,P000070,新秀丽箱包配饰商品905,箱包配饰,703.41,0.5833,0.8,4.0,0.1782611135165076,9626
爆款高转化池,P000077,凌度汽车用品商品139,汽车用品,3468.45,0.625,0.6,4.4,0.1402500559204129,5431
爆款高转化池,P000078,Swisse医药保健商品150,医药保健,748.29,0.4545,0.68,4.5,0.17618515422104342,4400
爆款高转化池,P000079,GUCCI箱包配饰商品120,箱包配饰,344.49,0.75,0.37,4.0,0.12311706910174045,4965
爆款高转化池,P000080,伊利食品生鲜商品963,食品生鲜,496.7,1.0,0.5,4.4,0.17386043981055602,1609
爆款高转化池,P000084,东阿阿胶医药保健商品877,医药保健,521.34,0.5714,0.55,4.5,0.16980898583228576,6126
爆款高转化池,P000085,皇家宠物用品商品627,宠物用品,793.58,0.5,0.38,4.0,0.1877701940070995,1075
爆款高转化池,P000086,福临门食品生鲜商品238,食品生鲜,782.71,0.4,0.45,5.0,0.09874330517287755,8589
爆款高转化池,P000088,皇家宠物用品商品355,宠物用品,42.74,0.5714,0.5,5.0,0.131459217867633,828
爆款高转化池,P000090,小佩宠物用品商品617,宠物用品,402.97,0.625,0.54,4.6,0.1506239561029042,2029
爆款高转化池,P000094,钙尔奇医药保健商品391,医药保健,37.18,1.0,0.45,4.6,0.1683646877365443,813
爆款高转化池,P000098,Roseonly礼品鲜花商品329,礼品鲜花,259.87,0.4,0.62,4.33,0.2166164432292279,5004
爆款高转化池,P000099,同仁堂医药保健商品533,医药保健,896.53,0.4286,0.48,5.0,0.18500928989037188,5713
爆款高转化池,P000100,博库网图书音像商品323,图书音像,472.03,0.6,0.68,4.5,0.12754962822671678,8530
爆款高转化池,P000101,pidan宠物用品商品698,宠物用品,111.29,0.4,0.43,4.0,0.09980525927231712,8380
爆款高转化池,P000104,索菲亚家居家装商品755,家居家装,331.89,0.5,0.28,4.0,0.15589288486392497,4536
爆款高转化池,P000107,好奇母婴用品商品797,母婴用品,148.53,0.4444,0.66,5.0,0.1587390300432251,417
爆款高转化池,P000109,帮宝适母婴用品商品854,母婴用品,44.97,0.5,0.51,4.33,0.17306185372582836,9372
爆款高转化池,P000112,比瑞吉宠物用品商品960,宠物用品,661.04,0.6667,0.47,4.5,0.1685218218533077,9146
爆款高转化池,P000113,自然堂美妆护肤商品199,美妆护肤,968.02,0.5,0.53,4.5,0.1217874976988098,4237
爆款高转化池,P000117,当当图书音像商品581,图书音像,63.14,0.4286,0.56,4.0,0.20366789959967765,9561
爆款高转化池,P000121,欧莱雅美妆护肤商品450,美妆护肤,847.92,0.4444,0.55,4.5,0.1443546611071703,9329
爆款高转化池,P000124,宜家家居家装商品104,家居家装,457.53,0.6,0.38,5.0,0.11030882287764254,3430
爆款高转化池,P000125,老凤祥珠宝首饰商品690,珠宝首饰,1540.74,0.4444,0.66,4.0,0.19966471625717516,8021
爆款高转化池,P000126,周生生珠宝首饰商品232,珠宝首饰,1248.24,0.7273,0.77,4.25,0.10427577792934885,7035
爆款高转化池,P000127,帮宝适母婴用品商品588,母婴用品,389.48,0.5,0.52,4.0,0.1828670244927849,618
爆款高转化池,P000129,GUCCI箱包配饰商品875,箱包配饰,834.9,0.5,0.36,5.0,0.14043217351531115,3122
爆款高转化池,P000130,苹果手机数码商品741,手机数码,6002.02,0.4667,0.94,4.67,0.09600002569575325,3707
爆款高转化池,P000131,云南白药医药保健商品419,医药保健,137.64,0.6,0.63,4.5,0.18176018298815427,6284
爆款高转化池,P000133,伊利食品生鲜商品566,食品生鲜,730.55,0.5,0.3,4.23,0.11513577776225803,9770
爆款高转化池,P000134,哥伦比亚运动户外商品544,运动户外,889.09,0.8333,0.45,4.0,0.1729725489809084,2192
爆款高转化池,P000135,东鹏家居家装商品467,家居家装,752.61,0.4286,0.48,4.0,0.1441311910868543,2701
爆款高转化池,P000136,COACH箱包配饰商品119,箱包配饰,236.13,0.4,0.63,4.25,0.1758933609143169,2149
爆款高转化池,P000137,美的家用电器商品703,家用电器,4284.75,0.4167,0.78,4.4,0.13328350396757746,2017
爆款高转化池,P000138,宜家家居家装商品484,家居家装,877.78,0.5,0.53,5.0,0.10078669610102726,4190
爆款高转化池,P000139,周大福珠宝首饰商品708,珠宝首饰,1989.63,0.5385,0.76,4.5,0.1905963912799838,1771
爆款高转化池,P000141,新华书店图书音像商品226,图书音像,551.81,0.4167,0.93,4.25,0.07645171916156594,7772
爆款高转化池,P000144,良品铺子食品生鲜商品528,食品生鲜,832.35,0.5,0.39,5.0,0.12190508669295098,1718
爆款高转化池,P000145,李宁运动户外商品389,运动户外,122.87,0.5,0.64,4.0,0.11146583851877528,1741
爆款高转化池,P000147,麦富迪宠物用品商品466,宠物用品,706.4,0.625,0.59,4.75,0.14565140316811856,4839
爆款高转化池,P000152,LV箱包配饰商品759,箱包配饰,238.85,0.4444,0.62,4.5,0.15028711132634687,4850
爆款高转化池,P000153,五粮液食品生鲜商品151,食品生鲜,108.81,0.4286,0.56,4.0,0.10231175022738458,2862
爆款高转化池,P000154,皇家宠物用品商品972,宠物用品,297.66,0.7143,0.59,4.5,0.19775160064548708,5123
爆款高转化池,P000155,飞鹤母婴用品商品197,母婴用品,852.73,0.5,0.4,5.0,0.09104427183864174,751
爆款高转化池,P000160,潮宏基珠宝首饰商品764,珠宝首饰,1777.94,0.4286,0.57,4.5,0.17453070323055977,2732
爆款高转化池,P000165,新华书店图书音像商品215,图书音像,888.72,0.4444,0.55,4.0,0.16428658441539212,7220
爆款高转化池,P000167,Swisse医药保健商品785,医药保健,874.41,0.4444,0.64,4.0,0.11562138199555053,8504
爆款高转化池,P000168,李宁运动户外商品543,运动户外,665.1,0.7,0.64,4.83,0.15363206678629915,4072
爆款高转化池,P000178,冠能宠物用品商品910,宠物用品,608.16,0.5,0.47,4.0,0.18348524433813437,4990
爆款高转化池,P000179,瑞士军威箱包配饰商品770,箱包配饰,674.76,0.5,0.73,4.5,0.16795203657996538,5584
爆款高转化池,P000181,东鹏家居家装商品833,家居家装,660.6,0.5,0.53,4.0,0.10945485629279218,7414
爆款高转化池,P000182,ZARA服装鞋包商品877,服装鞋包,1334.87,0.6667,0.3,5.0,0.18266839353071276,35
爆款高转化池,P000184,哥伦比亚运动户外商品818,运动户外,115.26,0.5714,0.46,5.0,0.15334056734045529,2689
爆款高转化池,P000186,阿迪达斯服装鞋包商品725,服装鞋包,432.05,0.5714,0.46,4.67,0.11327869823393084,1978
爆款高转化池,P000187,COACH箱包配饰商品320,箱包配饰,462.48,0.4286,0.49,4.5,0.19612555098236056,3122
爆款高转化池,P000189,外交官箱包配饰商品890,箱包配饰,892.84,0.5,0.57,4.33,0.12361818331644178,7493
爆款高转化池,P000192,老凤祥珠宝首饰商品808,珠宝首饰,1178.18,0.6154,0.77,4.33,0.10365698185588507,2103
爆款高转化池,P000193,七匹狼服装鞋包商品773,服装鞋包,1221.06,0.4286,0.5,4.5,0.18401476855127777,5273
爆款高转化池,P000195,福临门食品生鲜商品451,食品生鲜,970.79,0.625,0.57,5.0,0.15988776580392816,7419
爆款高转化池,P000197,金龙鱼食品生鲜商品828,食品生鲜,739.45,0.4545,0.81,4.0,0.14844128762434766,9069
爆款高转化池,P000199,卡仕达汽车用品商品788,汽车用品,1495.04,0.625,0.6,4.6,0.11036933604730005,2913
爆款高转化池,P000200,哥伦比亚运动户外商品827,运动户外,124.25,0.5,0.57,4.0,0.16841238135909048,5771
爆款高转化池,P000202,博世汽车用品商品998,汽车用品,6854.76,0.8333,0.51,4.67,0.12733694295970843,209
爆款高转化池,P000203,李宁运动户外商品125,运动户外,387.06,0.6667,0.27,4.5,0.18789733478754445,869
爆款高转化池,P000204,3M汽车用品商品304,汽车用品,2502.34,0.4286,0.49,4.23,0.04947070482207894,2636
爆款高转化池,P000206,美的家用电器商品467,家用电器,6605.2,0.7,0.73,4.6,0.13921330755559674,1679
爆款高转化池,P000207,施华洛世奇礼品鲜花商品857,礼品鲜花,566.27,0.5,0.33,5.0,0.1625913752161771,3675
爆款高转化池,P000208,九芝堂医药保健商品343,医药保健,515.81,0.6,0.41,4.5,0.030444248331827045,4712
爆款高转化池,P000210,安踏运动户外商品113,运动户外,746.23,0.5,0.44,5.0,0.19193442713407202,3327
爆款高转化池,P000211,诺誓礼品鲜花商品949,礼品鲜花,233.29,0.5,0.46,5.0,0.12969232293569435,6025
爆款高转化池,P000212,六福珠宝珠宝首饰商品894,珠宝首饰,1463.58,0.5,0.38,4.5,0.11627614149124843,3170
爆款高转化池,P000218,中信出版社图书音像商品663,图书音像,364.5,0.5714,0.48,4.33,0.19638023948476463,5207
爆款高转化池,P000219,探路者运动户外商品288,运动户外,525.4,0.5,0.43,4.0,0.14797066932172634,8276
爆款高转化池,P000221,曲美家居家装商品318,家居家装,666.7,0.875,0.62,4.8,0.14696706831598896,5424
爆款高转化池,P000224,海澜之家服装鞋包商品556,服装鞋包,518.68,0.4,0.42,4.5,0.13966242349240085,3994
爆款高转化池,P000226,花王母婴用品商品653,母婴用品,726.74,0.4615,0.78,4.67,0.12163305607645224,404
爆款高转化池,P000229,顾家家居家居家装商品198,家居家装,175.72,0.5714,0.51,5.0,0.20048708752678482,8814
爆款高转化池,P000231,pidan宠物用品商品955,宠物用品,112.89,0.625,0.56,4.67,0.2008247819773626,8810
爆款高转化池,P000233,善存医药保健商品124,医药保健,464.63,0.5,0.42,4.0,0.1304240814535688,5434
爆款高转化池,P000234,华为手机数码商品175,手机数码,907.01,0.625,0.59,4.25,0.15257859391409928,4127
爆款高转化池,P000236,帮宝适母婴用品商品561,母婴用品,633.92,0.4,0.37,4.5,0.16187171627350933,7094
爆款高转化池,P000238,华为手机数码商品874,手机数码,6094.63,0.5455,0.69,4.5,0.12810620830565778,745
爆款高转化池,P000240,伊利食品生鲜商品721,食品生鲜,95.64,0.6,0.56,4.67,0.15688708007994728,7170
爆款高转化池,P000242,欧莱雅美妆护肤商品239,美妆护肤,1506.17,0.4615,0.82,4.67,0.16458014520247016,8941
爆款高转化池,P000245,诺誓礼品鲜花商品650,礼品鲜花,552.05,0.75,0.46,4.23,0.1141398143536331,1394
爆款高转化池,P000247,小米家用电器商品761,家用电器,6885.94,0.625,0.53,4.67,0.1300615604909888,2333
爆款高转化池,P000248,SK-II美妆护肤商品326,美妆护肤,1252.93,0.6,0.39,5.0,0.10416408373982933,4140
爆款高转化池,P000250,皇家宠物用品商品971,宠物用品,753.53,0.4286,0.52,4.33,0.14844074240164368,8992
爆款高转化池,P000251,人民邮电出版社图书音像商品662,图书音像,82.41,0.6667,0.42,4.75,0.17617444873096558,1103
爆款高转化池,P000252,百草味食品生鲜商品302,食品生鲜,728.33,0.6364,0.63,4.6,0.1741528521273276,7982
爆款高转化池,P000254,阿迪达斯服装鞋包商品734,服装鞋包,186.13,0.4444,0.62,5.0,0.1627884935677712,3170
爆款高转化池,P000256,善存医药保健商品679,医药保健,571.19,0.4167,0.83,4.4,0.14578738141329992,5182
爆款高转化池,P000258,九芝堂医药保健商品383,医药保健,841.71,0.5,0.58,4.5,0.16178155611905584,2200
爆款高转化池,P000260,索菲亚家居家装商品598,家居家装,556.16,0.4,0.69,4.0,0.14142640617641455,2879
爆款高转化池,P000262,瑞士军威箱包配饰商品369,箱包配饰,736.21,1.0,0.37,4.0,0.06823686247115955,1252
爆款高转化池,P000268,七匹狼服装鞋包商品472,服装鞋包,1029.23,0.4286,0.55,5.0,0.07497672971633551,3913
爆款高转化池,P000275,卡仕达汽车用品商品205,汽车用品,5778.02,0.6667,0.74,4.8,0.14708249949968752,8542
爆款高转化池,P000276,博世汽车用品商品954,汽车用品,6064.32,1.0,0.19,5.0,0.17363340573766795,9480
爆款高转化池,P000278,施华洛世奇礼品鲜花商品955,礼品鲜花,87.06,0.4286,0.62,4.5,0.20895873198565404,4121
爆款高转化池,P000279,美赞臣母婴用品商品628,母婴用品,411.78,0.4,0.71,4.0,0.1644032015031571,5653
爆款高转化池,P000280,新华书店图书音像商品718,图书音像,16.53,0.4,0.4,4.5,0.18565547085619616,2276
爆款高转化池,P000285,格力家用电器商品762,家用电器,6750.24,0.7,0.7,4.67,0.1499023942377197,367
爆款高转化池,P000287,雅诗兰黛美妆护肤商品686,美妆护肤,336.39,0.5,0.53,5.0,0.1579571239748178,2725
爆款高转化池,P000288,良品铺子食品生鲜商品629,食品生鲜,958.66,0.5,0.64,4.33,0.17020936432035222,9819
爆款高转化池,P000289,施华洛世奇礼品鲜花商品119,礼品鲜花,879.72,0.4444,0.67,4.5,0.1318904208815657,4644
爆款高转化池,P000291,小佩宠物用品商品274,宠物用品,227.17,0.4,0.63,4.67,0.1721741978881814,6730
爆款高转化池,P000292,野兽派礼品鲜花商品913,礼品鲜花,586.82,0.7143,0.45,5.0,0.18174673310906558,2979
爆款高转化池,P000293,施华洛世奇礼品鲜花商品623,礼品鲜花,271.88,0.5,0.62,4.25,0.14766667685581614,5614
爆款高转化池,P000294,MK箱包配饰商品710,箱包配饰,594.69,0.75,0.49,5.0,0.13164553653156863,3765
爆款高转化池,P000295,帮宝适母婴用品商品235,母婴用品,117.48,0.75,0.48,4.4,0.17992328896326726,3315
爆款高转化池,P000296,始祖鸟运动户外商品946,运动户外,158.07,0.6667,0.6,4.8,0.10874852627219894,1577
爆款高转化池,P000298,李宁运动户外商品195,运动户外,487.42,0.4,0.39,4.23,0.1693992974024649,2135
爆款高转化池,P000299,新秀丽箱包配饰商品893,箱包配饰,681.77,0.4286,0.49,5.0,0.12543344613257723,7069
爆款高转化池,P000301,美赞臣母婴用品商品921,母婴用品,487.3,0.4286,0.62,5.0,0.12952920850772887,6246
爆款高转化池,P000302,顾家家居家居家装商品535,家居家装,142.54,0.5,0.53,5.0,0.0717717425299357,7817
爆款高转化池,P000303,六福珠宝珠宝首饰商品979,珠宝首饰,213.44,0.5,0.59,4.5,0.14419791438183183,9802
爆款高转化池,P000304,COACH箱包配饰商品363,箱包配饰,197.13,0.5714,0.59,4.0,0.12043186149501166,116
爆款高转化池,P000305,潘多拉礼品鲜花商品220,礼品鲜花,524.56,0.5,0.28,5.0,0.14691256624004656,6144
爆款高转化池,P000307,顾家家居家居家装商品258,家居家装,431.81,0.75,0.37,4.0,0.09036487591666473,9590
爆款高转化池,P000308,伊利食品生鲜商品975,食品生鲜,540.74,0.6667,0.28,4.5,0.14279591584694837,9251
爆款高转化池,P000309,索菲亚家居家装商品796,家居家装,403.48,0.5,0.2,4.0,0.2153520465768241,3337
爆款高转化池,P000310,强生母婴用品商品283,母婴用品,376.51,0.8333,0.51,4.33,0.1378463773498254,9091
爆款高转化池,P000312,善存医药保健商品975,医药保健,865.19,0.5,0.86,4.0,0.15072446748629517,1951
爆款高转化池,P000314,耐克服装鞋包商品620,服装鞋包,831.09,0.6364,0.77,4.43,0.14339365703791637,5544
爆款高转化池,P000315,周大福珠宝首饰商品264,珠宝首饰,808.75,0.7143,0.6,4.75,0.13254404166108066,86
爆款高转化池,P000316,周生生珠宝首饰商品943,珠宝首饰,333.39,0.5556,0.62,4.5,0.14797508741608287,9834
爆款高转化池,P000317,飞鹤母婴用品商品165,母婴用品,270.46,0.4286,0.44,5.0,0.11531930746961892,6075
爆款高转化池,P000322,探路者运动户外商品729,运动户外,177.79,0.5,0.47,4.33,0.12887415424034288,590
爆款高转化池,P000326,外交官箱包配饰商品662,箱包配饰,291.65,0.6,0.4,4.33,0.13847347803904764,9160
爆款高转化池,P000328,西门子家用电器商品565,家用电器,7472.85,0.5,0.44,4.0,0.16896423105672245,9419
爆款高转化池,P000330,李宁运动户外商品615,运动户外,301.31,0.5556,0.56,4.0,0.16924469017869515,1917
爆款高转化池,P000332,五粮液食品生鲜商品486,食品生鲜,567.54,0.6,0.4,4.0,0.19038433750996359,3985
爆款高转化池,P000336,好奇母婴用品商品628,母婴用品,540.3,0.625,0.56,4.8,0.1418697589059934,4314
爆款高转化池,P000338,H&M服装鞋包商品587,服装鞋包,662.05,0.6,0.44,4.67,0.2043802801568903,3580
爆款高转化池,P000343,外交官箱包配饰商品792,箱包配饰,956.22,0.6667,0.27,4.0,0.10369471388815817,8071
爆款高转化池,P000345,小佩宠物用品商品480,宠物用品,624.46,0.75,0.38,4.0,0.1498642105271166,8066
爆款高转化池,P000346,LV箱包配饰商品602,箱包配饰,191.04,0.625,0.64,4.5,0.19659645703043566,8374
爆款高转化池,P000349,哥伦比亚运动户外商品503,运动户外,861.8,0.5,0.25,4.0,0.13462370405345536,2863
爆款高转化池,P000352,Roseonly礼品鲜花商品433,礼品鲜花,367.99,0.625,0.56,4.0,0.14915381052427468,4254
爆款高转化池,P000353,自然堂美妆护肤商品342,美妆护肤,575.35,0.6667,0.53,4.33,0.1958501819011826,5621
爆款高转化池,P000354,全友家居家居家装商品610,家居家装,429.7,0.75,0.44,5.0,0.1865666605857079,6866
爆款高转化池,P000355,云南白药医药保健商品473,医药保健,855.78,0.7,0.67,4.6,0.07837999726253321,4581
爆款高转化池,P000356,京东图书图书音像商品685,图书音像,139.83,0.7143,0.51,4.5,0.14531706287532842,9435
爆款高转化池,P000357,固特异汽车用品商品933,汽车用品,1249.02,0.6,0.73,4.5,0.1283624040332023,4422
爆款高转化池,P000361,GUCCI箱包配饰商品904,箱包配饰,491.75,0.5,0.65,5.0,0.18917104758789824,4111
爆款高转化池,P000363,OPPO手机数码商品933,手机数码,2407.17,0.6667,0.67,4.75,0.14583578869123973,1577
爆款高转化池,P000364,人民邮电出版社图书音像商品442,图书音像,267.17,0.5,0.54,4.75,0.1562249052807853,5903
爆款高转化池,P000365,骆驼运动户外商品452,运动户外,29.64,0.5556,0.57,4.33,0.11224256386217693,1986
爆款高转化池,P000368,人民邮电出版社图书音像商品557,图书音像,890.74,0.6667,0.34,5.0,0.1677326613420382,6243
爆款高转化池,P000370,比瑞吉宠物用品商品755,宠物用品,809.64,0.5,0.55,4.67,0.11558878800600407,5527
爆款高转化池,P000372,完美日记美妆护肤商品333,美妆护肤,661.29,0.7143,0.43,4.67,0.17144156988868745,4773
爆款高转化池,P000374,MK箱包配饰商品899,箱包配饰,864.18,0.5,0.59,4.75,0.12908574730118097,5950
爆款高转化池,P000375,东阿阿胶医药保健商品523,医药保健,175.64,0.5,0.98,4.6,0.1782396538369638,378
爆款高转化池,P000377,格力家用电器商品506,家用电器,1272.57,0.5,0.43,5.0,0.13013234463126588,1045
爆款高转化池,P000378,MK箱包配饰商品661,箱包配饰,63.29,0.6667,0.32,5.0,0.17659177526006933,6504
爆款高转化池,P000381,人民邮电出版社图书音像商品229,图书音像,139.96,0.5455,0.71,4.75,0.1606166106387963,2795
爆款高转化池,P000385,薇诺娜美妆护肤商品746,美妆护肤,1510.38,0.5,0.5,4.5,0.1499543146271724,9240
爆款高转化池,P000389,比瑞吉宠物用品商品452,宠物用品,293.89,0.4,0.3,4.5,0.14731914800664841,8767
爆款高转化池,P000390,荣耀手机数码商品873,手机数码,4078.0,0.6,0.46,4.5,0.16292844132874643,149
爆款高转化池,P000391,潮宏基珠宝首饰商品917,珠宝首饰,621.2,0.5,0.46,4.67,0.10914181012616349,3788
爆款高转化池,P000396,伊利食品生鲜商品522,食品生鲜,196.12,0.5,0.6,4.0,0.14281926902342038,1121
爆款高转化池,P000399,戴森家用电器商品119,家用电器,1641.12,0.8,0.5,4.25,0.19569495858692787,8764
爆款高转化池,P000400,小米手机数码商品204,手机数码,2615.86,0.8,0.38,4.25,0.12914192983158654,2048
爆款高转化池,P000402,雅诗兰黛美妆护肤商品605,美妆护肤,473.52,0.5,0.59,4.67,0.1542996948405048,6885
爆款高转化池,P000406,京东图书图书音像商品296,图书音像,896.74,0.4,0.51,4.0,0.17991007981116114,4097
爆款高转化池,P000408,强生母婴用品商品353,母婴用品,740.24,0.5,0.79,4.5,0.16776504810772283,549
爆款高转化池,P000409,苏泊尔家用电器商品852,家用电器,6282.47,0.5,0.49,5.0,0.20351060228043502,8538
爆款高转化池,P000410,固特异汽车用品商品584,汽车用品,3418.42,0.75,0.65,4.5,0.1322830876835258,5113
爆款高转化池,P000411,GUCCI箱包配饰商品262,箱包配饰,632.87,0.75,0.44,4.5,0.16501921262161973,691
爆款高转化池,P000413,戴森家用电器商品153,家用电器,6977.43,0.5,0.89,4.6,0.13139033704439612,3568
爆款高转化池,P000414,耐克服装鞋包商品748,服装鞋包,896.62,0.625,0.68,4.8,0.18242688560202425,246
爆款高转化池,P000415,自然堂美妆护肤商品698,美妆护肤,283.32,0.5,0.63,4.0,0.15482970424913595,3982
爆款高转化池,P000418,薇诺娜美妆护肤商品193,美妆护肤,1387.59,0.4,0.44,4.0,0.12005399896258054,5544
爆款高转化池,P000419,新秀丽箱包配饰商品161,箱包配饰,361.96,0.5556,0.61,4.5,0.10855953843543495,2521
爆款高转化池,P000426,Samsonite箱包配饰商品170,箱包配饰,535.83,0.5,0.46,4.75,0.16684797413137042,7362
爆款高转化池,P000427,伊利食品生鲜商品654,食品生鲜,373.44,0.6,0.37,4.33,0.17153177229800734,11
爆款高转化池,P000430,钙尔奇医药保健商品774,医药保健,967.49,0.5,0.43,4.0,0.18634321486269087,6348
爆款高转化池,P000431,苏泊尔家用电器商品884,家用电器,4636.01,0.6667,0.7,4.2,0.0858374285874894,4638
爆款高转化池,P000432,马可波罗家居家装商品756,家居家装,328.8,0.5,0.61,4.67,0.14137089018098045,1577
爆款高转化池,P000435,优衣库服装鞋包商品684,服装鞋包,1301.42,0.4,0.59,4.33,0.1524520110353589,6366
爆款高转化池,P000437,三只松鼠食品生鲜商品475,食品生鲜,228.52,0.5,0.44,5.0,0.1626774475103334,1161
爆款高转化池,P000438,OPPO手机数码商品771,手机数码,4185.54,0.6,0.5,4.33,0.23861074237277355,1310
爆款高转化池,P000442,耐克服装鞋包商品631,服装鞋包,239.38,0.75,0.3,4.5,0.11568585773554473,3784
爆款高转化池,P000444,施华洛世奇礼品鲜花商品283,礼品鲜花,562.84,0.4545,0.81,4.5,0.17033224132564953,9144
爆款高转化池,P000446,海康威视汽车用品商品819,汽车用品,5489.32,0.4,0.44,4.0,0.18315669394071799,1705
爆款高转化池,P000448,米其林汽车用品商品646,汽车用品,7988.25,0.5556,0.59,4.67,0.1497752428055462,7258
爆款高转化池,P000450,网易严选宠物用品商品522,宠物用品,766.54,0.4,0.7,4.33,0.17724028608422768,7054
爆款高转化池,P000451,网易严选宠物用品商品723,宠物用品,248.32,0.4,0.4,4.0,0.16613416259899683,8939
爆款高转化池,P000452,小米家用电器商品884,家用电器,4626.79,0.5,0.4,4.67,0.13090019077693762,4162
爆款高转化池,P000454,汤臣倍健医药保健商品391,医药保健,599.81,0.75,0.33,4.67,0.16186537665111492,8480
爆款高转化池,P000455,自然堂美妆护肤商品106,美妆护肤,635.65,0.6667,0.6,4.0,0.18870235285869585,3635
爆款高转化池,P000458,SK-II美妆护肤商品371,美妆护肤,765.81,0.4286,0.81,4.6,0.1275984823239463,9538
爆款高转化池,P000460,诺誓礼品鲜花商品682,礼品鲜花,918.7,0.6,0.36,4.0,0.14225351889661236,1264
爆款高转化池,P000462,冠能宠物用品商品709,宠物用品,645.83,1.0,0.25,5.0,0.06504254689768248,612
爆款高转化池,P000464,马可波罗家居家装商品526,家居家装,930.94,0.4444,0.65,4.25,0.146951900452717,1974
爆款高转化池,P000466,新秀丽箱包配饰商品749,箱包配饰,779.64,0.6667,0.62,4.6,0.1536789700086696,6266
爆款高转化池,P000468,野兽派礼品鲜花商品434,礼品鲜花,507.38,0.4286,0.51,5.0,0.20239486798641257,3617
爆款高转化池,P000471,花王母婴用品商品905,母婴用品,400.38,0.5,0.67,4.8,0.12067745018761683,2165
爆款高转化池,P000475,苏泊尔家用电器商品504,家用电器,5391.86,0.5,0.8,5.0,0.16511032713836515,3212
爆款高转化池,P000480,诺誓礼品鲜花商品738,礼品鲜花,154.36,0.5714,0.48,4.25,0.11262481248916999,735
爆款高转化池,P000482,周生生珠宝首饰商品215,珠宝首饰,1492.18,0.625,0.59,4.33,0.13102870910159614,3982
爆款高转化池,P000483,野兽派礼品鲜花商品989,礼品鲜花,834.12,0.6,0.67,4.2,0.17670341892933356,4713
爆款高转化池,P000484,三星手机数码商品810,手机数码,6532.11,0.4,0.83,4.75,0.13256789239681138,4999
爆款高转化池,P000486,西门子家用电器商品659,家用电器,4424.49,0.4286,0.54,4.33,0.19607421586590898,4237
爆款高转化池,P000487,迪卡侬运动户外商品737,运动户外,732.62,0.5556,0.65,4.5,0.12000328359061171,2315
爆款高转化池,P000490,潘多拉珠宝首饰商品154,珠宝首饰,956.67,0.6,0.6,4.67,0.10542509987783451,136
爆款高转化池,P000491,七匹狼服装鞋包商品776,服装鞋包,579.06,0.4444,0.67,4.0,0.13436458775711854,5901
爆款高转化池,P000493,小米家用电器商品620,家用电器,7824.59,0.7143,0.51,4.0,0.13295849731913958,1631
爆款高转化池,P000498,三星手机数码商品800,手机数码,3139.35,0.6364,0.77,4.83,0.08872971014990504,4953
爆款高转化池,P000499,松下家用电器商品931,家用电器,965.07,0.4545,0.71,4.25,0.08197069402224853,4221
爆款高转化池,P000501,蒙牛食品生鲜商品255,食品生鲜,348.37,0.4,0.65,4.5,0.14209976642037492,6436
爆款高转化池,P000502,米其林汽车用品商品189,汽车用品,5974.17,0.75,0.56,4.75,0.1758791285250541,8531
爆款高转化池,P000503,固特异汽车用品商品527,汽车用品,2302.71,0.5,0.42,4.0,0.16198989032116334,2502
爆款高转化池,P000504,花王母婴用品商品719,母婴用品,335.99,0.5,0.45,4.0,0.1964361633353881,8883
爆款高转化池,P000506,固特异汽车用品商品983,汽车用品,1535.82,0.6667,0.5,4.0,0.1345141581847992,8582
爆款高转化池,P000509,钙尔奇医药保健商品288,医药保健,324.42,0.6,0.42,4.0,0.2001701203982817,2384
爆款高转化池,P000513,潘多拉珠宝首饰商品720,珠宝首饰,1155.73,0.5,0.6,5.0,0.12155662074940388,3783
爆款高转化池,P000514,野兽派礼品鲜花商品336,礼品鲜花,690.5,0.8,0.42,4.33,0.1072068701548993,5886
爆款高转化池,P000515,波司登服装鞋包商品237,服装鞋包,1029.53,0.4167,0.85,4.33,0.09665538814080332,9907
爆款高转化池,P000516,人民邮电出版社图书音像商品765,图书音像,380.22,0.4444,0.77,4.33,0.10935640541861019,6348
爆款高转化池,P000518,一加手机数码商品882,手机数码,7766.11,0.5556,0.66,4.5,0.23634810731394548,4421
爆款高转化池,P000519,美赞臣母婴用品商品860,母婴用品,674.63,0.5714,0.5,4.33,0.14757858898551054,3323
爆款高转化池,P000521,小佩宠物用品商品804,宠物用品,331.65,0.5,0.28,4.5,0.1387796848974303,7496
爆款高转化池,P000522,瑞士军威箱包配饰商品537,箱包配饰,410.82,0.5714,0.45,4.5,0.14004217712572528,685
爆款高转化池,P000524,贝因美母婴用品商品633,母婴用品,118.22,0.5,0.56,4.67,0.15202881976325436,7485
爆款高转化池,P000525,皇家宠物用品商品998,宠物用品,995.88,0.4286,0.41,5.0,0.15560912284219036,8498
爆款高转化池,P000527,安踏运动户外商品294,运动户外,298.27,0.6667,0.33,4.5,0.14918225582496505,6521
爆款高转化池,P000528,LV箱包配饰商品892,箱包配饰,829.34,0.4,0.66,4.5,0.13990799980324975,7558
爆款高转化池,P000529,珀莱雅美妆护肤商品401,美妆护肤,1245.61,0.4444,0.59,4.67,0.10638609459576134,893
爆款高转化池,P000531,ZARA服装鞋包商品284,服装鞋包,1568.53,0.4615,0.81,4.4,0.11128211303165644,8952
爆款高转化池,P000532,珀莱雅美妆护肤商品523,美妆护肤,680.75,0.6154,0.87,4.17,0.13431937032546248,408
爆款高转化池,P000533,薇诺娜美妆护肤商品704,美妆护肤,1798.4,0.625,0.57,4.5,0.17494145181957668,3308
爆款高转化池,P000534,MK箱包配饰商品192,箱包配饰,257.58,0.8,0.44,4.33,0.17840937619032635,2686
爆款高转化池,P000535,钙尔奇医药保健商品193,医药保健,123.02,0.4286,0.83,4.75,0.11480960502461714,7362
爆款高转化池,P000536,卡仕达汽车用品商品187,汽车用品,4428.63,0.6667,0.3,4.0,0.056915257042585786,6292
爆款高转化池,P000538,老凤祥珠宝首饰商品443,珠宝首饰,1152.71,0.8,0.75,4.29,0.19358135192367643,2459
爆款高转化池,P000539,SK-II美妆护肤商品283,美妆护肤,1549.86,0.4,0.67,4.5,0.1653670954480157,840
爆款高转化池,P000540,花王母婴用品商品416,母婴用品,732.86,0.5,0.72,5.0,0.139997763669729,7311
爆款高转化池,P000542,vivo手机数码商品112,手机数码,3939.82,0.4444,0.66,4.33,0.1537371194265787,8169
爆款高转化池,P000547,卡仕达汽车用品商品137,汽车用品,1590.31,0.6154,0.84,4.75,0.1621425891081862,531
爆款高转化池,P000548,博世汽车用品商品439,汽车用品,7402.89,0.6667,0.31,4.23,0.14106569162927915,803
爆款高转化池,P000549,七匹狼服装鞋包商品282,服装鞋包,364.6,0.5,0.53,4.0,0.17151358685512078,4659
爆款高转化池,P000550,施华洛世奇礼品鲜花商品808,礼品鲜花,702.85,0.4444,0.58,4.67,0.1380277390345492,9376
爆款高转化池,P000551,老凤祥珠宝首饰商品566,珠宝首饰,1511.2,0.5714,0.83,4.5,0.17964309938430784,5901
爆款高转化池,P000552,新秀丽箱包配饰商品195,箱包配饰,770.83,0.5714,0.52,4.33,0.12356918093933413,5289
爆款高转化池,P000554,冠能宠物用品商品399,宠物用品,476.11,0.5556,0.59,5.0,0.11738981234629972,1999
爆款高转化池,P000555,同仁堂医药保健商品437,医药保健,531.78,0.5,0.34,4.0,0.10009484448744466,8595
爆款高转化池,P000556,西门子家用电器商品726,家用电器,936.38,0.5,0.49,4.33,0.09350353280933582,9361
爆款高转化池,P000559,金龙鱼食品生鲜商品232,食品生鲜,618.15,0.7143,0.59,4.2,0.10565579047126787,8132
爆款高转化池,P000560,迪卡侬运动户外商品604,运动户外,809.9,0.4444,0.63,4.0,0.1568845507888221,9984
爆款高转化池,P000561,松下家用电器商品298,家用电器,511.86,0.4444,0.59,4.5,0.1290591227796855,392
爆款高转化池,P000563,潮宏基珠宝首饰商品523,珠宝首饰,138.71,0.5556,0.63,4.8,0.15135315602406177,5728
爆款高转化池,P000565,百草味食品生鲜商品415,食品生鲜,307.28,0.4444,0.52,5.0,0.15162456322050433,9011
爆款高转化池,P000566,宜家家居家装商品216,家居家装,688.98,0.4444,0.56,4.33,0.14411201615314762,5592
爆款高转化池,P000568,网易严选宠物用品商品788,宠物用品,484.32,0.5,0.43,4.5,0.15558172348044122,7774
爆款高转化池,P000569,周大福珠宝首饰商品761,珠宝首饰,314.72,0.5556,0.62,4.2,0.13315264487903608,2545
爆款高转化池,P000571,新华书店图书音像商品860,图书音像,65.46,0.5,0.37,4.0,0.08863425814749507,8537
爆款高转化池,P000573,施华洛世奇礼品鲜花商品439,礼品鲜花,801.54,0.4,0.4,4.0,0.13556065686937563,5793
爆款高转化池,P000575,爱他美母婴用品商品684,母婴用品,609.63,0.7143,0.52,5.0,0.13796783665067977,3070
爆款高转化池,P000578,波司登服装鞋包商品998,服装鞋包,513.4,0.4286,0.59,5.0,0.13094215430880174,7404
爆款高转化池,P000579,耐威克宠物用品商品321,宠物用品,529.85,0.5,0.53,4.67,0.19848777175120366,2867
爆款高转化池,P000580,海澜之家服装鞋包商品903,服装鞋包,122.92,0.5556,0.6,5.0,0.15974911645537995,3311
爆款高转化池,P000581,外交官箱包配饰商品554,箱包配饰,510.93,0.4,0.6,4.33,0.1293923939078237,7907
爆款高转化池,P000582,Samsonite箱包配饰商品294,箱包配饰,346.71,0.4,0.39,4.0,0.15678173231306564,7921
爆款高转化池,P000585,飞鹤母婴用品商品104,母婴用品,317.87,0.5,0.47,5.0,0.15813463578828288,721
爆款高转化池,P000586,壳牌汽车用品商品441,汽车用品,4001.57,0.6,0.64,4.6,0.17030422835428355,755
爆款高转化池,P000587,阿迪达斯服装鞋包商品123,服装鞋包,1176.24,0.5,0.7,4.33,0.1469270995791546,5114
爆款高转化池,P000594,迪卡侬运动户外商品151,运动户外,138.77,0.4286,0.51,4.5,0.18928268388461794,7712
爆款高转化池,P000598,麦富迪宠物用品商品830,宠物用品,760.82,0.4286,0.59,4.67,0.12630298127270975,8740
爆款高转化池,P000600,波司登服装鞋包商品417,服装鞋包,1384.73,0.6364,0.71,4.17,0.13194914376729439,7625
爆款高转化池,P000601,京东图书图书音像商品329,图书音像,152.28,0.5,0.82,4.25,0.15083472829563313,4227
爆款高转化池,P000603,施华洛世奇珠宝首饰商品564,珠宝首饰,1000.64,0.6364,0.6,4.43,0.11299954421088816,1070
爆款高转化池,P000604,当当图书音像商品459,图书音像,483.87,0.5,0.61,4.0,0.13321031486982177,2798
爆款高转化池,P000606,七匹狼服装鞋包商品937,服装鞋包,1442.83,0.5,0.76,4.67,0.16067374838415274,1752
爆款高转化池,P000607,顾家家居家居家装商品911,家居家装,309.1,0.5,0.42,4.5,0.15853184713362453,7552
爆款高转化池,P000608,帮宝适母婴用品商品344,母婴用品,624.67,0.5,0.38,5.0,0.1189148212631071,8977
爆款高转化池,P000609,薇诺娜美妆护肤商品493,美妆护肤,178.82,0.4545,0.74,4.33,0.14842982080947686,3411
爆款高转化池,P000613,小佩宠物用品商品217,宠物用品,596.24,0.4,0.46,4.0,0.12147931776192097,7584
爆款高转化池,P000614,顾家家居家居家装商品941,家居家装,450.76,0.4286,0.52,5.0,0.16054479513449324,5046
爆款高转化池,P000615,飞鹤母婴用品商品712,母婴用品,117.66,0.5,0.51,4.67,0.15418576515096746,9771
爆款高转化池,P000616,潮宏基珠宝首饰商品435,珠宝首饰,1013.88,0.4286,0.86,4.17,0.17766083306129712,1007
爆款高转化池,P000618,新秀丽箱包配饰商品875,箱包配饰,155.26,0.5714,0.54,4.5,0.044269252105536165,2444
爆款高转化池,P000619,中信出版社图书音像商品398,图书音像,396.08,0.625,0.61,4.25,0.13719401303257167,9468
爆款高转化池,P000620,京东图书图书音像商品310,图书音像,684.7,0.4286,0.47,4.33,0.18326463243823535,5187
爆款高转化池,P000621,伊利食品生鲜商品545,食品生鲜,720.61,0.5,0.54,4.67,0.18222595580758774,5640
爆款高转化池,P000623,比瑞吉宠物用品商品972,宠物用品,301.24,0.5,0.4,5.0,0.09890839559211595,6049
爆款高转化池,P000625,阿迪达斯服装鞋包商品986,服装鞋包,110.81,0.5,0.45,4.23,0.14723594764415485,7073
爆款高转化池,P000626,九芝堂医药保健商品740,医药保健,324.95,0.75,0.35,4.33,0.18556821997274509,6271
爆款高转化池,P000627,帮宝适母婴用品商品545,母婴用品,549.67,1.0,0.19,4.0,0.14406945559187984,2841
爆款高转化池,P000630,雅诗兰黛美妆护肤商品173,美妆护肤,1314.36,0.5,0.49,4.5,0.18732350059614147,2359
爆款高转化池,P000631,东阿阿胶医药保健商品773,医药保健,442.37,0.4545,0.64,4.67,0.14718348741116533,2224
爆款高转化池,P000633,COACH箱包配饰商品738,箱包配饰,188.0,0.8,0.43,4.0,0.13084576346441215,8346
爆款高转化池,P000634,强生母婴用品商品493,母婴用品,361.75,0.6667,0.37,5.0,0.1385423182918367,3044
爆款高转化池,P000638,波司登服装鞋包商品807,服装鞋包,206.12,0.5714,0.42,4.75,0.14133335238027098,8624
爆款高转化池,P000642,安踏运动户外商品580,运动户外,459.49,0.4444,0.62,4.5,0.16000061885544273,7687
爆款高转化池,P000643,施华洛世奇礼品鲜花商品439,礼品鲜花,426.81,0.4286,0.51,4.5,0.22191737958033433,4827
爆款高转化池,P000644,良品铺子食品生鲜商品136,食品生鲜,698.1,0.6667,0.36,5.0,0.14690854869878547,9791
爆款高转化池,P000647,博世汽车用品商品928,汽车用品,6030.35,0.5,0.7,4.5,0.15400349018031562,447
爆款高转化池,P000648,五粮液食品生鲜商品184,食品生鲜,135.55,0.6667,0.57,4.2,0.13405424279371012,1259
爆款高转化池,P000650,伊利食品生鲜商品114,食品生鲜,744.01,0.5455,0.72,4.6,0.18106807969616592,9893
爆款高转化池,P000651,SK-II美妆护肤商品774,美妆护肤,920.97,0.6667,0.32,4.0,0.1288474769365406,2873
爆款高转化池,P000652,蒙牛食品生鲜商品596,食品生鲜,189.0,0.6667,0.51,4.33,0.13236377916661998,8640
爆款高转化池,P000655,潮宏基珠宝首饰商品343,珠宝首饰,1338.3,0.5,0.31,4.0,0.1919269175283401,2740
爆款高转化池,P000658,人民邮电出版社图书音像商品870,图书音像,923.23,0.75,0.45,4.5,0.18034029910003618,3828
爆款高转化池,P000659,帮宝适母婴用品商品585,母婴用品,270.0,0.6,0.48,4.5,0.20287361618820005,8690
爆款高转化池,P000660,pidan宠物用品商品112,宠物用品,295.9,0.4286,0.42,4.33,0.1277568024304277,7353
爆款高转化池,P000664,凌度汽车用品商品572,汽车用品,6298.63,0.4286,0.46,4.67,0.1159535419995995,3961
爆款高转化池,P000669,苹果手机数码商品734,手机数码,1189.56,0.5714,0.62,5.0,0.17304002557892634,9734
爆款高转化池,P000670,固特异汽车用品商品713,汽车用品,5285.62,0.5,0.26,4.23,0.14244433215933988,1965
爆款高转化池,P000671,H&M服装鞋包商品484,服装鞋包,1329.97,0.5,0.59,4.67,0.13279943199063673,9274
爆款高转化池,P000672,老凤祥珠宝首饰商品213,珠宝首饰,1406.52,0.4444,0.66,4.75,0.164048309617306,4150
爆款高转化池,P000676,帮宝适母婴用品商品440,母婴用品,996.0,0.4615,0.79,4.33,0.15576950988009328,4230
爆款高转化池,P000678,瑞士军威箱包配饰商品724,箱包配饰,398.71,0.4286,0.47,4.5,0.1645413431273843,8061
爆款高转化池,P000680,施华洛世奇礼品鲜花商品208,礼品鲜花,913.48,0.4,0.36,4.5,0.23039558867770107,4243
爆款高转化池,P000682,明牌珠宝首饰商品119,珠宝首饰,1798.2,0.5,0.47,5.0,0.15032670932252576,2438
爆款高转化池,P000683,3M汽车用品商品138,汽车用品,5484.54,0.75,0.54,4.6,0.11870204540452367,4365
爆款高转化池,P000686,探路者运动户外商品103,运动户外,390.58,0.5,0.23,4.0,0.17242129764709724,7898
爆款高转化池,P000688,华为手机数码商品474,手机数码,4509.7,0.75,0.63,4.75,0.1220475575151218,5571
爆款高转化池,P000690,雅诗兰黛美妆护肤商品493,美妆护肤,1338.43,0.4286,0.57,5.0,0.10508634495141976,4896
爆款高转化池,P000691,九芝堂医药保健商品209,医药保健,634.31,0.6667,0.27,4.0,0.10417253529179887,5886
爆款高转化池,P000692,当当图书音像商品747,图书音像,443.6,0.75,0.56,4.2,0.17296076408420874,3104
爆款高转化池,P000693,雅诗兰黛美妆护肤商品297,美妆护肤,99.46,0.4,0.42,4.0,0.20641857961072235,9714
爆款高转化池,P000701,格力家用电器商品114,家用电器,1791.87,0.5,0.32,4.23,0.045277862462050164,818
爆款高转化池,P000702,LV箱包配饰商品940,箱包配饰,795.76,0.5,0.4,5.0,0.2262416889468602,7474
爆款高转化池,P000706,顾家家居家居家装商品800,家居家装,580.21,0.7778,0.56,4.67,0.15305896433532026,2250
爆款高转化池,P000707,曲美家居家装商品882,家居家装,55.13,0.6667,0.59,4.75,0.1370324874218304,2841
爆款高转化池,P000708,顾家家居家居家装商品223,家居家装,281.15,0.4286,0.49,4.0,0.13334609903714328,6801
爆款高转化池,P000710,新秀丽箱包配饰商品236,箱包配饰,108.97,0.4,0.43,4.5,0.16389153426124783,6162
爆款高转化池,P000711,老凤祥珠宝首饰商品116,珠宝首饰,1765.27,0.6667,0.33,5.0,0.21246140764313012,1322
爆款高转化池,P000714,善存医药保健商品311,医药保健,151.66,0.6,0.45,4.0,0.15122361863653613,4439
爆款高转化池,P000715,迪卡侬运动户外商品521,运动户外,246.86,0.4,0.72,4.5,0.19241460579060823,2859
爆款高转化池,P000717,Roseonly礼品鲜花商品742,礼品鲜花,828.22,0.75,0.46,4.33,0.18477099120815468,4934
爆款高转化池,P000721,三只松鼠食品生鲜商品298,食品生鲜,121.55,0.4286,0.56,4.5,0.09440906397730335,2444
爆款高转化池,P000722,海康威视汽车用品商品609,汽车用品,1822.43,0.75,0.52,4.5,0.16840811350085183,706
爆款高转化池,P000724,东鹏家居家装商品144,家居家装,113.38,0.4286,0.52,4.0,0.1760037465095324,859
爆款高转化池,P000725,Samsonite箱包配饰商品261,箱包配饰,787.64,0.7143,0.55,4.5,0.1743459308650476,7947
爆款高转化池,P000726,李宁运动户外商品172,运动户外,896.13,0.7143,0.45,4.25,0.18422091683965328,7287
爆款高转化池,P000727,潘多拉礼品鲜花商品433,礼品鲜花,424.88,0.5714,0.63,4.5,0.12125925154266479,5336
爆款高转化池,P000729,九芝堂医药保健商品990,医药保健,207.96,0.5,0.4,5.0,0.1738492883814644,3615
爆款高转化池,P000730,波司登服装鞋包商品699,服装鞋包,994.6,0.5,0.33,4.0,0.12689546726070638,7141
爆款高转化池,P000732,全友家居家居家装商品568,家居家装,722.62,0.5,0.56,4.5,0.18044507984720826,5875
爆款高转化池,P000733,蒙牛食品生鲜商品443,食品生鲜,135.94,0.4615,0.88,4.5,0.16634424933424002,9317
爆款高转化池,P000734,vivo手机数码商品239,手机数码,1333.32,0.4,0.5,4.5,0.182857102684407,7627
爆款高转化池,P000735,新华书店图书音像商品275,图书音像,762.74,0.6667,0.44,5.0,0.15524607170353885,3602
爆款高转化池,P000737,潘多拉礼品鲜花商品975,礼品鲜花,237.41,0.5,0.3,4.23,0.16978764755865683,6745
爆款高转化池,P000741,格力家用电器商品687,家用电器,7236.89,0.4,0.61,4.67,0.1366780455303127,6844
爆款高转化池,P000742,苹果手机数码商品581,手机数码,6001.07,0.5,0.66,4.67,0.08707809166531513,8261
爆款高转化池,P000745,九芝堂医药保健商品323,医药保健,141.38,0.4286,0.42,4.67,0.1622714431291581,4846
爆款高转化池,P000750,冠能宠物用品商品494,宠物用品,894.5,1.0,0.41,4.5,0.12445910927067735,5454
爆款高转化池,P000752,Swisse医药保健商品906,医药保健,687.82,0.6667,0.27,4.23,0.022115866428223083,5500
爆款高转化池,P000754,新秀丽箱包配饰商品213,箱包配饰,389.13,0.8,0.4,4.5,0.022431501401610456,7624
爆款高转化池,P000755,Roseonly礼品鲜花商品474,礼品鲜花,372.77,0.5,0.26,4.0,0.14821887233381045,9155
爆款高转化池,P000757,完美日记美妆护肤商品344,美妆护肤,1102.29,0.6,0.65,4.83,0.174343874495308,7839
爆款高转化池,P000759,圣象家居家装商品373,家居家装,508.53,0.5,0.45,4.0,0.15655052694330931,6929
爆款高转化池,P000760,三只松鼠食品生鲜商品164,食品生鲜,379.09,0.5556,0.63,4.0,0.20173112978444882,7412
爆款高转化池,P000761,中信出版社图书音像商品639,图书音像,831.26,0.5,0.64,4.4,0.09913785905730318,7703
爆款高转化池,P000764,百草味食品生鲜商品211,食品生鲜,173.12,0.5333,0.86,4.6,0.15290029467228308,1835
爆款高转化池,P000765,善存医药保健商品608,医药保健,158.99,0.4444,0.48,5.0,0.24102226683453262,3346
爆款高转化池,P000766,安踏运动户外商品400,运动户外,422.37,0.4545,0.67,5.0,0.14634356695944153,8870
爆款高转化池,P000769,麦富迪宠物用品商品954,宠物用品,947.97,0.4286,0.55,4.23,0.17864688831053213,5503
爆款高转化池,P000770,好奇母婴用品商品771,母婴用品,649.59,0.4,0.42,4.0,0.1670298481970959,5346
爆款高转化池,P000771,中信出版社图书音像商品781,图书音像,699.89,0.4,0.45,4.5,0.14353788703960463,8986
爆款高转化池,P000773,自然堂美妆护肤商品332,美妆护肤,994.27,0.8333,0.5,4.5,0.10774085223755386,4720
爆款高转化池,P000775,SK-II美妆护肤商品828,美妆护肤,1093.87,0.4,0.6,4.33,0.10573902740427085,2986
爆款高转化池,P000777,全友家居家居家装商品551,家居家装,267.8,0.5556,0.61,4.5,0.14934067803353876,3022
爆款高转化池,P000779,完美日记美妆护肤商品559,美妆护肤,1102.74,0.4545,0.82,4.5,0.12684712540917484,2663
爆款高转化池,P000780,骆驼运动户外商品224,运动户外,921.23,0.6,0.43,5.0,0.12885793833456166,6628
爆款高转化池,P000781,MK箱包配饰商品886,箱包配饰,153.93,0.5714,0.57,4.67,0.17811629239369905,7504
爆款高转化池,P000782,GUCCI箱包配饰商品259,箱包配饰,14.25,1.0,0.16,4.0,0.21039603960396033,8948
爆款高转化池,P000783,哥伦比亚运动户外商品762,运动户外,708.4,0.75,0.58,4.33,0.14462923526209642,7764
爆款高转化池,P000784,LV箱包配饰商品872,箱包配饰,980.88,1.0,0.57,4.17,0.14223491917634704,9399
爆款高转化池,P000785,米其林汽车用品商品918,汽车用品,4739.24,0.4444,0.77,4.5,0.1312961350412282,7243
爆款高转化池,P000786,顾家家居家居家装商品849,家居家装,484.19,0.5,0.66,5.0,0.12370991571428135,656
爆款高转化池,P000787,兰蔻美妆护肤商品415,美妆护肤,98.35,0.5714,0.47,4.5,0.1952073863670114,3610
爆款高转化池,P000788,博库网图书音像商品194,图书音像,333.1,0.5,0.48,4.0,0.2279530328044643,9963
爆款高转化池,P000789,固特异汽车用品商品697,汽车用品,4448.25,0.4,0.39,4.0,0.15246537083966202,4553
爆款高转化池,P000791,壳牌汽车用品商品624,汽车用品,3458.18,0.6667,0.5,4.5,0.14064504352213011,8035
爆款高转化池,P000794,金龙鱼食品生鲜商品459,食品生鲜,315.0,0.4,0.68,4.5,0.13330466163403518,7300
爆款高转化池,P000796,九芝堂医药保健商品922,医药保健,448.08,0.4286,0.54,4.0,0.14175997970234347,2683
爆款高转化池,P000798,冠能宠物用品商品247,宠物用品,215.71,0.5714,0.62,4.33,0.20209970622138704,7776
爆款高转化池,P000799,网易严选宠物用品商品167,宠物用品,933.82,0.6667,0.42,5.0,0.12247182658171145,9677
爆款高转化池,P000800,潮宏基珠宝首饰商品190,珠宝首饰,62.91,0.5,0.51,4.67,0.14707987720571247,4478
爆款高转化池,P000801,爱他美母婴用品商品669,母婴用品,467.5,0.5,0.38,4.23,0.16784349003202004,9304
爆款高转化池,P000802,老凤祥珠宝首饰商品304,珠宝首饰,412.71,0.4,0.37,5.0,0.1594171486139798,6254
爆款高转化池,P000803,五粮液食品生鲜商品143,食品生鲜,824.57,0.5,0.61,4.67,0.11535559725971362,4947
爆款高转化池,P000805,美的家用电器商品910,家用电器,518.35,0.6667,0.32,4.0,0.12994935369367258,4303
爆款高转化池,P000808,华为手机数码商品883,手机数码,2579.13,0.8571,0.5,4.25,0.08586844856041909,1093
爆款高转化池,P000810,花王母婴用品商品743,母婴用品,689.05,0.4,0.46,4.23,0.22219833674166015,1959
爆款高转化池,P000813,全友家居家居家装商品154,家居家装,279.94,0.4,0.62,4.67,0.1787077511616422,6873
爆款高转化池,P000816,周生生珠宝首饰商品713,珠宝首饰,1517.63,0.4444,0.6,4.0,0.1370984799927857,8908
爆款高转化池,P000818,金龙鱼食品生鲜商品198,食品生鲜,539.08,1.0,0.32,4.23,0.10870392667530937,5761
爆款高转化池,P000819,比瑞吉宠物用品商品113,宠物用品,145.58,0.7143,0.48,5.0,0.13687048301059682,4610
爆款高转化池,P000820,东鹏家居家装商品521,家居家装,346.91,0.6,0.66,4.4,0.14602336120220458,2671
爆款高转化池,P000821,耐克服装鞋包商品258,服装鞋包,1031.6,0.5714,0.54,4.67,0.14882501435689252,3087
爆款高转化池,P000822,周生生珠宝首饰商品527,珠宝首饰,947.96,0.5,0.52,5.0,0.14574538533062034,1251
爆款高转化池,P000823,H&M服装鞋包商品117,服装鞋包,985.06,0.5556,0.63,4.33,0.1521136835097553,5104
爆款高转化池,P000824,云南白药医药保健商品242,医药保健,818.87,0.7143,0.59,4.5,0.18433960689989076,9791
爆款高转化池,P000826,钙尔奇医药保健商品327,医药保健,137.43,0.4,0.76,4.0,0.12503289460882033,2332
爆款高转化池,P000827,Swisse医药保健商品414,医药保健,134.09,0.4,0.42,4.5,0.228725993977702,2133
爆款高转化池,P000829,优衣库服装鞋包商品893,服装鞋包,994.3,0.4,0.41,4.5,0.1591866829224795,7065
爆款高转化池,P000831,Roseonly礼品鲜花商品580,礼品鲜花,127.73,1.0,0.29,4.67,0.22819408786664389,4145
爆款高转化池,P000832,华为手机数码商品408,手机数码,5506.9,0.6667,0.52,4.25,0.15520157042611124,1581
爆款高转化池,P000833,周生生珠宝首饰商品716,珠宝首饰,450.53,0.4444,0.7,4.67,0.1633612990534209,3277
爆款高转化池,P000835,花点时间礼品鲜花商品460,礼品鲜花,168.95,0.5,0.32,4.5,0.16322189562130046,8202
爆款高转化池,P000837,皇家宠物用品商品641,宠物用品,224.83,0.4,0.65,4.5,0.11918489443930033,3138
爆款高转化池,P000839,瑞士军威箱包配饰商品616,箱包配饰,852.78,0.5,0.7,4.75,0.11330464936934434,7777
爆款高转化池,P000840,全友家居家居家装商品550,家居家装,676.79,0.4,0.46,5.0,0.12287662535915249,1758
爆款高转化池,P000841,完美日记美妆护肤商品488,美妆护肤,876.98,0.6,0.68,4.67,0.15383311583962628,8425
爆款高转化池,P000843,波司登服装鞋包商品212,服装鞋包,1063.47,0.6667,0.58,4.2,0.13988695913143792,8123
爆款高转化池,P000844,施华洛世奇珠宝首饰商品821,珠宝首饰,612.13,0.6667,0.49,4.67,0.1630697464663942,665
爆款高转化池,P000845,海澜之家服装鞋包商品605,服装鞋包,275.66,0.6667,0.51,4.33,0.19371543998079155,4646
爆款高转化池,P000847,小米家用电器商品397,家用电器,7887.22,0.5,0.57,4.0,0.08880414717526038,7011
爆款高转化池,P000849,雅诗兰黛美妆护肤商品790,美妆护肤,1008.71,0.4,0.43,4.0,0.1567373001998618,1723
爆款高转化池,P000851,H&M服装鞋包商品504,服装鞋包,831.22,0.6364,0.71,4.5,0.16183926905796087,9675
爆款高转化池,P000853,曲美家居家装商品709,家居家装,845.59,0.4545,0.74,4.33,0.1689555723952498,6623
爆款高转化池,P000854,耐克服装鞋包商品958,服装鞋包,878.17,0.75,0.4,4.0,0.18312131313789665,8177
爆款高转化池,P000856,东鹏家居家装商品782,家居家装,607.13,0.5556,0.62,4.67,0.14669090533095233,6626
爆款高转化池,P000859,米其林汽车用品商品130,汽车用品,1247.03,0.5,0.48,4.67,0.1242442029578904,865
爆款高转化池,P000860,冠能宠物用品商品610,宠物用品,681.33,0.7143,0.55,4.5,0.12755049044736713,2934
爆款高转化池,P000862,周生生珠宝首饰商品776,珠宝首饰,1515.64,0.4,0.38,4.0,0.17015211240674447,8064
爆款高转化池,P000864,中信出版社图书音像商品367,图书音像,547.01,0.7143,0.53,4.0,0.09862276627713609,8856
爆款高转化池,P000865,安踏运动户外商品882,运动户外,41.28,0.4286,0.5,4.5,0.0956970709243647,7051
爆款高转化池,P000867,新华书店图书音像商品136,图书音像,42.53,0.6,0.71,4.0,0.16391156601338935,9120
爆款高转化池,P000868,博世汽车用品商品823,汽车用品,1731.08,0.4545,0.7,4.67,0.17397009343774902,7056
爆款高转化池,P000869,自然堂美妆护肤商品832,美妆护肤,808.71,0.4286,0.47,5.0,0.12172100115444054,1792
爆款高转化池,P000870,施华洛世奇礼品鲜花商品602,礼品鲜花,663.48,0.75,0.44,4.5,0.06733074647875442,8837
爆款高转化池,P000871,诺誓礼品鲜花商品587,礼品鲜花,566.63,0.625,0.55,5.0,0.12100062685409176,2560
爆款高转化池,P000874,苹果手机数码商品704,手机数码,838.39,0.4,0.46,5.0,0.20123425314886695,6003
爆款高转化池,P000876,飞鹤母婴用品商品538,母婴用品,351.69,0.8,0.43,4.0,0.15266432522224013,5855
爆款高转化池,P000877,好奇母婴用品商品157,母婴用品,664.63,0.4,0.72,4.5,0.13818550383239872,4056
爆款高转化池,P000879,耐威克宠物用品商品217,宠物用品,344.22,0.5,0.37,4.5,0.0922002751266209,322
爆款高转化池,P000880,哥伦比亚运动户外商品138,运动户外,466.3,0.5,0.62,4.67,0.13947731568834654,6921
爆款高转化池,P000881,潘多拉礼品鲜花商品531,礼品鲜花,273.95,0.5,0.31,4.0,0.13359603406515738,7695
爆款高转化池,P000883,顾家家居家居家装商品927,家居家装,493.48,1.0,0.56,4.33,0.07881098992479228,3373
爆款高转化池,P000884,东鹏家居家装商品614,家居家装,813.34,0.5,0.77,4.67,0.16410501490918764,5563
爆款高转化池,P000887,麦富迪宠物用品商品394,宠物用品,272.5,0.4286,0.56,4.0,0.0793911414673498,4871
爆款高转化池,P000888,诺誓礼品鲜花商品923,礼品鲜花,233.63,0.6667,0.47,4.0,0.1586028879768212,1506
爆款高转化池,P000891,周生生珠宝首饰商品767,珠宝首饰,1656.29,0.4444,0.49,4.5,0.10818784082573739,8268
爆款高转化池,P000892,潘多拉珠宝首饰商品543,珠宝首饰,1343.74,0.75,0.35,4.5,0.16474836063373136,5133
爆款高转化池,P000895,米其林汽车用品商品690,汽车用品,4244.03,0.625,0.52,4.5,0.14950420842315876,7656
爆款高转化池,P000899,冠能宠物用品商品749,宠物用品,211.52,0.6,0.39,4.5,0.15276483039017189,6757
爆款高转化池,P000901,小米家用电器商品344,家用电器,1351.69,0.6364,0.72,5.0,0.08828041507629131,3144
爆款高转化池,P000904,格力家用电器商品379,家用电器,1523.23,0.6154,0.87,4.0,0.10748559973499064,4233
爆款高转化池,P000906,东阿阿胶医药保健商品901,医药保健,29.71,0.75,0.37,4.0,0.16851020650752363,1375
爆款高转化池,P000907,索菲亚家居家装商品987,家居家装,72.95,0.5,0.48,4.5,0.1323271411383461,6668
爆款高转化池,P000908,GUCCI箱包配饰商品787,箱包配饰,660.86,0.6,0.66,4.33,0.14050224188125565,1479
爆款高转化池,P000909,爱他美母婴用品商品341,母婴用品,120.81,0.5,0.36,4.23,0.18720346315830125,8196
爆款高转化池,P000911,潘多拉珠宝首饰商品608,珠宝首饰,1774.9,0.75,0.4,4.33,0.08902955198094642,3900
爆款高转化池,P000912,Roseonly礼品鲜花商品891,礼品鲜花,808.62,0.625,0.59,4.5,0.16082540539931806,5395
爆款高转化池,P000914,COACH箱包配饰商品323,箱包配饰,152.84,0.5,0.61,4.67,0.12351595944764941,2869
爆款高转化池,P000916,荣耀手机数码商品646,手机数码,3310.29,0.5556,0.67,4.0,0.094161980386327,1850
爆款高转化池,P000918,Samsonite箱包配饰商品471,箱包配饰,480.47,0.5455,0.69,4.0,0.12750852463731108,6025
爆款高转化池,P000920,苹果手机数码商品807,手机数码,7380.93,0.6667,0.27,4.0,0.1392259430586967,3926
爆款高转化池,P000921,福临门食品生鲜商品416,食品生鲜,642.56,0.5,0.46,5.0,0.1820702030504011,5945
爆款高转化池,P000923,贝因美母婴用品商品502,母婴用品,928.23,0.8182,0.74,4.71,0.13116054640221644,4186
爆款高转化池,P000924,百草味食品生鲜商品942,食品生鲜,759.1,0.5,0.61,4.33,0.17086635078308332,4872
爆款高转化池,P000927,人民邮电出版社图书音像商品522,图书音像,927.23,0.4545,0.68,4.33,0.08678595406132306,5451
爆款高转化池,P000931,云南白药医药保健商品564,医药保健,698.26,0.5,0.48,5.0,0.16982497068913371,853
爆款高转化池,P000933,一加手机数码商品304,手机数码,5212.22,0.6,0.69,4.67,0.13578335710122547,5140
爆款高转化池,P000937,良品铺子食品生鲜商品803,食品生鲜,597.09,0.4,0.34,5.0,0.13487107621961952,5367
爆款高转化池,P000938,潘多拉珠宝首饰商品303,珠宝首饰,214.58,0.4545,0.68,4.25,0.1370176745303634,6022
爆款高转化池,P000939,珀莱雅美妆护肤商品997,美妆护肤,785.77,0.4,0.86,4.67,0.1912254959184262,9345
爆款高转化池,P000940,美的家用电器商品123,家用电器,7423.34,0.4286,0.92,4.33,0.20458544638165682,3747
爆款高转化池,P000941,外交官箱包配饰商品573,箱包配饰,206.28,0.4,0.45,4.23,0.1278227082150914,2764
爆款高转化池,P000942,一加手机数码商品732,手机数码,3716.78,0.5,0.34,5.0,0.08330007721664642,4262
爆款高转化池,P000945,小佩宠物用品商品221,宠物用品,232.24,0.4,0.49,4.5,0.1843795060277248,3328
爆款高转化池,P000946,松下家用电器商品394,家用电器,6098.32,0.6667,0.77,4.2,0.13309993200917014,6259
爆款高转化池,P000947,珀莱雅美妆护肤商品976,美妆护肤,452.88,0.5333,0.92,4.6,0.15347185974702965,3531
爆款高转化池,P000948,耐威克宠物用品商品844,宠物用品,680.42,0.6667,0.57,4.4,0.09688597236461756,6853
爆款高转化池,P000950,蒙牛食品生鲜商品732,食品生鲜,456.47,0.6,0.37,4.0,0.11236102929752723,4068
爆款高转化池,P000951,东鹏家居家装商品187,家居家装,20.22,0.4286,0.56,5.0,0.1552414162796985,2182
爆款高转化池,P000952,网易严选宠物用品商品809,宠物用品,403.58,0.4286,0.43,4.67,0.1420796104129745,3476
爆款高转化池,P000954,百草味食品生鲜商品197,食品生鲜,561.43,0.4286,0.59,4.5,0.15411128233737045,853
爆款高转化池,P000956,3M汽车用品商品105,汽车用品,2402.43,0.6,0.42,4.5,0.13053071154800833,6241
爆款高转化池,P000957,福临门食品生鲜商品787,食品生鲜,377.19,0.5,0.7,4.25,0.14899913294658956,9167
爆款高转化池,P000960,马可波罗家居家装商品245,家居家装,267.8,0.5714,0.61,4.0,0.2018795754411231,5132
爆款高转化池,P000961,小米手机数码商品611,手机数码,7037.6,0.4,0.43,5.0,0.1772440991657088,4603
爆款高转化池,P000962,云南白药医药保健商品540,医药保健,290.1,0.6667,0.29,5.0,0.17656100645671804,4312
爆款高转化池,P000963,花点时间礼品鲜花商品629,礼品鲜花,319.88,0.4545,0.73,4.33,0.13056298258982857,2703
爆款高转化池,P000968,荣耀手机数码商品465,手机数码,7916.14,0.6667,0.28,5.0,0.1797701451046997,9189
爆款高转化池,P000970,海澜之家服装鞋包商品195,服装鞋包,447.28,0.7,0.67,4.75,0.14577397791304197,4654
爆款高转化池,P000971,SK-II美妆护肤商品867,美妆护肤,1042.04,0.8333,0.45,4.0,0.14294592258760053,4469
爆款高转化池,P000972,施华洛世奇礼品鲜花商品699,礼品鲜花,220.27,0.5,0.47,4.67,0.132732411397563,67
爆款高转化池,P000973,361度运动户外商品526,运动户外,921.21,0.4286,0.47,5.0,0.10674601042412124,4033
爆款高转化池,P000974,明牌珠宝首饰商品793,珠宝首饰,233.9,0.6,0.48,4.5,0.24807463731550827,5384
爆款高转化池,P000976,好奇母婴用品商品704,母婴用品,929.86,0.5,0.67,4.75,0.13648130865564403,1737
爆款高转化池,P000977,网易严选宠物用品商品257,宠物用品,38.59,0.5,0.44,4.67,0.13245653910612357,7540
爆款高转化池,P000978,小佩宠物用品商品564,宠物用品,632.07,0.4,0.36,4.0,0.1455714207774266,4412
爆款高转化池,P000982,宜家家居家装商品861,家居家装,80.02,0.4286,0.54,5.0,0.12256235781214604,9867
爆款高转化池,P000987,Samsonite箱包配饰商品467,箱包配饰,668.87,0.5,0.57,4.67,0.19953724207520293,6020
爆款高转化池,P000989,博库网图书音像商品676,图书音像,604.34,0.6,0.72,4.25,0.129234390731311,1478
爆款高转化池,P000992,人民邮电出版社图书音像商品329,图书音像,651.13,1.0,0.33,4.0,0.14546487189695428,2540
爆款高转化池,P000996,麦富迪宠物用品商品635,宠物用品,433.45,0.8333,0.52,4.25,0.09590692204888085,9314
爆款高转化池,P000998,帮宝适母婴用品商品196,母婴用品,470.01,0.6667,0.28,4.0,0.20577623723845953,9313
爆款高转化池,P001000,周大福珠宝首饰商品216,珠宝首饰,1494.01,0.6667,0.31,5.0,0.14991398316449742,7583
爆款高转化池,P001005,百草味食品生鲜商品544,食品生鲜,539.03,0.5,0.44,4.5,0.12338777163938681,95
爆款高转化池,P001008,东阿阿胶医药保健商品410,医药保健,622.31,0.5,0.86,4.43,0.1562397103589023,5910
爆款高转化池,P001010,雅诗兰黛美妆护肤商品295,美妆护肤,268.23,0.5714,0.48,4.67,0.20666673754655598,260
爆款高转化池,P001011,Swisse医药保健商品979,医药保健,36.55,0.4444,0.64,4.23,0.1620963252029481,7882
爆款高转化池,P001013,海尔家用电器商品408,家用电器,6272.91,0.5833,0.88,4.4,0.17688150481589582,2427
爆款高转化池,P001015,东阿阿胶医药保健商品596,医药保健,476.77,0.6667,0.38,4.0,0.0752952255631958,7364
爆款高转化池,P001016,野兽派礼品鲜花商品306,礼品鲜花,301.88,0.7778,0.62,4.4,0.09183234913717046,6418
爆款高转化池,P001017,三星手机数码商品108,手机数码,1269.98,0.4286,0.51,4.0,0.13979658894043615,7074
爆款高转化池,P001019,三只松鼠食品生鲜商品599,食品生鲜,405.68,0.5,0.69,4.5,0.14851836164515536,8410
爆款高转化池,P001020,施华洛世奇礼品鲜花商品726,礼品鲜花,935.93,0.5,0.57,4.5,0.07185241039800251,7993
爆款高转化池,P001021,美的家用电器商品640,家用电器,642.65,0.5,0.37,4.67,0.1289479027873427,9443
爆款高转化池,P001024,人民邮电出版社图书音像商品546,图书音像,30.6,0.4286,0.55,4.5,0.1419916288894961,4718
爆款高转化池,P001025,Swisse医药保健商品580,医药保健,350.41,0.5714,0.51,4.0,0.16991573399962717,3802
爆款高转化池,P001026,探路者运动户外商品701,运动户外,909.98,0.4,0.53,4.5,0.12223206580990649,5556
爆款高转化池,P001027,MK箱包配饰商品234,箱包配饰,884.34,0.5455,0.7,4.5,0.12411423141418454,6395
爆款高转化池,P001029,野兽派礼品鲜花商品389,礼品鲜花,693.79,0.6667,0.37,5.0,0.2127159394532777,1412
爆款高转化池,P001031,诺誓礼品鲜花商品203,礼品鲜花,795.55,0.4,0.48,4.5,0.12274149886521588,8089
爆款高转化池,P001032,蒙牛食品生鲜商品314,食品生鲜,561.26,0.7143,0.56,4.6,0.17062392118999356,297
爆款高转化池,P001033,索菲亚家居家装商品465,家居家装,680.16,0.6,0.49,4.0,0.10459081043398558,2862
爆款高转化池,P001034,皇家宠物用品商品926,宠物用品,73.03,0.75,0.44,5.0,0.15588342839484995,7055
爆款高转化池,P001035,耐克服装鞋包商品223,服装鞋包,1145.86,0.5714,0.5,4.23,0.09951658457731134,7968
爆款高转化池,P001038,施华洛世奇礼品鲜花商品206,礼品鲜花,709.34,0.5,0.54,4.5,0.14919793383944774,7173
爆款高转化池,P001040,周生生珠宝首饰商品943,珠宝首饰,1146.82,0.5,0.36,5.0,0.1538954906766809,8311
爆款高转化池,P001041,H&M服装鞋包商品745,服装鞋包,280.22,0.4286,0.54,4.33,0.14657499330056148,3365
爆款高转化池,P001042,GUCCI箱包配饰商品260,箱包配饰,731.07,0.4444,0.59,4.75,0.192367357174002,7233
爆款高转化池,P001045,麦富迪宠物用品商品549,宠物用品,969.94,0.5,0.53,4.33,0.18722530441170585,107
爆款高转化池,P001046,苏泊尔家用电器商品449,家用电器,2650.69,0.75,0.3,4.33,0.19433073713370355,2805
爆款高转化池,P001047,阿迪达斯服装鞋包商品481,服装鞋包,1444.64,0.5,0.32,4.23,0.2495194211593163,6799
爆款高转化池,P001048,曲美家居家装商品255,家居家装,755.67,0.4,0.66,4.5,0.12929914405488135,8677
爆款高转化池,P001049,美赞臣母婴用品商品241,母婴用品,803.75,0.4167,0.64,4.5,0.15479841678586473,6773
爆款高转化池,P001051,施华洛世奇珠宝首饰商品130,珠宝首饰,913.03,0.4,0.43,4.23,0.15188321134987443,162
爆款高转化池,P001052,钙尔奇医药保健商品186,医药保健,344.92,0.7,0.71,4.6,0.1563130556676035,6580
爆款高转化池,P001053,老凤祥珠宝首饰商品544,珠宝首饰,169.86,0.5,0.71,4.0,0.1419679292540252,607
爆款高转化池,P001054,米其林汽车用品商品688,汽车用品,933.57,0.5,0.99,4.0,0.1442256411767275,8516
爆款高转化池,P001055,福临门食品生鲜商品511,食品生鲜,886.93,0.4444,0.5,4.0,0.15638857407453616,9070
爆款高转化池,P001057,vivo手机数码商品640,手机数码,5078.01,0.4,0.5,4.0,0.10549634837822959,2406
爆款高转化池,P001060,COACH箱包配饰商品894,箱包配饰,205.32,0.6,0.52,4.5,0.10898295581142443,4940
爆款高转化池,P001061,优衣库服装鞋包商品650,服装鞋包,702.26,0.4444,0.69,5.0,0.12464854336035429,2064
爆款高转化池,P001066,网易严选宠物用品商品365,宠物用品,630.72,0.4286,0.48,4.0,0.13260746311194077,5807
爆款高转化池,P001068,博库网图书音像商品686,图书音像,739.49,0.5,0.36,5.0,0.11913835688086499,7424
爆款高转化池,P001070,施华洛世奇礼品鲜花商品742,礼品鲜花,668.87,0.5,0.42,4.0,0.1463812042246091,9757
爆款高转化池,P001071,戴森家用电器商品406,家用电器,2634.02,0.5,0.69,4.5,0.1763548800123799,9384
爆款高转化池,P001072,米其林汽车用品商品831,汽车用品,3332.49,0.7778,0.55,4.4,0.18635526385792436,4057
爆款高转化池,P001073,海澜之家服装鞋包商品628,服装鞋包,1185.62,0.5,0.54,4.67,0.13830574875960183,5919
爆款高转化池,P001074,当当图书音像商品250,图书音像,714.52,0.5,0.34,4.5,0.19981191518727962,6751
爆款高转化池,P001077,帮宝适母婴用品商品992,母婴用品,271.06,0.5714,0.46,4.67,0.1589018393709444,8172
爆款高转化池,P001079,九芝堂医药保健商品943,医药保健,171.21,1.0,0.26,4.23,0.07287233799977862,8286
爆款高转化池,P001080,薇诺娜美妆护肤商品828,美妆护肤,942.54,0.5,0.63,4.0,0.14293328447100645,8408
爆款高转化池,P001082,小米手机数码商品672,手机数码,3269.99,1.0,0.22,5.0,0.18676152845223892,1945
爆款高转化池,P001084,三只松鼠食品生鲜商品635,食品生鲜,161.77,0.4167,0.74,4.4,0.13812250841818832,6086
爆款高转化池,P001085,金龙鱼食品生鲜商品410,食品生鲜,301.04,0.75,0.35,4.0,0.06180427153970139,458
爆款高转化池,P001086,老凤祥珠宝首饰商品245,珠宝首饰,1578.4,0.5,0.57,4.5,0.1591931520490042,6910
爆款高转化池,P001089,强生母婴用品商品686,母婴用品,316.6,0.4,0.44,4.23,0.12963035958877933,7411
爆款高转化池,P001091,SK-II美妆护肤商品616,美妆护肤,1291.1,0.5,0.4,4.5,0.1538417089604504,7371
爆款高转化池,P001092,海康威视汽车用品商品252,汽车用品,6997.59,0.4,0.41,5.0,0.18575802487127355,5328
爆款高转化池,P001094,宜家家居家装商品786,家居家装,891.14,0.4,0.32,4.0,0.17599513790579005,4544
爆款高转化池,P001095,壳牌汽车用品商品986,汽车用品,1742.11,0.4,0.37,5.0,0.14060185018873464,406
爆款高转化池,P001096,施华洛世奇礼品鲜花商品915,礼品鲜花,773.88,0.4444,0.7,4.33,0.16573506799779292,5060
爆款高转化池,P001097,李宁运动户外商品759,运动户外,563.76,0.4,0.71,4.0,0.15231716304200066,3152
爆款高转化池,P001098,潘多拉礼品鲜花商品690,礼品鲜花,760.04,0.4286,0.57,5.0,0.1426089277174128,9342
爆款高转化池,P001102,马可波罗家居家装商品703,家居家装,54.53,0.6,0.96,4.6,0.11570578998039906,381
爆款高转化池,P001105,361度运动户外商品392,运动户外,152.59,0.6,0.39,4.0,0.1769587262046921,4187
爆款高转化池,P001106,周生生珠宝首饰商品257,珠宝首饰,648.25,0.5556,0.63,4.6,0.1530186542817898,6672
爆款高转化池,P001107,米其林汽车用品商品160,汽车用品,5108.57,0.6,0.41,4.67,0.19652686767162963,5329
爆款高转化池,P001108,雅诗兰黛美妆护肤商品830,美妆护肤,164.08,0.4444,0.64,4.0,0.10320855544552081,6388
爆款高转化池,P001109,海澜之家服装鞋包商品245,服装鞋包,855.0,0.6,0.48,4.5,0.20176713888387526,5311
爆款高转化池,P001110,福临门食品生鲜商品947,食品生鲜,900.51,0.4444,0.66,4.33,0.16877333549152626,849
爆款高转化池,P001111,西门子家用电器商品870,家用电器,4977.53,0.4,0.52,5.0,0.18075242978372147,3874
爆款高转化池,P001112,中信出版社图书音像商品870,图书音像,509.38,0.6,0.38,5.0,0.22672793239556607,1885
爆款高转化池,P001113,三只松鼠食品生鲜商品425,食品生鲜,470.18,0.4,0.5,4.5,0.2276179702747681,6669
爆款高转化池,P001117,福临门食品生鲜商品556,食品生鲜,93.07,0.4167,0.77,5.0,0.1629405556871839,8199
爆款高转化池,P001118,格力家用电器商品482,家用电器,4553.3,0.4444,0.53,4.0,0.11839969371555822,2755
爆款高转化池,P001121,米其林汽车用品商品100,汽车用品,951.31,0.625,0.57,5.0,0.18403570929498778,7900
爆款高转化池,P001123,麦富迪宠物用品商品699,宠物用品,842.28,0.6667,0.29,5.0,0.18975445926934098,4609
爆款高转化池,P001126,同仁堂医药保健商品999,医药保健,437.64,0.5714,0.53,4.5,0.1461424704250039,8270
爆款高转化池,P001127,施华洛世奇珠宝首饰商品798,珠宝首饰,1893.55,0.5,0.47,4.5,0.12616744618751474,4282
爆款高转化池,P001128,明牌珠宝首饰商品379,珠宝首饰,529.56,0.5,0.51,5.0,0.17566682719873775,5269
爆款高转化池,P001129,曲美家居家装商品570,家居家装,959.4,0.6667,0.76,4.5,0.1619059387432999,5381
爆款高转化池,P001130,小米手机数码商品761,手机数码,7416.93,0.4444,0.56,4.33,0.12294394249585494,9974
爆款高转化池,P001132,迪卡侬运动户外商品880,运动户外,398.86,0.6,0.64,4.0,0.15414111851725248,1329
爆款高转化池,P001133,周生生珠宝首饰商品651,珠宝首饰,110.35,0.4286,0.53,4.0,0.11978997233587177,7293
爆款高转化池,P001135,网易严选宠物用品商品496,宠物用品,185.41,0.4286,0.44,4.0,0.15393701792580658,138
爆款高转化池,P001137,OPPO手机数码商品860,手机数码,648.36,0.6667,0.47,5.0,0.13511099972015528,4606
爆款高转化池,P001142,阿迪达斯服装鞋包商品682,服装鞋包,1025.63,0.5,0.52,4.0,0.18141192480944446,2793
爆款高转化池,P001145,自然堂美妆护肤商品683,美妆护肤,1718.18,0.5714,0.51,4.25,0.11528164757522083,8570
爆款高转化池,P001147,同仁堂医药保健商品797,医药保健,564.51,0.5,0.44,4.0,0.08755320194080878,7437
爆款高转化池,P001148,一加手机数码商品756,手机数码,5548.25,0.4286,0.48,4.0,0.16356943207933636,849
爆款高转化池,P001151,宜家家居家装商品838,家居家装,232.3,0.6667,0.79,4.75,0.19921607325232304,4553
爆款高转化池,P001153,美赞臣母婴用品商品442,母婴用品,90.99,0.4667,0.96,4.67,0.13426643720234058,9368
爆款高转化池,P001154,周大福珠宝首饰商品855,珠宝首饰,489.97,0.4444,0.66,5.0,0.12005376805978685,6943
爆款高转化池,P001155,耐克服装鞋包商品301,服装鞋包,370.74,0.4545,0.74,4.67,0.13338295698249084,5092
爆款高转化池,P001156,ZARA服装鞋包商品128,服装鞋包,985.93,0.6,0.37,4.67,0.18127465463333312,393
爆款高转化池,P001157,施华洛世奇礼品鲜花商品442,礼品鲜花,842.1,0.7778,0.52,4.33,0.14220942061390945,4049
爆款高转化池,P001159,网易严选宠物用品商品632,宠物用品,796.17,0.5,0.52,5.0,0.12172911395422921,1194
爆款高转化池,P001160,明牌珠宝首饰商品882,珠宝首饰,236.56,0.75,0.56,4.5,0.1719774213866747,7314
爆款高转化池,P001161,Roseonly礼品鲜花商品187,礼品鲜花,974.78,0.5,0.66,4.33,0.12038937301261025,546
爆款高转化池,P001162,好奇母婴用品商品968,母婴用品,696.43,0.75,0.38,4.33,0.13173743780744135,2089
爆款高转化池,P001163,荣耀手机数码商品156,手机数码,2761.03,0.4,0.66,4.67,0.14879919687570933,7075
爆款高转化池,P001165,福临门食品生鲜商品511,食品生鲜,104.87,0.6,0.38,4.67,0.16616130463423437,6735
爆款高转化池,P001166,美的家用电器商品564,家用电器,3379.4,0.6,0.36,4.5,0.15253930801564636,7014
爆款高转化池,P001167,外交官箱包配饰商品447,箱包配饰,654.41,0.5,0.47,4.67,0.08014059773358322,425
爆款高转化池,P001173,自然堂美妆护肤商品698,美妆护肤,899.9,0.5714,0.55,4.0,0.13607319682854488,5861
爆款高转化池,P001174,良品铺子食品生鲜商品250,食品生鲜,474.83,0.4286,0.59,4.33,0.0896198946168295,9884
爆款高转化池,P001175,索菲亚家居家装商品477,家居家装,970.57,0.4286,0.52,4.5,0.09497763318112296,8481
爆款高转化池,P001178,固特异汽车用品商品904,汽车用品,1013.03,0.5,0.61,4.5,0.16198174066913928,3102
爆款高转化池,P001181,索菲亚家居家装商品528,家居家装,335.33,0.8333,0.46,4.0,0.1921752346171339,1717
爆款高转化池,P001182,当当图书音像商品607,图书音像,227.21,0.7778,0.73,4.5,0.14990897363318997,60
爆款高转化池,P001183,固特异汽车用品商品809,汽车用品,2227.06,0.6667,0.29,4.0,0.09973463493964058,3492
爆款高转化池,P001186,宜家家居家装商品175,家居家装,364.31,0.5714,0.54,4.67,0.13495370619018363,9088
爆款高转化池,P001189,松下家用电器商品278,家用电器,2142.09,0.4444,0.69,4.75,0.17944087819135623,4292
爆款高转化池,P001190,善存医药保健商品447,医药保健,849.06,0.5556,0.66,4.67,0.14757858936925314,4029
爆款高转化池,P001196,SK-II美妆护肤商品913,美妆护肤,419.8,0.5,0.69,4.4,0.1411448696588315,8725
爆款高转化池,P001197,好奇母婴用品商品425,母婴用品,603.55,0.5714,0.45,4.33,0.15013773236887276,4006
爆款高转化池,P001198,新秀丽箱包配饰商品881,箱包配饰,619.87,0.5,0.41,5.0,0.174827269543808,3098
爆款高转化池,P001200,vivo手机数码商品993,手机数码,1448.44,0.4,0.77,5.0,0.17384914581472427,8327
爆款高转化池,P001201,诺誓礼品鲜花商品314,礼品鲜花,730.03,0.5,0.53,5.0,0.1686188483513045,7711
爆款高转化池,P001204,云南白药医药保健商品638,医药保健,697.56,0.4,0.45,5.0,0.19930943799120668,8106
爆款高转化池,P001207,京东图书图书音像商品505,图书音像,226.41,0.6667,0.76,4.2,0.09647264686396413,6963
爆款高转化池,P001209,百草味食品生鲜商品237,食品生鲜,754.11,0.7,0.65,4.2,0.171132232768511,4834
爆款高转化池,P001210,中信出版社图书音像商品460,图书音像,237.88,0.4286,0.97,4.4,0.14900835158233994,674
爆款高转化池,P001211,中信出版社图书音像商品736,图书音像,343.01,0.5,0.61,4.5,0.15599911528071794,7391
爆款高转化池,P001212,新华书店图书音像商品518,图书音像,373.84,0.6,0.47,4.33,0.2138091726123757,8151
爆款高转化池,P001214,松下家用电器商品760,家用电器,1069.16,0.4545,0.79,4.67,0.15926828055757092,1350
爆款高转化池,P001217,戴森家用电器商品301,家用电器,5563.3,0.4286,0.52,4.5,0.15533771765079366,4096
爆款高转化池,P001219,耐威克宠物用品商品108,宠物用品,772.38,0.5,0.46,4.33,0.17936905248690382,4617
爆款高转化池,P001220,网易严选宠物用品商品901,宠物用品,996.87,0.75,0.31,4.0,0.13755504852720318,6647
爆款高转化池,P001223,京东图书图书音像商品628,图书音像,591.13,0.6667,0.69,4.5,0.14877986980393532,9054
爆款高转化池,P001226,潮宏基珠宝首饰商品314,珠宝首饰,905.43,0.5,0.47,5.0,0.1894520385406578,9149
爆款高转化池,P001227,三星手机数码商品242,手机数码,4831.31,0.5556,0.69,4.0,0.12661623557466317,2102
爆款高转化池,P001228,三只松鼠食品生鲜商品611,食品生鲜,812.3,0.5,0.82,4.5,0.161084536220197,5810
爆款高转化池,P001229,曲美家居家装商品529,家居家装,431.46,0.5,0.72,4.5,0.10698534851915335,6608
爆款高转化池,P001230,潘多拉珠宝首饰商品433,珠宝首饰,1194.56,0.8,0.32,5.0,0.15006594478640195,9299
爆款高转化池,P001231,周大福珠宝首饰商品242,珠宝首饰,349.7,0.5,0.37,5.0,0.08813984270813423,5410
爆款高转化池,P001232,施华洛世奇礼品鲜花商品918,礼品鲜花,606.97,0.5385,0.77,4.2,0.1436466921007926,9958
爆款高转化池,P001233,诺誓礼品鲜花商品490,礼品鲜花,212.16,0.5,0.53,4.5,0.141198950430132,6400
爆款高转化池,P001235,诺誓礼品鲜花商品754,礼品鲜花,895.8,0.6,0.64,5.0,0.13424583473239698,1527
爆款高转化池,P001237,小佩宠物用品商品127,宠物用品,194.83,0.625,0.62,4.2,0.15507173194046153,1138
爆款高转化池,P001242,人民邮电出版社图书音像商品170,图书音像,395.1,0.7143,0.62,4.5,0.13864297256858915,3382
爆款高转化池,P001243,欧莱雅美妆护肤商品417,美妆护肤,892.79,0.4286,0.53,4.33,0.14984476912195097,7778
爆款高转化池,P001244,自然堂美妆护肤商品701,美妆护肤,445.8,0.4,0.36,5.0,0.17841068245289,7519
爆款高转化池,P001245,蒙牛食品生鲜商品107,食品生鲜,991.17,0.6,0.64,4.67,0.1430288679350246,7302
爆款高转化池,P001246,七匹狼服装鞋包商品719,服装鞋包,1624.75,0.5,0.75,4.5,0.17733024124740604,8615
爆款高转化池,P001247,东鹏家居家装商品571,家居家装,468.07,0.8333,0.42,4.5,0.07814213910423928,640
爆款高转化池,P001248,钙尔奇医药保健商品394,医药保健,649.84,0.625,0.51,4.0,0.1568390175225584,7476
爆款高转化池,P001249,索菲亚家居家装商品500,家居家装,616.9,0.4,0.77,4.5,0.188855891501559,2869
爆款高转化池,P001251,新华书店图书音像商品774,图书音像,191.61,0.4167,0.67,4.5,0.18358708952358507,9316
爆款高转化池,P001252,七匹狼服装鞋包商品815,服装鞋包,1894.09,0.4167,0.72,4.2,0.10736234096098962,3927
爆款高转化池,P001254,百草味食品生鲜商品814,食品生鲜,729.27,0.4286,0.64,5.0,0.173286926730626,3559
爆款高转化池,P001255,MK箱包配饰商品521,箱包配饰,992.47,0.4286,0.54,4.0,0.16955925157384305,9057
爆款高转化池,P001256,海澜之家服装鞋包商品178,服装鞋包,1523.02,0.6667,0.55,5.0,0.1148259582391286,8264
爆款高转化池,P001259,好奇母婴用品商品863,母婴用品,405.35,0.4,0.43,5.0,0.11737259502935045,3185
爆款高转化池,P001264,Roseonly礼品鲜花商品281,礼品鲜花,301.2,0.6,0.42,5.0,0.1596704960737672,8759
爆款高转化池,P001265,九芝堂医药保健商品272,医药保健,86.81,0.6,0.34,5.0,0.0938844755018982,183
爆款高转化池,P001269,壳牌汽车用品商品499,汽车用品,5677.6,0.8,0.37,4.0,0.23244845514612397,7274
爆款高转化池,P001273,曲美家居家装商品796,家居家装,672.26,0.5,0.64,4.5,0.11474980711068133,3613
爆款高转化池,P001274,外交官箱包配饰商品916,箱包配饰,837.03,0.4286,0.43,4.5,0.15090344367337055,2750
爆款高转化池,P001275,善存医药保健商品145,医药保健,421.52,0.6,0.33,4.33,0.08736569563209366,1764
爆款高转化池,P001277,野兽派礼品鲜花商品654,礼品鲜花,401.11,0.5,0.27,5.0,0.2016621332747372,7010
爆款高转化池,P001278,耐克服装鞋包商品318,服装鞋包,256.48,0.4,0.42,4.0,0.14395620123751435,5298
爆款高转化池,P001280,美赞臣母婴用品商品569,母婴用品,227.9,0.5,0.75,4.2,0.16571846632837609,4562
爆款高转化池,P001281,卡仕达汽车用品商品144,汽车用品,1004.98,0.4,0.48,5.0,0.1875976450600399,3580
爆款高转化池,P001282,花王母婴用品商品885,母婴用品,602.88,1.0,0.28,4.0,0.06443617957765811,1668
爆款高转化池,P001283,善存医药保健商品357,医药保健,959.44,0.4444,0.57,5.0,0.12961374124438996,9828
爆款高转化池,P001284,马可波罗家居家装商品794,家居家装,925.31,0.5,0.46,5.0,0.17401264874797107,2177
爆款高转化池,P001285,全友家居家居家装商品750,家居家装,764.1,0.75,0.34,5.0,0.13771222411133235,5209
爆款高转化池,P001286,小佩宠物用品商品169,宠物用品,341.75,0.625,0.54,4.33,0.15839395932258998,9970
爆款高转化池,P001287,MK箱包配饰商品491,箱包配饰,515.92,0.5,0.72,4.33,0.15659253983453228,3808
爆款高转化池,P001291,蒙牛食品生鲜商品255,食品生鲜,381.99,0.4286,0.69,4.33,0.1766530113108276,621
爆款高转化池,P001294,始祖鸟运动户外商品763,运动户外,814.58,0.5,0.5,4.0,0.1595286223532786,388
爆款高转化池,P001297,诺誓礼品鲜花商品633,礼品鲜花,328.42,0.5,0.52,5.0,0.0703623488876945,7247
爆款高转化池,P001303,松下家用电器商品392,家用电器,4823.16,0.6667,0.29,4.0,0.1492981683304718,3299
爆款高转化池,P001304,五粮液食品生鲜商品181,食品生鲜,951.5,1.0,0.32,4.5,0.15588404367982991,5891
爆款高转化池,P001305,帮宝适母婴用品商品271,母婴用品,476.01,0.5,0.77,4.0,0.1267337916072465,6925
爆款高转化池,P001306,始祖鸟运动户外商品878,运动户外,164.32,0.4,0.36,4.0,0.13716916574821456,7897
爆款高转化池,P001308,潘多拉礼品鲜花商品256,礼品鲜花,557.32,0.4167,0.71,4.25,0.13964521664401744,2878
爆款高转化池,P001313,好奇母婴用品商品493,母婴用品,494.66,0.5,0.52,4.0,0.1682847128452135,9638
爆款高转化池,P001314,七匹狼服装鞋包商品139,服装鞋包,1985.32,0.6667,0.38,4.0,0.10226982813058821,2039
爆款高转化池,P001315,爱他美母婴用品商品298,母婴用品,765.32,0.4,0.66,4.0,0.14717253083653284,4182
爆款高转化池,P001317,汤臣倍健医药保健商品766,医药保健,391.48,0.4545,0.74,4.67,0.19239558986939284,6947
爆款高转化池,P001318,Swisse医药保健商品348,医药保健,482.95,0.75,0.37,5.0,0.15035263161407408,5921
爆款高转化池,P001321,潘多拉礼品鲜花商品778,礼品鲜花,843.1,0.6,0.45,4.5,0.1700618369663824,202
爆款高转化池,P001323,飞鹤母婴用品商品630,母婴用品,910.85,0.5,0.77,4.4,0.17838437837601534,6929
爆款高转化池,P001325,始祖鸟运动户外商品700,运动户外,314.9,0.4,0.34,4.5,0.12816549569478236,6743
爆款高转化池,P001326,周生生珠宝首饰商品211,珠宝首饰,1290.55,0.4286,0.62,5.0,0.1202303065651633,5642
爆款高转化池,P001327,比瑞吉宠物用品商品375,宠物用品,751.24,0.6,0.52,4.5,0.15587137806520834,6520
爆款高转化池,P001328,同仁堂医药保健商品106,医药保健,987.16,0.75,0.43,4.67,0.04065613715292238,8056
爆款高转化池,P001333,中信出版社图书音像商品933,图书音像,220.45,0.5,0.42,4.0,0.11345338676523187,3292
爆款高转化池,P001335,COACH箱包配饰商品551,箱包配饰,630.57,0.5,0.78,4.33,0.17736612567876608,1789
爆款高转化池,P001339,苹果手机数码商品372,手机数码,6138.49,0.4,0.41,5.0,0.16432617078530715,118
爆款高转化池,P001340,3M汽车用品商品199,汽车用品,2083.01,0.5,0.69,4.75,0.1711138789311428,118
爆款高转化池,P001341,花王母婴用品商品597,母婴用品,478.5,0.875,0.56,4.4,0.14152523922146126,5521
爆款高转化池,P001342,诺誓礼品鲜花商品444,礼品鲜花,377.08,0.7143,0.59,4.67,0.19385360029130114,5620
爆款高转化池,P001343,曲美家居家装商品469,家居家装,668.43,0.4286,0.54,5.0,0.2030624207053763,6200
爆款高转化池,P001344,Roseonly礼品鲜花商品464,礼品鲜花,874.35,0.5833,0.74,4.4,0.15264613229878835,1641
爆款高转化池,P001346,华为手机数码商品989,手机数码,4479.72,0.5,0.4,4.0,0.2189560439115956,4072
爆款高转化池,P001347,东鹏家居家装商品733,家居家装,689.32,0.4545,0.68,4.6,0.13409855121603986,7785
爆款高转化池,P001348,始祖鸟运动户外商品776,运动户外,196.06,0.5,0.68,4.25,0.11375507442953219,5278
爆款高转化池,P001349,三星手机数码商品994,手机数码,843.16,0.6,0.45,5.0,0.1649063272905008,5333
爆款高转化池,P001350,海康威视汽车用品商品339,汽车用品,5050.72,0.5,0.36,4.5,0.23284554418634607,6556
爆款高转化池,P001352,壳牌汽车用品商品851,汽车用品,3386.44,0.5,0.3,4.23,0.18419057315866055,9947
爆款高转化池,P001354,周大福珠宝首饰商品230,珠宝首饰,1020.95,0.4545,0.73,4.25,0.15689225825496259,1426
爆款高转化池,P001355,五粮液食品生鲜商品272,食品生鲜,897.44,0.4,0.38,4.0,0.06696813339277262,1895
爆款高转化池,P001357,兰蔻美妆护肤商品208,美妆护肤,898.04,0.6,0.34,4.5,0.17994422447005626,478
爆款高转化池,P001359,同仁堂医药保健商品781,医药保健,481.54,0.4286,0.58,4.0,0.1342729718431934,2016
爆款高转化池,P001362,周生生珠宝首饰商品759,珠宝首饰,719.29,0.5714,0.52,4.33,0.09149721553308494,6252
爆款高转化池,P001363,凌度汽车用品商品927,汽车用品,2250.26,0.75,0.48,4.5,0.11947264010257708,4244
爆款高转化池,P001364,阿迪达斯服装鞋包商品189,服装鞋包,267.2,0.5,0.48,4.0,0.18011427062128027,5574
爆款高转化池,P001366,全友家居家居家装商品973,家居家装,320.24,0.5,0.51,4.75,0.1899856915653957,6229
爆款高转化池,P001369,圣象家居家装商品916,家居家装,682.51,0.7143,0.55,4.8,0.16918502321715345,2069
爆款高转化池,P001370,探路者运动户外商品209,运动户外,401.36,0.5714,0.5,4.67,0.14551002770735577,8819
爆款高转化池,P001371,小佩宠物用品商品423,宠物用品,153.25,0.75,0.51,4.33,0.20068311499758207,4863
爆款高转化池,P001372,麦富迪宠物用品商品611,宠物用品,683.18,0.4286,0.51,4.5,0.17337660085787734,2415
爆款高转化池,P001373,花点时间礼品鲜花商品249,礼品鲜花,749.59,0.4,0.72,4.33,0.16646865668099636,562
爆款高转化池,P001374,花点时间礼品鲜花商品416,礼品鲜花,507.35,0.5,0.54,4.25,0.15304554312409574,2022
爆款高转化池,P001375,五粮液食品生鲜商品746,食品生鲜,830.4,0.4286,0.51,4.23,0.12083209454104334,8110
爆款高转化池,P001376,福临门食品生鲜商品160,食品生鲜,981.33,0.5556,0.68,4.75,0.11752523075361404,5458
爆款高转化池,P001377,欧莱雅美妆护肤商品968,美妆护肤,1478.68,0.6667,0.39,5.0,0.08508195225243818,3687
爆款高转化池,P001378,汤臣倍健医药保健商品986,医药保健,778.28,0.6,0.39,4.67,0.15484890415061783,7987
爆款高转化池,P001379,九芝堂医药保健商品406,医药保健,984.55,0.4286,0.41,4.67,0.11995121099970561,2608
爆款高转化池,P001385,人民邮电出版社图书音像商品267,图书音像,581.39,0.4615,0.78,4.0,0.1582483333591014,7239
爆款高转化池,P001386,东阿阿胶医药保健商品398,医药保健,898.25,0.4,0.71,4.5,0.1332674697951018,3436
爆款高转化池,P001390,海澜之家服装鞋包商品585,服装鞋包,400.28,0.5,0.39,4.0,0.10285905680533725,859
爆款高转化池,P001392,凌度汽车用品商品350,汽车用品,754.95,0.75,0.56,4.2,0.13460976614424214,3946
爆款高转化池,P001393,强生母婴用品商品409,母婴用品,691.1,0.625,0.52,4.6,0.14341963081602066,2826
爆款高转化池,P001394,凌度汽车用品商品894,汽车用品,5688.46,0.5,0.61,4.5,0.14151882447544883,1468
爆款高转化池,P001396,五粮液食品生鲜商品476,食品生鲜,21.49,0.5,0.62,4.5,0.15186946615750171,1910
爆款高转化池,P001398,美的家用电器商品700,家用电器,4797.36,0.5,0.36,4.5,0.19678460707988982,9381
爆款高转化池,P001399,博库网图书音像商品810,图书音像,747.91,0.75,0.31,4.0,0.10791487118962698,9713
爆款高转化池,P001401,良品铺子食品生鲜商品201,食品生鲜,331.98,0.4,0.33,5.0,0.1735400670203444,8806
爆款高转化池,P001402,珀莱雅美妆护肤商品932,美妆护肤,1416.45,0.75,0.56,4.33,0.08830630761127588,6451
爆款高转化池,P001405,SK-II美妆护肤商品105,美妆护肤,1131.71,0.75,0.51,4.5,0.08482028208629422,5149
爆款高转化池,P001408,阿迪达斯服装鞋包商品472,服装鞋包,1934.24,0.5,0.59,4.0,0.15414595930236213,2811
爆款高转化池,P001410,LV箱包配饰商品774,箱包配饰,538.76,0.5,0.49,5.0,0.14678336191342503,2291
爆款高转化池,P001413,3M汽车用品商品342,汽车用品,775.5,0.4,0.55,5.0,0.1905534644941629,2321
爆款高转化池,P001415,花点时间礼品鲜花商品384,礼品鲜花,137.21,0.4286,0.52,4.33,0.16989538804599275,6914
爆款高转化池,P001416,阿迪达斯服装鞋包商品366,服装鞋包,794.48,0.5385,0.74,4.4,0.17822858430201605,2675
爆款高转化池,P001418,善存医药保健商品648,医药保健,211.73,0.4,0.69,4.5,0.13463546864410525,4413
爆款高转化池,P001420,野兽派礼品鲜花商品529,礼品鲜花,823.35,0.4286,0.53,4.0,0.1253371843278358,5183
爆款高转化池,P001422,海尔家用电器商品376,家用电器,1434.66,0.4286,0.82,4.4,0.08597001326630464,1802
爆款高转化池,P001423,凌度汽车用品商品167,汽车用品,2970.18,0.75,0.51,4.5,0.12346499505993384,1457
爆款高转化池,P001424,圣象家居家装商品896,家居家装,280.52,0.5,0.63,4.2,0.15782592874251952,3698
爆款高转化池,P001427,骆驼运动户外商品702,运动户外,823.13,0.5385,0.92,4.67,0.15917886848645324,8021
爆款高转化池,P001429,骆驼运动户外商品722,运动户外,108.08,0.6,0.45,4.5,0.125075749403885,785
爆款高转化池,P001434,Swisse医药保健商品794,医药保健,612.62,0.4615,0.89,4.4,0.11178446251613455,7500
爆款高转化池,P001435,薇诺娜美妆护肤商品462,美妆护肤,1607.01,0.5714,0.53,4.5,0.16112419428321686,8228
爆款高转化池,P001437,百草味食品生鲜商品412,食品生鲜,412.45,0.5,0.57,4.25,0.14363008421538945,5123
爆款高转化池,P001438,冠能宠物用品商品749,宠物用品,88.68,0.5,0.48,5.0,0.13823565058779527,3932
爆款高转化池,P001439,H&M服装鞋包商品689,服装鞋包,161.95,0.4,0.65,4.5,0.14037643981736225,4683
爆款高转化池,P001443,新秀丽箱包配饰商品831,箱包配饰,430.73,0.4,0.44,4.5,0.16333675856673308,8754
爆款高转化池,P001449,冠能宠物用品商品397,宠物用品,306.19,0.6667,0.44,4.5,0.19183529070025304,4809
爆款高转化池,P001450,蒙牛食品生鲜商品102,食品生鲜,740.65,0.5556,0.69,4.33,0.19641041839784235,9319
爆款高转化池,P001452,皇家宠物用品商品574,宠物用品,893.57,0.5,0.43,4.33,0.1475132010544963,7999
爆款高转化池,P001453,三星手机数码商品106,手机数码,5116.48,0.75,0.32,4.5,0.11945331355387466,5382
爆款高转化池,P001454,金龙鱼食品生鲜商品209,食品生鲜,15.1,0.5,0.54,5.0,0.1266091902607502,3050
爆款高转化池,P001455,好奇母婴用品商品109,母婴用品,110.32,0.5714,0.45,4.25,0.18899909538465276,8061
爆款高转化池,P001457,飞鹤母婴用品商品599,母婴用品,16.84,0.6667,0.62,4.5,0.12482249986265066,4098
爆款高转化池,P001462,耐克服装鞋包商品391,服装鞋包,128.5,0.75,0.54,4.75,0.20631841895368228,6464
爆款高转化池,P001463,好奇母婴用品商品132,母婴用品,168.71,0.4,0.42,4.0,0.1957360670535267,3260
爆款高转化池,P001465,迪卡侬运动户外商品919,运动户外,684.92,0.5,0.4,4.5,0.15686989883392963,2087
爆款高转化池,P001467,兰蔻美妆护肤商品210,美妆护肤,1595.79,0.5455,0.69,4.8,0.18144262854592041,2066
爆款高转化池,P001469,三星手机数码商品539,手机数码,7823.29,0.5556,0.58,4.2,0.13801488791465236,131
爆款高转化池,P001471,潮宏基珠宝首饰商品353,珠宝首饰,1254.35,0.5,0.51,4.5,0.1625401419368849,8376
爆款高转化池,P001473,Swisse医药保健商品782,医药保健,822.4,0.4,0.4,4.0,0.09546979253604772,3250
爆款高转化池,P001478,OPPO手机数码商品193,手机数码,6982.63,0.5,0.54,5.0,0.12090141345489734,6231
爆款高转化池,P001479,花王母婴用品商品816,母婴用品,636.98,0.4444,0.64,4.5,0.14446943328544495,3791
爆款高转化池,P001482,金龙鱼食品生鲜商品828,食品生鲜,423.89,0.5,0.45,4.0,0.15685700077100606,5240
爆款高转化池,P001485,外交官箱包配饰商品541,箱包配饰,192.99,0.4286,0.52,4.5,0.16986017350579288,8049
爆款高转化池,P001489,诺誓礼品鲜花商品189,礼品鲜花,888.32,0.6667,0.76,4.33,0.151354668622463,2137
爆款高转化池,P001490,壳牌汽车用品商品142,汽车用品,4899.21,0.5714,0.92,4.4,0.18413209814567735,3120
爆款高转化池,P001492,花点时间礼品鲜花商品408,礼品鲜花,728.1,0.5556,0.61,4.0,0.1745264979074264,3309
爆款高转化池,P001495,圣象家居家装商品559,家居家装,633.57,0.4444,0.62,4.0,0.1732945869088713,1923
爆款高转化池,P001496,COACH箱包配饰商品169,箱包配饰,487.99,0.5714,0.48,4.0,0.16668028784235892,8581
爆款高转化池,P001500,H&M服装鞋包商品548,服装鞋包,1513.92,0.5,0.19,4.23,0.19685868317423963,6293
爆款高转化池,P001502,雅诗兰黛美妆护肤商品263,美妆护肤,1165.2,0.7143,0.52,5.0,0.12515693086001736,9701
爆款高转化池,P001504,同仁堂医药保健商品410,医药保健,853.95,0.4286,0.56,4.0,0.161420727353851,4855
爆款高转化池,P001505,同仁堂医药保健商品665,医药保健,127.91,0.5,0.68,4.5,0.15046690287850334,3668
爆款高转化池,P001506,OPPO手机数码商品398,手机数码,793.18,0.5,0.47,4.33,0.19390955624964987,2427
爆款高转化池,P001507,LV箱包配饰商品236,箱包配饰,277.73,0.5,0.79,4.8,0.18583429576307117,844
爆款高转化池,P001509,三星手机数码商品747,手机数码,5038.7,0.7,0.72,4.25,0.15901799537338124,6047
爆款高转化池,P001512,宜家家居家装商品740,家居家装,817.76,0.4,0.4,4.23,0.13065578059216637,5824
爆款高转化池,P001519,全友家居家居家装商品590,家居家装,102.75,0.5,0.4,4.0,0.09317367394366086,2973
爆款高转化池,P001526,Roseonly礼品鲜花商品486,礼品鲜花,390.15,0.5833,0.8,4.5,0.1591966284499575,1802
爆款高转化池,P001527,皇家宠物用品商品881,宠物用品,832.21,0.6667,0.43,4.33,0.09485977078798775,716
爆款高转化池,P001528,欧莱雅美妆护肤商品888,美妆护肤,213.01,0.5,0.35,5.0,0.11384199604944847,2336
爆款高转化池,P001529,3M汽车用品商品911,汽车用品,7747.71,0.5,0.16,5.0,0.05861357117413597,1742
爆款高转化池,P001533,美的家用电器商品656,家用电器,5690.31,0.4286,0.54,4.67,0.1502949122148292,8906
爆款高转化池,P001534,优衣库服装鞋包商品944,服装鞋包,136.83,0.5714,0.49,4.5,0.1764567707347055,8923
爆款高转化池,P001535,百草味食品生鲜商品623,食品生鲜,887.59,0.4286,0.52,4.67,0.1516954292815438,6804
爆款高转化池,P001536,雅诗兰黛美妆护肤商品329,美妆护肤,96.8,0.5,0.65,5.0,0.16354254352571243,6998
爆款高转化池,P001539,京东图书图书音像商品212,图书音像,232.28,0.5,0.56,5.0,0.13017115139822025,4617
爆款高转化池,P001542,好奇母婴用品商品714,母婴用品,189.55,0.5714,0.54,4.5,0.17310622173470108,6967
爆款高转化池,P001543,自然堂美妆护肤商品739,美妆护肤,1644.25,0.5,0.67,4.33,0.13783833998352724,5707
爆款高转化池,P001544,外交官箱包配饰商品377,箱包配饰,917.07,0.5,0.55,4.0,0.0990338540718234,6047
爆款高转化池,P001546,周大福珠宝首饰商品982,珠宝首饰,1869.54,0.8333,0.43,4.0,0.15642922600548967,2435
爆款高转化池,P001547,老凤祥珠宝首饰商品427,珠宝首饰,338.17,0.4286,0.52,4.67,0.15139084415700724,7318
爆款高转化池,P001551,人民邮电出版社图书音像商品523,图书音像,605.73,0.4444,0.55,4.0,0.15089120047436272,5463
爆款高转化池,P001553,迪卡侬运动户外商品645,运动户外,540.85,0.5,0.32,4.5,0.14411259277479305,3770
爆款高转化池,P001556,戴森家用电器商品102,家用电器,2024.6,0.5,0.57,4.67,0.17606915846612683,281
爆款高转化池,P001557,东鹏家居家装商品236,家居家装,921.7,0.5,0.35,4.0,0.11739290892227816,976
爆款高转化池,P001558,GUCCI箱包配饰商品469,箱包配饰,850.26,0.4,0.51,4.0,0.19514203027678206,2283
爆款高转化池,P001559,五粮液食品生鲜商品247,食品生鲜,836.9,0.4,0.59,5.0,0.16323229857748583,9035
爆款高转化池,P001561,小米手机数码商品220,手机数码,7715.39,0.4286,0.56,4.5,0.13033431946791774,2344
爆款高转化池,P001562,贝因美母婴用品商品812,母婴用品,965.26,0.6,0.5,4.0,0.14315601354354568,6089
爆款高转化池,P001563,华为手机数码商品778,手机数码,4862.05,0.4286,0.53,4.0,0.17832344593216262,7812
爆款高转化池,P001565,耐克服装鞋包商品178,服装鞋包,74.33,0.5714,0.53,4.33,0.1317269097361519,6823
爆款高转化池,P001568,人民邮电出版社图书音像商品811,图书音像,23.08,0.6,0.34,4.67,0.14705288700716557,1822
爆款高转化池,P001570,361度运动户外商品111,运动户外,402.43,0.5,0.73,4.4,0.14856196016415749,6940
爆款高转化池,P001574,Swisse医药保健商品510,医药保健,622.85,0.6667,0.41,4.33,0.13426197841396004,3586
爆款高转化池,P001575,爱他美母婴用品商品942,母婴用品,748.54,0.5455,0.64,4.33,0.12219526239938898,9163
爆款高转化池,P001577,马可波罗家居家装商品947,家居家装,386.67,0.4286,0.49,4.5,0.15549487457875782,895
爆款高转化池,P001580,OPPO手机数码商品388,手机数码,1720.7,0.75,0.32,4.5,0.0916571671933036,1744
爆款高转化池,P001582,西门子家用电器商品753,家用电器,7469.01,0.5455,0.87,4.2,0.12543792715269061,3937
爆款高转化池,P001585,三只松鼠食品生鲜商品465,食品生鲜,754.16,0.6,0.63,4.5,0.13956683182074275,6523
爆款高转化池,P001587,兰蔻美妆护肤商品439,美妆护肤,844.21,0.6667,0.5,4.5,0.10900274703589281,8250
爆款高转化池,P001588,H&M服装鞋包商品124,服装鞋包,1194.99,0.5455,0.69,4.75,0.14611712867444518,6260
爆款高转化池,P001589,中信出版社图书音像商品989,图书音像,853.51,0.8,0.33,4.33,0.06409484769879403,4753
爆款高转化池,P001590,SK-II美妆护肤商品798,美妆护肤,953.06,0.4286,0.5,4.67,0.15567585775035778,1528
爆款高转化池,P001594,金龙鱼食品生鲜商品738,食品生鲜,857.39,0.6667,0.3,5.0,0.16973035843178,7059
爆款高转化池,P001595,一加手机数码商品344,手机数码,2066.15,0.6667,0.26,4.0,0.17556701971372957,10000
爆款高转化池,P001597,优衣库服装鞋包商品246,服装鞋包,1544.32,0.4,0.69,4.67,0.1544037117182766,5071
爆款高转化池,P001602,米其林汽车用品商品226,汽车用品,7787.6,0.4545,0.78,4.4,0.17870545259128912,7999
爆款高转化池,P001604,比瑞吉宠物用品商品551,宠物用品,373.06,0.5,0.37,4.5,0.10260108724893661,5138
爆款高转化池,P001610,壳牌汽车用品商品457,汽车用品,3994.08,0.6,0.49,5.0,0.10607251709049856,8767
爆款高转化池,P001612,COACH箱包配饰商品886,箱包配饰,438.78,0.5,0.49,4.67,0.16868373320280164,6578
爆款高转化池,P001613,顾家家居家居家装商品424,家居家装,349.0,0.5714,0.41,4.67,0.1730534707423555,9901
爆款高转化池,P001614,京东图书图书音像商品819,图书音像,743.87,0.4,0.34,4.0,0.07946828695673562,1873
爆款高转化池,P001615,五粮液食品生鲜商品139,食品生鲜,549.63,0.4286,0.67,4.0,0.151790953582594,7699
爆款高转化池,P001617,潮宏基珠宝首饰商品163,珠宝首饰,1876.1,0.5556,0.71,4.5,0.19200811588180874,5922
爆款高转化池,P001621,飞鹤母婴用品商品405,母婴用品,875.04,0.4286,0.57,4.5,0.17290768498331407,7396
爆款高转化池,P001626,九芝堂医药保健商品463,医药保健,913.47,0.4,0.46,4.0,0.09788114716729249,9344
爆款高转化池,P001628,海尔家用电器商品840,家用电器,5509.72,0.8,0.34,4.5,0.1885647277407729,2369
爆款高转化池,P001630,Samsonite箱包配饰商品611,箱包配饰,865.66,0.4444,0.65,4.0,0.19482850647132102,1861
爆款高转化池,P001632,京东图书图书音像商品749,图书音像,454.84,0.5,0.44,4.5,0.1517752651294257,9476
爆款高转化池,P001633,优衣库服装鞋包商品323,服装鞋包,1504.13,0.4167,0.97,4.5,0.15896528507042454,3074
爆款高转化池,P001634,爱他美母婴用品商品715,母婴用品,383.78,0.6,0.64,4.0,0.15031782702156946,5703
爆款高转化池,P001640,好奇母婴用品商品281,母婴用品,557.23,0.5,0.54,4.5,0.14353741929785993,2664
爆款高转化池,P001642,博世汽车用品商品818,汽车用品,5152.82,0.8,0.41,4.67,0.11101146034495948,1625
爆款高转化池,P001643,ZARA服装鞋包商品191,服装鞋包,1316.77,0.4,0.4,5.0,0.16465833117004475,6738
爆款高转化池,P001644,波司登服装鞋包商品867,服装鞋包,1515.87,0.75,0.39,4.0,0.13988849446159135,8924
爆款高转化池,P001645,波司登服装鞋包商品615,服装鞋包,1183.41,0.4286,0.5,4.33,0.09123194789479895,534
爆款高转化池,P001650,骆驼运动户外商品374,运动户外,880.81,0.4,0.39,5.0,0.08688565904241413,4333
爆款高转化池,P001653,网易严选宠物用品商品443,宠物用品,178.71,0.8,0.41,4.5,0.11863003844203272,9374
爆款高转化池,P001655,施华洛世奇礼品鲜花商品502,礼品鲜花,830.26,0.5,0.38,4.5,0.07927893157163735,9467
爆款高转化池,P001659,潮宏基珠宝首饰商品963,珠宝首饰,1536.24,0.5556,0.58,4.5,0.15308734630326037,4263
爆款高转化池,P001661,一加手机数码商品111,手机数码,5216.71,0.8,0.44,4.0,0.17158995507360814,9720
爆款高转化池,P001663,诺誓礼品鲜花商品125,礼品鲜花,744.92,0.6667,0.35,4.0,0.10074322843712247,2138
爆款高转化池,P001667,百草味食品生鲜商品247,食品生鲜,631.16,0.5,0.34,5.0,0.16479760975616395,9492
爆款高转化池,P001672,波司登服装鞋包商品740,服装鞋包,198.81,0.4286,0.49,4.67,0.14303230317371654,6879
爆款高转化池,P001673,好奇母婴用品商品748,母婴用品,909.22,0.5,0.4,5.0,0.05988999528654888,2639
爆款高转化池,P001675,3M汽车用品商品220,汽车用品,7819.37,0.6364,0.81,4.4,0.18059379038146434,5681
爆款高转化池,P001678,安踏运动户外商品630,运动户外,516.63,0.5,0.31,4.5,0.12065061899745866,2496
爆款高转化池,P001680,全友家居家居家装商品325,家居家装,92.61,0.8,0.44,4.5,0.15894845547306743,2073
爆款高转化池,P001683,帮宝适母婴用品商品297,母婴用品,257.59,0.5,0.44,5.0,0.21543720207197706,3242
爆款高转化池,P001684,博世汽车用品商品502,汽车用品,1271.71,0.4,0.42,5.0,0.154545160547998,9626
爆款高转化池,P001685,良品铺子食品生鲜商品913,食品生鲜,213.77,0.4545,0.65,4.8,0.1264696420227448,7992
爆款高转化池,P001686,强生母婴用品商品533,母婴用品,600.37,0.5,0.51,4.0,0.1500500883661996,4451
爆款高转化池,P001687,网易严选宠物用品商品737,宠物用品,116.48,0.5714,0.63,5.0,0.1274299409960563,6275
爆款高转化池,P001689,京东图书图书音像商品134,图书音像,958.52,0.5,0.6,4.5,0.1469844073598932,4146
爆款高转化池,P001694,优衣库服装鞋包商品426,服装鞋包,1392.17,0.8,0.62,4.5,0.1804583725982615,5388
爆款高转化池,P001696,李宁运动户外商品494,运动户外,290.78,0.5,0.59,4.5,0.14380787365318343,3476
爆款高转化池,P001698,外交官箱包配饰商品687,箱包配饰,893.74,0.4615,0.97,4.25,0.1239972389624858,6909
爆款高转化池,P001700,美的家用电器商品921,家用电器,4204.51,0.6667,0.46,4.33,0.15919952769593698,766
爆款高转化池,P001701,福临门食品生鲜商品222,食品生鲜,132.85,0.8,0.46,5.0,0.08772524146252,2803
爆款高转化池,P001703,vivo手机数码商品118,手机数码,5327.5,0.4286,0.53,4.0,0.15430725336094472,9433
爆款高转化池,P001705,苹果手机数码商品445,手机数码,5335.82,0.5,0.52,4.67,0.21471114446146755,1137
爆款高转化池,P001706,当当图书音像商品949,图书音像,804.49,0.5833,0.79,5.0,0.15474068708354424,4931
爆款高转化池,P001708,哥伦比亚运动户外商品605,运动户外,616.2,0.5,0.39,5.0,0.1774045246662233,6444
爆款高转化池,P001709,五粮液食品生鲜商品605,食品生鲜,850.19,0.4286,0.47,4.0,0.17770413071753266,1989
爆款高转化池,P001710,网易严选宠物用品商品732,宠物用品,111.72,0.8,0.59,4.6,0.11611518220087261,3670
爆款高转化池,P001711,苹果手机数码商品242,手机数码,1288.52,0.4444,0.6,4.67,0.17116988304714265,5289
爆款高转化池,P001712,pidan宠物用品商品331,宠物用品,178.49,0.4,0.7,4.75,0.13684347015203038,3131
爆款高转化池,P001713,云南白药医药保健商品935,医药保健,903.85,0.4286,0.63,4.5,0.12874625348436514,80
爆款高转化池,P001715,优衣库服装鞋包商品411,服装鞋包,196.33,0.4,0.39,5.0,0.14423582177060323,5395
爆款高转化池,P001717,诺誓礼品鲜花商品222,礼品鲜花,135.03,0.5,0.51,4.0,0.19050531934154194,2424
爆款高转化池,P001718,潮宏基珠宝首饰商品752,珠宝首饰,921.22,0.5,0.61,5.0,0.1869231854004546,2004
爆款高转化池,P001719,探路者运动户外商品691,运动户外,483.15,0.5,0.71,5.0,0.10893283289902038,8029
爆款高转化池,P001721,阿迪达斯服装鞋包商品884,服装鞋包,627.66,0.4,0.71,4.5,0.18124457462558935,1356
爆款高转化池,P001722,曲美家居家装商品775,家居家装,650.66,0.6667,0.69,4.25,0.17367149561182516,3373
爆款高转化池,P001724,美的家用电器商品786,家用电器,2121.02,0.4286,0.48,4.5,0.16730849204225176,6308
爆款高转化池,P001726,施华洛世奇珠宝首饰商品878,珠宝首饰,1891.54,0.4167,0.76,4.4,0.15473000085606767,7438
爆款高转化池,P001727,米其林汽车用品商品968,汽车用品,4283.84,0.5,0.41,4.5,0.11617940648752177,2130
爆款高转化池,P001731,薇诺娜美妆护肤商品997,美妆护肤,258.99,0.75,0.34,4.67,0.05428647472800805,1805
爆款高转化池,P001732,美的家用电器商品571,家用电器,1902.72,0.4286,0.45,4.5,0.12317842932590005,468
爆款高转化池,P001734,ZARA服装鞋包商品462,服装鞋包,891.37,1.0,0.59,4.2,0.14761297729199097,2467
爆款高转化池,P001735,帮宝适母婴用品商品620,母婴用品,340.4,0.5,0.55,4.33,0.11690441383515457,7230
爆款高转化池,P001736,金龙鱼食品生鲜商品200,食品生鲜,58.64,0.5714,0.44,4.0,0.1494807546379245,6267
爆款高转化池,P001738,自然堂美妆护肤商品642,美妆护肤,1234.52,0.4286,0.65,4.0,0.14104265874685404,8497
爆款高转化池,P001740,耐克服装鞋包商品217,服装鞋包,153.62,0.7143,0.85,4.6,0.1356192578912482,584
爆款高转化池,P001745,博世汽车用品商品822,汽车用品,4972.35,0.4444,0.62,5.0,0.14623485765842864,50
爆款高转化池,P001747,同仁堂医药保健商品973,医药保健,907.6,0.6667,0.33,4.0,0.12673866046277793,3909
爆款高转化池,P001748,完美日记美妆护肤商品797,美妆护肤,185.44,0.6,0.39,4.67,0.2370443576038487,3069
爆款高转化池,P001749,东鹏家居家装商品245,家居家装,962.62,0.5556,0.55,4.33,0.17633677277244442,7775
爆款高转化池,P001752,花点时间礼品鲜花商品585,礼品鲜花,587.33,0.5,0.65,4.0,0.1447313458017758,8000
爆款高转化池,P001754,施华洛世奇礼品鲜花商品397,礼品鲜花,837.01,0.6667,0.62,4.33,0.1683402257393469,8606
爆款高转化池,P001755,361度运动户外商品873,运动户外,155.12,0.75,0.55,4.5,0.148581809631051,1538
爆款高转化池,P001757,人民邮电出版社图书音像商品459,图书音像,989.9,0.4,0.57,4.5,0.12735018540875429,4216
爆款高转化池,P001758,海康威视汽车用品商品359,汽车用品,3232.17,0.4444,0.63,4.67,0.17934155543034414,222
爆款高转化池,P001761,汤臣倍健医药保健商品251,医药保健,978.85,0.4,0.41,5.0,0.13195780907339094,3608
爆款高转化池,P001763,施华洛世奇礼品鲜花商品812,礼品鲜花,973.56,0.8,0.45,4.5,0.11371037599861769,5888
爆款高转化池,P001764,海尔家用电器商品298,家用电器,7404.85,0.625,0.56,4.33,0.11719947206128832,6189
爆款高转化池,P001765,壳牌汽车用品商品380,汽车用品,7078.58,0.7143,0.43,4.5,0.10337680773752643,8927
爆款高转化池,P001766,MK箱包配饰商品997,箱包配饰,531.64,0.5385,0.91,4.33,0.1475837193861244,4346
爆款高转化池,P001768,伊利食品生鲜商品295,食品生鲜,50.69,0.5714,0.82,4.38,0.14479274740517128,8520
爆款高转化池,P001769,云南白药医药保健商品954,医药保健,616.24,0.8,0.47,5.0,0.10837417514819561,7101
爆款高转化池,P001770,明牌珠宝首饰商品680,珠宝首饰,1937.9,0.4286,0.58,5.0,0.1877958355352401,5685
爆款高转化池,P001772,人民邮电出版社图书音像商品253,图书音像,527.95,0.5,0.6,5.0,0.06862259695145828,4747
爆款高转化池,P001773,潘多拉礼品鲜花商品780,礼品鲜花,170.98,0.6667,0.53,4.33,0.16297183915016192,7976
爆款高转化池,P001778,LV箱包配饰商品904,箱包配饰,860.42,0.5,0.57,4.67,0.10368535280851043,9187
爆款高转化池,P001780,飞鹤母婴用品商品397,母婴用品,226.67,0.5556,0.58,4.67,0.20517405381834541,7752
爆款高转化池,P001781,GUCCI箱包配饰商品354,箱包配饰,813.59,0.6,0.3,4.67,0.1176274699487708,6328
爆款高转化池,P001783,花点时间礼品鲜花商品277,礼品鲜花,568.27,0.6,0.5,4.5,0.12432400283651686,5283
爆款高转化池,P001784,老凤祥珠宝首饰商品799,珠宝首饰,1546.94,0.6667,0.78,4.6,0.12507222008897365,4096
爆款高转化池,P001785,珀莱雅美妆护肤商品667,美妆护肤,439.07,0.6667,0.58,4.25,0.1944745445700705,4997
爆款高转化池,P001786,阿迪达斯服装鞋包商品680,服装鞋包,1857.88,0.7143,0.49,4.67,0.16344078374405677,7555
爆款高转化池,P001787,361度运动户外商品484,运动户外,784.58,1.0,0.36,4.0,0.045810677461282645,7158
爆款高转化池,P001790,帮宝适母婴用品商品572,母婴用品,37.4,0.4286,0.54,4.0,0.06486204382282003,9157
爆款高转化池,P001792,六福珠宝珠宝首饰商品694,珠宝首饰,1048.8,0.7143,0.59,4.4,0.12010968243645359,2085
爆款高转化池,P001795,中信出版社图书音像商品571,图书音像,840.81,0.5455,0.75,4.33,0.16714239411570536,1387
爆款高转化池,P001797,顾家家居家居家装商品941,家居家装,297.67,0.4286,0.42,5.0,0.13209787865071962,7888
爆款高转化池,P001800,迪卡侬运动户外商品239,运动户外,231.31,0.7143,0.51,4.75,0.12103194960813327,2535
爆款高转化池,P001802,明牌珠宝首饰商品738,珠宝首饰,1391.16,0.4,0.37,5.0,0.18298227360683256,1879
爆款高转化池,P001805,荣耀手机数码商品500,手机数码,917.4,0.6667,0.5,4.0,0.1933211860087484,1995
爆款高转化池,P001807,耐威克宠物用品商品941,宠物用品,616.63,0.4286,0.51,4.33,0.11630901677831318,7194
爆款高转化池,P001808,冠能宠物用品商品542,宠物用品,154.78,0.6667,0.74,4.6,0.1774498591205047,354
爆款高转化池,P001809,SK-II美妆护肤商品938,美妆护肤,1501.97,0.6667,0.67,4.0,0.1310214684850579,3943
爆款高转化池,P001810,欧莱雅美妆护肤商品587,美妆护肤,986.91,0.5,0.42,4.33,0.20721944585125732,4742
爆款高转化池,P001811,壳牌汽车用品商品702,汽车用品,4197.23,0.8,0.4,4.0,0.1758327141320743,4508
爆款高转化池,P001813,帮宝适母婴用品商品251,母婴用品,37.69,0.6667,0.3,4.5,0.14107253910625062,7488
爆款高转化池,P001814,七匹狼服装鞋包商品111,服装鞋包,1182.05,0.6,0.43,4.67,0.13324849479770504,558
爆款高转化池,P001817,完美日记美妆护肤商品612,美妆护肤,1718.89,0.5,0.59,4.0,0.12879768945993128,8244
爆款高转化池,P001819,H&M服装鞋包商品771,服装鞋包,345.24,0.4,0.6,4.5,0.15685080023578413,9226
爆款高转化池,P001820,东鹏家居家装商品832,家居家装,860.08,0.5,0.54,5.0,0.08175316908784327,2294
爆款高转化池,P001822,强生母婴用品商品720,母婴用品,662.38,0.4444,0.62,4.33,0.13790440978459093,9437
爆款高转化池,P001828,H&M服装鞋包商品845,服装鞋包,1790.32,0.4,0.52,4.0,0.11143742565677983,6882
爆款高转化池,P001831,3M汽车用品商品278,汽车用品,2908.69,0.5,0.53,5.0,0.1994356789689089,7364
爆款高转化池,P001834,西门子家用电器商品859,家用电器,1715.67,0.5556,0.53,4.6,0.17377998856177404,8659
爆款高转化池,P001836,美的家用电器商品929,家用电器,1554.22,0.5556,0.52,4.25,0.16553178675466093,85
爆款高转化池,P001838,全友家居家居家装商品798,家居家装,732.68,0.4444,0.63,4.67,0.1478658839664723,8653
爆款高转化池,P001842,凌度汽车用品商品994,汽车用品,1031.51,0.4615,0.82,4.5,0.15210502623588634,1280
爆款高转化池,P001843,自然堂美妆护肤商品203,美妆护肤,279.96,0.4167,0.74,4.25,0.11113968472002739,3777
爆款高转化池,P001844,三星手机数码商品123,手机数码,2180.16,0.4286,0.55,4.33,0.12524051360428795,4749
爆款高转化池,P001849,3M汽车用品商品133,汽车用品,3035.34,0.6364,0.68,4.25,0.14877202999452319,4274
爆款高转化池,P001850,戴森家用电器商品883,家用电器,945.44,0.5455,0.74,4.75,0.19976456818266405,3346
爆款高转化池,P001853,新秀丽箱包配饰商品454,箱包配饰,981.25,0.4286,0.51,5.0,0.12092185369938865,6819
爆款高转化池,P001854,施华洛世奇礼品鲜花商品727,礼品鲜花,930.07,0.6667,0.3,5.0,0.1868051460904331,9034
爆款高转化池,P001855,京东图书图书音像商品377,图书音像,726.1,1.0,0.12,5.0,0.2595533910733557,1704
爆款高转化池,P001857,强生母婴用品商品410,母婴用品,783.73,0.5,0.75,4.0,0.12661811294657085,3731
爆款高转化池,P001859,始祖鸟运动户外商品798,运动户外,686.76,0.4286,0.52,4.5,0.09741100659192917,296
爆款高转化池,P001862,兰蔻美妆护肤商品548,美妆护肤,280.09,0.5,0.51,4.0,0.09203822476153002,6024
爆款高转化池,P001865,贝因美母婴用品商品921,母婴用品,24.75,0.6,0.62,4.6,0.22324672475467383,4094
爆款高转化池,P001866,皇家宠物用品商品178,宠物用品,66.09,0.4,0.57,4.25,0.17440279685262047,7185
爆款高转化池,P001868,固特异汽车用品商品399,汽车用品,1472.87,0.5,0.47,4.5,0.14062641138845072,6517
爆款高转化池,P001870,蒙牛食品生鲜商品606,食品生鲜,708.2,0.5,0.52,4.0,0.1431843139963861,5848
爆款高转化池,P001874,优衣库服装鞋包商品454,服装鞋包,1805.83,0.4,0.45,4.0,0.16703012600866493,7966
爆款高转化池,P001878,海康威视汽车用品商品216,汽车用品,659.67,0.6,0.74,4.75,0.1890622221192204,553
爆款高转化池,P001880,vivo手机数码商品975,手机数码,5073.11,0.5,0.48,4.67,0.11211627423560916,8115
爆款高转化池,P001881,一加手机数码商品493,手机数码,3830.15,0.4444,0.6,4.5,0.188025734986882,3677
爆款高转化池,P001882,小米家用电器商品288,家用电器,5449.44,0.5,0.46,4.0,0.14927479555503606,8724
爆款高转化池,P001885,LV箱包配饰商品929,箱包配饰,755.79,0.625,0.56,4.25,0.17398989738098716,3547
爆款高转化池,P001888,周生生珠宝首饰商品666,珠宝首饰,806.82,0.5,0.46,4.0,0.12225585412523972,4709
爆款高转化池,P001889,小佩宠物用品商品534,宠物用品,576.88,0.6667,0.51,4.5,0.1474220017251412,9311
爆款高转化池,P001890,潘多拉珠宝首饰商品266,珠宝首饰,1922.59,0.4,0.37,5.0,0.1196493455255444,7656
爆款高转化池,P001893,金龙鱼食品生鲜商品684,食品生鲜,400.66,0.4444,0.52,4.0,0.12510937283448764,4493
爆款高转化池,P001894,索菲亚家居家装商品775,家居家装,258.01,0.4444,0.63,4.0,0.10746288650128433,9961
爆款高转化池,P001895,华为手机数码商品414,手机数码,4763.31,0.5,0.46,4.23,0.10071038345937293,5259
爆款高转化池,P001900,顾家家居家居家装商品551,家居家装,188.01,0.6667,0.38,4.33,0.23930574505715108,4524
爆款高转化池,P001906,安踏运动户外商品714,运动户外,242.35,0.5,0.66,4.5,0.1612804121178173,1788
爆款高转化池,P001908,戴森家用电器商品684,家用电器,3285.2,0.4286,0.51,5.0,0.17170881835489596,6815
爆款高转化池,P001909,七匹狼服装鞋包商品996,服装鞋包,602.01,0.5,0.54,4.0,0.14934146783581445,404
爆款高转化池,P001911,博库网图书音像商品736,图书音像,40.85,0.5,0.32,4.0,0.2613635860795697,6034
爆款高转化池,P001912,vivo手机数码商品253,手机数码,7339.04,0.4,0.7,4.5,0.152319872658576,418
爆款高转化池,P001914,施华洛世奇珠宝首饰商品320,珠宝首饰,788.74,0.4,0.48,4.23,0.14785657415215703,9546
爆款高转化池,P001916,耐克服装鞋包商品678,服装鞋包,1031.82,0.4286,0.55,4.0,0.1964454246861536,9411
爆款高转化池,P001918,周大福珠宝首饰商品721,珠宝首饰,971.04,0.5556,0.63,4.5,0.17505630237420203,8592
爆款高转化池,P001920,蒙牛食品生鲜商品436,食品生鲜,250.64,0.4,0.38,4.0,0.10630153949156687,5930
爆款高转化池,P001921,苏泊尔家用电器商品422,家用电器,6111.41,0.4444,0.66,4.33,0.12447748870870114,1890
爆款高转化池,P001926,瑞士军威箱包配饰商品895,箱包配饰,910.17,0.4,0.75,4.5,0.11571058162707029,9580
爆款高转化池,P001927,米其林汽车用品商品720,汽车用品,2452.09,0.8571,0.64,4.5,0.19570647063118646,4700
爆款高转化池,P001928,圣象家居家装商品220,家居家装,90.69,0.4,0.5,5.0,0.18505212695822418,6898
爆款高转化池,P001930,Samsonite箱包配饰商品997,箱包配饰,459.53,0.4286,0.58,5.0,0.19279247580458783,2732
爆款高转化池,P001932,钙尔奇医药保健商品229,医药保健,870.76,0.4444,0.64,4.25,0.18253702754119694,7068
爆款高转化池,P001936,GUCCI箱包配饰商品705,箱包配饰,612.67,0.5,0.64,4.25,0.1313512255637434,1765
爆款高转化池,P001938,新华书店图书音像商品745,图书音像,455.26,0.5,0.87,4.67,0.17207619168494906,7138
爆款高转化池,P001940,钙尔奇医药保健商品255,医药保健,896.64,0.5,0.67,4.33,0.17905585189399917,9724
爆款高转化池,P001945,老凤祥珠宝首饰商品246,珠宝首饰,131.77,0.8,0.41,4.75,0.20991901488735315,3451
爆款高转化池,P001948,五粮液食品生鲜商品549,食品生鲜,231.4,0.5,0.42,4.5,0.15898063093727424,2774
爆款高转化池,P001949,伊利食品生鲜商品720,食品生鲜,755.93,0.4545,0.74,4.5,0.1359784223878737,3795
爆款高转化池,P001950,博世汽车用品商品244,汽车用品,1219.82,0.5,0.48,4.33,0.09952705585552456,9046
爆款高转化池,P001953,曲美家居家装商品388,家居家装,942.39,0.7778,0.57,5.0,0.11537830605454576,9357
爆款高转化池,P001955,百草味食品生鲜商品833,食品生鲜,709.26,0.875,0.64,4.4,0.19386872768104163,1965
爆款高转化池,P001957,百草味食品生鲜商品462,食品生鲜,805.6,0.7143,0.46,4.67,0.14005642458999623,3644
爆款高转化池,P001958,钙尔奇医药保健商品434,医药保健,165.16,0.6667,0.57,4.33,0.1276439336316432,5494
爆款高转化池,P001960,云南白药医药保健商品139,医药保健,439.04,0.4545,0.76,4.5,0.2050752039010069,8540
爆款高转化池,P001961,曲美家居家装商品961,家居家装,562.59,0.6667,0.5,4.5,0.17082500935908007,583
爆款高转化池,P001963,麦富迪宠物用品商品789,宠物用品,203.72,0.4,0.3,4.5,0.1795056636023372,7702
爆款高转化池,P001970,LV箱包配饰商品960,箱包配饰,239.57,0.7143,0.47,4.8,0.18811277580383012,4786
爆款高转化池,P001973,海尔家用电器商品873,家用电器,6229.52,0.4286,0.57,4.5,0.18024990194478846,6874
爆款高转化池,P001974,博库网图书音像商品353,图书音像,665.79,0.4,0.37,5.0,0.19931648804671928,1897
爆款高转化池,P001975,薇诺娜美妆护肤商品426,美妆护肤,1338.2,0.5,0.36,5.0,0.05805984115854392,5694
爆款高转化池,P001976,九芝堂医药保健商品821,医药保健,136.78,0.625,0.5,4.75,0.17743038450215257,7925
爆款高转化池,P001977,小佩宠物用品商品715,宠物用品,417.88,0.4545,0.8,4.0,0.14689182391684105,3847
爆款高转化池,P001978,vivo手机数码商品374,手机数码,4306.16,0.5,0.53,4.0,0.13827436139080074,6701
爆款高转化池,P001979,三星手机数码商品367,手机数码,5562.42,0.5,0.65,4.33,0.17646327878820578,6737
爆款高转化池,P001981,五粮液食品生鲜商品845,食品生鲜,226.76,0.4444,0.55,4.67,0.16564402186489544,747
爆款高转化池,P001984,雅诗兰黛美妆护肤商品839,美妆护肤,91.18,0.5556,0.59,4.5,0.1669080155692625,6212
爆款高转化池,P001985,海澜之家服装鞋包商品461,服装鞋包,1545.34,0.6,0.71,4.0,0.1754360500498236,9058
爆款高转化池,P001988,良品铺子食品生鲜商品482,食品生鲜,338.19,0.6154,0.82,4.14,0.1461504373341735,3532
爆款高转化池,P001989,探路者运动户外商品113,运动户外,45.71,0.4444,0.58,4.5,0.13993150174446536,328
爆款高转化池,P001990,周生生珠宝首饰商品613,珠宝首饰,825.98,0.6667,0.42,5.0,0.1796923090302096,7944
爆款高转化池,P001994,冠能宠物用品商品178,宠物用品,83.15,0.4444,0.59,5.0,0.15952197672640156,6805
爆款高转化池,P001996,Samsonite箱包配饰商品197,箱包配饰,738.51,0.4444,0.65,5.0,0.16665316857578244,6408
爆款高转化池,P001997,松下家用电器商品903,家用电器,2927.95,0.5,0.51,4.0,0.13989266725910562,8394
爆款高转化池,P001998,汤臣倍健医药保健商品409,医药保健,281.31,0.5556,0.66,4.5,0.10916755782085691,3320
爆款高转化池,P001999,阿迪达斯服装鞋包商品771,服装鞋包,1173.59,0.4167,0.77,4.4,0.15406805122006695,6169
高性价比优惠池,P000002,华为手机数码商品302,手机数码,7268.72,0.3333,0.48,5.0,0.1918418656129496,7265
高性价比优惠池,P000004,优衣库服装鞋包商品572,服装鞋包,148.74,0.75,0.36,4.67,0.18495559924857696,9402
高性价比优惠池,P000008,博世汽车用品商品610,汽车用品,3589.94,0.4286,0.5,4.5,0.1586416934154837,9022
高性价比优惠池,P000010,美赞臣母婴用品商品758,母婴用品,885.81,0.5,0.53,4.5,0.16384848024250886,8614
高性价比优惠池,P000013,哥伦比亚运动户外商品497,运动户外,277.73,0.7143,0.49,4.5,0.20374198687599646,427
高性价比优惠池,P000020,新秀丽箱包配饰商品820,箱包配饰,703.56,0.3333,0.31,5.0,0.1669036359785656,9300
高性价比优惠池,P000022,骆驼运动户外商品279,运动户外,495.53,0.4545,0.74,4.75,0.18235802706351267,1478
高性价比优惠池,P000025,老凤祥珠宝首饰商品448,珠宝首饰,1448.03,0.5,0.64,4.67,0.17813986332499593,5301
高性价比优惠池,P000028,海澜之家服装鞋包商品821,服装鞋包,1886.75,0.25,0.63,4.5,0.17033791822912522,6481
高性价比优惠池,P000029,Roseonly礼品鲜花商品444,礼品鲜花,308.75,0.6667,0.45,5.0,0.1787134311860411,2235
高性价比优惠池,P000030,珀莱雅美妆护肤商品910,美妆护肤,1296.57,0.4444,0.7,4.33,0.1650131871933902,7982
高性价比优惠池,P000033,花王母婴用品商品851,母婴用品,691.61,0.6667,0.48,4.67,0.17970074183728582,2086
高性价比优惠池,P000034,雅诗兰黛美妆护肤商品818,美妆护肤,1899.96,0.5,0.27,5.0,0.19895623837442372,6415
高性价比优惠池,P000040,汤臣倍健医药保健商品149,医药保健,392.08,0.3333,0.51,4.5,0.17757713779620163,6875
高性价比优惠池,P000045,海澜之家服装鞋包商品274,服装鞋包,1781.47,0.2857,0.52,4.5,0.18560224326115973,2636
高性价比优惠池,P000046,钙尔奇医药保健商品660,医药保健,942.42,0.3333,0.51,4.5,0.2122488120547459,1525
高性价比优惠池,P000048,诺誓礼品鲜花商品260,礼品鲜花,63.02,0.6667,0.48,4.67,0.1897047290874562,5424
高性价比优惠池,P000053,京东图书图书音像商品199,图书音像,35.48,0.1667,0.43,5.0,0.20334224442911575,2798
高性价比优惠池,P000055,福临门食品生鲜商品582,食品生鲜,494.21,0.75,0.6,4.6,0.17246705878337873,4341
高性价比优惠池,P000062,强生母婴用品商品686,母婴用品,882.84,0.5833,0.79,4.4,0.2065907518972503,7803
高性价比优惠池,P000063,百草味食品生鲜商品504,食品生鲜,903.75,0.2857,0.46,5.0,0.19005795082634108,568
高性价比优惠池,P000066,一加手机数码商品180,手机数码,7912.1,0.4286,0.44,4.5,0.20989614043354057,7133
高性价比优惠池,P000071,始祖鸟运动户外商品215,运动户外,420.3,0.1667,0.46,5.0,0.1855388078919629,2428
高性价比优惠池,P000078,Swisse医药保健商品150,医药保健,748.29,0.4545,0.68,4.5,0.17618515422104342,4400
高性价比优惠池,P000080,伊利食品生鲜商品963,食品生鲜,496.7,1.0,0.5,4.4,0.17386043981055602,1609
高性价比优惠池,P000084,东阿阿胶医药保健商品877,医药保健,521.34,0.5714,0.55,4.5,0.16980898583228576,6126
高性价比优惠池,P000091,3M汽车用品商品347,汽车用品,3293.5,0.2727,0.67,4.5,0.1627404738101112,9732
高性价比优惠池,P000094,钙尔奇医药保健商品391,医药保健,37.18,1.0,0.45,4.6,0.1683646877365443,813
高性价比优惠池,P000095,欧莱雅美妆护肤商品977,美妆护肤,481.63,0.375,0.56,4.33,0.21034820498761522,3688
高性价比优惠池,P000098,Roseonly礼品鲜花商品329,礼品鲜花,259.87,0.4,0.62,4.33,0.2166164432292279,5004
高性价比优惠池,P000099,同仁堂医药保健商品533,医药保健,896.53,0.4286,0.48,5.0,0.18500928989037188,5713
高性价比优惠池,P000107,好奇母婴用品商品797,母婴用品,148.53,0.4444,0.66,5.0,0.1587390300432251,417
高性价比优惠池,P000109,帮宝适母婴用品商品854,母婴用品,44.97,0.5,0.51,4.33,0.17306185372582836,9372
高性价比优惠池,P000112,比瑞吉宠物用品商品960,宠物用品,661.04,0.6667,0.47,4.5,0.1685218218533077,9146
高性价比优惠池,P000122,MK箱包配饰商品246,箱包配饰,323.22,0.3333,0.66,4.67,0.1766824596338634,2954
高性价比优惠池,P000131,云南白药医药保健商品419,医药保健,137.64,0.6,0.63,4.5,0.18176018298815427,6284
高性价比优惠池,P000139,周大福珠宝首饰商品708,珠宝首饰,1989.63,0.5385,0.76,4.5,0.1905963912799838,1771
高性价比优惠池,P000154,皇家宠物用品商品972,宠物用品,297.66,0.7143,0.59,4.5,0.19775160064548708,5123
高性价比优惠池,P000156,小米手机数码商品779,手机数码,5353.99,0.3636,0.74,4.5,0.18259481765931132,5384
高性价比优惠池,P000157,东鹏家居家装商品736,家居家装,275.63,0.25,0.71,4.33,0.1616776154828484,1522
高性价比优惠池,P000160,潮宏基珠宝首饰商品764,珠宝首饰,1777.94,0.4286,0.57,4.5,0.17453070323055977,2732
高性价比优惠池,P000173,OPPO手机数码商品663,手机数码,5324.88,0.2857,0.52,5.0,0.21642882322622828,6607
高性价比优惠池,P000174,麦富迪宠物用品商品180,宠物用品,464.5,0.1667,0.62,5.0,0.2309365474515809,9388
高性价比优惠池,P000179,瑞士军威箱包配饰商品770,箱包配饰,674.76,0.5,0.73,4.5,0.16795203657996538,5584
高性价比优惠池,P000182,ZARA服装鞋包商品877,服装鞋包,1334.87,0.6667,0.3,5.0,0.18266839353071276,35
高性价比优惠池,P000187,COACH箱包配饰商品320,箱包配饰,462.48,0.4286,0.49,4.5,0.19612555098236056,3122
高性价比优惠池,P000191,始祖鸟运动户外商品958,运动户外,589.27,0.3333,0.38,4.5,0.18812854373765994,8328
高性价比优惠池,P000193,七匹狼服装鞋包商品773,服装鞋包,1221.06,0.4286,0.5,4.5,0.18401476855127777,5273
高性价比优惠池,P000194,始祖鸟运动户外商品528,运动户外,979.71,0.2,0.65,5.0,0.1989279782492494,4067
高性价比优惠池,P000195,福临门食品生鲜商品451,食品生鲜,970.79,0.625,0.57,5.0,0.15988776580392816,7419
高性价比优惠池,P000201,迪卡侬运动户外商品696,运动户外,574.93,0.375,0.66,4.67,0.17245555359016723,6839
高性价比优惠池,P000203,李宁运动户外商品125,运动户外,387.06,0.6667,0.27,4.5,0.18789733478754445,869
高性价比优惠池,P000205,伊利食品生鲜商品249,食品生鲜,840.99,0.3846,0.83,4.4,0.16423423666808581,4835
高性价比优惠池,P000207,施华洛世奇礼品鲜花商品857,礼品鲜花,566.27,0.5,0.33,5.0,0.1625913752161771,3675
高性价比优惠池,P000210,安踏运动户外商品113,运动户外,746.23,0.5,0.44,5.0,0.19193442713407202,3327
高性价比优惠池,P000213,五粮液食品生鲜商品281,食品生鲜,983.62,0.3636,0.63,4.67,0.17107690883362817,1220
高性价比优惠池,P000218,中信出版社图书音像商品663,图书音像,364.5,0.5714,0.48,4.33,0.19638023948476463,5207
高性价比优惠池,P000223,中信出版社图书音像商品943,图书音像,754.61,0.2857,0.51,5.0,0.17159718035195887,144
高性价比优惠池,P000225,三星手机数码商品490,手机数码,7369.49,0.3,0.67,4.5,0.17378324702443895,1857
高性价比优惠池,P000229,顾家家居家居家装商品198,家居家装,175.72,0.5714,0.51,5.0,0.20048708752678482,8814
高性价比优惠池,P000230,安踏运动户外商品741,运动户外,74.82,0.2143,0.84,4.5,0.1668698000029119,3492
高性价比优惠池,P000231,pidan宠物用品商品955,宠物用品,112.89,0.625,0.56,4.67,0.2008247819773626,8810
高性价比优惠池,P000232,pidan宠物用品商品762,宠物用品,818.59,0.1429,0.47,5.0,0.17289885191052168,1181
高性价比优惠池,P000236,帮宝适母婴用品商品561,母婴用品,633.92,0.4,0.37,4.5,0.16187171627350933,7094
高性价比优惠池,P000237,宜家家居家装商品498,家居家装,676.57,0.2727,0.65,4.5,0.20072337133240856,8762
高性价比优惠池,P000239,钙尔奇医药保健商品466,医药保健,928.77,0.3333,0.53,5.0,0.1834395011598302,1738
高性价比优惠池,P000242,欧莱雅美妆护肤商品239,美妆护肤,1506.17,0.4615,0.82,4.67,0.16458014520247016,8941
高性价比优惠池,P000244,小米手机数码商品226,手机数码,813.3,0.3333,0.46,4.5,0.17326142475337522,9383
高性价比优惠池,P000246,蒙牛食品生鲜商品866,食品生鲜,744.02,0.375,0.61,4.67,0.21008487012114524,5633
高性价比优惠池,P000251,人民邮电出版社图书音像商品662,图书音像,82.41,0.6667,0.42,4.75,0.17617444873096558,1103
高性价比优惠池,P000252,百草味食品生鲜商品302,食品生鲜,728.33,0.6364,0.63,4.6,0.1741528521273276,7982
高性价比优惠池,P000254,阿迪达斯服装鞋包商品734,服装鞋包,186.13,0.4444,0.62,5.0,0.1627884935677712,3170
高性价比优惠池,P000258,九芝堂医药保健商品383,医药保健,841.71,0.5,0.58,4.5,0.16178155611905584,2200
高性价比优惠池,P000270,SK-II美妆护肤商品679,美妆护肤,1899.99,0.25,0.53,4.5,0.19375325464703352,2395
高性价比优惠池,P000276,博世汽车用品商品954,汽车用品,6064.32,1.0,0.19,5.0,0.17363340573766795,9480
高性价比优惠池,P000278,施华洛世奇礼品鲜花商品955,礼品鲜花,87.06,0.4286,0.62,4.5,0.20895873198565404,4121
高性价比优惠池,P000280,新华书店图书音像商品718,图书音像,16.53,0.4,0.4,4.5,0.18565547085619616,2276
高性价比优惠池,P000286,美的家用电器商品230,家用电器,4801.15,0.2,0.71,4.5,0.17767095295320823,2639
高性价比优惠池,P000288,良品铺子食品生鲜商品629,食品生鲜,958.66,0.5,0.64,4.33,0.17020936432035222,9819
高性价比优惠池,P000291,小佩宠物用品商品274,宠物用品,227.17,0.4,0.63,4.67,0.1721741978881814,6730
高性价比优惠池,P000292,野兽派礼品鲜花商品913,礼品鲜花,586.82,0.7143,0.45,5.0,0.18174673310906558,2979
高性价比优惠池,P000295,帮宝适母婴用品商品235,母婴用品,117.48,0.75,0.48,4.4,0.17992328896326726,3315
高性价比优惠池,P000319,施华洛世奇礼品鲜花商品633,礼品鲜花,293.6,0.25,0.35,5.0,0.2063836452400936,9788
高性价比优惠池,P000321,松下家用电器商品299,家用电器,752.07,0.2632,1.01,4.8,0.1657375057671758,9822
高性价比优惠池,P000333,施华洛世奇珠宝首饰商品894,珠宝首饰,944.75,0.375,0.56,4.5,0.18604335827709007,7548
高性价比优惠池,P000337,松下家用电器商品195,家用电器,3491.98,0.3333,0.59,5.0,0.18461359291741652,5603
高性价比优惠池,P000338,H&M服装鞋包商品587,服装鞋包,662.05,0.6,0.44,4.67,0.2043802801568903,3580
高性价比优惠池,P000346,LV箱包配饰商品602,箱包配饰,191.04,0.625,0.64,4.5,0.19659645703043566,8374
高性价比优惠池,P000351,汤臣倍健医药保健商品112,医药保健,677.36,0.3333,0.53,5.0,0.2009632803959646,6216
高性价比优惠池,P000353,自然堂美妆护肤商品342,美妆护肤,575.35,0.6667,0.53,4.33,0.1958501819011826,5621
高性价比优惠池,P000354,全友家居家居家装商品610,家居家装,429.7,0.75,0.44,5.0,0.1865666605857079,6866
高性价比优惠池,P000361,GUCCI箱包配饰商品904,箱包配饰,491.75,0.5,0.65,5.0,0.18917104758789824,4111
高性价比优惠池,P000368,人民邮电出版社图书音像商品557,图书音像,890.74,0.6667,0.34,5.0,0.1677326613420382,6243
高性价比优惠池,P000372,完美日记美妆护肤商品333,美妆护肤,661.29,0.7143,0.43,4.67,0.17144156988868745,4773
高性价比优惠池,P000373,同仁堂医药保健商品719,医药保健,648.2,0.375,0.55,4.67,0.17028879490265827,4444
高性价比优惠池,P000375,东阿阿胶医药保健商品523,医药保健,175.64,0.5,0.98,4.6,0.1782396538369638,378
高性价比优惠池,P000378,MK箱包配饰商品661,箱包配饰,63.29,0.6667,0.32,5.0,0.17659177526006933,6504
高性价比优惠池,P000381,人民邮电出版社图书音像商品229,图书音像,139.96,0.5455,0.71,4.75,0.1606166106387963,2795
高性价比优惠池,P000383,小佩宠物用品商品578,宠物用品,975.23,0.3333,0.65,4.5,0.16217377195530885,8856
高性价比优惠池,P000387,周生生珠宝首饰商品552,珠宝首饰,650.34,0.2667,0.86,4.5,0.1592879239505596,6753
高性价比优惠池,P000390,荣耀手机数码商品873,手机数码,4078.0,0.6,0.46,4.5,0.16292844132874643,149
高性价比优惠池,P000404,顾家家居家居家装商品963,家居家装,753.06,0.3333,0.54,4.5,0.16083137158831207,2393
高性价比优惠池,P000405,vivo手机数码商品894,手机数码,3443.16,0.3636,0.68,4.75,0.18291160961328215,8899
高性价比优惠池,P000408,强生母婴用品商品353,母婴用品,740.24,0.5,0.79,4.5,0.16776504810772283,549
高性价比优惠池,P000409,苏泊尔家用电器商品852,家用电器,6282.47,0.5,0.49,5.0,0.20351060228043502,8538
高性价比优惠池,P000411,GUCCI箱包配饰商品262,箱包配饰,632.87,0.75,0.44,4.5,0.16501921262161973,691
高性价比优惠池,P000412,钙尔奇医药保健商品359,医药保健,486.42,0.2727,0.6,4.5,0.15942284661759232,4895
高性价比优惠池,P000414,耐克服装鞋包商品748,服装鞋包,896.62,0.625,0.68,4.8,0.18242688560202425,246
高性价比优惠池,P000420,钙尔奇医药保健商品228,医药保健,492.96,0.2857,0.59,4.5,0.2029786207709987,5189
高性价比优惠池,P000426,Samsonite箱包配饰商品170,箱包配饰,535.83,0.5,0.46,4.75,0.16684797413137042,7362
高性价比优惠池,P000427,伊利食品生鲜商品654,食品生鲜,373.44,0.6,0.37,4.33,0.17153177229800734,11
高性价比优惠池,P000428,潮宏基珠宝首饰商品851,珠宝首饰,411.79,0.2,0.36,5.0,0.1647172962400388,306
高性价比优惠池,P000434,雅诗兰黛美妆护肤商品306,美妆护肤,258.76,0.3333,0.93,4.67,0.16021735568146614,3139
高性价比优惠池,P000437,三只松鼠食品生鲜商品475,食品生鲜,228.52,0.5,0.44,5.0,0.1626774475103334,1161
高性价比优惠池,P000438,OPPO手机数码商品771,手机数码,4185.54,0.6,0.5,4.33,0.23861074237277355,1310
高性价比优惠池,P000444,施华洛世奇礼品鲜花商品283,礼品鲜花,562.84,0.4545,0.81,4.5,0.17033224132564953,9144
高性价比优惠池,P000450,网易严选宠物用品商品522,宠物用品,766.54,0.4,0.7,4.33,0.17724028608422768,7054
高性价比优惠池,P000454,汤臣倍健医药保健商品391,医药保健,599.81,0.75,0.33,4.67,0.16186537665111492,8480
高性价比优惠池,P000463,九芝堂医药保健商品180,医药保健,782.32,0.3636,0.64,4.33,0.16576801082427636,5478
高性价比优惠池,P000467,vivo手机数码商品636,手机数码,808.87,0.3333,0.71,4.67,0.17491648944087682,8846
高性价比优惠池,P000468,野兽派礼品鲜花商品434,礼品鲜花,507.38,0.4286,0.51,5.0,0.20239486798641257,3617
高性价比优惠池,P000473,始祖鸟运动户外商品368,运动户外,94.23,0.2,0.44,5.0,0.18372524564396558,8221
高性价比优惠池,P000475,苏泊尔家用电器商品504,家用电器,5391.86,0.5,0.8,5.0,0.16511032713836515,3212
高性价比优惠池,P000477,顾家家居家居家装商品215,家居家装,675.03,0.25,0.58,5.0,0.1670628237226868,6939
高性价比优惠池,P000486,西门子家用电器商品659,家用电器,4424.49,0.4286,0.54,4.33,0.19607421586590898,4237
高性价比优惠池,P000489,vivo手机数码商品274,手机数码,950.83,0.3333,0.77,4.5,0.16060935011223712,3288
高性价比优惠池,P000502,米其林汽车用品商品189,汽车用品,5974.17,0.75,0.56,4.75,0.1758791285250541,8531
高性价比优惠池,P000518,一加手机数码商品882,手机数码,7766.11,0.5556,0.66,4.5,0.23634810731394548,4421
高性价比优惠池,P000520,六福珠宝珠宝首饰商品167,珠宝首饰,395.3,0.3333,0.92,4.33,0.17985451752846676,7197
高性价比优惠池,P000533,薇诺娜美妆护肤商品704,美妆护肤,1798.4,0.625,0.57,4.5,0.17494145181957668,3308
高性价比优惠池,P000534,MK箱包配饰商品192,箱包配饰,257.58,0.8,0.44,4.33,0.17840937619032635,2686
高性价比优惠池,P000537,善存医药保健商品487,医药保健,554.84,0.25,0.52,5.0,0.17751069671645717,719
高性价比优惠池,P000539,SK-II美妆护肤商品283,美妆护肤,1549.86,0.4,0.67,4.5,0.1653670954480157,840
高性价比优惠池,P000547,卡仕达汽车用品商品137,汽车用品,1590.31,0.6154,0.84,4.75,0.1621425891081862,531
高性价比优惠池,P000551,老凤祥珠宝首饰商品566,珠宝首饰,1511.2,0.5714,0.83,4.5,0.17964309938430784,5901
高性价比优惠池,P000558,LV箱包配饰商品537,箱包配饰,612.76,0.3333,0.53,4.5,0.15854711195639504,5185
高性价比优惠池,P000564,探路者运动户外商品111,运动户外,644.21,0.3333,0.85,5.0,0.16085603848286514,4614
高性价比优惠池,P000579,耐威克宠物用品商品321,宠物用品,529.85,0.5,0.53,4.67,0.19848777175120366,2867
高性价比优惠池,P000580,海澜之家服装鞋包商品903,服装鞋包,122.92,0.5556,0.6,5.0,0.15974911645537995,3311
高性价比优惠池,P000586,壳牌汽车用品商品441,汽车用品,4001.57,0.6,0.64,4.6,0.17030422835428355,755
高性价比优惠池,P000591,潘多拉礼品鲜花商品626,礼品鲜花,111.35,0.1667,0.43,5.0,0.1675688233363761,8888
高性价比优惠池,P000593,野兽派礼品鲜花商品275,礼品鲜花,80.53,0.1667,0.52,5.0,0.20066701913798402,5549
高性价比优惠池,P000594,迪卡侬运动户外商品151,运动户外,138.77,0.4286,0.51,4.5,0.18928268388461794,7712
高性价比优惠池,P000606,七匹狼服装鞋包商品937,服装鞋包,1442.83,0.5,0.76,4.67,0.16067374838415274,1752
高性价比优惠池,P000607,顾家家居家居家装商品911,家居家装,309.1,0.5,0.42,4.5,0.15853184713362453,7552
高性价比优惠池,P000614,顾家家居家居家装商品941,家居家装,450.76,0.4286,0.52,5.0,0.16054479513449324,5046
高性价比优惠池,P000620,京东图书图书音像商品310,图书音像,684.7,0.4286,0.47,4.33,0.18326463243823535,5187
高性价比优惠池,P000621,伊利食品生鲜商品545,食品生鲜,720.61,0.5,0.54,4.67,0.18222595580758774,5640
高性价比优惠池,P000626,九芝堂医药保健商品740,医药保健,324.95,0.75,0.35,4.33,0.18556821997274509,6271
高性价比优惠池,P000630,雅诗兰黛美妆护肤商品173,美妆护肤,1314.36,0.5,0.49,4.5,0.18732350059614147,2359
高性价比优惠池,P000635,贝因美母婴用品商品691,母婴用品,503.18,0.25,0.29,5.0,0.21229177086509182,3878
高性价比优惠池,P000641,博世汽车用品商品727,汽车用品,895.81,0.125,0.47,5.0,0.1689823840181409,5628
高性价比优惠池,P000642,安踏运动户外商品580,运动户外,459.49,0.4444,0.62,4.5,0.16000061885544273,7687
高性价比优惠池,P000643,施华洛世奇礼品鲜花商品439,礼品鲜花,426.81,0.4286,0.51,4.5,0.22191737958033433,4827
高性价比优惠池,P000646,荣耀手机数码商品692,手机数码,1768.09,0.3333,0.56,4.5,0.16054509839659648,845
高性价比优惠池,P000650,伊利食品生鲜商品114,食品生鲜,744.01,0.5455,0.72,4.6,0.18106807969616592,9893
高性价比优惠池,P000653,皇家宠物用品商品451,宠物用品,984.23,0.2,0.45,5.0,0.1787908860659892,2376
高性价比优惠池,P000658,人民邮电出版社图书音像商品870,图书音像,923.23,0.75,0.45,4.5,0.18034029910003618,3828
高性价比优惠池,P000659,帮宝适母婴用品商品585,母婴用品,270.0,0.6,0.48,4.5,0.20287361618820005,8690
高性价比优惠池,P000662,海澜之家服装鞋包商品964,服装鞋包,891.98,0.3333,0.57,5.0,0.21383345046085378,4466
高性价比优惠池,P000663,索菲亚家居家装商品373,家居家装,804.29,0.3,0.67,4.5,0.16438760948378378,4183
高性价比优惠池,P000665,Swisse医药保健商品632,医药保健,344.03,0.3333,0.65,4.67,0.1701087548812875,2947
高性价比优惠池,P000668,曲美家居家装商品842,家居家装,290.46,0.375,0.53,4.5,0.1759008952796962,3163
高性价比优惠池,P000669,苹果手机数码商品734,手机数码,1189.56,0.5714,0.62,5.0,0.17304002557892634,9734
高性价比优惠池,P000672,老凤祥珠宝首饰商品213,珠宝首饰,1406.52,0.4444,0.66,4.75,0.164048309617306,4150
高性价比优惠池,P000675,良品铺子食品生鲜商品899,食品生鲜,83.26,0.375,0.62,4.67,0.1749993389277717,1022
高性价比优惠池,P000678,瑞士军威箱包配饰商品724,箱包配饰,398.71,0.4286,0.47,4.5,0.1645413431273843,8061
高性价比优惠池,P000680,施华洛世奇礼品鲜花商品208,礼品鲜花,913.48,0.4,0.36,4.5,0.23039558867770107,4243
高性价比优惠池,P000687,海澜之家服装鞋包商品441,服装鞋包,1379.58,0.3333,0.47,4.5,0.1741428336081772,6563
高性价比优惠池,P000697,飞鹤母婴用品商品316,母婴用品,809.03,0.3333,0.38,5.0,0.17830954569008942,8570
高性价比优惠池,P000698,人民邮电出版社图书音像商品991,图书音像,875.51,0.3,0.67,5.0,0.17418183513681265,2440
高性价比优惠池,P000699,Swisse医药保健商品173,医药保健,46.51,0.25,0.43,5.0,0.169090034517668,2319
高性价比优惠池,P000700,人民邮电出版社图书音像商品119,图书音像,476.51,0.2727,0.7,4.5,0.1622423329416827,750
高性价比优惠池,P000702,LV箱包配饰商品940,箱包配饰,795.76,0.5,0.4,5.0,0.2262416889468602,7474
高性价比优惠池,P000703,野兽派礼品鲜花商品955,礼品鲜花,595.13,0.3333,0.55,5.0,0.19566874072992432,1742
高性价比优惠池,P000710,新秀丽箱包配饰商品236,箱包配饰,108.97,0.4,0.43,4.5,0.16389153426124783,6162
高性价比优惠池,P000711,老凤祥珠宝首饰商品116,珠宝首饰,1765.27,0.6667,0.33,5.0,0.21246140764313012,1322
高性价比优惠池,P000715,迪卡侬运动户外商品521,运动户外,246.86,0.4,0.72,4.5,0.19241460579060823,2859
高性价比优惠池,P000717,Roseonly礼品鲜花商品742,礼品鲜花,828.22,0.75,0.46,4.33,0.18477099120815468,4934
高性价比优惠池,P000720,探路者运动户外商品575,运动户外,772.63,0.2857,0.57,5.0,0.17390741123957784,3409
高性价比优惠池,P000722,海康威视汽车用品商品609,汽车用品,1822.43,0.75,0.52,4.5,0.16840811350085183,706
高性价比优惠池,P000725,Samsonite箱包配饰商品261,箱包配饰,787.64,0.7143,0.55,4.5,0.1743459308650476,7947
高性价比优惠池,P000728,海尔家用电器商品433,家用电器,2208.37,0.3333,0.71,4.67,0.17194765307625656,3884
高性价比优惠池,P000729,九芝堂医药保健商品990,医药保健,207.96,0.5,0.4,5.0,0.1738492883814644,3615
高性价比优惠池,P000732,全友家居家居家装商品568,家居家装,722.62,0.5,0.56,4.5,0.18044507984720826,5875
高性价比优惠池,P000733,蒙牛食品生鲜商品443,食品生鲜,135.94,0.4615,0.88,4.5,0.16634424933424002,9317
高性价比优惠池,P000734,vivo手机数码商品239,手机数码,1333.32,0.4,0.5,4.5,0.182857102684407,7627
高性价比优惠池,P000743,一加手机数码商品643,手机数码,3457.4,0.3333,0.41,4.5,0.17335709518460543,1605
高性价比优惠池,P000745,九芝堂医药保健商品323,医药保健,141.38,0.4286,0.42,4.67,0.1622714431291581,4846
高性价比优惠池,P000757,完美日记美妆护肤商品344,美妆护肤,1102.29,0.6,0.65,4.83,0.174343874495308,7839
高性价比优惠池,P000758,Swisse医药保健商品871,医药保健,747.57,0.3636,0.74,4.75,0.1963230597807276,3693
高性价比优惠池,P000765,善存医药保健商品608,医药保健,158.99,0.4444,0.48,5.0,0.24102226683453262,3346
高性价比优惠池,P000767,Samsonite箱包配饰商品585,箱包配饰,353.23,0.3333,0.57,4.5,0.19783367296565188,7272
高性价比优惠池,P000772,新华书店图书音像商品411,图书音像,571.58,0.3333,0.6,4.67,0.19833875707725557,5021
高性价比优惠池,P000774,周大福珠宝首饰商品251,珠宝首饰,738.59,0.3333,0.46,4.5,0.21622195783610862,7469
高性价比优惠池,P000781,MK箱包配饰商品886,箱包配饰,153.93,0.5714,0.57,4.67,0.17811629239369905,7504
高性价比优惠池,P000787,兰蔻美妆护肤商品415,美妆护肤,98.35,0.5714,0.47,4.5,0.1952073863670114,3610
高性价比优惠池,P000793,九芝堂医药保健商品478,医药保健,392.25,0.3333,0.67,5.0,0.2003767775963679,199
高性价比优惠池,P000798,冠能宠物用品商品247,宠物用品,215.71,0.5714,0.62,4.33,0.20209970622138704,7776
高性价比优惠池,P000802,老凤祥珠宝首饰商品304,珠宝首饰,412.71,0.4,0.37,5.0,0.1594171486139798,6254
高性价比优惠池,P000813,全友家居家居家装商品154,家居家装,279.94,0.4,0.62,4.67,0.1787077511616422,6873
高性价比优惠池,P000824,云南白药医药保健商品242,医药保健,818.87,0.7143,0.59,4.5,0.18433960689989076,9791
高性价比优惠池,P000827,Swisse医药保健商品414,医药保健,134.09,0.4,0.42,4.5,0.228725993977702,2133
高性价比优惠池,P000829,优衣库服装鞋包商品893,服装鞋包,994.3,0.4,0.41,4.5,0.1591866829224795,7065
高性价比优惠池,P000831,Roseonly礼品鲜花商品580,礼品鲜花,127.73,1.0,0.29,4.67,0.22819408786664389,4145
高性价比优惠池,P000833,周生生珠宝首饰商品716,珠宝首饰,450.53,0.4444,0.7,4.67,0.1633612990534209,3277
高性价比优惠池,P000835,花点时间礼品鲜花商品460,礼品鲜花,168.95,0.5,0.32,4.5,0.16322189562130046,8202
高性价比优惠池,P000844,施华洛世奇珠宝首饰商品821,珠宝首饰,612.13,0.6667,0.49,4.67,0.1630697464663942,665
高性价比优惠池,P000845,海澜之家服装鞋包商品605,服装鞋包,275.66,0.6667,0.51,4.33,0.19371543998079155,4646
高性价比优惠池,P000846,中信出版社图书音像商品853,图书音像,318.89,0.2222,0.62,5.0,0.17400900158339502,7273
高性价比优惠池,P000850,强生母婴用品商品635,母婴用品,661.96,0.3,0.67,4.5,0.1849327356327804,1392
高性价比优惠池,P000851,H&M服装鞋包商品504,服装鞋包,831.22,0.6364,0.71,4.5,0.16183926905796087,9675
高性价比优惠池,P000852,H&M服装鞋包商品166,服装鞋包,759.23,0.2222,0.66,5.0,0.1791908571961749,3261
高性价比优惠池,P000853,曲美家居家装商品709,家居家装,845.59,0.4545,0.74,4.33,0.1689555723952498,6623
高性价比优惠池,P000863,明牌珠宝首饰商品306,珠宝首饰,622.45,0.375,0.63,5.0,0.18626540490880483,8157
高性价比优惠池,P000868,博世汽车用品商品823,汽车用品,1731.08,0.4545,0.7,4.67,0.17397009343774902,7056
高性价比优惠池,P000874,苹果手机数码商品704,手机数码,838.39,0.4,0.46,5.0,0.20123425314886695,6003
高性价比优惠池,P000884,东鹏家居家装商品614,家居家装,813.34,0.5,0.77,4.67,0.16410501490918764,5563
高性价比优惠池,P000890,潘多拉礼品鲜花商品586,礼品鲜花,432.83,0.375,0.47,5.0,0.20532663204217075,5690
高性价比优惠池,P000892,潘多拉珠宝首饰商品543,珠宝首饰,1343.74,0.75,0.35,4.5,0.16474836063373136,5133
高性价比优惠池,P000897,探路者运动户外商品473,运动户外,467.86,0.125,0.58,5.0,0.18725931158905373,3938
高性价比优惠池,P000898,自然堂美妆护肤商品964,美妆护肤,899.01,0.25,0.59,4.5,0.18899576009015653,5220
高性价比优惠池,P000905,潘多拉珠宝首饰商品774,珠宝首饰,1123.88,0.2,0.44,5.0,0.16043873354503574,691
高性价比优惠池,P000912,Roseonly礼品鲜花商品891,礼品鲜花,808.62,0.625,0.59,4.5,0.16082540539931806,5395
高性价比优惠池,P000921,福临门食品生鲜商品416,食品生鲜,642.56,0.5,0.46,5.0,0.1820702030504011,5945
高性价比优惠池,P000922,外交官箱包配饰商品647,箱包配饰,868.28,0.3333,0.77,4.33,0.16544081213077752,7248
高性价比优惠池,P000924,百草味食品生鲜商品942,食品生鲜,759.1,0.5,0.61,4.33,0.17086635078308332,4872
高性价比优惠池,P000929,比瑞吉宠物用品商品815,宠物用品,268.36,0.3333,0.42,4.5,0.19330342962653593,1087
高性价比优惠池,P000930,马可波罗家居家装商品716,家居家装,731.94,0.1667,0.53,5.0,0.16572868338020483,8973
高性价比优惠池,P000931,云南白药医药保健商品564,医药保健,698.26,0.5,0.48,5.0,0.16982497068913371,853
高性价比优惠池,P000932,米其林汽车用品商品745,汽车用品,3825.54,0.1667,0.56,5.0,0.19731874921584447,2229
高性价比优惠池,P000939,珀莱雅美妆护肤商品997,美妆护肤,785.77,0.4,0.86,4.67,0.1912254959184262,9345
高性价比优惠池,P000940,美的家用电器商品123,家用电器,7423.34,0.4286,0.92,4.33,0.20458544638165682,3747
高性价比优惠池,P000945,小佩宠物用品商品221,宠物用品,232.24,0.4,0.49,4.5,0.1843795060277248,3328
高性价比优惠池,P000961,小米手机数码商品611,手机数码,7037.6,0.4,0.43,5.0,0.1772440991657088,4603
高性价比优惠池,P000962,云南白药医药保健商品540,医药保健,290.1,0.6667,0.29,5.0,0.17656100645671804,4312
高性价比优惠池,P000968,荣耀手机数码商品465,手机数码,7916.14,0.6667,0.28,5.0,0.1797701451046997,9189
高性价比优惠池,P000974,明牌珠宝首饰商品793,珠宝首饰,233.9,0.6,0.48,4.5,0.24807463731550827,5384
高性价比优惠池,P000984,潮宏基珠宝首饰商品191,珠宝首饰,90.0,0.25,0.87,4.67,0.1650238144869123,3411
高性价比优惠池,P000985,珀莱雅美妆护肤商品898,美妆护肤,834.67,0.3333,0.88,5.0,0.16011813690539056,2525
高性价比优惠池,P000987,Samsonite箱包配饰商品467,箱包配饰,668.87,0.5,0.57,4.67,0.19953724207520293,6020
高性价比优惠池,P000991,帮宝适母婴用品商品195,母婴用品,50.03,0.2222,0.66,5.0,0.20309469043482595,5599
高性价比优惠池,P000995,良品铺子食品生鲜商品230,食品生鲜,687.47,0.2,0.49,5.0,0.22103741167979965,4921
高性价比优惠池,P001001,SK-II美妆护肤商品963,美妆护肤,816.27,0.375,0.54,4.33,0.20645710078737092,1364
高性价比优惠池,P001003,明牌珠宝首饰商品738,珠宝首饰,1625.28,0.2222,0.58,5.0,0.1590746736495585,5592
高性价比优惠池,P001009,九芝堂医药保健商品923,医药保健,309.63,0.125,0.55,5.0,0.16617235726757823,2049
高性价比优惠池,P001010,雅诗兰黛美妆护肤商品295,美妆护肤,268.23,0.5714,0.48,4.67,0.20666673754655598,260
高性价比优惠池,P001013,海尔家用电器商品408,家用电器,6272.91,0.5833,0.88,4.4,0.17688150481589582,2427
高性价比优惠池,P001029,野兽派礼品鲜花商品389,礼品鲜花,693.79,0.6667,0.37,5.0,0.2127159394532777,1412
高性价比优惠池,P001030,海康威视汽车用品商品232,汽车用品,1799.68,0.2222,0.69,5.0,0.16348898255395838,2561
高性价比优惠池,P001032,蒙牛食品生鲜商品314,食品生鲜,561.26,0.7143,0.56,4.6,0.17062392118999356,297
高性价比优惠池,P001042,GUCCI箱包配饰商品260,箱包配饰,731.07,0.4444,0.59,4.75,0.192367357174002,7233
高性价比优惠池,P001045,麦富迪宠物用品商品549,宠物用品,969.94,0.5,0.53,4.33,0.18722530441170585,107
高性价比优惠池,P001046,苏泊尔家用电器商品449,家用电器,2650.69,0.75,0.3,4.33,0.19433073713370355,2805
高性价比优惠池,P001056,耐威克宠物用品商品838,宠物用品,745.27,0.2,1.0,4.5,0.18543713494536815,5638
高性价比优惠池,P001058,九芝堂医药保健商品556,医药保健,647.44,0.3846,0.82,4.75,0.1740199864071637,8919
高性价比优惠池,P001063,金龙鱼食品生鲜商品875,食品生鲜,639.33,0.375,0.54,4.5,0.19948299369919845,383
高性价比优惠池,P001067,优衣库服装鞋包商品874,服装鞋包,1319.38,0.375,0.58,5.0,0.17483884647791306,2043
高性价比优惠池,P001071,戴森家用电器商品406,家用电器,2634.02,0.5,0.69,4.5,0.1763548800123799,9384
高性价比优惠池,P001072,米其林汽车用品商品831,汽车用品,3332.49,0.7778,0.55,4.4,0.18635526385792436,4057
高性价比优惠池,P001074,当当图书音像商品250,图书音像,714.52,0.5,0.34,4.5,0.19981191518727962,6751
高性价比优惠池,P001077,帮宝适母婴用品商品992,母婴用品,271.06,0.5714,0.46,4.67,0.1589018393709444,8172
高性价比优惠池,P001082,小米手机数码商品672,手机数码,3269.99,1.0,0.22,5.0,0.18676152845223892,1945
高性价比优惠池,P001086,老凤祥珠宝首饰商品245,珠宝首饰,1578.4,0.5,0.57,4.5,0.1591931520490042,6910
高性价比优惠池,P001088,华为手机数码商品660,手机数码,3114.87,0.3333,0.61,4.67,0.15855328084203918,732
高性价比优惠池,P001092,海康威视汽车用品商品252,汽车用品,6997.59,0.4,0.41,5.0,0.18575802487127355,5328
高性价比优惠池,P001096,施华洛世奇礼品鲜花商品915,礼品鲜花,773.88,0.4444,0.7,4.33,0.16573506799779292,5060
高性价比优惠池,P001100,H&M服装鞋包商品119,服装鞋包,586.18,0.25,0.35,5.0,0.22368314146460913,3371
高性价比优惠池,P001101,苏泊尔家用电器商品186,家用电器,6551.91,0.2857,0.44,5.0,0.17696352845204988,9942
高性价比优惠池,P001107,米其林汽车用品商品160,汽车用品,5108.57,0.6,0.41,4.67,0.19652686767162963,5329
高性价比优惠池,P001109,海澜之家服装鞋包商品245,服装鞋包,855.0,0.6,0.48,4.5,0.20176713888387526,5311
高性价比优惠池,P001110,福临门食品生鲜商品947,食品生鲜,900.51,0.4444,0.66,4.33,0.16877333549152626,849
高性价比优惠池,P001111,西门子家用电器商品870,家用电器,4977.53,0.4,0.52,5.0,0.18075242978372147,3874
高性价比优惠池,P001112,中信出版社图书音像商品870,图书音像,509.38,0.6,0.38,5.0,0.22672793239556607,1885
高性价比优惠池,P001113,三只松鼠食品生鲜商品425,食品生鲜,470.18,0.4,0.5,4.5,0.2276179702747681,6669
高性价比优惠池,P001116,壳牌汽车用品商品352,汽车用品,6222.34,0.3,0.7,4.5,0.17277468464536913,2057
高性价比优惠池,P001117,福临门食品生鲜商品556,食品生鲜,93.07,0.4167,0.77,5.0,0.1629405556871839,8199
高性价比优惠池,P001121,米其林汽车用品商品100,汽车用品,951.31,0.625,0.57,5.0,0.18403570929498778,7900
高性价比优惠池,P001123,麦富迪宠物用品商品699,宠物用品,842.28,0.6667,0.29,5.0,0.18975445926934098,4609
高性价比优惠池,P001128,明牌珠宝首饰商品379,珠宝首饰,529.56,0.5,0.51,5.0,0.17566682719873775,5269
高性价比优惠池,P001129,曲美家居家装商品570,家居家装,959.4,0.6667,0.76,4.5,0.1619059387432999,5381
高性价比优惠池,P001134,壳牌汽车用品商品461,汽车用品,7790.29,0.3,0.63,4.5,0.189969305907781,6166
高性价比优惠池,P001139,六福珠宝珠宝首饰商品339,珠宝首饰,1961.23,0.3077,0.88,4.67,0.16150301696867925,5947
高性价比优惠池,P001146,同仁堂医药保健商品296,医药保健,849.19,0.2308,0.73,5.0,0.16096644522146247,378
高性价比优惠池,P001151,宜家家居家装商品838,家居家装,232.3,0.6667,0.79,4.75,0.19921607325232304,4553
高性价比优惠池,P001156,ZARA服装鞋包商品128,服装鞋包,985.93,0.6,0.37,4.67,0.18127465463333312,393
高性价比优惠池,P001160,明牌珠宝首饰商品882,珠宝首饰,236.56,0.75,0.56,4.5,0.1719774213866747,7314
高性价比优惠池,P001164,ZARA服装鞋包商品793,服装鞋包,158.79,0.3333,0.59,4.5,0.17317953808228595,855
高性价比优惠池,P001165,福临门食品生鲜商品511,食品生鲜,104.87,0.6,0.38,4.67,0.16616130463423437,6735
高性价比优惠池,P001170,六福珠宝珠宝首饰商品686,珠宝首饰,295.66,0.25,0.43,5.0,0.1747270423703348,8337
高性价比优惠池,P001177,安踏运动户外商品532,运动户外,350.38,0.3333,0.24,5.0,0.18634763554116773,3282
高性价比优惠池,P001178,固特异汽车用品商品904,汽车用品,1013.03,0.5,0.61,4.5,0.16198174066913928,3102
高性价比优惠池,P001187,H&M服装鞋包商品397,服装鞋包,908.8,0.3846,0.83,4.33,0.1659220311401698,9595
高性价比优惠池,P001189,松下家用电器商品278,家用电器,2142.09,0.4444,0.69,4.75,0.17944087819135623,4292
高性价比优惠池,P001191,欧莱雅美妆护肤商品122,美妆护肤,393.35,0.3333,0.51,4.5,0.16946692564983223,4289
高性价比优惠池,P001198,新秀丽箱包配饰商品881,箱包配饰,619.87,0.5,0.41,5.0,0.174827269543808,3098
高性价比优惠池,P001200,vivo手机数码商品993,手机数码,1448.44,0.4,0.77,5.0,0.17384914581472427,8327
高性价比优惠池,P001201,诺誓礼品鲜花商品314,礼品鲜花,730.03,0.5,0.53,5.0,0.1686188483513045,7711
高性价比优惠池,P001204,云南白药医药保健商品638,医药保健,697.56,0.4,0.45,5.0,0.19930943799120668,8106
高性价比优惠池,P001212,新华书店图书音像商品518,图书音像,373.84,0.6,0.47,4.33,0.2138091726123757,8151
高性价比优惠池,P001214,松下家用电器商品760,家用电器,1069.16,0.4545,0.79,4.67,0.15926828055757092,1350
高性价比优惠池,P001219,耐威克宠物用品商品108,宠物用品,772.38,0.5,0.46,4.33,0.17936905248690382,4617
高性价比优惠池,P001226,潮宏基珠宝首饰商品314,珠宝首饰,905.43,0.5,0.47,5.0,0.1894520385406578,9149
高性价比优惠池,P001228,三只松鼠食品生鲜商品611,食品生鲜,812.3,0.5,0.82,4.5,0.161084536220197,5810
高性价比优惠池,P001244,自然堂美妆护肤商品701,美妆护肤,445.8,0.4,0.36,5.0,0.17841068245289,7519
高性价比优惠池,P001246,七匹狼服装鞋包商品719,服装鞋包,1624.75,0.5,0.75,4.5,0.17733024124740604,8615
高性价比优惠池,P001249,索菲亚家居家装商品500,家居家装,616.9,0.4,0.77,4.5,0.188855891501559,2869
高性价比优惠池,P001251,新华书店图书音像商品774,图书音像,191.61,0.4167,0.67,4.5,0.18358708952358507,9316
高性价比优惠池,P001253,Samsonite箱包配饰商品380,箱包配饰,883.73,0.2,0.45,5.0,0.21197358518248807,8810
高性价比优惠池,P001254,百草味食品生鲜商品814,食品生鲜,729.27,0.4286,0.64,5.0,0.173286926730626,3559
高性价比优惠池,P001261,东鹏家居家装商品596,家居家装,466.74,0.3333,0.72,5.0,0.15903939368146724,1352
高性价比优惠池,P001264,Roseonly礼品鲜花商品281,礼品鲜花,301.2,0.6,0.42,5.0,0.1596704960737672,8759
高性价比优惠池,P001266,博世汽车用品商品257,汽车用品,3804.93,0.25,0.51,5.0,0.16556920679448728,2915
高性价比优惠池,P001271,瑞士军威箱包配饰商品483,箱包配饰,909.67,0.3636,0.77,4.67,0.18510523039042112,3276
高性价比优惠池,P001277,野兽派礼品鲜花商品654,礼品鲜花,401.11,0.5,0.27,5.0,0.2016621332747372,7010
高性价比优惠池,P001281,卡仕达汽车用品商品144,汽车用品,1004.98,0.4,0.48,5.0,0.1875976450600399,3580
高性价比优惠池,P001284,马可波罗家居家装商品794,家居家装,925.31,0.5,0.46,5.0,0.17401264874797107,2177
高性价比优惠池,P001286,小佩宠物用品商品169,宠物用品,341.75,0.625,0.54,4.33,0.15839395932258998,9970
高性价比优惠池,P001289,蒙牛食品生鲜商品855,食品生鲜,434.21,0.3333,0.97,4.75,0.16541380825764662,3990
高性价比优惠池,P001291,蒙牛食品生鲜商品255,食品生鲜,381.99,0.4286,0.69,4.33,0.1766530113108276,621
高性价比优惠池,P001292,苏泊尔家用电器商品856,家用电器,7079.99,0.2222,0.71,5.0,0.15913805475274556,2199
高性价比优惠池,P001310,强生母婴用品商品173,母婴用品,339.9,0.2222,0.59,5.0,0.16104546446809292,7688
高性价比优惠池,P001316,施华洛世奇珠宝首饰商品621,珠宝首饰,1432.8,0.2,0.64,4.5,0.17438799854698167,6032
高性价比优惠池,P001317,汤臣倍健医药保健商品766,医药保健,391.48,0.4545,0.74,4.67,0.19239558986939284,6947
高性价比优惠池,P001321,潘多拉礼品鲜花商品778,礼品鲜花,843.1,0.6,0.45,4.5,0.1700618369663824,202
高性价比优惠池,P001323,飞鹤母婴用品商品630,母婴用品,910.85,0.5,0.77,4.4,0.17838437837601534,6929
高性价比优惠池,P001335,COACH箱包配饰商品551,箱包配饰,630.57,0.5,0.78,4.33,0.17736612567876608,1789
高性价比优惠池,P001336,比瑞吉宠物用品商品181,宠物用品,300.19,0.3333,0.49,4.5,0.20842045910463367,6188
高性价比优惠池,P001338,苏泊尔家用电器商品596,家用电器,5546.03,0.2222,0.59,5.0,0.21521732839245641,1651
高性价比优惠池,P001339,苹果手机数码商品372,手机数码,6138.49,0.4,0.41,5.0,0.16432617078530715,118
高性价比优惠池,P001340,3M汽车用品商品199,汽车用品,2083.01,0.5,0.69,4.75,0.1711138789311428,118
高性价比优惠池,P001342,诺誓礼品鲜花商品444,礼品鲜花,377.08,0.7143,0.59,4.67,0.19385360029130114,5620
高性价比优惠池,P001343,曲美家居家装商品469,家居家装,668.43,0.4286,0.54,5.0,0.2030624207053763,6200
高性价比优惠池,P001349,三星手机数码商品994,手机数码,843.16,0.6,0.45,5.0,0.1649063272905008,5333
高性价比优惠池,P001350,海康威视汽车用品商品339,汽车用品,5050.72,0.5,0.36,4.5,0.23284554418634607,6556
高性价比优惠池,P001353,格力家用电器商品990,家用电器,4400.41,0.3,0.67,5.0,0.16687542271219616,9369
高性价比优惠池,P001357,兰蔻美妆护肤商品208,美妆护肤,898.04,0.6,0.34,4.5,0.17994422447005626,478
高性价比优惠池,P001366,全友家居家居家装商品973,家居家装,320.24,0.5,0.51,4.75,0.1899856915653957,6229
高性价比优惠池,P001369,圣象家居家装商品916,家居家装,682.51,0.7143,0.55,4.8,0.16918502321715345,2069
高性价比优惠池,P001371,小佩宠物用品商品423,宠物用品,153.25,0.75,0.51,4.33,0.20068311499758207,4863
高性价比优惠池,P001372,麦富迪宠物用品商品611,宠物用品,683.18,0.4286,0.51,4.5,0.17337660085787734,2415
高性价比优惠池,P001373,花点时间礼品鲜花商品249,礼品鲜花,749.59,0.4,0.72,4.33,0.16646865668099636,562
高性价比优惠池,P001383,H&M服装鞋包商品431,服装鞋包,1516.92,0.375,0.61,5.0,0.16641559455201088,9509
高性价比优惠池,P001384,皇家宠物用品商品970,宠物用品,935.23,0.3333,0.78,4.5,0.16167150643981187,4981
高性价比优惠池,P001389,帮宝适母婴用品商品795,母婴用品,843.24,0.375,0.52,5.0,0.1586193572923351,922
高性价比优惠池,P001398,美的家用电器商品700,家用电器,4797.36,0.5,0.36,4.5,0.19678460707988982,9381
高性价比优惠池,P001401,良品铺子食品生鲜商品201,食品生鲜,331.98,0.4,0.33,5.0,0.1735400670203444,8806
高性价比优惠池,P001412,潘多拉礼品鲜花商品622,礼品鲜花,217.74,0.3,0.63,4.5,0.16108721324176553,1622
高性价比优惠池,P001413,3M汽车用品商品342,汽车用品,775.5,0.4,0.55,5.0,0.1905534644941629,2321
高性价比优惠池,P001415,花点时间礼品鲜花商品384,礼品鲜花,137.21,0.4286,0.52,4.33,0.16989538804599275,6914
高性价比优惠池,P001416,阿迪达斯服装鞋包商品366,服装鞋包,794.48,0.5385,0.74,4.4,0.17822858430201605,2675
高性价比优惠池,P001425,三只松鼠食品生鲜商品200,食品生鲜,383.38,0.3333,0.77,5.0,0.16107842364913436,3640
高性价比优惠池,P001427,骆驼运动户外商品702,运动户外,823.13,0.5385,0.92,4.67,0.15917886848645324,8021
高性价比优惠池,P001432,小米手机数码商品773,手机数码,1447.76,0.3636,0.72,4.33,0.17608222491229214,6206
高性价比优惠池,P001433,施华洛世奇礼品鲜花商品373,礼品鲜花,62.34,0.375,0.64,4.33,0.15867042603069292,6064
高性价比优惠池,P001435,薇诺娜美妆护肤商品462,美妆护肤,1607.01,0.5714,0.53,4.5,0.16112419428321686,8228
高性价比优惠池,P001441,米其林汽车用品商品591,汽车用品,4233.54,0.375,0.57,4.67,0.1899492380020422,8722
高性价比优惠池,P001443,新秀丽箱包配饰商品831,箱包配饰,430.73,0.4,0.44,4.5,0.16333675856673308,8754
高性价比优惠池,P001444,云南白药医药保健商品350,医药保健,994.28,0.3636,0.69,4.5,0.17526402371002733,8652
高性价比优惠池,P001445,3M汽车用品商品721,汽车用品,3864.89,0.375,0.49,4.5,0.18281150223828296,2761
高性价比优惠池,P001447,哥伦比亚运动户外商品152,运动户外,428.5,0.25,0.55,5.0,0.18476374256167227,6211
高性价比优惠池,P001448,完美日记美妆护肤商品215,美妆护肤,709.02,0.3,0.67,5.0,0.1639281007510183,4092
高性价比优惠池,P001449,冠能宠物用品商品397,宠物用品,306.19,0.6667,0.44,4.5,0.19183529070025304,4809
高性价比优惠池,P001450,蒙牛食品生鲜商品102,食品生鲜,740.65,0.5556,0.69,4.33,0.19641041839784235,9319
高性价比优惠池,P001460,人民邮电出版社图书音像商品959,图书音像,444.96,0.3333,0.67,5.0,0.16209736346413056,2291
高性价比优惠池,P001462,耐克服装鞋包商品391,服装鞋包,128.5,0.75,0.54,4.75,0.20631841895368228,6464
高性价比优惠池,P001466,马可波罗家居家装商品613,家居家装,728.73,0.1667,0.55,5.0,0.20008282190275004,6370
高性价比优惠池,P001467,兰蔻美妆护肤商品210,美妆护肤,1595.79,0.5455,0.69,4.8,0.18144262854592041,2066
高性价比优惠池,P001471,潮宏基珠宝首饰商品353,珠宝首饰,1254.35,0.5,0.51,4.5,0.1625401419368849,8376
高性价比优惠池,P001475,野兽派礼品鲜花商品293,礼品鲜花,992.63,0.3333,0.59,4.5,0.15950763390784753,9686
高性价比优惠池,P001480,戴森家用电器商品536,家用电器,4093.96,0.25,0.38,5.0,0.20044951317112342,8353
高性价比优惠池,P001485,外交官箱包配饰商品541,箱包配饰,192.99,0.4286,0.52,4.5,0.16986017350579288,8049
高性价比优惠池,P001490,壳牌汽车用品商品142,汽车用品,4899.21,0.5714,0.92,4.4,0.18413209814567735,3120
高性价比优惠池,P001493,361度运动户外商品144,运动户外,136.55,0.3333,0.74,4.75,0.18289022986645553,6851
高性价比优惠池,P001503,汤臣倍健医药保健商品909,医药保健,517.67,0.25,0.76,4.5,0.1687475960618072,8254
高性价比优惠池,P001506,OPPO手机数码商品398,手机数码,793.18,0.5,0.47,4.33,0.19390955624964987,2427
高性价比优惠池,P001507,LV箱包配饰商品236,箱包配饰,277.73,0.5,0.79,4.8,0.18583429576307117,844
高性价比优惠池,P001521,诺誓礼品鲜花商品846,礼品鲜花,188.6,0.2857,0.53,5.0,0.17126589254343236,4621
高性价比优惠池,P001526,Roseonly礼品鲜花商品486,礼品鲜花,390.15,0.5833,0.8,4.5,0.1591966284499575,1802
高性价比优惠池,P001531,薇诺娜美妆护肤商品877,美妆护肤,1147.56,0.3636,0.66,5.0,0.16763809498404766,7279
高性价比优惠池,P001534,优衣库服装鞋包商品944,服装鞋包,136.83,0.5714,0.49,4.5,0.1764567707347055,8923
高性价比优惠池,P001536,雅诗兰黛美妆护肤商品329,美妆护肤,96.8,0.5,0.65,5.0,0.16354254352571243,6998
高性价比优惠池,P001542,好奇母婴用品商品714,母婴用品,189.55,0.5714,0.54,4.5,0.17310622173470108,6967
高性价比优惠池,P001545,LV箱包配饰商品930,箱包配饰,907.91,0.1,0.68,5.0,0.15843648088885678,1251
高性价比优惠池,P001548,东阿阿胶医药保健商品934,医药保健,76.64,0.1667,0.44,5.0,0.17400868116467386,9467
高性价比优惠池,P001554,飞鹤母婴用品商品694,母婴用品,717.77,0.375,0.54,4.67,0.16067587380040688,8633
高性价比优惠池,P001556,戴森家用电器商品102,家用电器,2024.6,0.5,0.57,4.67,0.17606915846612683,281
高性价比优惠池,P001559,五粮液食品生鲜商品247,食品生鲜,836.9,0.4,0.59,5.0,0.16323229857748583,9035
高性价比优惠池,P001567,同仁堂医药保健商品581,医药保健,417.41,0.2857,0.44,5.0,0.18047891950202802,5526
高性价比优惠池,P001572,LV箱包配饰商品826,箱包配饰,235.04,0.2222,0.61,4.5,0.19803980735349494,2569
高性价比优惠池,P001573,百草味食品生鲜商品634,食品生鲜,383.78,0.2,0.43,5.0,0.1964568417829253,2050
高性价比优惠池,P001581,耐克服装鞋包商品711,服装鞋包,71.41,0.25,0.36,5.0,0.22642692899217387,5064
高性价比优惠池,P001583,百草味食品生鲜商品683,食品生鲜,569.15,0.3846,0.86,4.5,0.20456276385376843,9236
高性价比优惠池,P001594,金龙鱼食品生鲜商品738,食品生鲜,857.39,0.6667,0.3,5.0,0.16973035843178,7059
高性价比优惠池,P001601,五粮液食品生鲜商品362,食品生鲜,765.51,0.375,0.59,5.0,0.1865811934572384,7242
高性价比优惠池,P001602,米其林汽车用品商品226,汽车用品,7787.6,0.4545,0.78,4.4,0.17870545259128912,7999
高性价比优惠池,P001612,COACH箱包配饰商品886,箱包配饰,438.78,0.5,0.49,4.67,0.16868373320280164,6578
高性价比优惠池,P001613,顾家家居家居家装商品424,家居家装,349.0,0.5714,0.41,4.67,0.1730534707423555,9901
高性价比优惠池,P001617,潮宏基珠宝首饰商品163,珠宝首饰,1876.1,0.5556,0.71,4.5,0.19200811588180874,5922
高性价比优惠池,P001621,飞鹤母婴用品商品405,母婴用品,875.04,0.4286,0.57,4.5,0.17290768498331407,7396
高性价比优惠池,P001622,pidan宠物用品商品637,宠物用品,221.96,0.25,0.33,5.0,0.1622689707664551,4250
高性价比优惠池,P001628,海尔家用电器商品840,家用电器,5509.72,0.8,0.34,4.5,0.1885647277407729,2369
高性价比优惠池,P001633,优衣库服装鞋包商品323,服装鞋包,1504.13,0.4167,0.97,4.5,0.15896528507042454,3074
高性价比优惠池,P001635,西门子家用电器商品795,家用电器,4826.27,0.3,0.78,5.0,0.18542187189156253,235
高性价比优惠池,P001637,李宁运动户外商品816,运动户外,504.14,0.25,0.5,5.0,0.208191924104207,7471
高性价比优惠池,P001643,ZARA服装鞋包商品191,服装鞋包,1316.77,0.4,0.4,5.0,0.16465833117004475,6738
高性价比优惠池,P001646,博世汽车用品商品972,汽车用品,3654.81,0.375,0.53,5.0,0.16351857435877026,3651
高性价比优惠池,P001656,爱他美母婴用品商品751,母婴用品,396.51,0.3,0.71,4.5,0.1877060436931745,2846
高性价比优惠池,P001665,西门子家用电器商品404,家用电器,1953.72,0.25,0.6,4.5,0.1883033274432876,4018
高性价比优惠池,P001667,百草味食品生鲜商品247,食品生鲜,631.16,0.5,0.34,5.0,0.16479760975616395,9492
高性价比优惠池,P001668,冠能宠物用品商品213,宠物用品,464.54,0.3333,0.62,5.0,0.16758564581430802,9763
高性价比优惠池,P001671,飞鹤母婴用品商品602,母婴用品,797.49,0.3333,0.56,4.5,0.16692633545786545,6778
高性价比优惠池,P001675,3M汽车用品商品220,汽车用品,7819.37,0.6364,0.81,4.4,0.18059379038146434,5681
高性价比优惠池,P001676,中信出版社图书音像商品714,图书音像,551.02,0.3333,0.75,4.75,0.16144400260397282,2595
高性价比优惠池,P001680,全友家居家居家装商品325,家居家装,92.61,0.8,0.44,4.5,0.15894845547306743,2073
高性价比优惠池,P001683,帮宝适母婴用品商品297,母婴用品,257.59,0.5,0.44,5.0,0.21543720207197706,3242
高性价比优惠池,P001692,爱他美母婴用品商品466,母婴用品,252.86,0.3636,0.74,4.5,0.16998473573280506,3525
高性价比优惠池,P001693,卡仕达汽车用品商品480,汽车用品,1587.8,0.3636,0.77,4.75,0.18197787620780445,5151
高性价比优惠池,P001694,优衣库服装鞋包商品426,服装鞋包,1392.17,0.8,0.62,4.5,0.1804583725982615,5388
高性价比优惠池,P001700,美的家用电器商品921,家用电器,4204.51,0.6667,0.46,4.33,0.15919952769593698,766
高性价比优惠池,P001702,花点时间礼品鲜花商品705,礼品鲜花,389.03,0.3846,0.84,4.75,0.17025216661764214,9443
高性价比优惠池,P001705,苹果手机数码商品445,手机数码,5335.82,0.5,0.52,4.67,0.21471114446146755,1137
高性价比优惠池,P001708,哥伦比亚运动户外商品605,运动户外,616.2,0.5,0.39,5.0,0.1774045246662233,6444
高性价比优惠池,P001711,苹果手机数码商品242,手机数码,1288.52,0.4444,0.6,4.67,0.17116988304714265,5289
高性价比优惠池,P001718,潮宏基珠宝首饰商品752,珠宝首饰,921.22,0.5,0.61,5.0,0.1869231854004546,2004
高性价比优惠池,P001721,阿迪达斯服装鞋包商品884,服装鞋包,627.66,0.4,0.71,4.5,0.18124457462558935,1356
高性价比优惠池,P001724,美的家用电器商品786,家用电器,2121.02,0.4286,0.48,4.5,0.16730849204225176,6308
高性价比优惠池,P001730,自然堂美妆护肤商品990,美妆护肤,1175.62,0.3846,0.98,4.5,0.17579993817566925,1672
高性价比优惠池,P001739,飞鹤母婴用品商品797,母婴用品,59.37,0.3636,0.68,5.0,0.18105686280453903,4078
高性价比优惠池,P001741,花点时间礼品鲜花商品344,礼品鲜花,75.19,0.3333,0.72,5.0,0.17739336954380605,1655
高性价比优惠池,P001748,完美日记美妆护肤商品797,美妆护肤,185.44,0.6,0.39,4.67,0.2370443576038487,3069
高性价比优惠池,P001749,东鹏家居家装商品245,家居家装,962.62,0.5556,0.55,4.33,0.17633677277244442,7775
高性价比优惠池,P001754,施华洛世奇礼品鲜花商品397,礼品鲜花,837.01,0.6667,0.62,4.33,0.1683402257393469,8606
高性价比优惠池,P001758,海康威视汽车用品商品359,汽车用品,3232.17,0.4444,0.63,4.67,0.17934155543034414,222
高性价比优惠池,P001759,网易严选宠物用品商品408,宠物用品,713.06,0.1667,0.46,5.0,0.18862988506766695,8484
高性价比优惠池,P001770,明牌珠宝首饰商品680,珠宝首饰,1937.9,0.4286,0.58,5.0,0.1877958355352401,5685
高性价比优惠池,P001773,潘多拉礼品鲜花商品780,礼品鲜花,170.98,0.6667,0.53,4.33,0.16297183915016192,7976
高性价比优惠池,P001775,OPPO手机数码商品389,手机数码,6691.03,0.125,0.55,5.0,0.16347643899635658,2022
高性价比优惠池,P001780,飞鹤母婴用品商品397,母婴用品,226.67,0.5556,0.58,4.67,0.20517405381834541,7752
高性价比优惠池,P001786,阿迪达斯服装鞋包商品680,服装鞋包,1857.88,0.7143,0.49,4.67,0.16344078374405677,7555
高性价比优惠池,P001791,一加手机数码商品190,手机数码,6168.92,0.2222,0.61,4.5,0.16485509433581833,4954
高性价比优惠池,P001795,中信出版社图书音像商品571,图书音像,840.81,0.5455,0.75,4.33,0.16714239411570536,1387
高性价比优惠池,P001802,明牌珠宝首饰商品738,珠宝首饰,1391.16,0.4,0.37,5.0,0.18298227360683256,1879
高性价比优惠池,P001803,优衣库服装鞋包商品256,服装鞋包,1227.39,0.25,0.37,5.0,0.16099859099095337,1983
高性价比优惠池,P001804,李宁运动户外商品353,运动户外,212.25,0.1429,0.54,5.0,0.1999609160138697,7761
高性价比优惠池,P001808,冠能宠物用品商品542,宠物用品,154.78,0.6667,0.74,4.6,0.1774498591205047,354
高性价比优惠池,P001810,欧莱雅美妆护肤商品587,美妆护肤,986.91,0.5,0.42,4.33,0.20721944585125732,4742
高性价比优惠池,P001831,3M汽车用品商品278,汽车用品,2908.69,0.5,0.53,5.0,0.1994356789689089,7364
高性价比优惠池,P001833,松下家用电器商品602,家用电器,3781.36,0.1667,0.48,5.0,0.1692379436508713,4687
高性价比优惠池,P001834,西门子家用电器商品859,家用电器,1715.67,0.5556,0.53,4.6,0.17377998856177404,8659
高性价比优惠池,P001840,哥伦比亚运动户外商品465,运动户外,622.29,0.2857,0.94,5.0,0.1601021959079843,9153
高性价比优惠池,P001841,比瑞吉宠物用品商品920,宠物用品,76.48,0.375,0.52,5.0,0.1882557037919822,7004
高性价比优惠池,P001850,戴森家用电器商品883,家用电器,945.44,0.5455,0.74,4.75,0.19976456818266405,3346
高性价比优惠池,P001854,施华洛世奇礼品鲜花商品727,礼品鲜花,930.07,0.6667,0.3,5.0,0.1868051460904331,9034
高性价比优惠池,P001855,京东图书图书音像商品377,图书音像,726.1,1.0,0.12,5.0,0.2595533910733557,1704
高性价比优惠池,P001858,苹果手机数码商品126,手机数码,6302.1,0.1818,0.75,5.0,0.1707138123468842,3214
高性价比优惠池,P001861,善存医药保健商品540,医药保健,704.32,0.2222,0.59,4.5,0.18071188845927935,9003
高性价比优惠池,P001865,贝因美母婴用品商品921,母婴用品,24.75,0.6,0.62,4.6,0.22324672475467383,4094
高性价比优惠池,P001872,潘多拉珠宝首饰商品989,珠宝首饰,1324.61,0.3333,0.75,5.0,0.16435222015084844,8631
高性价比优惠池,P001875,百草味食品生鲜商品308,食品生鲜,912.93,0.375,0.5,4.67,0.18837570402224163,8535
高性价比优惠池,P001876,松下家用电器商品859,家用电器,4647.24,0.3333,0.5,4.5,0.16234350736315029,2011
高性价比优惠池,P001878,海康威视汽车用品商品216,汽车用品,659.67,0.6,0.74,4.75,0.1890622221192204,553
高性价比优惠池,P001881,一加手机数码商品493,手机数码,3830.15,0.4444,0.6,4.5,0.188025734986882,3677
高性价比优惠池,P001891,Swisse医药保健商品235,医药保健,908.64,0.3333,0.59,5.0,0.2041240553511531,4598
高性价比优惠池,P001900,顾家家居家居家装商品551,家居家装,188.01,0.6667,0.38,4.33,0.23930574505715108,4524
高性价比优惠池,P001906,安踏运动户外商品714,运动户外,242.35,0.5,0.66,4.5,0.1612804121178173,1788
高性价比优惠池,P001908,戴森家用电器商品684,家用电器,3285.2,0.4286,0.51,5.0,0.17170881835489596,6815
高性价比优惠池,P001918,周大福珠宝首饰商品721,珠宝首饰,971.04,0.5556,0.63,4.5,0.17505630237420203,8592
高性价比优惠池,P001923,顾家家居家居家装商品460,家居家装,564.85,0.3333,0.55,4.5,0.16937393401678477,1252
高性价比优惠池,P001925,新华书店图书音像商品335,图书音像,573.65,0.1429,0.47,5.0,0.1718309292115395,2052
高性价比优惠池,P001927,米其林汽车用品商品720,汽车用品,2452.09,0.8571,0.64,4.5,0.19570647063118646,4700
高性价比优惠池,P001928,圣象家居家装商品220,家居家装,90.69,0.4,0.5,5.0,0.18505212695822418,6898
高性价比优惠池,P001929,361度运动户外商品689,运动户外,499.26,0.25,0.48,5.0,0.16861260770988787,3245
高性价比优惠池,P001930,Samsonite箱包配饰商品997,箱包配饰,459.53,0.4286,0.58,5.0,0.19279247580458783,2732
高性价比优惠池,P001933,小米手机数码商品174,手机数码,1492.83,0.2222,0.6,5.0,0.1589797076078403,8672
高性价比优惠池,P001938,新华书店图书音像商品745,图书音像,455.26,0.5,0.87,4.67,0.17207619168494906,7138
高性价比优惠池,P001940,钙尔奇医药保健商品255,医药保健,896.64,0.5,0.67,4.33,0.17905585189399917,9724
高性价比优惠池,P001945,老凤祥珠宝首饰商品246,珠宝首饰,131.77,0.8,0.41,4.75,0.20991901488735315,3451
高性价比优惠池,P001946,花王母婴用品商品688,母婴用品,880.79,0.2857,0.55,5.0,0.20193312432128954,5150
高性价比优惠池,P001948,五粮液食品生鲜商品549,食品生鲜,231.4,0.5,0.42,4.5,0.15898063093727424,2774
高性价比优惠池,P001955,百草味食品生鲜商品833,食品生鲜,709.26,0.875,0.64,4.4,0.19386872768104163,1965
高性价比优惠池,P001959,五粮液食品生鲜商品745,食品生鲜,738.17,0.2857,0.61,5.0,0.17062546463840958,1213
高性价比优惠池,P001960,云南白药医药保健商品139,医药保健,439.04,0.4545,0.76,4.5,0.2050752039010069,8540
高性价比优惠池,P001961,曲美家居家装商品961,家居家装,562.59,0.6667,0.5,4.5,0.17082500935908007,583
高性价比优惠池,P001963,麦富迪宠物用品商品789,宠物用品,203.72,0.4,0.3,4.5,0.1795056636023372,7702
高性价比优惠池,P001964,薇诺娜美妆护肤商品933,美妆护肤,414.85,0.3333,0.59,5.0,0.16428878714889325,8138
高性价比优惠池,P001967,探路者运动户外商品827,运动户外,186.33,0.2,0.63,5.0,0.19911078478807254,6851
高性价比优惠池,P001968,同仁堂医药保健商品728,医药保健,386.49,0.1818,0.73,5.0,0.1645957893699648,9566
高性价比优惠池,P001969,戴森家用电器商品595,家用电器,4478.46,0.25,0.74,4.5,0.18823075857221805,2950
高性价比优惠池,P001970,LV箱包配饰商品960,箱包配饰,239.57,0.7143,0.47,4.8,0.18811277580383012,4786
高性价比优惠池,P001973,海尔家用电器商品873,家用电器,6229.52,0.4286,0.57,4.5,0.18024990194478846,6874
高性价比优惠池,P001974,博库网图书音像商品353,图书音像,665.79,0.4,0.37,5.0,0.19931648804671928,1897
高性价比优惠池,P001976,九芝堂医药保健商品821,医药保健,136.78,0.625,0.5,4.75,0.17743038450215257,7925
高性价比优惠池,P001979,三星手机数码商品367,手机数码,5562.42,0.5,0.65,4.33,0.17646327878820578,6737
高性价比优惠池,P001981,五粮液食品生鲜商品845,食品生鲜,226.76,0.4444,0.55,4.67,0.16564402186489544,747
高性价比优惠池,P001984,雅诗兰黛美妆护肤商品839,美妆护肤,91.18,0.5556,0.59,4.5,0.1669080155692625,6212
高性价比优惠池,P001990,周生生珠宝首饰商品613,珠宝首饰,825.98,0.6667,0.42,5.0,0.1796923090302096,7944
高性价比优惠池,P001994,冠能宠物用品商品178,宠物用品,83.15,0.4444,0.59,5.0,0.15952197672640156,6805
高性价比优惠池,P001996,Samsonite箱包配饰商品197,箱包配饰,738.51,0.4444,0.65,5.0,0.16665316857578244,6408
