rank,user_id,purchase_intent,predicted_intent,intent_tier,top_category,rec_pool,rec_product_ids,rec_product_names
1,U000876,0.4,0.33966,高意向,箱包配饰,爆款高转化池,P000784|P000262|P001766|P000070|P001698,LV箱包配饰商品872|瑞士军威箱包配饰商品369|MK箱包配饰商品997|新秀丽箱包配饰商品905|外交官箱包配饰商品687
2,U003964,0.3999,0.336179,高意向,医药保健,爆款高转化池,P000094|P001052|P001079|P000375|P000355,钙尔奇医药保健商品391|钙尔奇医药保健商品186|九芝堂医药保健商品943|东阿阿胶医药保健商品523|云南白药医药保健商品473
3,U003006,0.3998,0.324028,高意向,手机数码,爆款高转化池,P000808|P001509|P000688|P000498|P001082,华为手机数码商品883|三星手机数码商品747|华为手机数码商品474|三星手机数码商品800|小米手机数码商品672
4,U003451,0.3998,0.343221,高意向,宠物用品,爆款高转化池,P000750|P000035|P001710|P000996|P000462,冠能宠物用品商品494|皇家宠物用品商品286|网易严选宠物用品商品732|麦富迪宠物用品商品635|冠能宠物用品商品709
5,U003926,0.3998,0.360168,高意向,美妆护肤,爆款高转化池,P000532|P000773|P000947|P000971|P001402,珀莱雅美妆护肤商品523|自然堂美妆护肤商品332|珀莱雅美妆护肤商品976|SK-II美妆护肤商品867|珀莱雅美妆护肤商品932
6,U004687,0.3998,0.225605,高意向,运动户外,爆款高转化池,P001787|P001427|P000783|P000134|P000168,361度运动户外商品484|骆驼运动户外商品702|哥伦比亚运动户外商品762|哥伦比亚运动户外商品544|李宁运动户外商品543
7,U000623,0.3997,0.256837,高意向,美妆护肤,爆款高转化池,P000532|P000773|P000947|P000971|P001402,珀莱雅美妆护肤商品523|自然堂美妆护肤商品332|珀莱雅美妆护肤商品976|SK-II美妆护肤商品867|珀莱雅美妆护肤商品932
8,U000622,0.3996,0.249806,高意向,运动户外,爆款高转化池,P001787|P001427|P000783|P000134|P000168,361度运动户外商品484|骆驼运动户外商品702|哥伦比亚运动户外商品762|哥伦比亚运动户外商品544|李宁运动户外商品543
9,U004661,0.3996,0.244815,高意向,家居家装,爆款高转化池,P000883|P000221|P001102|P001151|P001129,顾家家居家居家装商品927|曲美家居家装商品318|马可波罗家居家装商品703|宜家家居家装商品838|曲美家居家装商品570
10,U000627,0.3995,0.258869,高意向,医药保健,爆款高转化池,P000094|P001052|P001079|P000375|P000355,钙尔奇医药保健商品391|钙尔奇医药保健商品186|九芝堂医药保健商品943|东阿阿胶医药保健商品523|云南白药医药保健商品473
11,U002194,0.3995,0.331988,高意向,医药保健,爆款高转化池,P000094|P001052|P001079|P000375|P000355,钙尔奇医药保健商品391|钙尔奇医药保健商品186|九芝堂医药保健商品943|东阿阿胶医药保健商品523|云南白药医药保健商品473
12,U003793,0.3995,0.325125,高意向,美妆护肤,爆款高转化池,P000532|P000773|P000947|P000971|P001402,珀莱雅美妆护肤商品523|自然堂美妆护肤商品332|珀莱雅美妆护肤商品976|SK-II美妆护肤商品867|珀莱雅美妆护肤商品932
13,U002890,0.3994,0.353821,高意向,医药保健,爆款高转化池,P000094|P001052|P001079|P000375|P000355,钙尔奇医药保健商品391|钙尔奇医药保健商品186|九芝堂医药保健商品943|东阿阿胶医药保健商品523|云南白药医药保健商品473
14,U000558,0.3993,0.361808,高意向,服装鞋包,爆款高转化池,P001734|P001740|P001694|P000314|P000970,ZARA服装鞋包商品462|耐克服装鞋包商品217|优衣库服装鞋包商品426|耐克服装鞋包商品620|海澜之家服装鞋包商品195
15,U003869,0.3991,0.348228,高意向,美妆护肤,爆款高转化池,P000532|P000773|P000947|P000971|P001402,珀莱雅美妆护肤商品523|自然堂美妆护肤商品332|珀莱雅美妆护肤商品976|SK-II美妆护肤商品867|珀莱雅美妆护肤商品932
16,U003573,0.399,0.34774,高意向,家居家装,爆款高转化池,P000883|P000221|P001102|P001151|P001129,顾家家居家居家装商品927|曲美家居家装商品318|马可波罗家居家装商品703|宜家家居家装商品838|曲美家居家装商品570
17,U004367,0.399,0.339224,高意向,运动户外,爆款高转化池,P001787|P001427|P000783|P000134|P000168,361度运动户外商品484|骆驼运动户外商品702|哥伦比亚运动户外商品762|哥伦比亚运动户外商品544|李宁运动户外商品543
18,U002068,0.3987,0.231013,高意向,汽车用品,爆款高转化池,P001927|P001490|P000410|P001675|P000547,米其林汽车用品商品720|壳牌汽车用品商品142|固特异汽车用品商品584|3M汽车用品商品220|卡仕达汽车用品商品137
19,U003168,0.3987,0.3416,高意向,珠宝首饰,爆款高转化池,P000538|P000126|P001784|P000192|P000551,老凤祥珠宝首饰商品443|周生生珠宝首饰商品232|老凤祥珠宝首饰商品799|老凤祥珠宝首饰商品808|老凤祥珠宝首饰商品566
20,U001487,0.3986,0.353193,高意向,家居家装,爆款高转化池,P000883|P000221|P001102|P001151|P001129,顾家家居家居家装商品927|曲美家居家装商品318|马可波罗家居家装商品703|宜家家居家装商品838|曲美家居家装商品570
21,U002269,0.3986,0.351207,高意向,箱包配饰,爆款高转化池,P000784|P000262|P001766|P000070|P001698,LV箱包配饰商品872|瑞士军威箱包配饰商品369|MK箱包配饰商品997|新秀丽箱包配饰商品905|外交官箱包配饰商品687
22,U002855,0.3984,0.337953,高意向,美妆护肤,爆款高转化池,P000532|P000773|P000947|P000971|P001402,珀莱雅美妆护肤商品523|自然堂美妆护肤商品332|珀莱雅美妆护肤商品976|SK-II美妆护肤商品867|珀莱雅美妆护肤商品932
23,U000918,0.3983,0.344361,高意向,食品生鲜,爆款高转化池,P000080|P001955|P000818|P001304|P001988,伊利食品生鲜商品963|百草味食品生鲜商品833|金龙鱼食品生鲜商品198|五粮液食品生鲜商品181|良品铺子食品生鲜商品482
24,U004594,0.3982,0.220658,高意向,礼品鲜花,爆款高转化池,P001016|P000831|P001489|P000018|P001157,野兽派礼品鲜花商品306|Roseonly礼品鲜花商品580|诺誓礼品鲜花商品189|诺誓礼品鲜花商品463|施华洛世奇礼品鲜花商品442
25,U000450,0.3981,0.349608,高意向,母婴用品,爆款高转化池,P000923|P001341|P001282|P000310|P000627,贝因美母婴用品商品502|花王母婴用品商品597|花王母婴用品商品885|强生母婴用品商品283|帮宝适母婴用品商品545
26,U004383,0.3981,0.33063,高意向,汽车用品,爆款高转化池,P001927|P001490|P000410|P001675|P000547,米其林汽车用品商品720|壳牌汽车用品商品142|固特异汽车用品商品584|3M汽车用品商品220|卡仕达汽车用品商品137
27,U004393,0.3981,0.253055,高意向,汽车用品,爆款高转化池,P001927|P001490|P000410|P001675|P000547,米其林汽车用品商品720|壳牌汽车用品商品142|固特异汽车用品商品584|3M汽车用品商品220|卡仕达汽车用品商品137
28,U004620,0.398,0.275135,高意向,箱包配饰,爆款高转化池,P000784|P000262|P001766|P000070|P001698,LV箱包配饰商品872|瑞士军威箱包配饰商品369|MK箱包配饰商品997|新秀丽箱包配饰商品905|外交官箱包配饰商品687
29,U001867,0.3979,0.361475,高意向,服装鞋包,爆款高转化池,P001734|P001740|P001694|P000314|P000970,ZARA服装鞋包商品462|耐克服装鞋包商品217|优衣库服装鞋包商品426|耐克服装鞋包商品620|海澜之家服装鞋包商品195
30,U002675,0.3979,0.340586,高意向,运动户外,爆款高转化池,P001787|P001427|P000783|P000134|P000168,361度运动户外商品484|骆驼运动户外商品702|哥伦比亚运动户外商品762|哥伦比亚运动户外商品544|李宁运动户外商品543
31,U003970,0.3979,0.348593,高意向,医药保健,爆款高转化池,P000094|P001052|P001079|P000375|P000355,钙尔奇医药保健商品391|钙尔奇医药保健商品186|九芝堂医药保健商品943|东阿阿胶医药保健商品523|云南白药医药保健商品473
32,U001805,0.3978,0.346599,高意向,家居家装,爆款高转化池,P000883|P000221|P001102|P001151|P001129,顾家家居家居家装商品927|曲美家居家装商品318|马可波罗家居家装商品703|宜家家居家装商品838|曲美家居家装商品570
33,U003137,0.3978,0.352946,高意向,美妆护肤,爆款高转化池,P000532|P000773|P000947|P000971|P001402,珀莱雅美妆护肤商品523|自然堂美妆护肤商品332|珀莱雅美妆护肤商品976|SK-II美妆护肤商品867|珀莱雅美妆护肤商品932
34,U000356,0.3977,0.346697,高意向,珠宝首饰,爆款高转化池,P000538|P000126|P001784|P000192|P000551,老凤祥珠宝首饰商品443|周生生珠宝首饰商品232|老凤祥珠宝首饰商品799|老凤祥珠宝首饰商品808|老凤祥珠宝首饰商品566
35,U000528,0.3977,0.25831,高意向,手机数码,爆款高转化池,P000808|P001509|P000688|P000498|P001082,华为手机数码商品883|三星手机数码商品747|华为手机数码商品474|三星手机数码商品800|小米手机数码商品672
36,U002233,0.3977,0.245044,高意向,图书音像,爆款高转化池,P001182|P000992|P001207|P001242|P001223,当当图书音像商品607|人民邮电出版社图书音像商品329|京东图书图书音像商品505|人民邮电出版社图书音像商品170|京东图书图书音像商品628
37,U002548,0.3977,0.242708,高意向,食品生鲜,爆款高转化池,P000080|P001955|P000818|P001304|P001988,伊利食品生鲜商品963|百草味食品生鲜商品833|金龙鱼食品生鲜商品198|五粮液食品生鲜商品181|良品铺子食品生鲜商品482
38,U004751,0.3977,0.338559,高意向,运动户外,爆款高转化池,P001787|P001427|P000783|P000134|P000168,361度运动户外商品484|骆驼运动户外商品702|哥伦比亚运动户外商品762|哥伦比亚运动户外商品544|李宁运动户外商品543
39,U003324,0.3976,0.346287,高意向,汽车用品,爆款高转化池,P001927|P001490|P000410|P001675|P000547,米其林汽车用品商品720|壳牌汽车用品商品142|固特异汽车用品商品584|3M汽车用品商品220|卡仕达汽车用品商品137
40,U000034,0.3974,0.255967,高意向,食品生鲜,爆款高转化池,P000080|P001955|P000818|P001304|P001988,伊利食品生鲜商品963|百草味食品生鲜商品833|金龙鱼食品生鲜商品198|五粮液食品生鲜商品181|良品铺子食品生鲜商品482
41,U000888,0.3974,0.246411,高意向,汽车用品,爆款高转化池,P001927|P001490|P000410|P001675|P000547,米其林汽车用品商品720|壳牌汽车用品商品142|固特异汽车用品商品584|3M汽车用品商品220|卡仕达汽车用品商品137
42,U004313,0.3974,0.337582,高意向,家用电器,爆款高转化池,P000904|P000206|P000946|P001013|P000285,格力家用电器商品379|美的家用电器商品467|松下家用电器商品394|海尔家用电器商品408|格力家用电器商品762
43,U003617,0.3973,0.233841,高意向,宠物用品,爆款高转化池,P000750|P000035|P001710|P000996|P000462,冠能宠物用品商品494|皇家宠物用品商品286|网易严选宠物用品商品732|麦富迪宠物用品商品635|冠能宠物用品商品709
44,U004833,0.3972,0.343184,高意向,食品生鲜,爆款高转化池,P000080|P001955|P000818|P001304|P001988,伊利食品生鲜商品963|百草味食品生鲜商品833|金龙鱼食品生鲜商品198|五粮液食品生鲜商品181|良品铺子食品生鲜商品482
45,U000535,0.3971,0.266706,高意向,服装鞋包,爆款高转化池,P001734|P001740|P001694|P000314|P000970,ZARA服装鞋包商品462|耐克服装鞋包商品217|优衣库服装鞋包商品426|耐克服装鞋包商品620|海澜之家服装鞋包商品195
46,U002562,0.3971,0.257138,高意向,运动户外,爆款高转化池,P001787|P001427|P000783|P000134|P000168,361度运动户外商品484|骆驼运动户外商品702|哥伦比亚运动户外商品762|哥伦比亚运动户外商品544|李宁运动户外商品543
47,U000656,0.397,0.259692,高意向,宠物用品,爆款高转化池,P000750|P000035|P001710|P000996|P000462,冠能宠物用品商品494|皇家宠物用品商品286|网易严选宠物用品商品732|麦富迪宠物用品商品635|冠能宠物用品商品709
48,U001528,0.3969,0.3356,高意向,医药保健,爆款高转化池,P000094|P001052|P001079|P000375|P000355,钙尔奇医药保健商品391|钙尔奇医药保健商品186|九芝堂医药保健商品943|东阿阿胶医药保健商品523|云南白药医药保健商品473
49,U003914,0.3969,0.332698,高意向,服装鞋包,爆款高转化池,P001734|P001740|P001694|P000314|P000970,ZARA服装鞋包商品462|耐克服装鞋包商品217|优衣库服装鞋包商品426|耐克服装鞋包商品620|海澜之家服装鞋包商品195
50,U000986,0.3967,0.350919,高意向,宠物用品,爆款高转化池,P000750|P000035|P001710|P000996|P000462,冠能宠物用品商品494|皇家宠物用品商品286|网易严选宠物用品商品732|麦富迪宠物用品商品635|冠能宠物用品商品709
51,U002891,0.3967,0.231763,高意向,家居家装,爆款高转化池,P000883|P000221|P001102|P001151|P001129,顾家家居家居家装商品927|曲美家居家装商品318|马可波罗家居家装商品703|宜家家居家装商品838|曲美家居家装商品570
52,U000650,0.3966,0.324769,高意向,运动户外,爆款高转化池,P001787|P001427|P000783|P000134|P000168,361度运动户外商品484|骆驼运动户外商品702|哥伦比亚运动户外商品762|哥伦比亚运动户外商品544|李宁运动户外商品543
53,U001250,0.3965,0.345131,高意向,礼品鲜花,爆款高转化池,P001016|P000831|P001489|P000018|P001157,野兽派礼品鲜花商品306|Roseonly礼品鲜花商品580|诺誓礼品鲜花商品189|诺誓礼品鲜花商品463|施华洛世奇礼品鲜花商品442
54,U000515,0.3964,0.338899,高意向,手机数码,爆款高转化池,P000808|P001509|P000688|P000498|P001082,华为手机数码商品883|三星手机数码商品747|华为手机数码商品474|三星手机数码商品800|小米手机数码商品672
55,U002440,0.3964,0.35632,高意向,箱包配饰,爆款高转化池,P000784|P000262|P001766|P000070|P001698,LV箱包配饰商品872|瑞士军威箱包配饰商品369|MK箱包配饰商品997|新秀丽箱包配饰商品905|外交官箱包配饰商品687
56,U003659,0.3963,0.342866,高意向,母婴用品,爆款高转化池,P000923|P001341|P001282|P000310|P000627,贝因美母婴用品商品502|花王母婴用品商品597|花王母婴用品商品885|强生母婴用品商品283|帮宝适母婴用品商品545
57,U001368,0.3962,0.347125,高意向,箱包配饰,爆款高转化池,P000784|P000262|P001766|P000070|P001698,LV箱包配饰商品872|瑞士军威箱包配饰商品369|MK箱包配饰商品997|新秀丽箱包配饰商品905|外交官箱包配饰商品687
58,U004386,0.3962,0.254943,高意向,美妆护肤,爆款高转化池,P000532|P000773|P000947|P000971|P001402,珀莱雅美妆护肤商品523|自然堂美妆护肤商品332|珀莱雅美妆护肤商品976|SK-II美妆护肤商品867|珀莱雅美妆护肤商品932
59,U000913,0.3961,0.222851,高意向,箱包配饰,爆款高转化池,P000784|P000262|P001766|P000070|P001698,LV箱包配饰商品872|瑞士军威箱包配饰商品369|MK箱包配饰商品997|新秀丽箱包配饰商品905|外交官箱包配饰商品687
60,U001056,0.3961,0.26193,高意向,家用电器,爆款高转化池,P000904|P000206|P000946|P001013|P000285,格力家用电器商品379|美的家用电器商品467|松下家用电器商品394|海尔家用电器商品408|格力家用电器商品762
61,U003731,0.3961,0.348489,高意向,服装鞋包,爆款高转化池,P001734|P001740|P001694|P000314|P000970,ZARA服装鞋包商品462|耐克服装鞋包商品217|优衣库服装鞋包商品426|耐克服装鞋包商品620|海澜之家服装鞋包商品195
62,U003786,0.3959,0.338059,高意向,母婴用品,爆款高转化池,P000923|P001341|P001282|P000310|P000627,贝因美母婴用品商品502|花王母婴用品商品597|花王母婴用品商品885|强生母婴用品商品283|帮宝适母婴用品商品545
63,U004238,0.3959,0.341422,高意向,宠物用品,爆款高转化池,P000750|P000035|P001710|P000996|P000462,冠能宠物用品商品494|皇家宠物用品商品286|网易严选宠物用品商品732|麦富迪宠物用品商品635|冠能宠物用品商品709
64,U000455,0.3958,0.339741,高意向,食品生鲜,爆款高转化池,P000080|P001955|P000818|P001304|P001988,伊利食品生鲜商品963|百草味食品生鲜商品833|金龙鱼食品生鲜商品198|五粮液食品生鲜商品181|良品铺子食品生鲜商品482
65,U001037,0.3958,0.346849,高意向,汽车用品,爆款高转化池,P001927|P001490|P000410|P001675|P000547,米其林汽车用品商品720|壳牌汽车用品商品142|固特异汽车用品商品584|3M汽车用品商品220|卡仕达汽车用品商品137
66,U000431,0.3957,0.344362,高意向,家用电器,爆款高转化池,P000904|P000206|P000946|P001013|P000285,格力家用电器商品379|美的家用电器商品467|松下家用电器商品394|海尔家用电器商品408|格力家用电器商品762
67,U003792,0.3956,0.335846,高意向,图书音像,爆款高转化池,P001182|P000992|P001207|P001242|P001223,当当图书音像商品607|人民邮电出版社图书音像商品329|京东图书图书音像商品505|人民邮电出版社图书音像商品170|京东图书图书音像商品628
68,U000219,0.3954,0.234945,高意向,礼品鲜花,爆款高转化池,P001016|P000831|P001489|P000018|P001157,野兽派礼品鲜花商品306|Roseonly礼品鲜花商品580|诺誓礼品鲜花商品189|诺誓礼品鲜花商品463|施华洛世奇礼品鲜花商品442
69,U002768,0.3954,0.233911,高意向,食品生鲜,爆款高转化池,P000080|P001955|P000818|P001304|P001988,伊利食品生鲜商品963|百草味食品生鲜商品833|金龙鱼食品生鲜商品198|五粮液食品生鲜商品181|良品铺子食品生鲜商品482
70,U003609,0.3952,0.346377,高意向,手机数码,爆款高转化池,P000808|P001509|P000688|P000498|P001082,华为手机数码商品883|三星手机数码商品747|华为手机数码商品474|三星手机数码商品800|小米手机数码商品672
71,U003240,0.3951,0.352027,高意向,手机数码,爆款高转化池,P000808|P001509|P000688|P000498|P001082,华为手机数码商品883|三星手机数码商品747|华为手机数码商品474|三星手机数码商品800|小米手机数码商品672
72,U004356,0.3951,0.342047,高意向,食品生鲜,爆款高转化池,P000080|P001955|P000818|P001304|P001988,伊利食品生鲜商品963|百草味食品生鲜商品833|金龙鱼食品生鲜商品198|五粮液食品生鲜商品181|良品铺子食品生鲜商品482
73,U001827,0.3949,0.339241,高意向,美妆护肤,爆款高转化池,P000532|P000773|P000947|P000971|P001402,珀莱雅美妆护肤商品523|自然堂美妆护肤商品332|珀莱雅美妆护肤商品976|SK-II美妆护肤商品867|珀莱雅美妆护肤商品932
74,U004886,0.3949,0.257697,高意向,食品生鲜,爆款高转化池,P000080|P001955|P000818|P001304|P001988,伊利食品生鲜商品963|百草味食品生鲜商品833|金龙鱼食品生鲜商品198|五粮液食品生鲜商品181|良品铺子食品生鲜商品482
75,U003832,0.3948,0.343327,高意向,运动户外,爆款高转化池,P001787|P001427|P000783|P000134|P000168,361度运动户外商品484|骆驼运动户外商品702|哥伦比亚运动户外商品762|哥伦比亚运动户外商品544|李宁运动户外商品543
76,U004438,0.3947,0.340459,高意向,食品生鲜,爆款高转化池,P000080|P001955|P000818|P001304|P001988,伊利食品生鲜商品963|百草味食品生鲜商品833|金龙鱼食品生鲜商品198|五粮液食品生鲜商品181|良品铺子食品生鲜商品482
77,U004467,0.3947,0.356148,高意向,礼品鲜花,爆款高转化池,P001016|P000831|P001489|P000018|P001157,野兽派礼品鲜花商品306|Roseonly礼品鲜花商品580|诺誓礼品鲜花商品189|诺誓礼品鲜花商品463|施华洛世奇礼品鲜花商品442
78,U000699,0.3946,0.322437,高意向,食品生鲜,爆款高转化池,P000080|P001955|P000818|P001304|P001988,伊利食品生鲜商品963|百草味食品生鲜商品833|金龙鱼食品生鲜商品198|五粮液食品生鲜商品181|良品铺子食品生鲜商品482
79,U001595,0.3946,0.336672,高意向,图书音像,爆款高转化池,P001182|P000992|P001207|P001242|P001223,当当图书音像商品607|人民邮电出版社图书音像商品329|京东图书图书音像商品505|人民邮电出版社图书音像商品170|京东图书图书音像商品628
80,U004194,0.3946,0.249267,高意向,服装鞋包,爆款高转化池,P001734|P001740|P001694|P000314|P000970,ZARA服装鞋包商品462|耐克服装鞋包商品217|优衣库服装鞋包商品426|耐克服装鞋包商品620|海澜之家服装鞋包商品195
81,U001582,0.3945,0.347319,高意向,珠宝首饰,爆款高转化池,P000538|P000126|P001784|P000192|P000551,老凤祥珠宝首饰商品443|周生生珠宝首饰商品232|老凤祥珠宝首饰商品799|老凤祥珠宝首饰商品808|老凤祥珠宝首饰商品566
82,U004508,0.3945,0.345979,高意向,家用电器,爆款高转化池,P000904|P000206|P000946|P001013|P000285,格力家用电器商品379|美的家用电器商品467|松下家用电器商品394|海尔家用电器商品408|格力家用电器商品762
83,U004902,0.3945,0.255399,高意向,医药保健,爆款高转化池,P000094|P001052|P001079|P000375|P000355,钙尔奇医药保健商品391|钙尔奇医药保健商品186|九芝堂医药保健商品943|东阿阿胶医药保健商品523|云南白药医药保健商品473
84,U003041,0.3944,0.228376,高意向,图书音像,爆款高转化池,P001182|P000992|P001207|P001242|P001223,当当图书音像商品607|人民邮电出版社图书音像商品329|京东图书图书音像商品505|人民邮电出版社图书音像商品170|京东图书图书音像商品628
85,U003437,0.3944,0.356351,高意向,母婴用品,爆款高转化池,P000923|P001341|P001282|P000310|P000627,贝因美母婴用品商品502|花王母婴用品商品597|花王母婴用品商品885|强生母婴用品商品283|帮宝适母婴用品商品545
86,U002093,0.3943,0.267368,高意向,家居家装,爆款高转化池,P000883|P000221|P001102|P001151|P001129,顾家家居家居家装商品927|曲美家居家装商品318|马可波罗家居家装商品703|宜家家居家装商品838|曲美家居家装商品570
87,U003048,0.3943,0.258909,高意向,珠宝首饰,爆款高转化池,P000538|P000126|P001784|P000192|P000551,老凤祥珠宝首饰商品443|周生生珠宝首饰商品232|老凤祥珠宝首饰商品799|老凤祥珠宝首饰商品808|老凤祥珠宝首饰商品566
88,U004469,0.3943,0.32999,高意向,珠宝首饰,爆款高转化池,P000538|P000126|P001784|P000192|P000551,老凤祥珠宝首饰商品443|周生生珠宝首饰商品232|老凤祥珠宝首饰商品799|老凤祥珠宝首饰商品808|老凤祥珠宝首饰商品566
89,U004963,0.3941,0.247668,高意向,汽车用品,爆款高转化池,P001927|P001490|P000410|P001675|P000547,米其林汽车用品商品720|壳牌汽车用品商品142|固特异汽车用品商品584|3M汽车用品商品220|卡仕达汽车用品商品137
90,U001509,0.394,0.34043,高意向,家用电器,爆款高转化池,P000904|P000206|P000946|P001013|P000285,格力家用电器商品379|美的家用电器商品467|松下家用电器商品394|海尔家用电器商品408|格力家用电器商品762
91,U002301,0.394,0.344928,高意向,运动户外,爆款高转化池,P001787|P001427|P000783|P000134|P000168,361度运动户外商品484|骆驼运动户外商品702|哥伦比亚运动户外商品762|哥伦比亚运动户外商品544|李宁运动户外商品543
92,U000617,0.3939,0.346979,高意向,图书音像,爆款高转化池,P001182|P000992|P001207|P001242|P001223,当当图书音像商品607|人民邮电出版社图书音像商品329|京东图书图书音像商品505|人民邮电出版社图书音像商品170|京东图书图书音像商品628
93,U003303,0.3937,0.346135,高意向,箱包配饰,爆款高转化池,P000784|P000262|P001766|P000070|P001698,LV箱包配饰商品872|瑞士军威箱包配饰商品369|MK箱包配饰商品997|新秀丽箱包配饰商品905|外交官箱包配饰商品687
94,U004670,0.3937,0.351933,高意向,家居家装,爆款高转化池,P000883|P000221|P001102|P001151|P001129,顾家家居家居家装商品927|曲美家居家装商品318|马可波罗家居家装商品703|宜家家居家装商品838|曲美家居家装商品570
95,U000422,0.3936,0.341545,高意向,宠物用品,爆款高转化池,P000750|P000035|P001710|P000996|P000462,冠能宠物用品商品494|皇家宠物用品商品286|网易严选宠物用品商品732|麦富迪宠物用品商品635|冠能宠物用品商品709
96,U001438,0.3936,0.27636,高意向,箱包配饰,爆款高转化池,P000784|P000262|P001766|P000070|P001698,LV箱包配饰商品872|瑞士军威箱包配饰商品369|MK箱包配饰商品997|新秀丽箱包配饰商品905|外交官箱包配饰商品687
97,U001635,0.3936,0.233738,高意向,图书音像,爆款高转化池,P001182|P000992|P001207|P001242|P001223,当当图书音像商品607|人民邮电出版社图书音像商品329|京东图书图书音像商品505|人民邮电出版社图书音像商品170|京东图书图书音像商品628
98,U002477,0.3936,0.336701,高意向,服装鞋包,爆款高转化池,P001734|P001740|P001694|P000314|P000970,ZARA服装鞋包商品462|耐克服装鞋包商品217|优衣库服装鞋包商品426|耐克服装鞋包商品620|海澜之家服装鞋包商品195
99,U002784,0.3936,0.324636,高意向,汽车用品,爆款高转化池,P001927|P001490|P000410|P001675|P000547,米其林汽车用品商品720|壳牌汽车用品商品142|固特异汽车用品商品584|3M汽车用品商品220|卡仕达汽车用品商品137
100,U003867,0.3936,0.270353,高意向,食品生鲜,爆款高转化池,P000080|P001955|P000818|P001304|P001988,伊利食品生鲜商品963|百草味食品生鲜商品833|金龙鱼食品生鲜商品198|五粮液食品生鲜商品181|良品铺子食品生鲜商品482
101,U003941,0.3935,0.355832,高意向,家居家装,爆款高转化池,P000883|P000221|P001102|P001151|P001129,顾家家居家居家装商品927|曲美家居家装商品318|马可波罗家居家装商品703|宜家家居家装商品838|曲美家居家装商品570
102,U002547,0.3934,0.345491,高意向,珠宝首饰,爆款高转化池,P000538|P000126|P001784|P000192|P000551,老凤祥珠宝首饰商品443|周生生珠宝首饰商品232|老凤祥珠宝首饰商品799|老凤祥珠宝首饰商品808|老凤祥珠宝首饰商品566
103,U003889,0.3934,0.33959,高意向,家居家装,爆款高转化池,P000883|P000221|P001102|P001151|P001129,顾家家居家居家装商品927|曲美家居家装商品318|马可波罗家居家装商品703|宜家家居家装商品838|曲美家居家装商品570
104,U002528,0.3933,0.238896,高意向,珠宝首饰,爆款高转化池,P000538|P000126|P001784|P000192|P000551,老凤祥珠宝首饰商品443|周生生珠宝首饰商品232|老凤祥珠宝首饰商品799|老凤祥珠宝首饰商品808|老凤祥珠宝首饰商品566
105,U003642,0.3933,0.266438,高意向,家用电器,爆款高转化池,P000904|P000206|P000946|P001013|P000285,格力家用电器商品379|美的家用电器商品467|松下家用电器商品394|海尔家用电器商品408|格力家用电器商品762
106,U000340,0.3932,0.345784,高意向,箱包配饰,爆款高转化池,P000784|P000262|P001766|P000070|P001698,LV箱包配饰商品872|瑞士军威箱包配饰商品369|MK箱包配饰商品997|新秀丽箱包配饰商品905|外交官箱包配饰商品687
107,U001189,0.3932,0.344432,高意向,服装鞋包,爆款高转化池,P001734|P001740|P001694|P000314|P000970,ZARA服装鞋包商品462|耐克服装鞋包商品217|优衣库服装鞋包商品426|耐克服装鞋包商品620|海澜之家服装鞋包商品195
108,U003373,0.3932,0.323438,高意向,食品生鲜,爆款高转化池,P000080|P001955|P000818|P001304|P001988,伊利食品生鲜商品963|百草味食品生鲜商品833|金龙鱼食品生鲜商品198|五粮液食品生鲜商品181|良品铺子食品生鲜商品482
109,U000425,0.3931,0.352063,高意向,医药保健,爆款高转化池,P000094|P001052|P001079|P000375|P000355,钙尔奇医药保健商品391|钙尔奇医药保健商品186|九芝堂医药保健商品943|东阿阿胶医药保健商品523|云南白药医药保健商品473
110,U000768,0.3931,0.341712,高意向,运动户外,爆款高转化池,P001787|P001427|P000783|P000134|P000168,361度运动户外商品484|骆驼运动户外商品702|哥伦比亚运动户外商品762|哥伦比亚运动户外商品544|李宁运动户外商品543
111,U001034,0.3931,0.226994,高意向,手机数码,爆款高转化池,P000808|P001509|P000688|P000498|P001082,华为手机数码商品883|三星手机数码商品747|华为手机数码商品474|三星手机数码商品800|小米手机数码商品672
112,U002837,0.3931,0.206509,高意向,服装鞋包,爆款高转化池,P001734|P001740|P001694|P000314|P000970,ZARA服装鞋包商品462|耐克服装鞋包商品217|优衣库服装鞋包商品426|耐克服装鞋包商品620|海澜之家服装鞋包商品195
113,U004358,0.3931,0.330684,高意向,运动户外,爆款高转化池,P001787|P001427|P000783|P000134|P000168,361度运动户外商品484|骆驼运动户外商品702|哥伦比亚运动户外商品762|哥伦比亚运动户外商品544|李宁运动户外商品543
114,U004906,0.393,0.341443,高意向,箱包配饰,爆款高转化池,P000784|P000262|P001766|P000070|P001698,LV箱包配饰商品872|瑞士军威箱包配饰商品369|MK箱包配饰商品997|新秀丽箱包配饰商品905|外交官箱包配饰商品687
115,U001174,0.3928,0.254631,高意向,家居家装,爆款高转化池,P000883|P000221|P001102|P001151|P001129,顾家家居家居家装商品927|曲美家居家装商品318|马可波罗家居家装商品703|宜家家居家装商品838|曲美家居家装商品570
116,U000287,0.3927,0.348058,高意向,美妆护肤,爆款高转化池,P000532|P000773|P000947|P000971|P001402,珀莱雅美妆护肤商品523|自然堂美妆护肤商品332|珀莱雅美妆护肤商品976|SK-II美妆护肤商品867|珀莱雅美妆护肤商品932
117,U002205,0.3926,0.33379,高意向,手机数码,爆款高转化池,P000808|P001509|P000688|P000498|P001082,华为手机数码商品883|三星手机数码商品747|华为手机数码商品474|三星手机数码商品800|小米手机数码商品672
118,U000491,0.3925,0.253851,高意向,汽车用品,爆款高转化池,P001927|P001490|P000410|P001675|P000547,米其林汽车用品商品720|壳牌汽车用品商品142|固特异汽车用品商品584|3M汽车用品商品220|卡仕达汽车用品商品137
119,U002681,0.3925,0.236594,高意向,汽车用品,爆款高转化池,P001927|P001490|P000410|P001675|P000547,米其林汽车用品商品720|壳牌汽车用品商品142|固特异汽车用品商品584|3M汽车用品商品220|卡仕达汽车用品商品137
120,U004835,0.3925,0.330028,高意向,汽车用品,爆款高转化池,P001927|P001490|P000410|P001675|P000547,米其林汽车用品商品720|壳牌汽车用品商品142|固特异汽车用品商品584|3M汽车用品商品220|卡仕达汽车用品商品137
121,U001091,0.3923,0.240944,高意向,汽车用品,爆款高转化池,P001927|P001490|P000410|P001675|P000547,米其林汽车用品商品720|壳牌汽车用品商品142|固特异汽车用品商品584|3M汽车用品商品220|卡仕达汽车用品商品137
122,U003802,0.3923,0.345696,高意向,宠物用品,爆款高转化池,P000750|P000035|P001710|P000996|P000462,冠能宠物用品商品494|皇家宠物用品商品286|网易严选宠物用品商品732|麦富迪宠物用品商品635|冠能宠物用品商品709
123,U004246,0.3923,0.268499,高意向,服装鞋包,爆款高转化池,P001734|P001740|P001694|P000314|P000970,ZARA服装鞋包商品462|耐克服装鞋包商品217|优衣库服装鞋包商品426|耐克服装鞋包商品620|海澜之家服装鞋包商品195
124,U001647,0.3922,0.352582,高意向,图书音像,爆款高转化池,P001182|P000992|P001207|P001242|P001223,当当图书音像商品607|人民邮电出版社图书音像商品329|京东图书图书音像商品505|人民邮电出版社图书音像商品170|京东图书图书音像商品628
125,U002667,0.3922,0.344384,高意向,食品生鲜,爆款高转化池,P000080|P001955|P000818|P001304|P001988,伊利食品生鲜商品963|百草味食品生鲜商品833|金龙鱼食品生鲜商品198|五粮液食品生鲜商品181|良品铺子食品生鲜商品482
126,U004659,0.3922,0.332956,高意向,服装鞋包,爆款高转化池,P001734|P001740|P001694|P000314|P000970,ZARA服装鞋包商品462|耐克服装鞋包商品217|优衣库服装鞋包商品426|耐克服装鞋包商品620|海澜之家服装鞋包商品195
127,U004735,0.3922,0.284844,高意向,运动户外,爆款高转化池,P001787|P001427|P000783|P000134|P000168,361度运动户外商品484|骆驼运动户外商品702|哥伦比亚运动户外商品762|哥伦比亚运动户外商品544|李宁运动户外商品543
128,U000591,0.3921,0.346173,高意向,图书音像,爆款高转化池,P001182|P000992|P001207|P001242|P001223,当当图书音像商品607|人民邮电出版社图书音像商品329|京东图书图书音像商品505|人民邮电出版社图书音像商品170|京东图书图书音像商品628
129,U003489,0.3921,0.34905,高意向,母婴用品,爆款高转化池,P000923|P001341|P001282|P000310|P000627,贝因美母婴用品商品502|花王母婴用品商品597|花王母婴用品商品885|强生母婴用品商品283|帮宝适母婴用品商品545
130,U001545,0.3918,0.340796,高意向,家用电器,爆款高转化池,P000904|P000206|P000946|P001013|P000285,格力家用电器商品379|美的家用电器商品467|松下家用电器商品394|海尔家用电器商品408|格力家用电器商品762
131,U001853,0.3918,0.335807,高意向,珠宝首饰,爆款高转化池,P000538|P000126|P001784|P000192|P000551,老凤祥珠宝首饰商品443|周生生珠宝首饰商品232|老凤祥珠宝首饰商品799|老凤祥珠宝首饰商品808|老凤祥珠宝首饰商品566
132,U002278,0.3918,0.343272,高意向,礼品鲜花,爆款高转化池,P001016|P000831|P001489|P000018|P001157,野兽派礼品鲜花商品306|Roseonly礼品鲜花商品580|诺誓礼品鲜花商品189|诺誓礼品鲜花商品463|施华洛世奇礼品鲜花商品442
133,U004864,0.3918,0.264738,高意向,服装鞋包,爆款高转化池,P001734|P001740|P001694|P000314|P000970,ZARA服装鞋包商品462|耐克服装鞋包商品217|优衣库服装鞋包商品426|耐克服装鞋包商品620|海澜之家服装鞋包商品195
134,U003647,0.3917,0.264169,高意向,医药保健,爆款高转化池,P000094|P001052|P001079|P000375|P000355,钙尔奇医药保健商品391|钙尔奇医药保健商品186|九芝堂医药保健商品943|东阿阿胶医药保健商品523|云南白药医药保健商品473
135,U001075,0.3915,0.273836,高意向,汽车用品,爆款高转化池,P001927|P001490|P000410|P001675|P000547,米其林汽车用品商品720|壳牌汽车用品商品142|固特异汽车用品商品584|3M汽车用品商品220|卡仕达汽车用品商品137
136,U003664,0.3915,0.339844,高意向,服装鞋包,爆款高转化池,P001734|P001740|P001694|P000314|P000970,ZARA服装鞋包商品462|耐克服装鞋包商品217|优衣库服装鞋包商品426|耐克服装鞋包商品620|海澜之家服装鞋包商品195
137,U002432,0.3913,0.334816,高意向,手机数码,爆款高转化池,P000808|P001509|P000688|P000498|P001082,华为手机数码商品883|三星手机数码商品747|华为手机数码商品474|三星手机数码商品800|小米手机数码商品672
138,U003787,0.3913,0.236157,高意向,汽车用品,爆款高转化池,P001927|P001490|P000410|P001675|P000547,米其林汽车用品商品720|壳牌汽车用品商品142|固特异汽车用品商品584|3M汽车用品商品220|卡仕达汽车用品商品137
139,U004219,0.3913,0.340905,高意向,箱包配饰,爆款高转化池,P000784|P000262|P001766|P000070|P001698,LV箱包配饰商品872|瑞士军威箱包配饰商品369|MK箱包配饰商品997|新秀丽箱包配饰商品905|外交官箱包配饰商品687
140,U004212,0.3912,0.349605,高意向,美妆护肤,爆款高转化池,P000532|P000773|P000947|P000971|P001402,珀莱雅美妆护肤商品523|自然堂美妆护肤商品332|珀莱雅美妆护肤商品976|SK-II美妆护肤商品867|珀莱雅美妆护肤商品932
141,U000182,0.391,0.341889,高意向,运动户外,爆款高转化池,P001787|P001427|P000783|P000134|P000168,361度运动户外商品484|骆驼运动户外商品702|哥伦比亚运动户外商品762|哥伦比亚运动户外商品544|李宁运动户外商品543
142,U003783,0.391,0.335177,高意向,服装鞋包,爆款高转化池,P001734|P001740|P001694|P000314|P000970,ZARA服装鞋包商品462|耐克服装鞋包商品217|优衣库服装鞋包商品426|耐克服装鞋包商品620|海澜之家服装鞋包商品195
143,U003722,0.3909,0.337531,高意向,服装鞋包,爆款高转化池,P001734|P001740|P001694|P000314|P000970,ZARA服装鞋包商品462|耐克服装鞋包商品217|优衣库服装鞋包商品426|耐克服装鞋包商品620|海澜之家服装鞋包商品195
144,U001266,0.3908,0.348288,高意向,美妆护肤,爆款高转化池,P000532|P000773|P000947|P000971|P001402,珀莱雅美妆护肤商品523|自然堂美妆护肤商品332|珀莱雅美妆护肤商品976|SK-II美妆护肤商品867|珀莱雅美妆护肤商品932
145,U002685,0.3908,0.341626,高意向,家居家装,爆款高转化池,P000883|P000221|P001102|P001151|P001129,顾家家居家居家装商品927|曲美家居家装商品318|马可波罗家居家装商品703|宜家家居家装商品838|曲美家居家装商品570
146,U002849,0.3908,0.340346,高意向,医药保健,爆款高转化池,P000094|P001052|P001079|P000375|P000355,钙尔奇医药保健商品391|钙尔奇医药保健商品186|九芝堂医药保健商品943|东阿阿胶医药保健商品523|云南白药医药保健商品473
147,U003884,0.3908,0.337121,高意向,食品生鲜,爆款高转化池,P000080|P001955|P000818|P001304|P001988,伊利食品生鲜商品963|百草味食品生鲜商品833|金龙鱼食品生鲜商品198|五粮液食品生鲜商品181|良品铺子食品生鲜商品482
148,U004227,0.3907,0.323112,高意向,汽车用品,爆款高转化池,P001927|P001490|P000410|P001675|P000547,米其林汽车用品商品720|壳牌汽车用品商品142|固特异汽车用品商品584|3M汽车用品商品220|卡仕达汽车用品商品137
149,U002108,0.3906,0.236066,高意向,家用电器,爆款高转化池,P000904|P000206|P000946|P001013|P000285,格力家用电器商品379|美的家用电器商品467|松下家用电器商品394|海尔家用电器商品408|格力家用电器商品762
150,U002251,0.3906,0.34034,高意向,食品生鲜,爆款高转化池,P000080|P001955|P000818|P001304|P001988,伊利食品生鲜商品963|百草味食品生鲜商品833|金龙鱼食品生鲜商品198|五粮液食品生鲜商品181|良品铺子食品生鲜商品482
151,U004177,0.3906,0.254688,高意向,汽车用品,爆款高转化池,P001927|P001490|P000410|P001675|P000547,米其林汽车用品商品720|壳牌汽车用品商品142|固特异汽车用品商品584|3M汽车用品商品220|卡仕达汽车用品商品137
152,U004512,0.3906,0.342602,高意向,家居家装,爆款高转化池,P000883|P000221|P001102|P001151|P001129,顾家家居家居家装商品927|曲美家居家装商品318|马可波罗家居家装商品703|宜家家居家装商品838|曲美家居家装商品570
153,U001084,0.3905,0.347132,高意向,汽车用品,爆款高转化池,P001927|P001490|P000410|P001675|P000547,米其林汽车用品商品720|壳牌汽车用品商品142|固特异汽车用品商品584|3M汽车用品商品220|卡仕达汽车用品商品137
154,U001126,0.3905,0.33219,高意向,汽车用品,爆款高转化池,P001927|P001490|P000410|P001675|P000547,米其林汽车用品商品720|壳牌汽车用品商品142|固特异汽车用品商品584|3M汽车用品商品220|卡仕达汽车用品商品137
155,U003873,0.3905,0.236853,高意向,宠物用品,爆款高转化池,P000750|P000035|P001710|P000996|P000462,冠能宠物用品商品494|皇家宠物用品商品286|网易严选宠物用品商品732|麦富迪宠物用品商品635|冠能宠物用品商品709
156,U002126,0.3904,0.329253,高意向,医药保健,爆款高转化池,P000094|P001052|P001079|P000375|P000355,钙尔奇医药保健商品391|钙尔奇医药保健商品186|九芝堂医药保健商品943|东阿阿胶医药保健商品523|云南白药医药保健商品473
157,U002288,0.3904,0.238985,高意向,运动户外,爆款高转化池,P001787|P001427|P000783|P000134|P000168,361度运动户外商品484|骆驼运动户外商品702|哥伦比亚运动户外商品762|哥伦比亚运动户外商品544|李宁运动户外商品543
158,U004797,0.3904,0.342472,高意向,图书音像,爆款高转化池,P001182|P000992|P001207|P001242|P001223,当当图书音像商品607|人民邮电出版社图书音像商品329|京东图书图书音像商品505|人民邮电出版社图书音像商品170|京东图书图书音像商品628
159,U000326,0.3903,0.281165,高意向,美妆护肤,爆款高转化池,P000532|P000773|P000947|P000971|P001402,珀莱雅美妆护肤商品523|自然堂美妆护肤商品332|珀莱雅美妆护肤商品976|SK-II美妆护肤商品867|珀莱雅美妆护肤商品932
160,U003007,0.3903,0.262529,高意向,图书音像,爆款高转化池,P001182|P000992|P001207|P001242|P001223,当当图书音像商品607|人民邮电出版社图书音像商品329|京东图书图书音像商品505|人民邮电出版社图书音像商品170|京东图书图书音像商品628
161,U000580,0.3902,0.336327,高意向,运动户外,爆款高转化池,P001787|P001427|P000783|P000134|P000168,361度运动户外商品484|骆驼运动户外商品702|哥伦比亚运动户外商品762|哥伦比亚运动户外商品544|李宁运动户外商品543
162,U000983,0.3902,0.324962,高意向,箱包配饰,爆款高转化池,P000784|P000262|P001766|P000070|P001698,LV箱包配饰商品872|瑞士军威箱包配饰商品369|MK箱包配饰商品997|新秀丽箱包配饰商品905|外交官箱包配饰商品687
163,U001015,0.3902,0.348612,高意向,服装鞋包,爆款高转化池,P001734|P001740|P001694|P000314|P000970,ZARA服装鞋包商品462|耐克服装鞋包商品217|优衣库服装鞋包商品426|耐克服装鞋包商品620|海澜之家服装鞋包商品195
164,U003721,0.3902,0.263467,高意向,食品生鲜,爆款高转化池,P000080|P001955|P000818|P001304|P001988,伊利食品生鲜商品963|百草味食品生鲜商品833|金龙鱼食品生鲜商品198|五粮液食品生鲜商品181|良品铺子食品生鲜商品482
165,U000643,0.39,0.242953,高意向,汽车用品,爆款高转化池,P001927|P001490|P000410|P001675|P000547,米其林汽车用品商品720|壳牌汽车用品商品142|固特异汽车用品商品584|3M汽车用品商品220|卡仕达汽车用品商品137
166,U001640,0.39,0.346592,高意向,运动户外,爆款高转化池,P001787|P001427|P000783|P000134|P000168,361度运动户外商品484|骆驼运动户外商品702|哥伦比亚运动户外商品762|哥伦比亚运动户外商品544|李宁运动户外商品543
167,U003277,0.39,0.231708,高意向,图书音像,爆款高转化池,P001182|P000992|P001207|P001242|P001223,当当图书音像商品607|人民邮电出版社图书音像商品329|京东图书图书音像商品505|人民邮电出版社图书音像商品170|京东图书图书音像商品628
168,U000910,0.3899,0.327837,高意向,汽车用品,爆款高转化池,P001927|P001490|P000410|P001675|P000547,米其林汽车用品商品720|壳牌汽车用品商品142|固特异汽车用品商品584|3M汽车用品商品220|卡仕达汽车用品商品137
169,U001033,0.3899,0.254633,高意向,箱包配饰,爆款高转化池,P000784|P000262|P001766|P000070|P001698,LV箱包配饰商品872|瑞士军威箱包配饰商品369|MK箱包配饰商品997|新秀丽箱包配饰商品905|外交官箱包配饰商品687
170,U002750,0.3899,0.246205,高意向,箱包配饰,爆款高转化池,P000784|P000262|P001766|P000070|P001698,LV箱包配饰商品872|瑞士军威箱包配饰商品369|MK箱包配饰商品997|新秀丽箱包配饰商品905|外交官箱包配饰商品687
171,U002534,0.3898,0.338364,高意向,箱包配饰,爆款高转化池,P000784|P000262|P001766|P000070|P001698,LV箱包配饰商品872|瑞士军威箱包配饰商品369|MK箱包配饰商品997|新秀丽箱包配饰商品905|外交官箱包配饰商品687
172,U002133,0.3897,0.327001,高意向,手机数码,爆款高转化池,P000808|P001509|P000688|P000498|P001082,华为手机数码商品883|三星手机数码商品747|华为手机数码商品474|三星手机数码商品800|小米手机数码商品672
173,U003255,0.3895,0.224847,高意向,母婴用品,爆款高转化池,P000923|P001341|P001282|P000310|P000627,贝因美母婴用品商品502|花王母婴用品商品597|花王母婴用品商品885|强生母婴用品商品283|帮宝适母婴用品商品545
174,U003611,0.3894,0.345294,高意向,箱包配饰,爆款高转化池,P000784|P000262|P001766|P000070|P001698,LV箱包配饰商品872|瑞士军威箱包配饰商品369|MK箱包配饰商品997|新秀丽箱包配饰商品905|外交官箱包配饰商品687
175,U001262,0.3893,0.240194,高意向,手机数码,爆款高转化池,P000808|P001509|P000688|P000498|P001082,华为手机数码商品883|三星手机数码商品747|华为手机数码商品474|三星手机数码商品800|小米手机数码商品672
176,U003508,0.3893,0.337071,高意向,汽车用品,爆款高转化池,P001927|P001490|P000410|P001675|P000547,米其林汽车用品商品720|壳牌汽车用品商品142|固特异汽车用品商品584|3M汽车用品商品220|卡仕达汽车用品商品137
177,U003728,0.3893,0.335575,高意向,箱包配饰,爆款高转化池,P000784|P000262|P001766|P000070|P001698,LV箱包配饰商品872|瑞士军威箱包配饰商品369|MK箱包配饰商品997|新秀丽箱包配饰商品905|外交官箱包配饰商品687
178,U004182,0.3893,0.229224,高意向,宠物用品,爆款高转化池,P000750|P000035|P001710|P000996|P000462,冠能宠物用品商品494|皇家宠物用品商品286|网易严选宠物用品商品732|麦富迪宠物用品商品635|冠能宠物用品商品709
179,U004265,0.3893,0.207962,高意向,图书音像,爆款高转化池,P001182|P000992|P001207|P001242|P001223,当当图书音像商品607|人民邮电出版社图书音像商品329|京东图书图书音像商品505|人民邮电出版社图书音像商品170|京东图书图书音像商品628
180,U000222,0.3892,0.271593,高意向,美妆护肤,爆款高转化池,P000532|P000773|P000947|P000971|P001402,珀莱雅美妆护肤商品523|自然堂美妆护肤商品332|珀莱雅美妆护肤商品976|SK-II美妆护肤商品867|珀莱雅美妆护肤商品932
181,U001707,0.3892,0.34281,高意向,箱包配饰,爆款高转化池,P000784|P000262|P001766|P000070|P001698,LV箱包配饰商品872|瑞士军威箱包配饰商品369|MK箱包配饰商品997|新秀丽箱包配饰商品905|外交官箱包配饰商品687
182,U002132,0.3892,0.23849,高意向,家居家装,爆款高转化池,P000883|P000221|P001102|P001151|P001129,顾家家居家居家装商品927|曲美家居家装商品318|马可波罗家居家装商品703|宜家家居家装商品838|曲美家居家装商品570
183,U003423,0.3892,0.335035,高意向,手机数码,爆款高转化池,P000808|P001509|P000688|P000498|P001082,华为手机数码商品883|三星手机数码商品747|华为手机数码商品474|三星手机数码商品800|小米手机数码商品672
184,U000557,0.3891,0.324992,高意向,母婴用品,爆款高转化池,P000923|P001341|P001282|P000310|P000627,贝因美母婴用品商品502|花王母婴用品商品597|花王母婴用品商品885|强生母婴用品商品283|帮宝适母婴用品商品545
185,U002631,0.3891,0.239433,高意向,运动户外,爆款高转化池,P001787|P001427|P000783|P000134|P000168,361度运动户外商品484|骆驼运动户外商品702|哥伦比亚运动户外商品762|哥伦比亚运动户外商品544|李宁运动户外商品543
186,U004817,0.3891,0.245118,高意向,服装鞋包,爆款高转化池,P001734|P001740|P001694|P000314|P000970,ZARA服装鞋包商品462|耐克服装鞋包商品217|优衣库服装鞋包商品426|耐克服装鞋包商品620|海澜之家服装鞋包商品195
187,U000743,0.389,0.246509,高意向,家居家装,爆款高转化池,P000883|P000221|P001102|P001151|P001129,顾家家居家居家装商品927|曲美家居家装商品318|马可波罗家居家装商品703|宜家家居家装商品838|曲美家居家装商品570
188,U003358,0.389,0.251969,高意向,服装鞋包,爆款高转化池,P001734|P001740|P001694|P000314|P000970,ZARA服装鞋包商品462|耐克服装鞋包商品217|优衣库服装鞋包商品426|耐克服装鞋包商品620|海澜之家服装鞋包商品195
189,U004455,0.389,0.23085,高意向,母婴用品,爆款高转化池,P000923|P001341|P001282|P000310|P000627,贝因美母婴用品商品502|花王母婴用品商品597|花王母婴用品商品885|强生母婴用品商品283|帮宝适母婴用品商品545
190,U001977,0.3889,0.33187,高意向,箱包配饰,爆款高转化池,P000784|P000262|P001766|P000070|P001698,LV箱包配饰商品872|瑞士军威箱包配饰商品369|MK箱包配饰商品997|新秀丽箱包配饰商品905|外交官箱包配饰商品687
191,U004346,0.3889,0.341656,高意向,医药保健,爆款高转化池,P000094|P001052|P001079|P000375|P000355,钙尔奇医药保健商品391|钙尔奇医药保健商品186|九芝堂医药保健商品943|东阿阿胶医药保健商品523|云南白药医药保健商品473
192,U002435,0.3888,0.33191,高意向,食品生鲜,爆款高转化池,P000080|P001955|P000818|P001304|P001988,伊利食品生鲜商品963|百草味食品生鲜商品833|金龙鱼食品生鲜商品198|五粮液食品生鲜商品181|良品铺子食品生鲜商品482
193,U004015,0.3887,0.346261,高意向,食品生鲜,爆款高转化池,P000080|P001955|P000818|P001304|P001988,伊利食品生鲜商品963|百草味食品生鲜商品833|金龙鱼食品生鲜商品198|五粮液食品生鲜商品181|良品铺子食品生鲜商品482
194,U004034,0.3887,0.337479,高意向,服装鞋包,爆款高转化池,P001734|P001740|P001694|P000314|P000970,ZARA服装鞋包商品462|耐克服装鞋包商品217|优衣库服装鞋包商品426|耐克服装鞋包商品620|海澜之家服装鞋包商品195
195,U000775,0.3886,0.339636,高意向,宠物用品,爆款高转化池,P000750|P000035|P001710|P000996|P000462,冠能宠物用品商品494|皇家宠物用品商品286|网易严选宠物用品商品732|麦富迪宠物用品商品635|冠能宠物用品商品709
196,U002351,0.3886,0.328283,高意向,箱包配饰,爆款高转化池,P000784|P000262|P001766|P000070|P001698,LV箱包配饰商品872|瑞士军威箱包配饰商品369|MK箱包配饰商品997|新秀丽箱包配饰商品905|外交官箱包配饰商品687
197,U003287,0.3885,0.241756,高意向,手机数码,爆款高转化池,P000808|P001509|P000688|P000498|P001082,华为手机数码商品883|三星手机数码商品747|华为手机数码商品474|三星手机数码商品800|小米手机数码商品672
198,U004791,0.3885,0.329454,高意向,珠宝首饰,爆款高转化池,P000538|P000126|P001784|P000192|P000551,老凤祥珠宝首饰商品443|周生生珠宝首饰商品232|老凤祥珠宝首饰商品799|老凤祥珠宝首饰商品808|老凤祥珠宝首饰商品566
199,U000698,0.3883,0.34322,高意向,食品生鲜,爆款高转化池,P000080|P001955|P000818|P001304|P001988,伊利食品生鲜商品963|百草味食品生鲜商品833|金龙鱼食品生鲜商品198|五粮液食品生鲜商品181|良品铺子食品生鲜商品482
200,U001024,0.3882,0.231182,高意向,服装鞋包,爆款高转化池,P001734|P001740|P001694|P000314|P000970,ZARA服装鞋包商品462|耐克服装鞋包商品217|优衣库服装鞋包商品426|耐克服装鞋包商品620|海澜之家服装鞋包商品195
201,U001134,0.3882,0.340092,高意向,运动户外,爆款高转化池,P001787|P001427|P000783|P000134|P000168,361度运动户外商品484|骆驼运动户外商品702|哥伦比亚运动户外商品762|哥伦比亚运动户外商品544|李宁运动户外商品543
202,U000984,0.3881,0.348251,高意向,手机数码,爆款高转化池,P000808|P001509|P000688|P000498|P001082,华为手机数码商品883|三星手机数码商品747|华为手机数码商品474|三星手机数码商品800|小米手机数码商品672
203,U001429,0.3881,0.344728,高意向,家居家装,爆款高转化池,P000883|P000221|P001102|P001151|P001129,顾家家居家居家装商品927|曲美家居家装商品318|马可波罗家居家装商品703|宜家家居家装商品838|曲美家居家装商品570
204,U002863,0.3881,0.332998,高意向,医药保健,爆款高转化池,P000094|P001052|P001079|P000375|P000355,钙尔奇医药保健商品391|钙尔奇医药保健商品186|九芝堂医药保健商品943|东阿阿胶医药保健商品523|云南白药医药保健商品473
205,U003705,0.3881,0.345774,高意向,礼品鲜花,爆款高转化池,P001016|P000831|P001489|P000018|P001157,野兽派礼品鲜花商品306|Roseonly礼品鲜花商品580|诺誓礼品鲜花商品189|诺誓礼品鲜花商品463|施华洛世奇礼品鲜花商品442
206,U001145,0.388,0.225481,高意向,珠宝首饰,爆款高转化池,P000538|P000126|P001784|P000192|P000551,老凤祥珠宝首饰商品443|周生生珠宝首饰商品232|老凤祥珠宝首饰商品799|老凤祥珠宝首饰商品808|老凤祥珠宝首饰商品566
207,U001233,0.388,0.335251,高意向,珠宝首饰,爆款高转化池,P000538|P000126|P001784|P000192|P000551,老凤祥珠宝首饰商品443|周生生珠宝首饰商品232|老凤祥珠宝首饰商品799|老凤祥珠宝首饰商品808|老凤祥珠宝首饰商品566
208,U002022,0.388,0.269991,高意向,家居家装,爆款高转化池,P000883|P000221|P001102|P001151|P001129,顾家家居家居家装商品927|曲美家居家装商品318|马可波罗家居家装商品703|宜家家居家装商品838|曲美家居家装商品570
209,U004643,0.388,0.345072,高意向,医药保健,爆款高转化池,P000094|P001052|P001079|P000375|P000355,钙尔奇医药保健商品391|钙尔奇医药保健商品186|九芝堂医药保健商品943|东阿阿胶医药保健商品523|云南白药医药保健商品473
210,U004975,0.388,0.353512,高意向,母婴用品,爆款高转化池,P000923|P001341|P001282|P000310|P000627,贝因美母婴用品商品502|花王母婴用品商品597|花王母婴用品商品885|强生母婴用品商品283|帮宝适母婴用品商品545
211,U004482,0.3879,0.340513,高意向,珠宝首饰,爆款高转化池,P000538|P000126|P001784|P000192|P000551,老凤祥珠宝首饰商品443|周生生珠宝首饰商品232|老凤祥珠宝首饰商品799|老凤祥珠宝首饰商品808|老凤祥珠宝首饰商品566
212,U004261,0.3878,0.333958,高意向,家居家装,爆款高转化池,P000883|P000221|P001102|P001151|P001129,顾家家居家居家装商品927|曲美家居家装商品318|马可波罗家居家装商品703|宜家家居家装商品838|曲美家居家装商品570
213,U003469,0.3877,0.346984,高意向,母婴用品,爆款高转化池,P000923|P001341|P001282|P000310|P000627,贝因美母婴用品商品502|花王母婴用品商品597|花王母婴用品商品885|强生母婴用品商品283|帮宝适母婴用品商品545
214,U004870,0.3877,0.352558,高意向,美妆护肤,爆款高转化池,P000532|P000773|P000947|P000971|P001402,珀莱雅美妆护肤商品523|自然堂美妆护肤商品332|珀莱雅美妆护肤商品976|SK-II美妆护肤商品867|珀莱雅美妆护肤商品932
215,U004509,0.3876,0.341914,高意向,母婴用品,爆款高转化池,P000923|P001341|P001282|P000310|P000627,贝因美母婴用品商品502|花王母婴用品商品597|花王母婴用品商品885|强生母婴用品商品283|帮宝适母婴用品商品545
216,U004775,0.3876,0.317827,高意向,食品生鲜,爆款高转化池,P000080|P001955|P000818|P001304|P001988,伊利食品生鲜商品963|百草味食品生鲜商品833|金龙鱼食品生鲜商品198|五粮液食品生鲜商品181|良品铺子食品生鲜商品482
217,U002471,0.3874,0.222855,高意向,手机数码,爆款高转化池,P000808|P001509|P000688|P000498|P001082,华为手机数码商品883|三星手机数码商品747|华为手机数码商品474|三星手机数码商品800|小米手机数码商品672
218,U002535,0.3874,0.222301,高意向,珠宝首饰,爆款高转化池,P000538|P000126|P001784|P000192|P000551,老凤祥珠宝首饰商品443|周生生珠宝首饰商品232|老凤祥珠宝首饰商品799|老凤祥珠宝首饰商品808|老凤祥珠宝首饰商品566
219,U004203,0.3874,0.333601,高意向,医药保健,爆款高转化池,P000094|P001052|P001079|P000375|P000355,钙尔奇医药保健商品391|钙尔奇医药保健商品186|九芝堂医药保健商品943|东阿阿胶医药保健商品523|云南白药医药保健商品473
220,U002445,0.3873,0.331194,高意向,礼品鲜花,爆款高转化池,P001016|P000831|P001489|P000018|P001157,野兽派礼品鲜花商品306|Roseonly礼品鲜花商品580|诺誓礼品鲜花商品189|诺誓礼品鲜花商品463|施华洛世奇礼品鲜花商品442
221,U004396,0.3873,0.27503,高意向,运动户外,爆款高转化池,P001787|P001427|P000783|P000134|P000168,361度运动户外商品484|骆驼运动户外商品702|哥伦比亚运动户外商品762|哥伦比亚运动户外商品544|李宁运动户外商品543
222,U002003,0.3872,0.341383,高意向,母婴用品,爆款高转化池,P000923|P001341|P001282|P000310|P000627,贝因美母婴用品商品502|花王母婴用品商品597|花王母婴用品商品885|强生母婴用品商品283|帮宝适母婴用品商品545
223,U002657,0.3872,0.342991,高意向,汽车用品,爆款高转化池,P001927|P001490|P000410|P001675|P000547,米其林汽车用品商品720|壳牌汽车用品商品142|固特异汽车用品商品584|3M汽车用品商品220|卡仕达汽车用品商品137
224,U000243,0.3871,0.329536,高意向,手机数码,爆款高转化池,P000808|P001509|P000688|P000498|P001082,华为手机数码商品883|三星手机数码商品747|华为手机数码商品474|三星手机数码商品800|小米手机数码商品672
225,U004468,0.3871,0.347384,高意向,运动户外,爆款高转化池,P001787|P001427|P000783|P000134|P000168,361度运动户外商品484|骆驼运动户外商品702|哥伦比亚运动户外商品762|哥伦比亚运动户外商品544|李宁运动户外商品543
226,U002065,0.3868,0.340942,高意向,食品生鲜,爆款高转化池,P000080|P001955|P000818|P001304|P001988,伊利食品生鲜商品963|百草味食品生鲜商品833|金龙鱼食品生鲜商品198|五粮液食品生鲜商品181|良品铺子食品生鲜商品482
227,U003500,0.3868,0.336474,高意向,图书音像,爆款高转化池,P001182|P000992|P001207|P001242|P001223,当当图书音像商品607|人民邮电出版社图书音像商品329|京东图书图书音像商品505|人民邮电出版社图书音像商品170|京东图书图书音像商品628
228,U002148,0.3866,0.347792,高意向,服装鞋包,爆款高转化池,P001734|P001740|P001694|P000314|P000970,ZARA服装鞋包商品462|耐克服装鞋包商品217|优衣库服装鞋包商品426|耐克服装鞋包商品620|海澜之家服装鞋包商品195
229,U004559,0.3866,0.323339,高意向,图书音像,爆款高转化池,P001182|P000992|P001207|P001242|P001223,当当图书音像商品607|人民邮电出版社图书音像商品329|京东图书图书音像商品505|人民邮电出版社图书音像商品170|京东图书图书音像商品628
230,U000752,0.3865,0.233076,高意向,食品生鲜,爆款高转化池,P000080|P001955|P000818|P001304|P001988,伊利食品生鲜商品963|百草味食品生鲜商品833|金龙鱼食品生鲜商品198|五粮液食品生鲜商品181|良品铺子食品生鲜商品482
231,U002187,0.3865,0.327357,高意向,手机数码,爆款高转化池,P000808|P001509|P000688|P000498|P001082,华为手机数码商品883|三星手机数码商品747|华为手机数码商品474|三星手机数码商品800|小米手机数码商品672
232,U002774,0.3865,0.321826,高意向,家居家装,爆款高转化池,P000883|P000221|P001102|P001151|P001129,顾家家居家居家装商品927|曲美家居家装商品318|马可波罗家居家装商品703|宜家家居家装商品838|曲美家居家装商品570
233,U004088,0.3865,0.327017,高意向,医药保健,爆款高转化池,P000094|P001052|P001079|P000375|P000355,钙尔奇医药保健商品391|钙尔奇医药保健商品186|九芝堂医药保健商品943|东阿阿胶医药保健商品523|云南白药医药保健商品473
234,U001676,0.3863,0.2486,高意向,汽车用品,爆款高转化池,P001927|P001490|P000410|P001675|P000547,米其林汽车用品商品720|壳牌汽车用品商品142|固特异汽车用品商品584|3M汽车用品商品220|卡仕达汽车用品商品137
235,U002113,0.3863,0.324823,高意向,礼品鲜花,爆款高转化池,P001016|P000831|P001489|P000018|P001157,野兽派礼品鲜花商品306|Roseonly礼品鲜花商品580|诺誓礼品鲜花商品189|诺誓礼品鲜花商品463|施华洛世奇礼品鲜花商品442
236,U002463,0.386,0.249781,高意向,食品生鲜,爆款高转化池,P000080|P001955|P000818|P001304|P001988,伊利食品生鲜商品963|百草味食品生鲜商品833|金龙鱼食品生鲜商品198|五粮液食品生鲜商品181|良品铺子食品生鲜商品482
237,U001785,0.3859,0.236648,高意向,母婴用品,爆款高转化池,P000923|P001341|P001282|P000310|P000627,贝因美母婴用品商品502|花王母婴用品商品597|花王母婴用品商品885|强生母婴用品商品283|帮宝适母婴用品商品545
238,U000121,0.3858,0.243033,高意向,食品生鲜,爆款高转化池,P000080|P001955|P000818|P001304|P001988,伊利食品生鲜商品963|百草味食品生鲜商品833|金龙鱼食品生鲜商品198|五粮液食品生鲜商品181|良品铺子食品生鲜商品482
239,U000188,0.3858,0.32705,高意向,汽车用品,爆款高转化池,P001927|P001490|P000410|P001675|P000547,米其林汽车用品商品720|壳牌汽车用品商品142|固特异汽车用品商品584|3M汽车用品商品220|卡仕达汽车用品商品137
240,U000343,0.3858,0.339364,高意向,服装鞋包,爆款高转化池,P001734|P001740|P001694|P000314|P000970,ZARA服装鞋包商品462|耐克服装鞋包商品217|优衣库服装鞋包商品426|耐克服装鞋包商品620|海澜之家服装鞋包商品195
241,U004128,0.3858,0.315235,高意向,家居家装,爆款高转化池,P000883|P000221|P001102|P001151|P001129,顾家家居家居家装商品927|曲美家居家装商品318|马可波罗家居家装商品703|宜家家居家装商品838|曲美家居家装商品570
242,U003090,0.3857,0.34691,高意向,家居家装,爆款高转化池,P000883|P000221|P001102|P001151|P001129,顾家家居家居家装商品927|曲美家居家装商品318|马可波罗家居家装商品703|宜家家居家装商品838|曲美家居家装商品570
243,U000050,0.3855,0.327091,高意向,美妆护肤,爆款高转化池,P000532|P000773|P000947|P000971|P001402,珀莱雅美妆护肤商品523|自然堂美妆护肤商品332|珀莱雅美妆护肤商品976|SK-II美妆护肤商品867|珀莱雅美妆护肤商品932
244,U001632,0.3854,0.338533,高意向,图书音像,爆款高转化池,P001182|P000992|P001207|P001242|P001223,当当图书音像商品607|人民邮电出版社图书音像商品329|京东图书图书音像商品505|人民邮电出版社图书音像商品170|京东图书图书音像商品628
245,U002310,0.3854,0.232869,高意向,手机数码,爆款高转化池,P000808|P001509|P000688|P000498|P001082,华为手机数码商品883|三星手机数码商品747|华为手机数码商品474|三星手机数码商品800|小米手机数码商品672
246,U004417,0.3854,0.328178,高意向,珠宝首饰,爆款高转化池,P000538|P000126|P001784|P000192|P000551,老凤祥珠宝首饰商品443|周生生珠宝首饰商品232|老凤祥珠宝首饰商品799|老凤祥珠宝首饰商品808|老凤祥珠宝首饰商品566
247,U000155,0.3852,0.340707,高意向,美妆护肤,爆款高转化池,P000532|P000773|P000947|P000971|P001402,珀莱雅美妆护肤商品523|自然堂美妆护肤商品332|珀莱雅美妆护肤商品976|SK-II美妆护肤商品867|珀莱雅美妆护肤商品932
248,U001122,0.3852,0.341536,高意向,母婴用品,爆款高转化池,P000923|P001341|P001282|P000310|P000627,贝因美母婴用品商品502|花王母婴用品商品597|花王母婴用品商品885|强生母婴用品商品283|帮宝适母婴用品商品545
249,U003348,0.3852,0.25204,高意向,家居家装,爆款高转化池,P000883|P000221|P001102|P001151|P001129,顾家家居家居家装商品927|曲美家居家装商品318|马可波罗家居家装商品703|宜家家居家装商品838|曲美家居家装商品570
250,U003637,0.3852,0.34931,高意向,箱包配饰,爆款高转化池,P000784|P000262|P001766|P000070|P001698,LV箱包配饰商品872|瑞士军威箱包配饰商品369|MK箱包配饰商品997|新秀丽箱包配饰商品905|外交官箱包配饰商品687
251,U000659,0.3851,0.332324,高意向,手机数码,爆款高转化池,P000808|P001509|P000688|P000498|P001082,华为手机数码商品883|三星手机数码商品747|华为手机数码商品474|三星手机数码商品800|小米手机数码商品672
252,U004593,0.3851,0.321517,高意向,图书音像,爆款高转化池,P001182|P000992|P001207|P001242|P001223,当当图书音像商品607|人民邮电出版社图书音像商品329|京东图书图书音像商品505|人民邮电出版社图书音像商品170|京东图书图书音像商品628
253,U001616,0.385,0.257555,高意向,家居家装,爆款高转化池,P000883|P000221|P001102|P001151|P001129,顾家家居家居家装商品927|曲美家居家装商品318|马可波罗家居家装商品703|宜家家居家装商品838|曲美家居家装商品570
254,U001770,0.385,0.260804,高意向,服装鞋包,爆款高转化池,P001734|P001740|P001694|P000314|P000970,ZARA服装鞋包商品462|耐克服装鞋包商品217|优衣库服装鞋包商品426|耐克服装鞋包商品620|海澜之家服装鞋包商品195
255,U002050,0.385,0.329309,高意向,服装鞋包,爆款高转化池,P001734|P001740|P001694|P000314|P000970,ZARA服装鞋包商品462|耐克服装鞋包商品217|优衣库服装鞋包商品426|耐克服装鞋包商品620|海澜之家服装鞋包商品195
256,U002395,0.3848,0.344077,高意向,家居家装,爆款高转化池,P000883|P000221|P001102|P001151|P001129,顾家家居家居家装商品927|曲美家居家装商品318|马可波罗家居家装商品703|宜家家居家装商品838|曲美家居家装商品570
257,U004323,0.3848,0.329926,高意向,手机数码,爆款高转化池,P000808|P001509|P000688|P000498|P001082,华为手机数码商品883|三星手机数码商品747|华为手机数码商品474|三星手机数码商品800|小米手机数码商品672
258,U004420,0.3848,0.330321,高意向,医药保健,爆款高转化池,P000094|P001052|P001079|P000375|P000355,钙尔奇医药保健商品391|钙尔奇医药保健商品186|九芝堂医药保健商品943|东阿阿胶医药保健商品523|云南白药医药保健商品473
259,U000304,0.3847,0.338169,高意向,母婴用品,爆款高转化池,P000923|P001341|P001282|P000310|P000627,贝因美母婴用品商品502|花王母婴用品商品597|花王母婴用品商品885|强生母婴用品商品283|帮宝适母婴用品商品545
260,U003450,0.3847,0.332445,高意向,礼品鲜花,爆款高转化池,P001016|P000831|P001489|P000018|P001157,野兽派礼品鲜花商品306|Roseonly礼品鲜花商品580|诺誓礼品鲜花商品189|诺誓礼品鲜花商品463|施华洛世奇礼品鲜花商品442
261,U003186,0.3846,0.255704,高意向,服装鞋包,爆款高转化池,P001734|P001740|P001694|P000314|P000970,ZARA服装鞋包商品462|耐克服装鞋包商品217|优衣库服装鞋包商品426|耐克服装鞋包商品620|海澜之家服装鞋包商品195
262,U003729,0.3846,0.338797,高意向,汽车用品,爆款高转化池,P001927|P001490|P000410|P001675|P000547,米其林汽车用品商品720|壳牌汽车用品商品142|固特异汽车用品商品584|3M汽车用品商品220|卡仕达汽车用品商品137
263,U001989,0.3845,0.241371,高意向,食品生鲜,爆款高转化池,P000080|P001955|P000818|P001304|P001988,伊利食品生鲜商品963|百草味食品生鲜商品833|金龙鱼食品生鲜商品198|五粮液食品生鲜商品181|良品铺子食品生鲜商品482
264,U000154,0.3842,0.330733,高意向,家居家装,爆款高转化池,P000883|P000221|P001102|P001151|P001129,顾家家居家居家装商品927|曲美家居家装商品318|马可波罗家居家装商品703|宜家家居家装商品838|曲美家居家装商品570
265,U002436,0.3841,0.336489,高意向,礼品鲜花,爆款高转化池,P001016|P000831|P001489|P000018|P001157,野兽派礼品鲜花商品306|Roseonly礼品鲜花商品580|诺誓礼品鲜花商品189|诺誓礼品鲜花商品463|施华洛世奇礼品鲜花商品442
266,U003781,0.384,0.334278,高意向,食品生鲜,爆款高转化池,P000080|P001955|P000818|P001304|P001988,伊利食品生鲜商品963|百草味食品生鲜商品833|金龙鱼食品生鲜商品198|五粮液食品生鲜商品181|良品铺子食品生鲜商品482
267,U002582,0.3839,0.328839,高意向,箱包配饰,爆款高转化池,P000784|P000262|P001766|P000070|P001698,LV箱包配饰商品872|瑞士军威箱包配饰商品369|MK箱包配饰商品997|新秀丽箱包配饰商品905|外交官箱包配饰商品687
268,U004826,0.3839,0.326984,高意向,手机数码,爆款高转化池,P000808|P001509|P000688|P000498|P001082,华为手机数码商品883|三星手机数码商品747|华为手机数码商品474|三星手机数码商品800|小米手机数码商品672
269,U002161,0.3838,0.337461,高意向,图书音像,爆款高转化池,P001182|P000992|P001207|P001242|P001223,当当图书音像商品607|人民邮电出版社图书音像商品329|京东图书图书音像商品505|人民邮电出版社图书音像商品170|京东图书图书音像商品628
270,U002991,0.3838,0.345582,高意向,医药保健,爆款高转化池,P000094|P001052|P001079|P000375|P000355,钙尔奇医药保健商品391|钙尔奇医药保健商品186|九芝堂医药保健商品943|东阿阿胶医药保健商品523|云南白药医药保健商品473
271,U000929,0.3837,0.33981,高意向,图书音像,爆款高转化池,P001182|P000992|P001207|P001242|P001223,当当图书音像商品607|人民邮电出版社图书音像商品329|京东图书图书音像商品505|人民邮电出版社图书音像商品170|京东图书图书音像商品628
272,U000123,0.3836,0.222365,高意向,汽车用品,爆款高转化池,P001927|P001490|P000410|P001675|P000547,米其林汽车用品商品720|壳牌汽车用品商品142|固特异汽车用品商品584|3M汽车用品商品220|卡仕达汽车用品商品137
273,U001172,0.3836,0.345192,高意向,母婴用品,爆款高转化池,P000923|P001341|P001282|P000310|P000627,贝因美母婴用品商品502|花王母婴用品商品597|花王母婴用品商品885|强生母婴用品商品283|帮宝适母婴用品商品545
274,U001738,0.3834,0.327418,高意向,医药保健,爆款高转化池,P000094|P001052|P001079|P000375|P000355,钙尔奇医药保健商品391|钙尔奇医药保健商品186|九芝堂医药保健商品943|东阿阿胶医药保健商品523|云南白药医药保健商品473
275,U003495,0.3834,0.338155,高意向,服装鞋包,爆款高转化池,P001734|P001740|P001694|P000314|P000970,ZARA服装鞋包商品462|耐克服装鞋包商品217|优衣库服装鞋包商品426|耐克服装鞋包商品620|海澜之家服装鞋包商品195
276,U004644,0.3834,0.238298,高意向,服装鞋包,爆款高转化池,P001734|P001740|P001694|P000314|P000970,ZARA服装鞋包商品462|耐克服装鞋包商品217|优衣库服装鞋包商品426|耐克服装鞋包商品620|海澜之家服装鞋包商品195
277,U002135,0.3832,0.327909,高意向,汽车用品,爆款高转化池,P001927|P001490|P000410|P001675|P000547,米其林汽车用品商品720|壳牌汽车用品商品142|固特异汽车用品商品584|3M汽车用品商品220|卡仕达汽车用品商品137
278,U001600,0.3831,0.33654,高意向,汽车用品,爆款高转化池,P001927|P001490|P000410|P001675|P000547,米其林汽车用品商品720|壳牌汽车用品商品142|固特异汽车用品商品584|3M汽车用品商品220|卡仕达汽车用品商品137
279,U003632,0.3831,0.245796,高意向,运动户外,爆款高转化池,P001787|P001427|P000783|P000134|P000168,361度运动户外商品484|骆驼运动户外商品702|哥伦比亚运动户外商品762|哥伦比亚运动户外商品544|李宁运动户外商品543
280,U000671,0.383,0.247135,高意向,手机数码,爆款高转化池,P000808|P001509|P000688|P000498|P001082,华为手机数码商品883|三星手机数码商品747|华为手机数码商品474|三星手机数码商品800|小米手机数码商品672
281,U002731,0.383,0.335307,高意向,医药保健,爆款高转化池,P000094|P001052|P001079|P000375|P000355,钙尔奇医药保健商品391|钙尔奇医药保健商品186|九芝堂医药保健商品943|东阿阿胶医药保健商品523|云南白药医药保健商品473
282,U002695,0.3829,0.341379,高意向,美妆护肤,爆款高转化池,P000532|P000773|P000947|P000971|P001402,珀莱雅美妆护肤商品523|自然堂美妆护肤商品332|珀莱雅美妆护肤商品976|SK-II美妆护肤商品867|珀莱雅美妆护肤商品932
283,U000083,0.3827,0.328377,高意向,美妆护肤,爆款高转化池,P000532|P000773|P000947|P000971|P001402,珀莱雅美妆护肤商品523|自然堂美妆护肤商品332|珀莱雅美妆护肤商品976|SK-II美妆护肤商品867|珀莱雅美妆护肤商品932
284,U003283,0.3827,0.330086,高意向,家居家装,爆款高转化池,P000883|P000221|P001102|P001151|P001129,顾家家居家居家装商品927|曲美家居家装商品318|马可波罗家居家装商品703|宜家家居家装商品838|曲美家居家装商品570
285,U001604,0.3825,0.343208,高意向,家居家装,爆款高转化池,P000883|P000221|P001102|P001151|P001129,顾家家居家居家装商品927|曲美家居家装商品318|马可波罗家居家装商品703|宜家家居家装商品838|曲美家居家装商品570
286,U003442,0.3825,0.336174,高意向,服装鞋包,爆款高转化池,P001734|P001740|P001694|P000314|P000970,ZARA服装鞋包商品462|耐克服装鞋包商品217|优衣库服装鞋包商品426|耐克服装鞋包商品620|海澜之家服装鞋包商品195
287,U002709,0.3823,0.339491,高意向,礼品鲜花,爆款高转化池,P001016|P000831|P001489|P000018|P001157,野兽派礼品鲜花商品306|Roseonly礼品鲜花商品580|诺誓礼品鲜花商品189|诺誓礼品鲜花商品463|施华洛世奇礼品鲜花商品442
288,U003099,0.3823,0.27412,高意向,珠宝首饰,爆款高转化池,P000538|P000126|P001784|P000192|P000551,老凤祥珠宝首饰商品443|周生生珠宝首饰商品232|老凤祥珠宝首饰商品799|老凤祥珠宝首饰商品808|老凤祥珠宝首饰商品566
289,U003814,0.3822,0.34603,高意向,家用电器,爆款高转化池,P000904|P000206|P000946|P001013|P000285,格力家用电器商品379|美的家用电器商品467|松下家用电器商品394|海尔家用电器商品408|格力家用电器商品762
290,U001510,0.3821,0.325426,高意向,美妆护肤,爆款高转化池,P000532|P000773|P000947|P000971|P001402,珀莱雅美妆护肤商品523|自然堂美妆护肤商品332|珀莱雅美妆护肤商品976|SK-II美妆护肤商品867|珀莱雅美妆护肤商品932
291,U003569,0.3821,0.248184,高意向,美妆护肤,爆款高转化池,P000532|P000773|P000947|P000971|P001402,珀莱雅美妆护肤商品523|自然堂美妆护肤商品332|珀莱雅美妆护肤商品976|SK-II美妆护肤商品867|珀莱雅美妆护肤商品932
292,U004273,0.3821,0.343795,高意向,母婴用品,爆款高转化池,P000923|P001341|P001282|P000310|P000627,贝因美母婴用品商品502|花王母婴用品商品597|花王母婴用品商品885|强生母婴用品商品283|帮宝适母婴用品商品545
293,U003989,0.382,0.247005,高意向,图书音像,爆款高转化池,P001182|P000992|P001207|P001242|P001223,当当图书音像商品607|人民邮电出版社图书音像商品329|京东图书图书音像商品505|人民邮电出版社图书音像商品170|京东图书图书音像商品628
294,U004341,0.382,0.33315,高意向,珠宝首饰,爆款高转化池,P000538|P000126|P001784|P000192|P000551,老凤祥珠宝首饰商品443|周生生珠宝首饰商品232|老凤祥珠宝首饰商品799|老凤祥珠宝首饰商品808|老凤祥珠宝首饰商品566
295,U001968,0.3818,0.328299,高意向,家居家装,爆款高转化池,P000883|P000221|P001102|P001151|P001129,顾家家居家居家装商品927|曲美家居家装商品318|马可波罗家居家装商品703|宜家家居家装商品838|曲美家居家装商品570
296,U000747,0.3817,0.239819,高意向,运动户外,爆款高转化池,P001787|P001427|P000783|P000134|P000168,361度运动户外商品484|骆驼运动户外商品702|哥伦比亚运动户外商品762|哥伦比亚运动户外商品544|李宁运动户外商品543
297,U000518,0.3816,0.261803,高意向,箱包配饰,爆款高转化池,P000784|P000262|P001766|P000070|P001698,LV箱包配饰商品872|瑞士军威箱包配饰商品369|MK箱包配饰商品997|新秀丽箱包配饰商品905|外交官箱包配饰商品687
298,U003699,0.3816,0.238481,高意向,母婴用品,爆款高转化池,P000923|P001341|P001282|P000310|P000627,贝因美母婴用品商品502|花王母婴用品商品597|花王母婴用品商品885|强生母婴用品商品283|帮宝适母婴用品商品545
299,U000529,0.3815,0.349949,高意向,箱包配饰,爆款高转化池,P000784|P000262|P001766|P000070|P001698,LV箱包配饰商品872|瑞士军威箱包配饰商品369|MK箱包配饰商品997|新秀丽箱包配饰商品905|外交官箱包配饰商品687
300,U000456,0.3814,0.338141,高意向,美妆护肤,爆款高转化池,P000532|P000773|P000947|P000971|P001402,珀莱雅美妆护肤商品523|自然堂美妆护肤商品332|珀莱雅美妆护肤商品976|SK-II美妆护肤商品867|珀莱雅美妆护肤商品932
301,U000694,0.3814,0.259074,高意向,家居家装,爆款高转化池,P000883|P000221|P001102|P001151|P001129,顾家家居家居家装商品927|曲美家居家装商品318|马可波罗家居家装商品703|宜家家居家装商品838|曲美家居家装商品570
302,U001324,0.3814,0.29413,高意向,箱包配饰,爆款高转化池,P000784|P000262|P001766|P000070|P001698,LV箱包配饰商品872|瑞士军威箱包配饰商品369|MK箱包配饰商品997|新秀丽箱包配饰商品905|外交官箱包配饰商品687
303,U002066,0.3814,0.33572,高意向,医药保健,爆款高转化池,P000094|P001052|P001079|P000375|P000355,钙尔奇医药保健商品391|钙尔奇医药保健商品186|九芝堂医药保健商品943|东阿阿胶医药保健商品523|云南白药医药保健商品473
304,U004385,0.3814,0.334373,高意向,珠宝首饰,爆款高转化池,P000538|P000126|P001784|P000192|P000551,老凤祥珠宝首饰商品443|周生生珠宝首饰商品232|老凤祥珠宝首饰商品799|老凤祥珠宝首饰商品808|老凤祥珠宝首饰商品566
305,U000308,0.3813,0.343986,高意向,医药保健,爆款高转化池,P000094|P001052|P001079|P000375|P000355,钙尔奇医药保健商品391|钙尔奇医药保健商品186|九芝堂医药保健商品943|东阿阿胶医药保健商品523|云南白药医药保健商品473
306,U002949,0.3813,0.240838,高意向,母婴用品,爆款高转化池,P000923|P001341|P001282|P000310|P000627,贝因美母婴用品商品502|花王母婴用品商品597|花王母婴用品商品885|强生母婴用品商品283|帮宝适母婴用品商品545
307,U000142,0.3812,0.317453,高意向,珠宝首饰,爆款高转化池,P000538|P000126|P001784|P000192|P000551,老凤祥珠宝首饰商品443|周生生珠宝首饰商品232|老凤祥珠宝首饰商品799|老凤祥珠宝首饰商品808|老凤祥珠宝首饰商品566
308,U000459,0.3811,0.333616,高意向,手机数码,爆款高转化池,P000808|P001509|P000688|P000498|P001082,华为手机数码商品883|三星手机数码商品747|华为手机数码商品474|三星手机数码商品800|小米手机数码商品672
309,U004003,0.3811,0.328478,高意向,家居家装,爆款高转化池,P000883|P000221|P001102|P001151|P001129,顾家家居家居家装商品927|曲美家居家装商品318|马可波罗家居家装商品703|宜家家居家装商品838|曲美家居家装商品570
310,U002502,0.381,0.332276,高意向,箱包配饰,爆款高转化池,P000784|P000262|P001766|P000070|P001698,LV箱包配饰商品872|瑞士军威箱包配饰商品369|MK箱包配饰商品997|新秀丽箱包配饰商品905|外交官箱包配饰商品687
311,U004667,0.381,0.261352,高意向,箱包配饰,爆款高转化池,P000784|P000262|P001766|P000070|P001698,LV箱包配饰商品872|瑞士军威箱包配饰商品369|MK箱包配饰商品997|新秀丽箱包配饰商品905|外交官箱包配饰商品687
312,U003768,0.3809,0.326558,高意向,服装鞋包,爆款高转化池,P001734|P001740|P001694|P000314|P000970,ZARA服装鞋包商品462|耐克服装鞋包商品217|优衣库服装鞋包商品426|耐克服装鞋包商品620|海澜之家服装鞋包商品195
313,U003853,0.3809,0.33867,高意向,宠物用品,爆款高转化池,P000750|P000035|P001710|P000996|P000462,冠能宠物用品商品494|皇家宠物用品商品286|网易严选宠物用品商品732|麦富迪宠物用品商品635|冠能宠物用品商品709
314,U001018,0.3808,0.334112,高意向,汽车用品,爆款高转化池,P001927|P001490|P000410|P001675|P000547,米其林汽车用品商品720|壳牌汽车用品商品142|固特异汽车用品商品584|3M汽车用品商品220|卡仕达汽车用品商品137
315,U000574,0.3807,0.339752,高意向,运动户外,爆款高转化池,P001787|P001427|P000783|P000134|P000168,361度运动户外商品484|骆驼运动户外商品702|哥伦比亚运动户外商品762|哥伦比亚运动户外商品544|李宁运动户外商品543
316,U003153,0.3807,0.328365,高意向,家用电器,爆款高转化池,P000904|P000206|P000946|P001013|P000285,格力家用电器商品379|美的家用电器商品467|松下家用电器商品394|海尔家用电器商品408|格力家用电器商品762
317,U003785,0.3807,0.335228,高意向,图书音像,爆款高转化池,P001182|P000992|P001207|P001242|P001223,当当图书音像商品607|人民邮电出版社图书音像商品329|京东图书图书音像商品505|人民邮电出版社图书音像商品170|京东图书图书音像商品628
318,U004301,0.3807,0.332713,高意向,美妆护肤,爆款高转化池,P000532|P000773|P000947|P000971|P001402,珀莱雅美妆护肤商品523|自然堂美妆护肤商品332|珀莱雅美妆护肤商品976|SK-II美妆护肤商品867|珀莱雅美妆护肤商品932
319,U004884,0.3807,0.241771,高意向,家居家装,爆款高转化池,P000883|P000221|P001102|P001151|P001129,顾家家居家居家装商品927|曲美家居家装商品318|马可波罗家居家装商品703|宜家家居家装商品838|曲美家居家装商品570
320,U001372,0.3806,0.273551,高意向,食品生鲜,爆款高转化池,P000080|P001955|P000818|P001304|P001988,伊利食品生鲜商品963|百草味食品生鲜商品833|金龙鱼食品生鲜商品198|五粮液食品生鲜商品181|良品铺子食品生鲜商品482
321,U000172,0.3805,0.325936,高意向,母婴用品,爆款高转化池,P000923|P001341|P001282|P000310|P000627,贝因美母婴用品商品502|花王母婴用品商品597|花王母婴用品商品885|强生母婴用品商品283|帮宝适母婴用品商品545
322,U004062,0.3805,0.33845,高意向,家用电器,爆款高转化池,P000904|P000206|P000946|P001013|P000285,格力家用电器商品379|美的家用电器商品467|松下家用电器商品394|海尔家用电器商品408|格力家用电器商品762
323,U001643,0.3804,0.330453,高意向,汽车用品,爆款高转化池,P001927|P001490|P000410|P001675|P000547,米其林汽车用品商品720|壳牌汽车用品商品142|固特异汽车用品商品584|3M汽车用品商品220|卡仕达汽车用品商品137
324,U002862,0.3804,0.333278,高意向,运动户外,爆款高转化池,P001787|P001427|P000783|P000134|P000168,361度运动户外商品484|骆驼运动户外商品702|哥伦比亚运动户外商品762|哥伦比亚运动户外商品544|李宁运动户外商品543
325,U002443,0.3803,0.336999,高意向,家居家装,爆款高转化池,P000883|P000221|P001102|P001151|P001129,顾家家居家居家装商品927|曲美家居家装商品318|马可波罗家居家装商品703|宜家家居家装商品838|曲美家居家装商品570
326,U003312,0.3803,0.356628,高意向,手机数码,爆款高转化池,P000808|P001509|P000688|P000498|P001082,华为手机数码商品883|三星手机数码商品747|华为手机数码商品474|三星手机数码商品800|小米手机数码商品672
327,U001095,0.3802,0.279304,高意向,宠物用品,爆款高转化池,P000750|P000035|P001710|P000996|P000462,冠能宠物用品商品494|皇家宠物用品商品286|网易严选宠物用品商品732|麦富迪宠物用品商品635|冠能宠物用品商品709
328,U002702,0.3802,0.336091,高意向,宠物用品,爆款高转化池,P000750|P000035|P001710|P000996|P000462,冠能宠物用品商品494|皇家宠物用品商品286|网易严选宠物用品商品732|麦富迪宠物用品商品635|冠能宠物用品商品709
329,U003184,0.3801,0.333281,高意向,宠物用品,爆款高转化池,P000750|P000035|P001710|P000996|P000462,冠能宠物用品商品494|皇家宠物用品商品286|网易严选宠物用品商品732|麦富迪宠物用品商品635|冠能宠物用品商品709
330,U003302,0.3801,0.335776,高意向,食品生鲜,爆款高转化池,P000080|P001955|P000818|P001304|P001988,伊利食品生鲜商品963|百草味食品生鲜商品833|金龙鱼食品生鲜商品198|五粮液食品生鲜商品181|良品铺子食品生鲜商品482
331,U004623,0.3801,0.331107,高意向,图书音像,爆款高转化池,P001182|P000992|P001207|P001242|P001223,当当图书音像商品607|人民邮电出版社图书音像商品329|京东图书图书音像商品505|人民邮电出版社图书音像商品170|京东图书图书音像商品628
332,U003406,0.3798,0.269775,高意向,家用电器,爆款高转化池,P000904|P000206|P000946|P001013|P000285,格力家用电器商品379|美的家用电器商品467|松下家用电器商品394|海尔家用电器商品408|格力家用电器商品762
333,U000279,0.3797,0.257274,高意向,服装鞋包,爆款高转化池,P001734|P001740|P001694|P000314|P000970,ZARA服装鞋包商品462|耐克服装鞋包商品217|优衣库服装鞋包商品426|耐克服装鞋包商品620|海澜之家服装鞋包商品195
334,U003813,0.3797,0.332387,高意向,图书音像,爆款高转化池,P001182|P000992|P001207|P001242|P001223,当当图书音像商品607|人民邮电出版社图书音像商品329|京东图书图书音像商品505|人民邮电出版社图书音像商品170|京东图书图书音像商品628
335,U000688,0.3796,0.322953,高意向,服装鞋包,爆款高转化池,P001734|P001740|P001694|P000314|P000970,ZARA服装鞋包商品462|耐克服装鞋包商品217|优衣库服装鞋包商品426|耐克服装鞋包商品620|海澜之家服装鞋包商品195
336,U001265,0.3796,0.270016,高意向,服装鞋包,爆款高转化池,P001734|P001740|P001694|P000314|P000970,ZARA服装鞋包商品462|耐克服装鞋包商品217|优衣库服装鞋包商品426|耐克服装鞋包商品620|海澜之家服装鞋包商品195
337,U002039,0.3796,0.330572,高意向,箱包配饰,爆款高转化池,P000784|P000262|P001766|P000070|P001698,LV箱包配饰商品872|瑞士军威箱包配饰商品369|MK箱包配饰商品997|新秀丽箱包配饰商品905|外交官箱包配饰商品687
338,U003900,0.3796,0.226041,高意向,珠宝首饰,爆款高转化池,P000538|P000126|P001784|P000192|P000551,老凤祥珠宝首饰商品443|周生生珠宝首饰商品232|老凤祥珠宝首饰商品799|老凤祥珠宝首饰商品808|老凤祥珠宝首饰商品566
339,U002578,0.3795,0.256879,高意向,箱包配饰,爆款高转化池,P000784|P000262|P001766|P000070|P001698,LV箱包配饰商品872|瑞士军威箱包配饰商品369|MK箱包配饰商品997|新秀丽箱包配饰商品905|外交官箱包配饰商品687
340,U003981,0.3795,0.323928,高意向,母婴用品,爆款高转化池,P000923|P001341|P001282|P000310|P000627,贝因美母婴用品商品502|花王母婴用品商品597|花王母婴用品商品885|强生母婴用品商品283|帮宝适母婴用品商品545
341,U002636,0.3793,0.333371,高意向,美妆护肤,爆款高转化池,P000532|P000773|P000947|P000971|P001402,珀莱雅美妆护肤商品523|自然堂美妆护肤商品332|珀莱雅美妆护肤商品976|SK-II美妆护肤商品867|珀莱雅美妆护肤商品932
342,U004002,0.3793,0.263424,高意向,手机数码,爆款高转化池,P000808|P001509|P000688|P000498|P001082,华为手机数码商品883|三星手机数码商品747|华为手机数码商品474|三星手机数码商品800|小米手机数码商品672
343,U001489,0.3792,0.331267,高意向,服装鞋包,爆款高转化池,P001734|P001740|P001694|P000314|P000970,ZARA服装鞋包商品462|耐克服装鞋包商品217|优衣库服装鞋包商品426|耐克服装鞋包商品620|海澜之家服装鞋包商品195
344,U004133,0.3792,0.333137,高意向,箱包配饰,爆款高转化池,P000784|P000262|P001766|P000070|P001698,LV箱包配饰商品872|瑞士军威箱包配饰商品369|MK箱包配饰商品997|新秀丽箱包配饰商品905|外交官箱包配饰商品687
345,U004300,0.3792,0.231345,高意向,箱包配饰,爆款高转化池,P000784|P000262|P001766|P000070|P001698,LV箱包配饰商品872|瑞士军威箱包配饰商品369|MK箱包配饰商品997|新秀丽箱包配饰商品905|外交官箱包配饰商品687
346,U001165,0.3791,0.266551,高意向,医药保健,爆款高转化池,P000094|P001052|P001079|P000375|P000355,钙尔奇医药保健商品391|钙尔奇医药保健商品186|九芝堂医药保健商品943|东阿阿胶医药保健商品523|云南白药医药保健商品473
347,U001138,0.379,0.326784,高意向,图书音像,爆款高转化池,P001182|P000992|P001207|P001242|P001223,当当图书音像商品607|人民邮电出版社图书音像商品329|京东图书图书音像商品505|人民邮电出版社图书音像商品170|京东图书图书音像商品628
348,U001898,0.379,0.23291,高意向,服装鞋包,爆款高转化池,P001734|P001740|P001694|P000314|P000970,ZARA服装鞋包商品462|耐克服装鞋包商品217|优衣库服装鞋包商品426|耐克服装鞋包商品620|海澜之家服装鞋包商品195
349,U002945,0.379,0.342111,高意向,箱包配饰,爆款高转化池,P000784|P000262|P001766|P000070|P001698,LV箱包配饰商品872|瑞士军威箱包配饰商品369|MK箱包配饰商品997|新秀丽箱包配饰商品905|外交官箱包配饰商品687
350,U003600,0.379,0.228995,高意向,图书音像,爆款高转化池,P001182|P000992|P001207|P001242|P001223,当当图书音像商品607|人民邮电出版社图书音像商品329|京东图书图书音像商品505|人民邮电出版社图书音像商品170|京东图书图书音像商品628
351,U000924,0.3789,0.332588,高意向,礼品鲜花,爆款高转化池,P001016|P000831|P001489|P000018|P001157,野兽派礼品鲜花商品306|Roseonly礼品鲜花商品580|诺誓礼品鲜花商品189|诺誓礼品鲜花商品463|施华洛世奇礼品鲜花商品442
352,U002615,0.3789,0.24191,高意向,服装鞋包,爆款高转化池,P001734|P001740|P001694|P000314|P000970,ZARA服装鞋包商品462|耐克服装鞋包商品217|优衣库服装鞋包商品426|耐克服装鞋包商品620|海澜之家服装鞋包商品195
353,U003679,0.3789,0.325342,高意向,母婴用品,爆款高转化池,P000923|P001341|P001282|P000310|P000627,贝因美母婴用品商品502|花王母婴用品商品597|花王母婴用品商品885|强生母婴用品商品283|帮宝适母婴用品商品545
354,U000235,0.3788,0.324993,高意向,图书音像,爆款高转化池,P001182|P000992|P001207|P001242|P001223,当当图书音像商品607|人民邮电出版社图书音像商品329|京东图书图书音像商品505|人民邮电出版社图书音像商品170|京东图书图书音像商品628
355,U001097,0.3788,0.253114,高意向,宠物用品,爆款高转化池,P000750|P000035|P001710|P000996|P000462,冠能宠物用品商品494|皇家宠物用品商品286|网易严选宠物用品商品732|麦富迪宠物用品商品635|冠能宠物用品商品709
356,U001288,0.3788,0.337236,高意向,家用电器,爆款高转化池,P000904|P000206|P000946|P001013|P000285,格力家用电器商品379|美的家用电器商品467|松下家用电器商品394|海尔家用电器商品408|格力家用电器商品762
357,U001877,0.3787,0.237741,高意向,食品生鲜,爆款高转化池,P000080|P001955|P000818|P001304|P001988,伊利食品生鲜商品963|百草味食品生鲜商品833|金龙鱼食品生鲜商品198|五粮液食品生鲜商品181|良品铺子食品生鲜商品482
358,U002898,0.3787,0.326674,高意向,美妆护肤,爆款高转化池,P000532|P000773|P000947|P000971|P001402,珀莱雅美妆护肤商品523|自然堂美妆护肤商品332|珀莱雅美妆护肤商品976|SK-II美妆护肤商品867|珀莱雅美妆护肤商品932
359,U002791,0.3785,0.320354,高意向,汽车用品,爆款高转化池,P001927|P001490|P000410|P001675|P000547,米其林汽车用品商品720|壳牌汽车用品商品142|固特异汽车用品商品584|3M汽车用品商品220|卡仕达汽车用品商品137
360,U004838,0.3785,0.332277,高意向,箱包配饰,爆款高转化池,P000784|P000262|P001766|P000070|P001698,LV箱包配饰商品872|瑞士军威箱包配饰商品369|MK箱包配饰商品997|新秀丽箱包配饰商品905|外交官箱包配饰商品687
361,U002651,0.3784,0.290446,高意向,宠物用品,爆款高转化池,P000750|P000035|P001710|P000996|P000462,冠能宠物用品商品494|皇家宠物用品商品286|网易严选宠物用品商品732|麦富迪宠物用品商品635|冠能宠物用品商品709
362,U004392,0.3784,0.330512,高意向,汽车用品,爆款高转化池,P001927|P001490|P000410|P001675|P000547,米其林汽车用品商品720|壳牌汽车用品商品142|固特异汽车用品商品584|3M汽车用品商品220|卡仕达汽车用品商品137
363,U001019,0.3783,0.227384,高意向,母婴用品,爆款高转化池,P000923|P001341|P001282|P000310|P000627,贝因美母婴用品商品502|花王母婴用品商品597|花王母婴用品商品885|强生母婴用品商品283|帮宝适母婴用品商品545
364,U004181,0.3783,0.226507,高意向,家用电器,爆款高转化池,P000904|P000206|P000946|P001013|P000285,格力家用电器商品379|美的家用电器商品467|松下家用电器商品394|海尔家用电器商品408|格力家用电器商品762
365,U001312,0.3782,0.338356,高意向,医药保健,爆款高转化池,P000094|P001052|P001079|P000375|P000355,钙尔奇医药保健商品391|钙尔奇医药保健商品186|九芝堂医药保健商品943|东阿阿胶医药保健商品523|云南白药医药保健商品473
366,U001476,0.3781,0.338461,高意向,图书音像,爆款高转化池,P001182|P000992|P001207|P001242|P001223,当当图书音像商品607|人民邮电出版社图书音像商品329|京东图书图书音像商品505|人民邮电出版社图书音像商品170|京东图书图书音像商品628
367,U002143,0.3781,0.271843,高意向,服装鞋包,爆款高转化池,P001734|P001740|P001694|P000314|P000970,ZARA服装鞋包商品462|耐克服装鞋包商品217|优衣库服装鞋包商品426|耐克服装鞋包商品620|海澜之家服装鞋包商品195
368,U001316,0.378,0.335988,高意向,母婴用品,爆款高转化池,P000923|P001341|P001282|P000310|P000627,贝因美母婴用品商品502|花王母婴用品商品597|花王母婴用品商品885|强生母婴用品商品283|帮宝适母婴用品商品545
369,U003985,0.378,0.333509,高意向,服装鞋包,爆款高转化池,P001734|P001740|P001694|P000314|P000970,ZARA服装鞋包商品462|耐克服装鞋包商品217|优衣库服装鞋包商品426|耐克服装鞋包商品620|海澜之家服装鞋包商品195
370,U000053,0.3779,0.232728,高意向,美妆护肤,爆款高转化池,P000532|P000773|P000947|P000971|P001402,珀莱雅美妆护肤商品523|自然堂美妆护肤商品332|珀莱雅美妆护肤商品976|SK-II美妆护肤商品867|珀莱雅美妆护肤商品932
371,U003605,0.3779,0.247428,高意向,家居家装,爆款高转化池,P000883|P000221|P001102|P001151|P001129,顾家家居家居家装商品927|曲美家居家装商品318|马可波罗家居家装商品703|宜家家居家装商品838|曲美家居家装商品570
372,U004544,0.3779,0.331508,高意向,母婴用品,爆款高转化池,P000923|P001341|P001282|P000310|P000627,贝因美母婴用品商品502|花王母婴用品商品597|花王母婴用品商品885|强生母婴用品商品283|帮宝适母婴用品商品545
373,U001660,0.3777,0.33276,高意向,医药保健,爆款高转化池,P000094|P001052|P001079|P000375|P000355,钙尔奇医药保健商品391|钙尔奇医药保健商品186|九芝堂医药保健商品943|东阿阿胶医药保健商品523|云南白药医药保健商品473
374,U001613,0.3776,0.233451,高意向,母婴用品,爆款高转化池,P000923|P001341|P001282|P000310|P000627,贝因美母婴用品商品502|花王母婴用品商品597|花王母婴用品商品885|强生母婴用品商品283|帮宝适母婴用品商品545
375,U004321,0.3776,0.321602,高意向,运动户外,爆款高转化池,P001787|P001427|P000783|P000134|P000168,361度运动户外商品484|骆驼运动户外商品702|哥伦比亚运动户外商品762|哥伦比亚运动户外商品544|李宁运动户外商品543
376,U001814,0.3775,0.258575,高意向,医药保健,爆款高转化池,P000094|P001052|P001079|P000375|P000355,钙尔奇医药保健商品391|钙尔奇医药保健商品186|九芝堂医药保健商品943|东阿阿胶医药保健商品523|云南白药医药保健商品473
377,U004045,0.3775,0.320803,高意向,汽车用品,爆款高转化池,P001927|P001490|P000410|P001675|P000547,米其林汽车用品商品720|壳牌汽车用品商品142|固特异汽车用品商品584|3M汽车用品商品220|卡仕达汽车用品商品137
378,U002046,0.3773,0.333673,高意向,家居家装,爆款高转化池,P000883|P000221|P001102|P001151|P001129,顾家家居家居家装商品927|曲美家居家装商品318|马可波罗家居家装商品703|宜家家居家装商品838|曲美家居家装商品570
379,U002076,0.3773,0.345366,高意向,母婴用品,爆款高转化池,P000923|P001341|P001282|P000310|P000627,贝因美母婴用品商品502|花王母婴用品商品597|花王母婴用品商品885|强生母婴用品商品283|帮宝适母婴用品商品545
380,U004231,0.3773,0.243171,高意向,礼品鲜花,爆款高转化池,P001016|P000831|P001489|P000018|P001157,野兽派礼品鲜花商品306|Roseonly礼品鲜花商品580|诺誓礼品鲜花商品189|诺誓礼品鲜花商品463|施华洛世奇礼品鲜花商品442
381,U004535,0.3773,0.259954,高意向,珠宝首饰,爆款高转化池,P000538|P000126|P001784|P000192|P000551,老凤祥珠宝首饰商品443|周生生珠宝首饰商品232|老凤祥珠宝首饰商品799|老凤祥珠宝首饰商品808|老凤祥珠宝首饰商品566
382,U001661,0.3771,0.328692,高意向,宠物用品,爆款高转化池,P000750|P000035|P001710|P000996|P000462,冠能宠物用品商品494|皇家宠物用品商品286|网易严选宠物用品商品732|麦富迪宠物用品商品635|冠能宠物用品商品709
383,U004286,0.3771,0.318888,高意向,珠宝首饰,爆款高转化池,P000538|P000126|P001784|P000192|P000551,老凤祥珠宝首饰商品443|周生生珠宝首饰商品232|老凤祥珠宝首饰商品799|老凤祥珠宝首饰商品808|老凤祥珠宝首饰商品566
384,U000242,0.377,0.334883,高意向,食品生鲜,爆款高转化池,P000080|P001955|P000818|P001304|P001988,伊利食品生鲜商品963|百草味食品生鲜商品833|金龙鱼食品生鲜商品198|五粮液食品生鲜商品181|良品铺子食品生鲜商品482
385,U004042,0.377,0.334072,高意向,图书音像,爆款高转化池,P001182|P000992|P001207|P001242|P001223,当当图书音像商品607|人民邮电出版社图书音像商品329|京东图书图书音像商品505|人民邮电出版社图书音像商品170|京东图书图书音像商品628
386,U000715,0.3769,0.317615,高意向,运动户外,爆款高转化池,P001787|P001427|P000783|P000134|P000168,361度运动户外商品484|骆驼运动户外商品702|哥伦比亚运动户外商品762|哥伦比亚运动户外商品544|李宁运动户外商品543
387,U004173,0.3769,0.259201,高意向,医药保健,爆款高转化池,P000094|P001052|P001079|P000375|P000355,钙尔奇医药保健商品391|钙尔奇医药保健商品186|九芝堂医药保健商品943|东阿阿胶医药保健商品523|云南白药医药保健商品473
388,U001127,0.3768,0.255964,高意向,图书音像,爆款高转化池,P001182|P000992|P001207|P001242|P001223,当当图书音像商品607|人民邮电出版社图书音像商品329|京东图书图书音像商品505|人民邮电出版社图书音像商品170|京东图书图书音像商品628
389,U003678,0.3768,0.328161,高意向,美妆护肤,爆款高转化池,P000532|P000773|P000947|P000971|P001402,珀莱雅美妆护肤商品523|自然堂美妆护肤商品332|珀莱雅美妆护肤商品976|SK-II美妆护肤商品867|珀莱雅美妆护肤商品932
390,U001213,0.3767,0.252809,高意向,珠宝首饰,爆款高转化池,P000538|P000126|P001784|P000192|P000551,老凤祥珠宝首饰商品443|周生生珠宝首饰商品232|老凤祥珠宝首饰商品799|老凤祥珠宝首饰商品808|老凤祥珠宝首饰商品566
391,U000017,0.3765,0.31818,高意向,服装鞋包,爆款高转化池,P001734|P001740|P001694|P000314|P000970,ZARA服装鞋包商品462|耐克服装鞋包商品217|优衣库服装鞋包商品426|耐克服装鞋包商品620|海澜之家服装鞋包商品195
392,U000020,0.3765,0.250911,高意向,珠宝首饰,爆款高转化池,P000538|P000126|P001784|P000192|P000551,老凤祥珠宝首饰商品443|周生生珠宝首饰商品232|老凤祥珠宝首饰商品799|老凤祥珠宝首饰商品808|老凤祥珠宝首饰商品566
393,U003553,0.3764,0.319928,高意向,手机数码,爆款高转化池,P000808|P001509|P000688|P000498|P001082,华为手机数码商品883|三星手机数码商品747|华为手机数码商品474|三星手机数码商品800|小米手机数码商品672
394,U002010,0.3763,0.335341,高意向,箱包配饰,爆款高转化池,P000784|P000262|P001766|P000070|P001698,LV箱包配饰商品872|瑞士军威箱包配饰商品369|MK箱包配饰商品997|新秀丽箱包配饰商品905|外交官箱包配饰商品687
395,U004355,0.376,0.239046,高意向,家用电器,爆款高转化池,P000904|P000206|P000946|P001013|P000285,格力家用电器商品379|美的家用电器商品467|松下家用电器商品394|海尔家用电器商品408|格力家用电器商品762
396,U004788,0.3758,0.338136,高意向,珠宝首饰,爆款高转化池,P000538|P000126|P001784|P000192|P000551,老凤祥珠宝首饰商品443|周生生珠宝首饰商品232|老凤祥珠宝首饰商品799|老凤祥珠宝首饰商品808|老凤祥珠宝首饰商品566
397,U001572,0.3757,0.34464,高意向,家用电器,爆款高转化池,P000904|P000206|P000946|P001013|P000285,格力家用电器商品379|美的家用电器商品467|松下家用电器商品394|海尔家用电器商品408|格力家用电器商品762
398,U001897,0.3757,0.333467,高意向,服装鞋包,爆款高转化池,P001734|P001740|P001694|P000314|P000970,ZARA服装鞋包商品462|耐克服装鞋包商品217|优衣库服装鞋包商品426|耐克服装鞋包商品620|海澜之家服装鞋包商品195
399,U004857,0.3757,0.323245,高意向,服装鞋包,爆款高转化池,P001734|P001740|P001694|P000314|P000970,ZARA服装鞋包商品462|耐克服装鞋包商品217|优衣库服装鞋包商品426|耐克服装鞋包商品620|海澜之家服装鞋包商品195
400,U001367,0.3756,0.3228,高意向,医药保健,爆款高转化池,P000094|P001052|P001079|P000375|P000355,钙尔奇医药保健商品391|钙尔奇医药保健商品186|九芝堂医药保健商品943|东阿阿胶医药保健商品523|云南白药医药保健商品473
401,U000097,0.3755,0.245475,高意向,图书音像,爆款高转化池,P001182|P000992|P001207|P001242|P001223,当当图书音像商品607|人民邮电出版社图书音像商品329|京东图书图书音像商品505|人民邮电出版社图书音像商品170|京东图书图书音像商品628
402,U002515,0.3755,0.335094,高意向,母婴用品,爆款高转化池,P000923|P001341|P001282|P000310|P000627,贝因美母婴用品商品502|花王母婴用品商品597|花王母婴用品商品885|强生母婴用品商品283|帮宝适母婴用品商品545
403,U000407,0.3753,0.337811,高意向,美妆护肤,爆款高转化池,P000532|P000773|P000947|P000971|P001402,珀莱雅美妆护肤商品523|自然堂美妆护肤商品332|珀莱雅美妆护肤商品976|SK-II美妆护肤商品867|珀莱雅美妆护肤商品932
404,U002704,0.3752,0.326481,高意向,图书音像,爆款高转化池,P001182|P000992|P001207|P001242|P001223,当当图书音像商品607|人民邮电出版社图书音像商品329|京东图书图书音像商品505|人民邮电出版社图书音像商品170|京东图书图书音像商品628
405,U004523,0.3751,0.318468,高意向,宠物用品,爆款高转化池,P000750|P000035|P001710|P000996|P000462,冠能宠物用品商品494|皇家宠物用品商品286|网易严选宠物用品商品732|麦富迪宠物用品商品635|冠能宠物用品商品709
406,U004933,0.375,0.234742,高意向,图书音像,爆款高转化池,P001182|P000992|P001207|P001242|P001223,当当图书音像商品607|人民邮电出版社图书音像商品329|京东图书图书音像商品505|人民邮电出版社图书音像商品170|京东图书图书音像商品628
407,U000069,0.3749,0.252045,高意向,汽车用品,爆款高转化池,P001927|P001490|P000410|P001675|P000547,米其林汽车用品商品720|壳牌汽车用品商品142|固特异汽车用品商品584|3M汽车用品商品220|卡仕达汽车用品商品137
408,U004201,0.3749,0.237401,高意向,家居家装,爆款高转化池,P000883|P000221|P001102|P001151|P001129,顾家家居家居家装商品927|曲美家居家装商品318|马可波罗家居家装商品703|宜家家居家装商品838|曲美家居家装商品570
409,U000213,0.3748,0.31967,高意向,汽车用品,爆款高转化池,P001927|P001490|P000410|P001675|P000547,米其林汽车用品商品720|壳牌汽车用品商品142|固特异汽车用品商品584|3M汽车用品商品220|卡仕达汽车用品商品137
410,U000795,0.3748,0.271208,高意向,手机数码,爆款高转化池,P000808|P001509|P000688|P000498|P001082,华为手机数码商品883|三星手机数码商品747|华为手机数码商品474|三星手机数码商品800|小米手机数码商品672
411,U002047,0.3747,0.333163,高意向,食品生鲜,爆款高转化池,P000080|P001955|P000818|P001304|P001988,伊利食品生鲜商品963|百草味食品生鲜商品833|金龙鱼食品生鲜商品198|五粮液食品生鲜商品181|良品铺子食品生鲜商品482
412,U004223,0.3747,0.230204,高意向,运动户外,爆款高转化池,P001787|P001427|P000783|P000134|P000168,361度运动户外商品484|骆驼运动户外商品702|哥伦比亚运动户外商品762|哥伦比亚运动户外商品544|李宁运动户外商品543
413,U002451,0.3746,0.249115,高意向,宠物用品,爆款高转化池,P000750|P000035|P001710|P000996|P000462,冠能宠物用品商品494|皇家宠物用品商品286|网易严选宠物用品商品732|麦富迪宠物用品商品635|冠能宠物用品商品709
414,U004617,0.3745,0.327423,高意向,汽车用品,爆款高转化池,P001927|P001490|P000410|P001675|P000547,米其林汽车用品商品720|壳牌汽车用品商品142|固特异汽车用品商品584|3M汽车用品商品220|卡仕达汽车用品商品137
415,U000841,0.3744,0.320058,高意向,食品生鲜,爆款高转化池,P000080|P001955|P000818|P001304|P001988,伊利食品生鲜商品963|百草味食品生鲜商品833|金龙鱼食品生鲜商品198|五粮液食品生鲜商品181|良品铺子食品生鲜商品482
416,U002362,0.3744,0.310612,高意向,食品生鲜,爆款高转化池,P000080|P001955|P000818|P001304|P001988,伊利食品生鲜商品963|百草味食品生鲜商品833|金龙鱼食品生鲜商品198|五粮液食品生鲜商品181|良品铺子食品生鲜商品482
417,U002874,0.3744,0.322958,高意向,礼品鲜花,爆款高转化池,P001016|P000831|P001489|P000018|P001157,野兽派礼品鲜花商品306|Roseonly礼品鲜花商品580|诺誓礼品鲜花商品189|诺誓礼品鲜花商品463|施华洛世奇礼品鲜花商品442
418,U003841,0.3744,0.321806,高意向,家用电器,爆款高转化池,P000904|P000206|P000946|P001013|P000285,格力家用电器商品379|美的家用电器商品467|松下家用电器商品394|海尔家用电器商品408|格力家用电器商品762
419,U000267,0.3743,0.315232,高意向,箱包配饰,爆款高转化池,P000784|P000262|P001766|P000070|P001698,LV箱包配饰商品872|瑞士军威箱包配饰商品369|MK箱包配饰商品997|新秀丽箱包配饰商品905|外交官箱包配饰商品687
420,U000136,0.3742,0.252207,高意向,医药保健,爆款高转化池,P000094|P001052|P001079|P000375|P000355,钙尔奇医药保健商品391|钙尔奇医药保健商品186|九芝堂医药保健商品943|东阿阿胶医药保健商品523|云南白药医药保健商品473
421,U000193,0.3742,0.257222,高意向,食品生鲜,爆款高转化池,P000080|P001955|P000818|P001304|P001988,伊利食品生鲜商品963|百草味食品生鲜商品833|金龙鱼食品生鲜商品198|五粮液食品生鲜商品181|良品铺子食品生鲜商品482
422,U003675,0.3741,0.326231,高意向,手机数码,爆款高转化池,P000808|P001509|P000688|P000498|P001082,华为手机数码商品883|三星手机数码商品747|华为手机数码商品474|三星手机数码商品800|小米手机数码商品672
423,U002662,0.374,0.33342,高意向,母婴用品,爆款高转化池,P000923|P001341|P001282|P000310|P000627,贝因美母婴用品商品502|花王母婴用品商品597|花王母婴用品商品885|强生母婴用品商品283|帮宝适母婴用品商品545
424,U003767,0.374,0.334203,高意向,家居家装,爆款高转化池,P000883|P000221|P001102|P001151|P001129,顾家家居家居家装商品927|曲美家居家装商品318|马可波罗家居家装商品703|宜家家居家装商品838|曲美家居家装商品570
425,U004914,0.374,0.328175,高意向,箱包配饰,爆款高转化池,P000784|P000262|P001766|P000070|P001698,LV箱包配饰商品872|瑞士军威箱包配饰商品369|MK箱包配饰商品997|新秀丽箱包配饰商品905|外交官箱包配饰商品687
426,U000766,0.3739,0.245474,高意向,手机数码,爆款高转化池,P000808|P001509|P000688|P000498|P001082,华为手机数码商品883|三星手机数码商品747|华为手机数码商品474|三星手机数码商品800|小米手机数码商品672
427,U002379,0.3739,0.337277,高意向,母婴用品,爆款高转化池,P000923|P001341|P001282|P000310|P000627,贝因美母婴用品商品502|花王母婴用品商品597|花王母婴用品商品885|强生母婴用品商品283|帮宝适母婴用品商品545
428,U003124,0.3739,0.330845,高意向,食品生鲜,爆款高转化池,P000080|P001955|P000818|P001304|P001988,伊利食品生鲜商品963|百草味食品生鲜商品833|金龙鱼食品生鲜商品198|五粮液食品生鲜商品181|良品铺子食品生鲜商品482
429,U004200,0.3739,0.335571,高意向,运动户外,爆款高转化池,P001787|P001427|P000783|P000134|P000168,361度运动户外商品484|骆驼运动户外商品702|哥伦比亚运动户外商品762|哥伦比亚运动户外商品544|李宁运动户外商品543
430,U004424,0.3739,0.334942,高意向,医药保健,爆款高转化池,P000094|P001052|P001079|P000375|P000355,钙尔奇医药保健商品391|钙尔奇医药保健商品186|九芝堂医药保健商品943|东阿阿胶医药保健商品523|云南白药医药保健商品473
431,U004816,0.3739,0.313912,高意向,服装鞋包,爆款高转化池,P001734|P001740|P001694|P000314|P000970,ZARA服装鞋包商品462|耐克服装鞋包商品217|优衣库服装鞋包商品426|耐克服装鞋包商品620|海澜之家服装鞋包商品195
432,U000339,0.3738,0.3227,高意向,医药保健,爆款高转化池,P000094|P001052|P001079|P000375|P000355,钙尔奇医药保健商品391|钙尔奇医药保健商品186|九芝堂医药保健商品943|东阿阿胶医药保健商品523|云南白药医药保健商品473
433,U000836,0.3738,0.338197,高意向,图书音像,爆款高转化池,P001182|P000992|P001207|P001242|P001223,当当图书音像商品607|人民邮电出版社图书音像商品329|京东图书图书音像商品505|人民邮电出版社图书音像商品170|京东图书图书音像商品628
434,U004695,0.3738,0.339207,高意向,服装鞋包,爆款高转化池,P001734|P001740|P001694|P000314|P000970,ZARA服装鞋包商品462|耐克服装鞋包商品217|优衣库服装鞋包商品426|耐克服装鞋包商品620|海澜之家服装鞋包商品195
435,U001067,0.3737,0.331066,高意向,箱包配饰,爆款高转化池,P000784|P000262|P001766|P000070|P001698,LV箱包配饰商品872|瑞士军威箱包配饰商品369|MK箱包配饰商品997|新秀丽箱包配饰商品905|外交官箱包配饰商品687
436,U001167,0.3737,0.335045,高意向,医药保健,爆款高转化池,P000094|P001052|P001079|P000375|P000355,钙尔奇医药保健商品391|钙尔奇医药保健商品186|九芝堂医药保健商品943|东阿阿胶医药保健商品523|云南白药医药保健商品473
437,U001818,0.3737,0.320191,高意向,图书音像,爆款高转化池,P001182|P000992|P001207|P001242|P001223,当当图书音像商品607|人民邮电出版社图书音像商品329|京东图书图书音像商品505|人民邮电出版社图书音像商品170|京东图书图书音像商品628
438,U002336,0.3737,0.329272,高意向,箱包配饰,爆款高转化池,P000784|P000262|P001766|P000070|P001698,LV箱包配饰商品872|瑞士军威箱包配饰商品369|MK箱包配饰商品997|新秀丽箱包配饰商品905|外交官箱包配饰商品687
439,U000844,0.3736,0.242768,高意向,医药保健,爆款高转化池,P000094|P001052|P001079|P000375|P000355,钙尔奇医药保健商品391|钙尔奇医药保健商品186|九芝堂医药保健商品943|东阿阿胶医药保健商品523|云南白药医药保健商品473
440,U004271,0.3736,0.323209,高意向,医药保健,爆款高转化池,P000094|P001052|P001079|P000375|P000355,钙尔奇医药保健商品391|钙尔奇医药保健商品186|九芝堂医药保健商品943|东阿阿胶医药保健商品523|云南白药医药保健商品473
441,U000108,0.3735,0.327604,高意向,母婴用品,爆款高转化池,P000923|P001341|P001282|P000310|P000627,贝因美母婴用品商品502|花王母婴用品商品597|花王母婴用品商品885|强生母婴用品商品283|帮宝适母婴用品商品545
442,U001277,0.3735,0.324223,高意向,医药保健,爆款高转化池,P000094|P001052|P001079|P000375|P000355,钙尔奇医药保健商品391|钙尔奇医药保健商品186|九芝堂医药保健商品943|东阿阿胶医药保健商品523|云南白药医药保健商品473
443,U001379,0.3735,0.330481,高意向,医药保健,爆款高转化池,P000094|P001052|P001079|P000375|P000355,钙尔奇医药保健商品391|钙尔奇医药保健商品186|九芝堂医药保健商品943|东阿阿胶医药保健商品523|云南白药医药保健商品473
444,U002703,0.3734,0.241203,高意向,箱包配饰,爆款高转化池,P000784|P000262|P001766|P000070|P001698,LV箱包配饰商品872|瑞士军威箱包配饰商品369|MK箱包配饰商品997|新秀丽箱包配饰商品905|外交官箱包配饰商品687
445,U001837,0.3733,0.338422,高意向,汽车用品,爆款高转化池,P001927|P001490|P000410|P001675|P000547,米其林汽车用品商品720|壳牌汽车用品商品142|固特异汽车用品商品584|3M汽车用品商品220|卡仕达汽车用品商品137
446,U001953,0.3732,0.323866,高意向,母婴用品,爆款高转化池,P000923|P001341|P001282|P000310|P000627,贝因美母婴用品商品502|花王母婴用品商品597|花王母婴用品商品885|强生母婴用品商品283|帮宝适母婴用品商品545
447,U002953,0.3732,0.317233,高意向,珠宝首饰,爆款高转化池,P000538|P000126|P001784|P000192|P000551,老凤祥珠宝首饰商品443|周生生珠宝首饰商品232|老凤祥珠宝首饰商品799|老凤祥珠宝首饰商品808|老凤祥珠宝首饰商品566
448,U000851,0.3731,0.327792,高意向,箱包配饰,爆款高转化池,P000784|P000262|P001766|P000070|P001698,LV箱包配饰商品872|瑞士军威箱包配饰商品369|MK箱包配饰商品997|新秀丽箱包配饰商品905|外交官箱包配饰商品687
449,U001623,0.373,0.312422,高意向,手机数码,爆款高转化池,P000808|P001509|P000688|P000498|P001082,华为手机数码商品883|三星手机数码商品747|华为手机数码商品474|三星手机数码商品800|小米手机数码商品672
450,U002259,0.373,0.32295,高意向,美妆护肤,爆款高转化池,P000532|P000773|P000947|P000971|P001402,珀莱雅美妆护肤商品523|自然堂美妆护肤商品332|珀莱雅美妆护肤商品976|SK-II美妆护肤商品867|珀莱雅美妆护肤商品932
451,U003167,0.373,0.329812,高意向,医药保健,爆款高转化池,P000094|P001052|P001079|P000375|P000355,钙尔奇医药保健商品391|钙尔奇医药保健商品186|九芝堂医药保健商品943|东阿阿胶医药保健商品523|云南白药医药保健商品473
452,U004619,0.373,0.316032,高意向,珠宝首饰,爆款高转化池,P000538|P000126|P001784|P000192|P000551,老凤祥珠宝首饰商品443|周生生珠宝首饰商品232|老凤祥珠宝首饰商品799|老凤祥珠宝首饰商品808|老凤祥珠宝首饰商品566
453,U000872,0.3729,0.253259,高意向,医药保健,爆款高转化池,P000094|P001052|P001079|P000375|P000355,钙尔奇医药保健商品391|钙尔奇医药保健商品186|九芝堂医药保健商品943|东阿阿胶医药保健商品523|云南白药医药保健商品473
454,U000914,0.3727,0.321459,高意向,箱包配饰,爆款高转化池,P000784|P000262|P001766|P000070|P001698,LV箱包配饰商品872|瑞士军威箱包配饰商品369|MK箱包配饰商品997|新秀丽箱包配饰商品905|外交官箱包配饰商品687
455,U001954,0.3726,0.328953,高意向,家用电器,爆款高转化池,P000904|P000206|P000946|P001013|P000285,格力家用电器商品379|美的家用电器商品467|松下家用电器商品394|海尔家用电器商品408|格力家用电器商品762
456,U004722,0.3726,0.259813,高意向,箱包配饰,爆款高转化池,P000784|P000262|P001766|P000070|P001698,LV箱包配饰商品872|瑞士军威箱包配饰商品369|MK箱包配饰商品997|新秀丽箱包配饰商品905|外交官箱包配饰商品687
457,U004917,0.3725,0.243555,高意向,礼品鲜花,爆款高转化池,P001016|P000831|P001489|P000018|P001157,野兽派礼品鲜花商品306|Roseonly礼品鲜花商品580|诺誓礼品鲜花商品189|诺誓礼品鲜花商品463|施华洛世奇礼品鲜花商品442
458,U001407,0.3724,0.279066,高意向,汽车用品,爆款高转化池,P001927|P001490|P000410|P001675|P000547,米其林汽车用品商品720|壳牌汽车用品商品142|固特异汽车用品商品584|3M汽车用品商品220|卡仕达汽车用品商品137
459,U002955,0.3724,0.242024,高意向,食品生鲜,爆款高转化池,P000080|P001955|P000818|P001304|P001988,伊利食品生鲜商品963|百草味食品生鲜商品833|金龙鱼食品生鲜商品198|五粮液食品生鲜商品181|良品铺子食品生鲜商品482
460,U003955,0.3724,0.32318,高意向,服装鞋包,爆款高转化池,P001734|P001740|P001694|P000314|P000970,ZARA服装鞋包商品462|耐克服装鞋包商品217|优衣库服装鞋包商品426|耐克服装鞋包商品620|海澜之家服装鞋包商品195
461,U004603,0.3722,0.310488,高意向,箱包配饰,爆款高转化池,P000784|P000262|P001766|P000070|P001698,LV箱包配饰商品872|瑞士军威箱包配饰商品369|MK箱包配饰商品997|新秀丽箱包配饰商品905|外交官箱包配饰商品687
462,U002530,0.3721,0.327423,高意向,食品生鲜,爆款高转化池,P000080|P001955|P000818|P001304|P001988,伊利食品生鲜商品963|百草味食品生鲜商品833|金龙鱼食品生鲜商品198|五粮液食品生鲜商品181|良品铺子食品生鲜商品482
463,U003559,0.3721,0.332928,高意向,家用电器,爆款高转化池,P000904|P000206|P000946|P001013|P000285,格力家用电器商品379|美的家用电器商品467|松下家用电器商品394|海尔家用电器商品408|格力家用电器商品762
464,U004076,0.3721,0.283052,高意向,家用电器,爆款高转化池,P000904|P000206|P000946|P001013|P000285,格力家用电器商品379|美的家用电器商品467|松下家用电器商品394|海尔家用电器商品408|格力家用电器商品762
465,U002637,0.372,0.329035,高意向,运动户外,爆款高转化池,P001787|P001427|P000783|P000134|P000168,361度运动户外商品484|骆驼运动户外商品702|哥伦比亚运动户外商品762|哥伦比亚运动户外商品544|李宁运动户外商品543
466,U002922,0.372,0.316287,高意向,珠宝首饰,爆款高转化池,P000538|P000126|P001784|P000192|P000551,老凤祥珠宝首饰商品443|周生生珠宝首饰商品232|老凤祥珠宝首饰商品799|老凤祥珠宝首饰商品808|老凤祥珠宝首饰商品566
467,U003360,0.372,0.321493,高意向,运动户外,爆款高转化池,P001787|P001427|P000783|P000134|P000168,361度运动户外商品484|骆驼运动户外商品702|哥伦比亚运动户外商品762|哥伦比亚运动户外商品544|李宁运动户外商品543
468,U003656,0.3719,0.332879,高意向,宠物用品,爆款高转化池,P000750|P000035|P001710|P000996|P000462,冠能宠物用品商品494|皇家宠物用品商品286|网易严选宠物用品商品732|麦富迪宠物用品商品635|冠能宠物用品商品709
469,U004704,0.3719,0.311414,高意向,箱包配饰,爆款高转化池,P000784|P000262|P001766|P000070|P001698,LV箱包配饰商品872|瑞士军威箱包配饰商品369|MK箱包配饰商品997|新秀丽箱包配饰商品905|外交官箱包配饰商品687
470,U000825,0.3718,0.328582,高意向,手机数码,爆款高转化池,P000808|P001509|P000688|P000498|P001082,华为手机数码商品883|三星手机数码商品747|华为手机数码商品474|三星手机数码商品800|小米手机数码商品672
471,U001906,0.3718,0.269253,高意向,箱包配饰,爆款高转化池,P000784|P000262|P001766|P000070|P001698,LV箱包配饰商品872|瑞士军威箱包配饰商品369|MK箱包配饰商品997|新秀丽箱包配饰商品905|外交官箱包配饰商品687
472,U004080,0.3718,0.317035,高意向,手机数码,爆款高转化池,P000808|P001509|P000688|P000498|P001082,华为手机数码商品883|三星手机数码商品747|华为手机数码商品474|三星手机数码商品800|小米手机数码商品672
473,U004949,0.3718,0.327757,高意向,运动户外,爆款高转化池,P001787|P001427|P000783|P000134|P000168,361度运动户外商品484|骆驼运动户外商品702|哥伦比亚运动户外商品762|哥伦比亚运动户外商品544|李宁运动户外商品543
474,U000183,0.3717,0.31304,高意向,美妆护肤,爆款高转化池,P000532|P000773|P000947|P000971|P001402,珀莱雅美妆护肤商品523|自然堂美妆护肤商品332|珀莱雅美妆护肤商品976|SK-II美妆护肤商品867|珀莱雅美妆护肤商品932
475,U001550,0.3717,0.327247,高意向,医药保健,爆款高转化池,P000094|P001052|P001079|P000375|P000355,钙尔奇医药保健商品391|钙尔奇医药保健商品186|九芝堂医药保健商品943|东阿阿胶医药保健商品523|云南白药医药保健商品473
476,U001721,0.3717,0.270731,高意向,食品生鲜,爆款高转化池,P000080|P001955|P000818|P001304|P001988,伊利食品生鲜商品963|百草味食品生鲜商品833|金龙鱼食品生鲜商品198|五粮液食品生鲜商品181|良品铺子食品生鲜商品482
477,U004759,0.3717,0.267074,高意向,珠宝首饰,爆款高转化池,P000538|P000126|P001784|P000192|P000551,老凤祥珠宝首饰商品443|周生生珠宝首饰商品232|老凤祥珠宝首饰商品799|老凤祥珠宝首饰商品808|老凤祥珠宝首饰商品566
478,U003223,0.3715,0.311298,高意向,运动户外,爆款高转化池,P001787|P001427|P000783|P000134|P000168,361度运动户外商品484|骆驼运动户外商品702|哥伦比亚运动户外商品762|哥伦比亚运动户外商品544|李宁运动户外商品543
479,U004837,0.3714,0.329325,高意向,箱包配饰,爆款高转化池,P000784|P000262|P001766|P000070|P001698,LV箱包配饰商品872|瑞士军威箱包配饰商品369|MK箱包配饰商品997|新秀丽箱包配饰商品905|外交官箱包配饰商品687
480,U003265,0.3713,0.325651,高意向,汽车用品,爆款高转化池,P001927|P001490|P000410|P001675|P000547,米其林汽车用品商品720|壳牌汽车用品商品142|固特异汽车用品商品584|3M汽车用品商品220|卡仕达汽车用品商品137
481,U000895,0.3711,0.319294,高意向,运动户外,爆款高转化池,P001787|P001427|P000783|P000134|P000168,361度运动户外商品484|骆驼运动户外商品702|哥伦比亚运动户外商品762|哥伦比亚运动户外商品544|李宁运动户外商品543
482,U002105,0.3711,0.237377,高意向,食品生鲜,爆款高转化池,P000080|P001955|P000818|P001304|P001988,伊利食品生鲜商品963|百草味食品生鲜商品833|金龙鱼食品生鲜商品198|五粮液食品生鲜商品181|良品铺子食品生鲜商品482
483,U000939,0.371,0.326277,高意向,礼品鲜花,爆款高转化池,P001016|P000831|P001489|P000018|P001157,野兽派礼品鲜花商品306|Roseonly礼品鲜花商品580|诺誓礼品鲜花商品189|诺誓礼品鲜花商品463|施华洛世奇礼品鲜花商品442
484,U002542,0.371,0.332109,高意向,医药保健,爆款高转化池,P000094|P001052|P001079|P000375|P000355,钙尔奇医药保健商品391|钙尔奇医药保健商品186|九芝堂医药保健商品943|东阿阿胶医药保健商品523|云南白药医药保健商品473
485,U004934,0.3709,0.331956,高意向,家用电器,爆款高转化池,P000904|P000206|P000946|P001013|P000285,格力家用电器商品379|美的家用电器商品467|松下家用电器商品394|海尔家用电器商品408|格力家用电器商品762
486,U001200,0.3708,0.308219,高意向,宠物用品,爆款高转化池,P000750|P000035|P001710|P000996|P000462,冠能宠物用品商品494|皇家宠物用品商品286|网易严选宠物用品商品732|麦富迪宠物用品商品635|冠能宠物用品商品709
487,U002119,0.3708,0.240635,高意向,食品生鲜,爆款高转化池,P000080|P001955|P000818|P001304|P001988,伊利食品生鲜商品963|百草味食品生鲜商品833|金龙鱼食品生鲜商品198|五粮液食品生鲜商品181|良品铺子食品生鲜商品482
488,U001568,0.3707,0.338009,高意向,汽车用品,爆款高转化池,P001927|P001490|P000410|P001675|P000547,米其林汽车用品商品720|壳牌汽车用品商品142|固特异汽车用品商品584|3M汽车用品商品220|卡仕达汽车用品商品137
489,U004018,0.3706,0.331851,高意向,母婴用品,爆款高转化池,P000923|P001341|P001282|P000310|P000627,贝因美母婴用品商品502|花王母婴用品商品597|花王母婴用品商品885|强生母婴用品商品283|帮宝适母婴用品商品545
490,U004134,0.3706,0.326127,高意向,手机数码,爆款高转化池,P000808|P001509|P000688|P000498|P001082,华为手机数码商品883|三星手机数码商品747|华为手机数码商品474|三星手机数码商品800|小米手机数码商品672
491,U000415,0.3705,0.243936,高意向,图书音像,爆款高转化池,P001182|P000992|P001207|P001242|P001223,当当图书音像商品607|人民邮电出版社图书音像商品329|京东图书图书音像商品505|人民邮电出版社图书音像商品170|京东图书图书音像商品628
492,U002387,0.3705,0.32542,高意向,家居家装,爆款高转化池,P000883|P000221|P001102|P001151|P001129,顾家家居家居家装商品927|曲美家居家装商品318|马可波罗家居家装商品703|宜家家居家装商品838|曲美家居家装商品570
493,U002403,0.3705,0.269837,高意向,医药保健,爆款高转化池,P000094|P001052|P001079|P000375|P000355,钙尔奇医药保健商品391|钙尔奇医药保健商品186|九芝堂医药保健商品943|东阿阿胶医药保健商品523|云南白药医药保健商品473
494,U001039,0.3704,0.222927,高意向,汽车用品,爆款高转化池,P001927|P001490|P000410|P001675|P000547,米其林汽车用品商品720|壳牌汽车用品商品142|固特异汽车用品商品584|3M汽车用品商品220|卡仕达汽车用品商品137
495,U001715,0.3704,0.258658,高意向,手机数码,爆款高转化池,P000808|P001509|P000688|P000498|P001082,华为手机数码商品883|三星手机数码商品747|华为手机数码商品474|三星手机数码商品800|小米手机数码商品672
496,U000318,0.3703,0.325059,高意向,图书音像,爆款高转化池,P001182|P000992|P001207|P001242|P001223,当当图书音像商品607|人民邮电出版社图书音像商品329|京东图书图书音像商品505|人民邮电出版社图书音像商品170|京东图书图书音像商品628
497,U000412,0.3703,0.321499,高意向,家用电器,爆款高转化池,P000904|P000206|P000946|P001013|P000285,格力家用电器商品379|美的家用电器商品467|松下家用电器商品394|海尔家用电器商品408|格力家用电器商品762
498,U001466,0.3703,0.326577,高意向,汽车用品,爆款高转化池,P001927|P001490|P000410|P001675|P000547,米其林汽车用品商品720|壳牌汽车用品商品142|固特异汽车用品商品584|3M汽车用品商品220|卡仕达汽车用品商品137
499,U002506,0.3702,0.249562,高意向,美妆护肤,爆款高转化池,P000532|P000773|P000947|P000971|P001402,珀莱雅美妆护肤商品523|自然堂美妆护肤商品332|珀莱雅美妆护肤商品976|SK-II美妆护肤商品867|珀莱雅美妆护肤商品932
500,U002491,0.3701,0.330164,高意向,家居家装,爆款高转化池,P000883|P000221|P001102|P001151|P001129,顾家家居家居家装商品927|曲美家居家装商品318|马可波罗家居家装商品703|宜家家居家装商品838|曲美家居家装商品570
501,U004162,0.37,0.326406,高意向,食品生鲜,爆款高转化池,P000080|P001955|P000818|P001304|P001988,伊利食品生鲜商品963|百草味食品生鲜商品833|金龙鱼食品生鲜商品198|五粮液食品生鲜商品181|良品铺子食品生鲜商品482
502,U001331,0.3699,0.223368,高意向,礼品鲜花,爆款高转化池,P001016|P000831|P001489|P000018|P001157,野兽派礼品鲜花商品306|Roseonly礼品鲜花商品580|诺誓礼品鲜花商品189|诺誓礼品鲜花商品463|施华洛世奇礼品鲜花商品442
503,U002078,0.3699,0.240006,高意向,母婴用品,爆款高转化池,P000923|P001341|P001282|P000310|P000627,贝因美母婴用品商品502|花王母婴用品商品597|花王母婴用品商品885|强生母婴用品商品283|帮宝适母婴用品商品545
504,U003208,0.3699,0.323615,高意向,家用电器,爆款高转化池,P000904|P000206|P000946|P001013|P000285,格力家用电器商品379|美的家用电器商品467|松下家用电器商品394|海尔家用电器商品408|格力家用电器商品762
505,U004247,0.3699,0.232226,高意向,母婴用品,爆款高转化池,P000923|P001341|P001282|P000310|P000627,贝因美母婴用品商品502|花王母婴用品商品597|花王母婴用品商品885|强生母婴用品商品283|帮宝适母婴用品商品545
506,U004499,0.3699,0.333377,高意向,服装鞋包,爆款高转化池,P001734|P001740|P001694|P000314|P000970,ZARA服装鞋包商品462|耐克服装鞋包商品217|优衣库服装鞋包商品426|耐克服装鞋包商品620|海澜之家服装鞋包商品195
507,U004711,0.3697,0.327953,高意向,医药保健,爆款高转化池,P000094|P001052|P001079|P000375|P000355,钙尔奇医药保健商品391|钙尔奇医药保健商品186|九芝堂医药保健商品943|东阿阿胶医药保健商品523|云南白药医药保健商品473
508,U000226,0.3696,0.323445,高意向,食品生鲜,爆款高转化池,P000080|P001955|P000818|P001304|P001988,伊利食品生鲜商品963|百草味食品生鲜商品833|金龙鱼食品生鲜商品198|五粮液食品生鲜商品181|良品铺子食品生鲜商品482
509,U000562,0.3696,0.237494,高意向,家用电器,爆款高转化池,P000904|P000206|P000946|P001013|P000285,格力家用电器商品379|美的家用电器商品467|松下家用电器商品394|海尔家用电器商品408|格力家用电器商品762
510,U001552,0.3696,0.220237,高意向,礼品鲜花,爆款高转化池,P001016|P000831|P001489|P000018|P001157,野兽派礼品鲜花商品306|Roseonly礼品鲜花商品580|诺誓礼品鲜花商品189|诺誓礼品鲜花商品463|施华洛世奇礼品鲜花商品442
511,U002311,0.3696,0.339244,高意向,家居家装,爆款高转化池,P000883|P000221|P001102|P001151|P001129,顾家家居家居家装商品927|曲美家居家装商品318|马可波罗家居家装商品703|宜家家居家装商品838|曲美家居家装商品570
512,U004083,0.3696,0.32329,高意向,食品生鲜,爆款高转化池,P000080|P001955|P000818|P001304|P001988,伊利食品生鲜商品963|百草味食品生鲜商品833|金龙鱼食品生鲜商品198|五粮液食品生鲜商品181|良品铺子食品生鲜商品482
513,U000178,0.3695,0.252129,高意向,食品生鲜,爆款高转化池,P000080|P001955|P000818|P001304|P001988,伊利食品生鲜商品963|百草味食品生鲜商品833|金龙鱼食品生鲜商品198|五粮液食品生鲜商品181|良品铺子食品生鲜商品482
514,U000835,0.3694,0.314978,高意向,汽车用品,爆款高转化池,P001927|P001490|P000410|P001675|P000547,米其林汽车用品商品720|壳牌汽车用品商品142|固特异汽车用品商品584|3M汽车用品商品220|卡仕达汽车用品商品137
515,U003429,0.3694,0.333219,高意向,汽车用品,爆款高转化池,P001927|P001490|P000410|P001675|P000547,米其林汽车用品商品720|壳牌汽车用品商品142|固特异汽车用品商品584|3M汽车用品商品220|卡仕达汽车用品商品137
516,U003815,0.3693,0.251976,高意向,服装鞋包,爆款高转化池,P001734|P001740|P001694|P000314|P000970,ZARA服装鞋包商品462|耐克服装鞋包商品217|优衣库服装鞋包商品426|耐克服装鞋包商品620|海澜之家服装鞋包商品195
517,U000063,0.3692,0.33386,高意向,图书音像,爆款高转化池,P001182|P000992|P001207|P001242|P001223,当当图书音像商品607|人民邮电出版社图书音像商品329|京东图书图书音像商品505|人民邮电出版社图书音像商品170|京东图书图书音像商品628
518,U000096,0.3692,0.241613,高意向,食品生鲜,爆款高转化池,P000080|P001955|P000818|P001304|P001988,伊利食品生鲜商品963|百草味食品生鲜商品833|金龙鱼食品生鲜商品198|五粮液食品生鲜商品181|良品铺子食品生鲜商品482
519,U000358,0.3691,0.327705,高意向,运动户外,爆款高转化池,P001787|P001427|P000783|P000134|P000168,361度运动户外商品484|骆驼运动户外商品702|哥伦比亚运动户外商品762|哥伦比亚运动户外商品544|李宁运动户外商品543
520,U004285,0.3691,0.323875,高意向,宠物用品,爆款高转化池,P000750|P000035|P001710|P000996|P000462,冠能宠物用品商品494|皇家宠物用品商品286|网易严选宠物用品商品732|麦富迪宠物用品商品635|冠能宠物用品商品709
521,U004050,0.3688,0.327765,高意向,母婴用品,爆款高转化池,P000923|P001341|P001282|P000310|P000627,贝因美母婴用品商品502|花王母婴用品商品597|花王母婴用品商品885|强生母婴用品商品283|帮宝适母婴用品商品545
522,U000478,0.3687,0.328665,高意向,手机数码,爆款高转化池,P000808|P001509|P000688|P000498|P001082,华为手机数码商品883|三星手机数码商品747|华为手机数码商品474|三星手机数码商品800|小米手机数码商品672
523,U003544,0.3687,0.276027,高意向,手机数码,爆款高转化池,P000808|P001509|P000688|P000498|P001082,华为手机数码商品883|三星手机数码商品747|华为手机数码商品474|三星手机数码商品800|小米手机数码商品672
524,U003922,0.3687,0.245078,高意向,珠宝首饰,爆款高转化池,P000538|P000126|P001784|P000192|P000551,老凤祥珠宝首饰商品443|周生生珠宝首饰商品232|老凤祥珠宝首饰商品799|老凤祥珠宝首饰商品808|老凤祥珠宝首饰商品566
525,U004853,0.3687,0.313332,高意向,家居家装,爆款高转化池,P000883|P000221|P001102|P001151|P001129,顾家家居家居家装商品927|曲美家居家装商品318|马可波罗家居家装商品703|宜家家居家装商品838|曲美家居家装商品570
526,U003662,0.3686,0.283532,高意向,汽车用品,爆款高转化池,P001927|P001490|P000410|P001675|P000547,米其林汽车用品商品720|壳牌汽车用品商品142|固特异汽车用品商品584|3M汽车用品商品220|卡仕达汽车用品商品137
527,U000043,0.3685,0.323806,高意向,医药保健,爆款高转化池,P000094|P001052|P001079|P000375|P000355,钙尔奇医药保健商品391|钙尔奇医药保健商品186|九芝堂医药保健商品943|东阿阿胶医药保健商品523|云南白药医药保健商品473
528,U001083,0.3685,0.329469,高意向,服装鞋包,爆款高转化池,P001734|P001740|P001694|P000314|P000970,ZARA服装鞋包商品462|耐克服装鞋包商品217|优衣库服装鞋包商品426|耐克服装鞋包商品620|海澜之家服装鞋包商品195
529,U001451,0.3685,0.336512,高意向,图书音像,爆款高转化池,P001182|P000992|P001207|P001242|P001223,当当图书音像商品607|人民邮电出版社图书音像商品329|京东图书图书音像商品505|人民邮电出版社图书音像商品170|京东图书图书音像商品628
530,U002820,0.3685,0.24861,高意向,家居家装,爆款高转化池,P000883|P000221|P001102|P001151|P001129,顾家家居家居家装商品927|曲美家居家装商品318|马可波罗家居家装商品703|宜家家居家装商品838|曲美家居家装商品570
531,U002715,0.3684,0.323085,高意向,汽车用品,爆款高转化池,P001927|P001490|P000410|P001675|P000547,米其林汽车用品商品720|壳牌汽车用品商品142|固特异汽车用品商品584|3M汽车用品商品220|卡仕达汽车用品商品137
532,U001705,0.3683,0.329428,高意向,汽车用品,爆款高转化池,P001927|P001490|P000410|P001675|P000547,米其林汽车用品商品720|壳牌汽车用品商品142|固特异汽车用品商品584|3M汽车用品商品220|卡仕达汽车用品商品137
533,U002178,0.3683,0.329304,高意向,美妆护肤,爆款高转化池,P000532|P000773|P000947|P000971|P001402,珀莱雅美妆护肤商品523|自然堂美妆护肤商品332|珀莱雅美妆护肤商品976|SK-II美妆护肤商品867|珀莱雅美妆护肤商品932
534,U002777,0.3683,0.226731,高意向,礼品鲜花,爆款高转化池,P001016|P000831|P001489|P000018|P001157,野兽派礼品鲜花商品306|Roseonly礼品鲜花商品580|诺誓礼品鲜花商品189|诺誓礼品鲜花商品463|施华洛世奇礼品鲜花商品442
535,U003297,0.3683,0.323409,高意向,汽车用品,爆款高转化池,P001927|P001490|P000410|P001675|P000547,米其林汽车用品商品720|壳牌汽车用品商品142|固特异汽车用品商品584|3M汽车用品商品220|卡仕达汽车用品商品137
536,U000003,0.368,0.321423,高意向,美妆护肤,爆款高转化池,P000532|P000773|P000947|P000971|P001402,珀莱雅美妆护肤商品523|自然堂美妆护肤商品332|珀莱雅美妆护肤商品976|SK-II美妆护肤商品867|珀莱雅美妆护肤商品932
537,U000709,0.368,0.252827,高意向,汽车用品,爆款高转化池,P001927|P001490|P000410|P001675|P000547,米其林汽车用品商品720|壳牌汽车用品商品142|固特异汽车用品商品584|3M汽车用品商品220|卡仕达汽车用品商品137
538,U001668,0.368,0.308468,高意向,宠物用品,爆款高转化池,P000750|P000035|P001710|P000996|P000462,冠能宠物用品商品494|皇家宠物用品商品286|网易严选宠物用品商品732|麦富迪宠物用品商品635|冠能宠物用品商品709
539,U001842,0.368,0.31762,高意向,箱包配饰,爆款高转化池,P000784|P000262|P001766|P000070|P001698,LV箱包配饰商品872|瑞士军威箱包配饰商品369|MK箱包配饰商品997|新秀丽箱包配饰商品905|外交官箱包配饰商品687
540,U002314,0.368,0.236712,高意向,手机数码,爆款高转化池,P000808|P001509|P000688|P000498|P001082,华为手机数码商品883|三星手机数码商品747|华为手机数码商品474|三星手机数码商品800|小米手机数码商品672
541,U002973,0.368,0.323274,高意向,手机数码,爆款高转化池,P000808|P001509|P000688|P000498|P001082,华为手机数码商品883|三星手机数码商品747|华为手机数码商品474|三星手机数码商品800|小米手机数码商品672
542,U004019,0.3679,0.32631,高意向,家用电器,爆款高转化池,P000904|P000206|P000946|P001013|P000285,格力家用电器商品379|美的家用电器商品467|松下家用电器商品394|海尔家用电器商品408|格力家用电器商品762
543,U001215,0.3678,0.319084,高意向,珠宝首饰,爆款高转化池,P000538|P000126|P001784|P000192|P000551,老凤祥珠宝首饰商品443|周生生珠宝首饰商品232|老凤祥珠宝首饰商品799|老凤祥珠宝首饰商品808|老凤祥珠宝首饰商品566
544,U002589,0.3678,0.325229,高意向,家用电器,爆款高转化池,P000904|P000206|P000946|P001013|P000285,格力家用电器商品379|美的家用电器商品467|松下家用电器商品394|海尔家用电器商品408|格力家用电器商品762
545,U000749,0.3677,0.335789,高意向,汽车用品,爆款高转化池,P001927|P001490|P000410|P001675|P000547,米其林汽车用品商品720|壳牌汽车用品商品142|固特异汽车用品商品584|3M汽车用品商品220|卡仕达汽车用品商品137
546,U003700,0.3677,0.321701,高意向,服装鞋包,爆款高转化池,P001734|P001740|P001694|P000314|P000970,ZARA服装鞋包商品462|耐克服装鞋包商品217|优衣库服装鞋包商品426|耐克服装鞋包商品620|海澜之家服装鞋包商品195
547,U004434,0.3677,0.319386,高意向,家居家装,爆款高转化池,P000883|P000221|P001102|P001151|P001129,顾家家居家居家装商品927|曲美家居家装商品318|马可波罗家居家装商品703|宜家家居家装商品838|曲美家居家装商品570
548,U003491,0.3676,0.315009,高意向,图书音像,爆款高转化池,P001182|P000992|P001207|P001242|P001223,当当图书音像商品607|人民邮电出版社图书音像商品329|京东图书图书音像商品505|人民邮电出版社图书音像商品170|京东图书图书音像商品628
549,U004855,0.3676,0.305651,高意向,医药保健,爆款高转化池,P000094|P001052|P001079|P000375|P000355,钙尔奇医药保健商品391|钙尔奇医药保健商品186|九芝堂医药保健商品943|东阿阿胶医药保健商品523|云南白药医药保健商品473
550,U001671,0.3675,0.215881,高意向,箱包配饰,爆款高转化池,P000784|P000262|P001766|P000070|P001698,LV箱包配饰商品872|瑞士军威箱包配饰商品369|MK箱包配饰商品997|新秀丽箱包配饰商品905|外交官箱包配饰商品687
551,U002420,0.3674,0.331878,高意向,医药保健,爆款高转化池,P000094|P001052|P001079|P000375|P000355,钙尔奇医药保健商品391|钙尔奇医药保健商品186|九芝堂医药保健商品943|东阿阿胶医药保健商品523|云南白药医药保健商品473
552,U004784,0.3673,0.326317,高意向,汽车用品,爆款高转化池,P001927|P001490|P000410|P001675|P000547,米其林汽车用品商品720|壳牌汽车用品商品142|固特异汽车用品商品584|3M汽车用品商品220|卡仕达汽车用品商品137
553,U003363,0.3672,0.32036,高意向,手机数码,爆款高转化池,P000808|P001509|P000688|P000498|P001082,华为手机数码商品883|三星手机数码商品747|华为手机数码商品474|三星手机数码商品800|小米手机数码商品672
554,U004170,0.3672,0.328957,高意向,珠宝首饰,爆款高转化池,P000538|P000126|P001784|P000192|P000551,老凤祥珠宝首饰商品443|周生生珠宝首饰商品232|老凤祥珠宝首饰商品799|老凤祥珠宝首饰商品808|老凤祥珠宝首饰商品566
555,U004737,0.3671,0.32698,高意向,箱包配饰,爆款高转化池,P000784|P000262|P001766|P000070|P001698,LV箱包配饰商品872|瑞士军威箱包配饰商品369|MK箱包配饰商品997|新秀丽箱包配饰商品905|外交官箱包配饰商品687
556,U000104,0.367,0.319295,高意向,服装鞋包,爆款高转化池,P001734|P001740|P001694|P000314|P000970,ZARA服装鞋包商品462|耐克服装鞋包商品217|优衣库服装鞋包商品426|耐克服装鞋包商品620|海澜之家服装鞋包商品195
557,U003916,0.367,0.244151,高意向,珠宝首饰,爆款高转化池,P000538|P000126|P001784|P000192|P000551,老凤祥珠宝首饰商品443|周生生珠宝首饰商品232|老凤祥珠宝首饰商品799|老凤祥珠宝首饰商品808|老凤祥珠宝首饰商品566
558,U002682,0.3669,0.325828,高意向,珠宝首饰,爆款高转化池,P000538|P000126|P001784|P000192|P000551,老凤祥珠宝首饰商品443|周生生珠宝首饰商品232|老凤祥珠宝首饰商品799|老凤祥珠宝首饰商品808|老凤祥珠宝首饰商品566
559,U000232,0.3668,0.324253,高意向,家用电器,爆款高转化池,P000904|P000206|P000946|P001013|P000285,格力家用电器商品379|美的家用电器商品467|松下家用电器商品394|海尔家用电器商品408|格力家用电器商品762
560,U001045,0.3667,0.256371,高意向,箱包配饰,爆款高转化池,P000784|P000262|P001766|P000070|P001698,LV箱包配饰商品872|瑞士军威箱包配饰商品369|MK箱包配饰商品997|新秀丽箱包配饰商品905|外交官箱包配饰商品687
561,U003244,0.3667,0.333663,高意向,运动户外,爆款高转化池,P001787|P001427|P000783|P000134|P000168,361度运动户外商品484|骆驼运动户外商品702|哥伦比亚运动户外商品762|哥伦比亚运动户外商品544|李宁运动户外商品543
562,U002393,0.3666,0.312976,高意向,手机数码,爆款高转化池,P000808|P001509|P000688|P000498|P001082,华为手机数码商品883|三星手机数码商品747|华为手机数码商品474|三星手机数码商品800|小米手机数码商品672
563,U003806,0.3665,0.336088,高意向,母婴用品,爆款高转化池,P000923|P001341|P001282|P000310|P000627,贝因美母婴用品商品502|花王母婴用品商品597|花王母婴用品商品885|强生母婴用品商品283|帮宝适母婴用品商品545
564,U002630,0.3664,0.323217,高意向,美妆护肤,爆款高转化池,P000532|P000773|P000947|P000971|P001402,珀莱雅美妆护肤商品523|自然堂美妆护肤商品332|珀莱雅美妆护肤商品976|SK-II美妆护肤商品867|珀莱雅美妆护肤商品932
565,U001073,0.3663,0.324472,高意向,图书音像,爆款高转化池,P001182|P000992|P001207|P001242|P001223,当当图书音像商品607|人民邮电出版社图书音像商品329|京东图书图书音像商品505|人民邮电出版社图书音像商品170|京东图书图书音像商品628
566,U000229,0.3662,0.248204,高意向,图书音像,爆款高转化池,P001182|P000992|P001207|P001242|P001223,当当图书音像商品607|人民邮电出版社图书音像商品329|京东图书图书音像商品505|人民邮电出版社图书音像商品170|京东图书图书音像商品628
567,U001807,0.366,0.315778,高意向,运动户外,爆款高转化池,P001787|P001427|P000783|P000134|P000168,361度运动户外商品484|骆驼运动户外商品702|哥伦比亚运动户外商品762|哥伦比亚运动户外商品544|李宁运动户外商品543
568,U002796,0.366,0.328922,高意向,家用电器,爆款高转化池,P000904|P000206|P000946|P001013|P000285,格力家用电器商品379|美的家用电器商品467|松下家用电器商品394|海尔家用电器商品408|格力家用电器商品762
569,U003250,0.366,0.317477,高意向,服装鞋包,爆款高转化池,P001734|P001740|P001694|P000314|P000970,ZARA服装鞋包商品462|耐克服装鞋包商品217|优衣库服装鞋包商品426|耐克服装鞋包商品620|海澜之家服装鞋包商品195
570,U003306,0.366,0.325296,高意向,礼品鲜花,爆款高转化池,P001016|P000831|P001489|P000018|P001157,野兽派礼品鲜花商品306|Roseonly礼品鲜花商品580|诺誓礼品鲜花商品189|诺誓礼品鲜花商品463|施华洛世奇礼品鲜花商品442
571,U001544,0.3659,0.2381,高意向,图书音像,爆款高转化池,P001182|P000992|P001207|P001242|P001223,当当图书音像商品607|人民邮电出版社图书音像商品329|京东图书图书音像商品505|人民邮电出版社图书音像商品170|京东图书图书音像商品628
572,U003018,0.3659,0.224089,高意向,母婴用品,爆款高转化池,P000923|P001341|P001282|P000310|P000627,贝因美母婴用品商品502|花王母婴用品商品597|花王母婴用品商品885|强生母婴用品商品283|帮宝适母婴用品商品545
573,U001026,0.3658,0.26015,高意向,手机数码,爆款高转化池,P000808|P001509|P000688|P000498|P001082,华为手机数码商品883|三星手机数码商品747|华为手机数码商品474|三星手机数码商品800|小米手机数码商品672
574,U001952,0.3657,0.314609,高意向,母婴用品,爆款高转化池,P000923|P001341|P001282|P000310|P000627,贝因美母婴用品商品502|花王母婴用品商品597|花王母婴用品商品885|强生母婴用品商品283|帮宝适母婴用品商品545
575,U003443,0.3657,0.327653,高意向,家用电器,爆款高转化池,P000904|P000206|P000946|P001013|P000285,格力家用电器商品379|美的家用电器商品467|松下家用电器商品394|海尔家用电器商品408|格力家用电器商品762
576,U004610,0.3657,0.333129,高意向,汽车用品,爆款高转化池,P001927|P001490|P000410|P001675|P000547,米其林汽车用品商品720|壳牌汽车用品商品142|固特异汽车用品商品584|3M汽车用品商品220|卡仕达汽车用品商品137
577,U001835,0.3656,0.311682,高意向,汽车用品,爆款高转化池,P001927|P001490|P000410|P001675|P000547,米其林汽车用品商品720|壳牌汽车用品商品142|固特异汽车用品商品584|3M汽车用品商品220|卡仕达汽车用品商品137
578,U001182,0.3655,0.248332,高意向,汽车用品,爆款高转化池,P001927|P001490|P000410|P001675|P000547,米其林汽车用品商品720|壳牌汽车用品商品142|固特异汽车用品商品584|3M汽车用品商品220|卡仕达汽车用品商品137
579,U001798,0.3655,0.327283,高意向,家用电器,爆款高转化池,P000904|P000206|P000946|P001013|P000285,格力家用电器商品379|美的家用电器商品467|松下家用电器商品394|海尔家用电器商品408|格力家用电器商品762
580,U002376,0.3655,0.330722,高意向,礼品鲜花,爆款高转化池,P001016|P000831|P001489|P000018|P001157,野兽派礼品鲜花商品306|Roseonly礼品鲜花商品580|诺誓礼品鲜花商品189|诺誓礼品鲜花商品463|施华洛世奇礼品鲜花商品442
581,U004330,0.3655,0.325194,高意向,医药保健,爆款高转化池,P000094|P001052|P001079|P000375|P000355,钙尔奇医药保健商品391|钙尔奇医药保健商品186|九芝堂医药保健商品943|东阿阿胶医药保健商品523|云南白药医药保健商品473
582,U000115,0.3654,0.318808,高意向,家用电器,爆款高转化池,P000904|P000206|P000946|P001013|P000285,格力家用电器商品379|美的家用电器商品467|松下家用电器商品394|海尔家用电器商品408|格力家用电器商品762
583,U000289,0.3654,0.309047,高意向,食品生鲜,爆款高转化池,P000080|P001955|P000818|P001304|P001988,伊利食品生鲜商品963|百草味食品生鲜商品833|金龙鱼食品生鲜商品198|五粮液食品生鲜商品181|良品铺子食品生鲜商品482
584,U004528,0.3654,0.327913,高意向,家用电器,爆款高转化池,P000904|P000206|P000946|P001013|P000285,格力家用电器商品379|美的家用电器商品467|松下家用电器商品394|海尔家用电器商品408|格力家用电器商品762
585,U000299,0.3652,0.245047,高意向,箱包配饰,爆款高转化池,P000784|P000262|P001766|P000070|P001698,LV箱包配饰商品872|瑞士军威箱包配饰商品369|MK箱包配饰商品997|新秀丽箱包配饰商品905|外交官箱包配饰商品687
586,U000713,0.3652,0.326984,高意向,宠物用品,爆款高转化池,P000750|P000035|P001710|P000996|P000462,冠能宠物用品商品494|皇家宠物用品商品286|网易严选宠物用品商品732|麦富迪宠物用品商品635|冠能宠物用品商品709
587,U000794,0.3652,0.318804,高意向,家居家装,爆款高转化池,P000883|P000221|P001102|P001151|P001129,顾家家居家居家装商品927|曲美家居家装商品318|马可波罗家居家装商品703|宜家家居家装商品838|曲美家居家装商品570
588,U002029,0.3652,0.32985,高意向,母婴用品,爆款高转化池,P000923|P001341|P001282|P000310|P000627,贝因美母婴用品商品502|花王母婴用品商品597|花王母婴用品商品885|强生母婴用品商品283|帮宝适母婴用品商品545
589,U002609,0.3652,0.328246,高意向,医药保健,爆款高转化池,P000094|P001052|P001079|P000375|P000355,钙尔奇医药保健商品391|钙尔奇医药保健商品186|九芝堂医药保健商品943|东阿阿胶医药保健商品523|云南白药医药保健商品473
590,U003920,0.3652,0.32739,高意向,家用电器,爆款高转化池,P000904|P000206|P000946|P001013|P000285,格力家用电器商品379|美的家用电器商品467|松下家用电器商品394|海尔家用电器商品408|格力家用电器商品762
591,U001229,0.3651,0.238845,高意向,服装鞋包,爆款高转化池,P001734|P001740|P001694|P000314|P000970,ZARA服装鞋包商品462|耐克服装鞋包商品217|优衣库服装鞋包商品426|耐克服装鞋包商品620|海澜之家服装鞋包商品195
592,U001352,0.365,0.265028,高意向,食品生鲜,爆款高转化池,P000080|P001955|P000818|P001304|P001988,伊利食品生鲜商品963|百草味食品生鲜商品833|金龙鱼食品生鲜商品198|五粮液食品生鲜商品181|良品铺子食品生鲜商品482
593,U003315,0.365,0.3204,高意向,礼品鲜花,爆款高转化池,P001016|P000831|P001489|P000018|P001157,野兽派礼品鲜花商品306|Roseonly礼品鲜花商品580|诺誓礼品鲜花商品189|诺誓礼品鲜花商品463|施华洛世奇礼品鲜花商品442
594,U000396,0.3649,0.322811,高意向,箱包配饰,爆款高转化池,P000784|P000262|P001766|P000070|P001698,LV箱包配饰商品872|瑞士军威箱包配饰商品369|MK箱包配饰商品997|新秀丽箱包配饰商品905|外交官箱包配饰商品687
595,U000865,0.3648,0.320913,高意向,家居家装,爆款高转化池,P000883|P000221|P001102|P001151|P001129,顾家家居家居家装商品927|曲美家居家装商品318|马可波罗家居家装商品703|宜家家居家装商品838|曲美家居家装商品570
596,U002595,0.3648,0.287629,高意向,家居家装,爆款高转化池,P000883|P000221|P001102|P001151|P001129,顾家家居家居家装商品927|曲美家居家装商品318|马可波罗家居家装商品703|宜家家居家装商品838|曲美家居家装商品570
597,U001236,0.3647,0.226806,高意向,珠宝首饰,爆款高转化池,P000538|P000126|P001784|P000192|P000551,老凤祥珠宝首饰商品443|周生生珠宝首饰商品232|老凤祥珠宝首饰商品799|老凤祥珠宝首饰商品808|老凤祥珠宝首饰商品566
598,U000805,0.3646,0.322459,高意向,医药保健,爆款高转化池,P000094|P001052|P001079|P000375|P000355,钙尔奇医药保健商品391|钙尔奇医药保健商品186|九芝堂医药保健商品943|东阿阿胶医药保健商品523|云南白药医药保健商品473
599,U002853,0.3646,0.319286,高意向,家居家装,爆款高转化池,P000883|P000221|P001102|P001151|P001129,顾家家居家居家装商品927|曲美家居家装商品318|马可波罗家居家装商品703|宜家家居家装商品838|曲美家居家装商品570
600,U001255,0.3644,0.313927,高意向,美妆护肤,爆款高转化池,P000532|P000773|P000947|P000971|P001402,珀莱雅美妆护肤商品523|自然堂美妆护肤商品332|珀莱雅美妆护肤商品976|SK-II美妆护肤商品867|珀莱雅美妆护肤商品932
601,U002238,0.3644,0.327963,高意向,手机数码,爆款高转化池,P000808|P001509|P000688|P000498|P001082,华为手机数码商品883|三星手机数码商品747|华为手机数码商品474|三星手机数码商品800|小米手机数码商品672
602,U003607,0.3642,0.323093,高意向,汽车用品,爆款高转化池,P001927|P001490|P000410|P001675|P000547,米其林汽车用品商品720|壳牌汽车用品商品142|固特异汽车用品商品584|3M汽车用品商品220|卡仕达汽车用品商品137
603,U003750,0.3642,0.257409,高意向,家居家装,爆款高转化池,P000883|P000221|P001102|P001151|P001129,顾家家居家居家装商品927|曲美家居家装商品318|马可波罗家居家装商品703|宜家家居家装商品838|曲美家居家装商品570
604,U003285,0.3641,0.317942,高意向,珠宝首饰,爆款高转化池,P000538|P000126|P001784|P000192|P000551,老凤祥珠宝首饰商品443|周生生珠宝首饰商品232|老凤祥珠宝首饰商品799|老凤祥珠宝首饰商品808|老凤祥珠宝首饰商品566
605,U000788,0.364,0.24448,高意向,家用电器,爆款高转化池,P000904|P000206|P000946|P001013|P000285,格力家用电器商品379|美的家用电器商品467|松下家用电器商品394|海尔家用电器商品408|格力家用电器商品762
606,U001894,0.364,0.319056,高意向,食品生鲜,爆款高转化池,P000080|P001955|P000818|P001304|P001988,伊利食品生鲜商品963|百草味食品生鲜商品833|金龙鱼食品生鲜商品198|五粮液食品生鲜商品181|良品铺子食品生鲜商品482
607,U003034,0.364,0.333074,高意向,运动户外,爆款高转化池,P001787|P001427|P000783|P000134|P000168,361度运动户外商品484|骆驼运动户外商品702|哥伦比亚运动户外商品762|哥伦比亚运动户外商品544|李宁运动户外商品543
608,U003563,0.364,0.318441,高意向,宠物用品,爆款高转化池,P000750|P000035|P001710|P000996|P000462,冠能宠物用品商品494|皇家宠物用品商品286|网易严选宠物用品商品732|麦富迪宠物用品商品635|冠能宠物用品商品709
609,U001811,0.3639,0.334548,高意向,珠宝首饰,爆款高转化池,P000538|P000126|P001784|P000192|P000551,老凤祥珠宝首饰商品443|周生生珠宝首饰商品232|老凤祥珠宝首饰商品799|老凤祥珠宝首饰商品808|老凤祥珠宝首饰商品566
610,U004068,0.3639,0.321791,高意向,珠宝首饰,爆款高转化池,P000538|P000126|P001784|P000192|P000551,老凤祥珠宝首饰商品443|周生生珠宝首饰商品232|老凤祥珠宝首饰商品799|老凤祥珠宝首饰商品808|老凤祥珠宝首饰商品566
611,U001183,0.3637,0.325291,高意向,医药保健,爆款高转化池,P000094|P001052|P001079|P000375|P000355,钙尔奇医药保健商品391|钙尔奇医药保健商品186|九芝堂医药保健商品943|东阿阿胶医药保健商品523|云南白药医药保健商品473
612,U001319,0.3637,0.320126,高意向,珠宝首饰,爆款高转化池,P000538|P000126|P001784|P000192|P000551,老凤祥珠宝首饰商品443|周生生珠宝首饰商品232|老凤祥珠宝首饰商品799|老凤祥珠宝首饰商品808|老凤祥珠宝首饰商品566
613,U002041,0.3637,0.326348,高意向,母婴用品,爆款高转化池,P000923|P001341|P001282|P000310|P000627,贝因美母婴用品商品502|花王母婴用品商品597|花王母婴用品商品885|强生母婴用品商品283|帮宝适母婴用品商品545
614,U002751,0.3637,0.27512,高意向,家居家装,爆款高转化池,P000883|P000221|P001102|P001151|P001129,顾家家居家居家装商品927|曲美家居家装商品318|马可波罗家居家装商品703|宜家家居家装商品838|曲美家居家装商品570
615,U003762,0.3637,0.238177,高意向,图书音像,爆款高转化池,P001182|P000992|P001207|P001242|P001223,当当图书音像商品607|人民邮电出版社图书音像商品329|京东图书图书音像商品505|人民邮电出版社图书音像商品170|京东图书图书音像商品628
616,U001553,0.3636,0.330771,高意向,礼品鲜花,爆款高转化池,P001016|P000831|P001489|P000018|P001157,野兽派礼品鲜花商品306|Roseonly礼品鲜花商品580|诺誓礼品鲜花商品189|诺誓礼品鲜花商品463|施华洛世奇礼品鲜花商品442
617,U001364,0.3635,0.303806,高意向,礼品鲜花,爆款高转化池,P001016|P000831|P001489|P000018|P001157,野兽派礼品鲜花商品306|Roseonly礼品鲜花商品580|诺誓礼品鲜花商品189|诺誓礼品鲜花商品463|施华洛世奇礼品鲜花商品442
618,U003551,0.3635,0.235353,高意向,手机数码,爆款高转化池,P000808|P001509|P000688|P000498|P001082,华为手机数码商品883|三星手机数码商品747|华为手机数码商品474|三星手机数码商品800|小米手机数码商品672
619,U004262,0.3635,0.330776,高意向,服装鞋包,爆款高转化池,P001734|P001740|P001694|P000314|P000970,ZARA服装鞋包商品462|耐克服装鞋包商品217|优衣库服装鞋包商品426|耐克服装鞋包商品620|海澜之家服装鞋包商品195
620,U004785,0.3635,0.316737,高意向,手机数码,爆款高转化池,P000808|P001509|P000688|P000498|P001082,华为手机数码商品883|三星手机数码商品747|华为手机数码商品474|三星手机数码商品800|小米手机数码商品672
621,U002728,0.3634,0.248058,高意向,汽车用品,爆款高转化池,P001927|P001490|P000410|P001675|P000547,米其林汽车用品商品720|壳牌汽车用品商品142|固特异汽车用品商品584|3M汽车用品商品220|卡仕达汽车用品商品137
622,U003592,0.3634,0.221239,高意向,服装鞋包,爆款高转化池,P001734|P001740|P001694|P000314|P000970,ZARA服装鞋包商品462|耐克服装鞋包商品217|优衣库服装鞋包商品426|耐克服装鞋包商品620|海澜之家服装鞋包商品195
623,U003712,0.3634,0.220304,高意向,食品生鲜,爆款高转化池,P000080|P001955|P000818|P001304|P001988,伊利食品生鲜商品963|百草味食品生鲜商品833|金龙鱼食品生鲜商品198|五粮液食品生鲜商品181|良品铺子食品生鲜商品482
624,U000759,0.3633,0.316578,高意向,手机数码,爆款高转化池,P000808|P001509|P000688|P000498|P001082,华为手机数码商品883|三星手机数码商品747|华为手机数码商品474|三星手机数码商品800|小米手机数码商品672
625,U002936,0.3633,0.324096,高意向,医药保健,爆款高转化池,P000094|P001052|P001079|P000375|P000355,钙尔奇医药保健商品391|钙尔奇医药保健商品186|九芝堂医药保健商品943|东阿阿胶医药保健商品523|云南白药医药保健商品473
626,U004353,0.3633,0.230522,高意向,珠宝首饰,爆款高转化池,P000538|P000126|P001784|P000192|P000551,老凤祥珠宝首饰商品443|周生生珠宝首饰商品232|老凤祥珠宝首饰商品799|老凤祥珠宝首饰商品808|老凤祥珠宝首饰商品566
627,U002459,0.3632,0.318997,高意向,食品生鲜,爆款高转化池,P000080|P001955|P000818|P001304|P001988,伊利食品生鲜商品963|百草味食品生鲜商品833|金龙鱼食品生鲜商品198|五粮液食品生鲜商品181|良品铺子食品生鲜商品482
628,U002556,0.3631,0.283201,高意向,图书音像,爆款高转化池,P001182|P000992|P001207|P001242|P001223,当当图书音像商品607|人民邮电出版社图书音像商品329|京东图书图书音像商品505|人民邮电出版社图书音像商品170|京东图书图书音像商品628
629,U002650,0.3631,0.311138,高意向,美妆护肤,爆款高转化池,P000532|P000773|P000947|P000971|P001402,珀莱雅美妆护肤商品523|自然堂美妆护肤商品332|珀莱雅美妆护肤商品976|SK-II美妆护肤商品867|珀莱雅美妆护肤商品932
630,U000352,0.363,0.221256,高意向,食品生鲜,爆款高转化池,P000080|P001955|P000818|P001304|P001988,伊利食品生鲜商品963|百草味食品生鲜商品833|金龙鱼食品生鲜商品198|五粮液食品生鲜商品181|良品铺子食品生鲜商品482
631,U004932,0.363,0.301241,高意向,运动户外,爆款高转化池,P001787|P001427|P000783|P000134|P000168,361度运动户外商品484|骆驼运动户外商品702|哥伦比亚运动户外商品762|哥伦比亚运动户外商品544|李宁运动户外商品543
632,U000467,0.3629,0.323222,高意向,服装鞋包,爆款高转化池,P001734|P001740|P001694|P000314|P000970,ZARA服装鞋包商品462|耐克服装鞋包商品217|优衣库服装鞋包商品426|耐克服装鞋包商品620|海澜之家服装鞋包商品195
633,U000796,0.3629,0.303713,高意向,汽车用品,爆款高转化池,P001927|P001490|P000410|P001675|P000547,米其林汽车用品商品720|壳牌汽车用品商品142|固特异汽车用品商品584|3M汽车用品商品220|卡仕达汽车用品商品137
634,U004476,0.3629,0.315035,高意向,箱包配饰,爆款高转化池,P000784|P000262|P001766|P000070|P001698,LV箱包配饰商品872|瑞士军威箱包配饰商品369|MK箱包配饰商品997|新秀丽箱包配饰商品905|外交官箱包配饰商品687
635,U000871,0.3628,0.314305,高意向,宠物用品,爆款高转化池,P000750|P000035|P001710|P000996|P000462,冠能宠物用品商品494|皇家宠物用品商品286|网易严选宠物用品商品732|麦富迪宠物用品商品635|冠能宠物用品商品709
636,U000934,0.3628,0.323429,高意向,运动户外,爆款高转化池,P001787|P001427|P000783|P000134|P000168,361度运动户外商品484|骆驼运动户外商品702|哥伦比亚运动户外商品762|哥伦比亚运动户外商品544|李宁运动户外商品543
637,U001204,0.3628,0.309314,高意向,图书音像,爆款高转化池,P001182|P000992|P001207|P001242|P001223,当当图书音像商品607|人民邮电出版社图书音像商品329|京东图书图书音像商品505|人民邮电出版社图书音像商品170|京东图书图书音像商品628
638,U000382,0.3627,0.313265,高意向,箱包配饰,爆款高转化池,P000784|P000262|P001766|P000070|P001698,LV箱包配饰商品872|瑞士军威箱包配饰商品369|MK箱包配饰商品997|新秀丽箱包配饰商品905|外交官箱包配饰商品687
639,U003808,0.3627,0.332761,高意向,食品生鲜,爆款高转化池,P000080|P001955|P000818|P001304|P001988,伊利食品生鲜商品963|百草味食品生鲜商品833|金龙鱼食品生鲜商品198|五粮液食品生鲜商品181|良品铺子食品生鲜商品482
640,U001432,0.3623,0.311792,高意向,服装鞋包,爆款高转化池,P001734|P001740|P001694|P000314|P000970,ZARA服装鞋包商品462|耐克服装鞋包商品217|优衣库服装鞋包商品426|耐克服装鞋包商品620|海澜之家服装鞋包商品195
641,U002184,0.3623,0.311237,高意向,母婴用品,爆款高转化池,P000923|P001341|P001282|P000310|P000627,贝因美母婴用品商品502|花王母婴用品商品597|花王母婴用品商品885|强生母婴用品商品283|帮宝适母婴用品商品545
642,U002558,0.3622,0.311978,高意向,家用电器,爆款高转化池,P000904|P000206|P000946|P001013|P000285,格力家用电器商品379|美的家用电器商品467|松下家用电器商品394|海尔家用电器商品408|格力家用电器商品762
643,U003092,0.3622,0.315226,高意向,家用电器,爆款高转化池,P000904|P000206|P000946|P001013|P000285,格力家用电器商品379|美的家用电器商品467|松下家用电器商品394|海尔家用电器商品408|格力家用电器商品762
644,U004276,0.3621,0.216608,高意向,家居家装,爆款高转化池,P000883|P000221|P001102|P001151|P001129,顾家家居家居家装商品927|曲美家居家装商品318|马可波罗家居家装商品703|宜家家居家装商品838|曲美家居家装商品570
645,U001439,0.362,0.279872,高意向,图书音像,爆款高转化池,P001182|P000992|P001207|P001242|P001223,当当图书音像商品607|人民邮电出版社图书音像商品329|京东图书图书音像商品505|人民邮电出版社图书音像商品170|京东图书图书音像商品628
646,U004984,0.362,0.323641,高意向,运动户外,爆款高转化池,P001787|P001427|P000783|P000134|P000168,361度运动户外商品484|骆驼运动户外商品702|哥伦比亚运动户外商品762|哥伦比亚运动户外商品544|李宁运动户外商品543
647,U001465,0.3619,0.308082,高意向,珠宝首饰,爆款高转化池,P000538|P000126|P001784|P000192|P000551,老凤祥珠宝首饰商品443|周生生珠宝首饰商品232|老凤祥珠宝首饰商品799|老凤祥珠宝首饰商品808|老凤祥珠宝首饰商品566
648,U003352,0.3618,0.263935,高意向,家用电器,爆款高转化池,P000904|P000206|P000946|P001013|P000285,格力家用电器商品379|美的家用电器商品467|松下家用电器商品394|海尔家用电器商品408|格力家用电器商品762
649,U004171,0.3618,0.301505,高意向,家用电器,爆款高转化池,P000904|P000206|P000946|P001013|P000285,格力家用电器商品379|美的家用电器商品467|松下家用电器商品394|海尔家用电器商品408|格力家用电器商品762
650,U004753,0.3617,0.320185,高意向,宠物用品,爆款高转化池,P000750|P000035|P001710|P000996|P000462,冠能宠物用品商品494|皇家宠物用品商品286|网易严选宠物用品商品732|麦富迪宠物用品商品635|冠能宠物用品商品709
651,U000498,0.3616,0.2151,高意向,母婴用品,爆款高转化池,P000923|P001341|P001282|P000310|P000627,贝因美母婴用品商品502|花王母婴用品商品597|花王母婴用品商品885|强生母婴用品商品283|帮宝适母婴用品商品545
652,U001144,0.3615,0.319626,高意向,食品生鲜,爆款高转化池,P000080|P001955|P000818|P001304|P001988,伊利食品生鲜商品963|百草味食品生鲜商品833|金龙鱼食品生鲜商品198|五粮液食品生鲜商品181|良品铺子食品生鲜商品482
653,U004946,0.3615,0.30109,高意向,珠宝首饰,爆款高转化池,P000538|P000126|P001784|P000192|P000551,老凤祥珠宝首饰商品443|周生生珠宝首饰商品232|老凤祥珠宝首饰商品799|老凤祥珠宝首饰商品808|老凤祥珠宝首饰商品566
654,U002072,0.3614,0.318629,高意向,母婴用品,爆款高转化池,P000923|P001341|P001282|P000310|P000627,贝因美母婴用品商品502|花王母婴用品商品597|花王母婴用品商品885|强生母婴用品商品283|帮宝适母婴用品商品545
655,U001139,0.3613,0.329997,高意向,家用电器,爆款高转化池,P000904|P000206|P000946|P001013|P000285,格力家用电器商品379|美的家用电器商品467|松下家用电器商品394|海尔家用电器商品408|格力家用电器商品762
656,U001826,0.3613,0.326117,高意向,医药保健,爆款高转化池,P000094|P001052|P001079|P000375|P000355,钙尔奇医药保健商品391|钙尔奇医药保健商品186|九芝堂医药保健商品943|东阿阿胶医药保健商品523|云南白药医药保健商品473
657,U002071,0.3613,0.321532,高意向,箱包配饰,爆款高转化池,P000784|P000262|P001766|P000070|P001698,LV箱包配饰商品872|瑞士军威箱包配饰商品369|MK箱包配饰商品997|新秀丽箱包配饰商品905|外交官箱包配饰商品687
658,U004881,0.3613,0.224363,高意向,家用电器,爆款高转化池,P000904|P000206|P000946|P001013|P000285,格力家用电器商品379|美的家用电器商品467|松下家用电器商品394|海尔家用电器商品408|格力家用电器商品762
659,U002852,0.3612,0.327354,高意向,礼品鲜花,爆款高转化池,P001016|P000831|P001489|P000018|P001157,野兽派礼品鲜花商品306|Roseonly礼品鲜花商品580|诺誓礼品鲜花商品189|诺誓礼品鲜花商品463|施华洛世奇礼品鲜花商品442
660,U004163,0.3611,0.321749,高意向,服装鞋包,爆款高转化池,P001734|P001740|P001694|P000314|P000970,ZARA服装鞋包商品462|耐克服装鞋包商品217|优衣库服装鞋包商品426|耐克服装鞋包商品620|海澜之家服装鞋包商品195
661,U004988,0.3611,0.315317,高意向,家居家装,爆款高转化池,P000883|P000221|P001102|P001151|P001129,顾家家居家居家装商品927|曲美家居家装商品318|马可波罗家居家装商品703|宜家家居家装商品838|曲美家居家装商品570
662,U001357,0.361,0.330865,高意向,医药保健,爆款高转化池,P000094|P001052|P001079|P000375|P000355,钙尔奇医药保健商品391|钙尔奇医药保健商品186|九芝堂医药保健商品943|东阿阿胶医药保健商品523|云南白药医药保健商品473
663,U003382,0.361,0.240233,高意向,母婴用品,爆款高转化池,P000923|P001341|P001282|P000310|P000627,贝因美母婴用品商品502|花王母婴用品商品597|花王母婴用品商品885|强生母婴用品商品283|帮宝适母婴用品商品545
664,U003432,0.361,0.319564,高意向,医药保健,爆款高转化池,P000094|P001052|P001079|P000375|P000355,钙尔奇医药保健商品391|钙尔奇医药保健商品186|九芝堂医药保健商品943|东阿阿胶医药保健商品523|云南白药医药保健商品473
665,U000163,0.3609,0.327032,高意向,美妆护肤,爆款高转化池,P000532|P000773|P000947|P000971|P001402,珀莱雅美妆护肤商品523|自然堂美妆护肤商品332|珀莱雅美妆护肤商品976|SK-II美妆护肤商品867|珀莱雅美妆护肤商品932
666,U002213,0.3608,0.319689,高意向,手机数码,爆款高转化池,P000808|P001509|P000688|P000498|P001082,华为手机数码商品883|三星手机数码商品747|华为手机数码商品474|三星手机数码商品800|小米手机数码商品672
667,U004925,0.3608,0.323034,高意向,家居家装,爆款高转化池,P000883|P000221|P001102|P001151|P001129,顾家家居家居家装商品927|曲美家居家装商品318|马可波罗家居家装商品703|宜家家居家装商品838|曲美家居家装商品570
668,U001590,0.3606,0.245868,高意向,运动户外,爆款高转化池,P001787|P001427|P000783|P000134|P000168,361度运动户外商品484|骆驼运动户外商品702|哥伦比亚运动户外商品762|哥伦比亚运动户外商品544|李宁运动户外商品543
669,U002717,0.3606,0.320204,高意向,服装鞋包,爆款高转化池,P001734|P001740|P001694|P000314|P000970,ZARA服装鞋包商品462|耐克服装鞋包商品217|优衣库服装鞋包商品426|耐克服装鞋包商品620|海澜之家服装鞋包商品195
670,U004180,0.3606,0.321816,高意向,手机数码,爆款高转化池,P000808|P001509|P000688|P000498|P001082,华为手机数码商品883|三星手机数码商品747|华为手机数码商品474|三星手机数码商品800|小米手机数码商品672
671,U002241,0.3605,0.256499,高意向,家用电器,爆款高转化池,P000904|P000206|P000946|P001013|P000285,格力家用电器商品379|美的家用电器商品467|松下家用电器商品394|海尔家用电器商品408|格力家用电器商品762
672,U000345,0.3604,0.322703,高意向,食品生鲜,爆款高转化池,P000080|P001955|P000818|P001304|P001988,伊利食品生鲜商品963|百草味食品生鲜商品833|金龙鱼食品生鲜商品198|五粮液食品生鲜商品181|良品铺子食品生鲜商品482
673,U002496,0.3604,0.248444,高意向,箱包配饰,爆款高转化池,P000784|P000262|P001766|P000070|P001698,LV箱包配饰商品872|瑞士军威箱包配饰商品369|MK箱包配饰商品997|新秀丽箱包配饰商品905|外交官箱包配饰商品687
674,U003227,0.3604,0.288287,高意向,手机数码,爆款高转化池,P000808|P001509|P000688|P000498|P001082,华为手机数码商品883|三星手机数码商品747|华为手机数码商品474|三星手机数码商品800|小米手机数码商品672
675,U003419,0.3603,0.275671,高意向,美妆护肤,爆款高转化池,P000532|P000773|P000947|P000971|P001402,珀莱雅美妆护肤商品523|自然堂美妆护肤商品332|珀莱雅美妆护肤商品976|SK-II美妆护肤商品867|珀莱雅美妆护肤商品932
676,U003621,0.3601,0.253048,高意向,礼品鲜花,爆款高转化池,P001016|P000831|P001489|P000018|P001157,野兽派礼品鲜花商品306|Roseonly礼品鲜花商品580|诺誓礼品鲜花商品189|诺誓礼品鲜花商品463|施华洛世奇礼品鲜花商品442
677,U002623,0.36,0.309591,高意向,家居家装,爆款高转化池,P000883|P000221|P001102|P001151|P001129,顾家家居家居家装商品927|曲美家居家装商品318|马可波罗家居家装商品703|宜家家居家装商品838|曲美家居家装商品570
678,U003909,0.3599,0.31734,高意向,珠宝首饰,爆款高转化池,P000538|P000126|P001784|P000192|P000551,老凤祥珠宝首饰商品443|周生生珠宝首饰商品232|老凤祥珠宝首饰商品799|老凤祥珠宝首饰商品808|老凤祥珠宝首饰商品566
679,U000302,0.3598,0.315678,高意向,医药保健,爆款高转化池,P000094|P001052|P001079|P000375|P000355,钙尔奇医药保健商品391|钙尔奇医药保健商品186|九芝堂医药保健商品943|东阿阿胶医药保健商品523|云南白药医药保健商品473
680,U000797,0.3598,0.316729,高意向,美妆护肤,爆款高转化池,P000532|P000773|P000947|P000971|P001402,珀莱雅美妆护肤商品523|自然堂美妆护肤商品332|珀莱雅美妆护肤商品976|SK-II美妆护肤商品867|珀莱雅美妆护肤商品932
681,U001002,0.3598,0.246101,高意向,宠物用品,爆款高转化池,P000750|P000035|P001710|P000996|P000462,冠能宠物用品商品494|皇家宠物用品商品286|网易严选宠物用品商品732|麦富迪宠物用品商品635|冠能宠物用品商品709
682,U004526,0.3597,0.249035,高意向,美妆护肤,爆款高转化池,P000532|P000773|P000947|P000971|P001402,珀莱雅美妆护肤商品523|自然堂美妆护肤商品332|珀莱雅美妆护肤商品976|SK-II美妆护肤商品867|珀莱雅美妆护肤商品932
683,U001414,0.3596,0.228756,高意向,珠宝首饰,爆款高转化池,P000538|P000126|P001784|P000192|P000551,老凤祥珠宝首饰商品443|周生生珠宝首饰商品232|老凤祥珠宝首饰商品799|老凤祥珠宝首饰商品808|老凤祥珠宝首饰商品566
684,U001535,0.3596,0.267046,高意向,家用电器,爆款高转化池,P000904|P000206|P000946|P001013|P000285,格力家用电器商品379|美的家用电器商品467|松下家用电器商品394|海尔家用电器商品408|格力家用电器商品762
685,U000571,0.3595,0.321959,高意向,珠宝首饰,爆款高转化池,P000538|P000126|P001784|P000192|P000551,老凤祥珠宝首饰商品443|周生生珠宝首饰商品232|老凤祥珠宝首饰商品799|老凤祥珠宝首饰商品808|老凤祥珠宝首饰商品566
686,U000397,0.3594,0.300913,高意向,运动户外,爆款高转化池,P001787|P001427|P000783|P000134|P000168,361度运动户外商品484|骆驼运动户外商品702|哥伦比亚运动户外商品762|哥伦比亚运动户外商品544|李宁运动户外商品543
687,U002875,0.3594,0.318398,高意向,食品生鲜,爆款高转化池,P000080|P001955|P000818|P001304|P001988,伊利食品生鲜商品963|百草味食品生鲜商品833|金龙鱼食品生鲜商品198|五粮液食品生鲜商品181|良品铺子食品生鲜商品482
688,U004365,0.3591,0.315815,高意向,宠物用品,爆款高转化池,P000750|P000035|P001710|P000996|P000462,冠能宠物用品商品494|皇家宠物用品商品286|网易严选宠物用品商品732|麦富迪宠物用品商品635|冠能宠物用品商品709
689,U001518,0.359,0.328556,高意向,宠物用品,爆款高转化池,P000750|P000035|P001710|P000996|P000462,冠能宠物用品商品494|皇家宠物用品商品286|网易严选宠物用品商品732|麦富迪宠物用品商品635|冠能宠物用品商品709
690,U002305,0.359,0.231466,高意向,食品生鲜,爆款高转化池,P000080|P001955|P000818|P001304|P001988,伊利食品生鲜商品963|百草味食品生鲜商品833|金龙鱼食品生鲜商品198|五粮液食品生鲜商品181|良品铺子食品生鲜商品482
691,U002511,0.359,0.331487,高意向,运动户外,爆款高转化池,P001787|P001427|P000783|P000134|P000168,361度运动户外商品484|骆驼运动户外商品702|哥伦比亚运动户外商品762|哥伦比亚运动户外商品544|李宁运动户外商品543
692,U003086,0.359,0.267846,高意向,宠物用品,爆款高转化池,P000750|P000035|P001710|P000996|P000462,冠能宠物用品商品494|皇家宠物用品商品286|网易严选宠物用品商品732|麦富迪宠物用品商品635|冠能宠物用品商品709
693,U003351,0.359,0.27994,高意向,图书音像,爆款高转化池,P001182|P000992|P001207|P001242|P001223,当当图书音像商品607|人民邮电出版社图书音像商品329|京东图书图书音像商品505|人民邮电出版社图书音像商品170|京东图书图书音像商品628
694,U002330,0.3589,0.238136,高意向,食品生鲜,爆款高转化池,P000080|P001955|P000818|P001304|P001988,伊利食品生鲜商品963|百草味食品生鲜商品833|金龙鱼食品生鲜商品198|五粮液食品生鲜商品181|良品铺子食品生鲜商品482
695,U004059,0.3588,0.240529,高意向,宠物用品,爆款高转化池,P000750|P000035|P001710|P000996|P000462,冠能宠物用品商品494|皇家宠物用品商品286|网易严选宠物用品商品732|麦富迪宠物用品商品635|冠能宠物用品商品709
696,U004567,0.3588,0.26881,高意向,服装鞋包,爆款高转化池,P001734|P001740|P001694|P000314|P000970,ZARA服装鞋包商品462|耐克服装鞋包商品217|优衣库服装鞋包商品426|耐克服装鞋包商品620|海澜之家服装鞋包商品195
697,U002363,0.3587,0.316408,高意向,宠物用品,爆款高转化池,P000750|P000035|P001710|P000996|P000462,冠能宠物用品商品494|皇家宠物用品商品286|网易严选宠物用品商品732|麦富迪宠物用品商品635|冠能宠物用品商品709
698,U003886,0.3587,0.336163,高意向,箱包配饰,爆款高转化池,P000784|P000262|P001766|P000070|P001698,LV箱包配饰商品872|瑞士军威箱包配饰商品369|MK箱包配饰商品997|新秀丽箱包配饰商品905|外交官箱包配饰商品687
699,U004092,0.3587,0.313649,高意向,食品生鲜,爆款高转化池,P000080|P001955|P000818|P001304|P001988,伊利食品生鲜商品963|百草味食品生鲜商品833|金龙鱼食品生鲜商品198|五粮液食品生鲜商品181|良品铺子食品生鲜商品482
700,U002497,0.3586,0.31479,高意向,图书音像,爆款高转化池,P001182|P000992|P001207|P001242|P001223,当当图书音像商品607|人民邮电出版社图书音像商品329|京东图书图书音像商品505|人民邮电出版社图书音像商品170|京东图书图书音像商品628
701,U003119,0.3586,0.315799,高意向,母婴用品,爆款高转化池,P000923|P001341|P001282|P000310|P000627,贝因美母婴用品商品502|花王母婴用品商品597|花王母婴用品商品885|强生母婴用品商品283|帮宝适母婴用品商品545
702,U004773,0.3586,0.239142,高意向,手机数码,爆款高转化池,P000808|P001509|P000688|P000498|P001082,华为手机数码商品883|三星手机数码商品747|华为手机数码商品474|三星手机数码商品800|小米手机数码商品672
703,U001778,0.3585,0.226411,高意向,礼品鲜花,爆款高转化池,P001016|P000831|P001489|P000018|P001157,野兽派礼品鲜花商品306|Roseonly礼品鲜花商品580|诺誓礼品鲜花商品189|诺誓礼品鲜花商品463|施华洛世奇礼品鲜花商品442
704,U002729,0.3585,0.259215,高意向,礼品鲜花,爆款高转化池,P001016|P000831|P001489|P000018|P001157,野兽派礼品鲜花商品306|Roseonly礼品鲜花商品580|诺誓礼品鲜花商品189|诺誓礼品鲜花商品463|施华洛世奇礼品鲜花商品442
705,U003462,0.3585,0.317273,高意向,母婴用品,爆款高转化池,P000923|P001341|P001282|P000310|P000627,贝因美母婴用品商品502|花王母婴用品商品597|花王母婴用品商品885|强生母婴用品商品283|帮宝适母婴用品商品545
706,U000072,0.3583,0.315543,高意向,食品生鲜,爆款高转化池,P000080|P001955|P000818|P001304|P001988,伊利食品生鲜商品963|百草味食品生鲜商品833|金龙鱼食品生鲜商品198|五粮液食品生鲜商品181|良品铺子食品生鲜商品482
707,U002566,0.3583,0.323644,高意向,家用电器,爆款高转化池,P000904|P000206|P000946|P001013|P000285,格力家用电器商品379|美的家用电器商品467|松下家用电器商品394|海尔家用电器商品408|格力家用电器商品762
708,U004819,0.3583,0.308682,高意向,家居家装,爆款高转化池,P000883|P000221|P001102|P001151|P001129,顾家家居家居家装商品927|曲美家居家装商品318|马可波罗家居家装商品703|宜家家居家装商品838|曲美家居家装商品570
709,U004518,0.3582,0.318521,高意向,家用电器,爆款高转化池,P000904|P000206|P000946|P001013|P000285,格力家用电器商品379|美的家用电器商品467|松下家用电器商品394|海尔家用电器商品408|格力家用电器商品762
710,U003083,0.358,0.327165,高意向,图书音像,爆款高转化池,P001182|P000992|P001207|P001242|P001223,当当图书音像商品607|人民邮电出版社图书音像商品329|京东图书图书音像商品505|人民邮电出版社图书音像商品170|京东图书图书音像商品628
711,U004264,0.358,0.30796,高意向,家用电器,爆款高转化池,P000904|P000206|P000946|P001013|P000285,格力家用电器商品379|美的家用电器商品467|松下家用电器商品394|海尔家用电器商品408|格力家用电器商品762
712,U000098,0.3579,0.320301,高意向,美妆护肤,爆款高转化池,P000532|P000773|P000947|P000971|P001402,珀莱雅美妆护肤商品523|自然堂美妆护肤商品332|珀莱雅美妆护肤商品976|SK-II美妆护肤商品867|珀莱雅美妆护肤商品932
713,U002058,0.3579,0.266782,高意向,美妆护肤,爆款高转化池,P000532|P000773|P000947|P000971|P001402,珀莱雅美妆护肤商品523|自然堂美妆护肤商品332|珀莱雅美妆护肤商品976|SK-II美妆护肤商品867|珀莱雅美妆护肤商品932
714,U002221,0.3579,0.261738,高意向,宠物用品,爆款高转化池,P000750|P000035|P001710|P000996|P000462,冠能宠物用品商品494|皇家宠物用品商品286|网易严选宠物用品商品732|麦富迪宠物用品商品635|冠能宠物用品商品709
715,U001420,0.3578,0.235425,高意向,美妆护肤,爆款高转化池,P000532|P000773|P000947|P000971|P001402,珀莱雅美妆护肤商品523|自然堂美妆护肤商品332|珀莱雅美妆护肤商品976|SK-II美妆护肤商品867|珀莱雅美妆护肤商品932
716,U002308,0.3578,0.258841,高意向,母婴用品,爆款高转化池,P000923|P001341|P001282|P000310|P000627,贝因美母婴用品商品502|花王母婴用品商品597|花王母婴用品商品885|强生母婴用品商品283|帮宝适母婴用品商品545
717,U003764,0.3578,0.303037,高意向,母婴用品,爆款高转化池,P000923|P001341|P001282|P000310|P000627,贝因美母婴用品商品502|花王母婴用品商品597|花王母婴用品商品885|强生母婴用品商品283|帮宝适母婴用品商品545
718,U004403,0.3578,0.216799,高意向,图书音像,爆款高转化池,P001182|P000992|P001207|P001242|P001223,当当图书音像商品607|人民邮电出版社图书音像商品329|京东图书图书音像商品505|人民邮电出版社图书音像商品170|京东图书图书音像商品628
719,U004010,0.3577,0.312241,高意向,宠物用品,爆款高转化池,P000750|P000035|P001710|P000996|P000462,冠能宠物用品商品494|皇家宠物用品商品286|网易严选宠物用品商品732|麦富迪宠物用品商品635|冠能宠物用品商品709
720,U000100,0.3576,0.252515,高意向,医药保健,爆款高转化池,P000094|P001052|P001079|P000375|P000355,钙尔奇医药保健商品391|钙尔奇医药保健商品186|九芝堂医药保健商品943|东阿阿胶医药保健商品523|云南白药医药保健商品473
721,U001983,0.3575,0.315003,高意向,美妆护肤,爆款高转化池,P000532|P000773|P000947|P000971|P001402,珀莱雅美妆护肤商品523|自然堂美妆护肤商品332|珀莱雅美妆护肤商品976|SK-II美妆护肤商品867|珀莱雅美妆护肤商品932
722,U002454,0.3575,0.32816,高意向,汽车用品,爆款高转化池,P001927|P001490|P000410|P001675|P000547,米其林汽车用品商品720|壳牌汽车用品商品142|固特异汽车用品商品584|3M汽车用品商品220|卡仕达汽车用品商品137
723,U002297,0.3574,0.321374,高意向,运动户外,爆款高转化池,P001787|P001427|P000783|P000134|P000168,361度运动户外商品484|骆驼运动户外商品702|哥伦比亚运动户外商品762|哥伦比亚运动户外商品544|李宁运动户外商品543
724,U004800,0.3572,0.307683,高意向,珠宝首饰,爆款高转化池,P000538|P000126|P001784|P000192|P000551,老凤祥珠宝首饰商品443|周生生珠宝首饰商品232|老凤祥珠宝首饰商品799|老凤祥珠宝首饰商品808|老凤祥珠宝首饰商品566
725,U002771,0.3571,0.31924,高意向,食品生鲜,爆款高转化池,P000080|P001955|P000818|P001304|P001988,伊利食品生鲜商品963|百草味食品生鲜商品833|金龙鱼食品生鲜商品198|五粮液食品生鲜商品181|良品铺子食品生鲜商品482
726,U001117,0.357,0.236962,高意向,珠宝首饰,爆款高转化池,P000538|P000126|P001784|P000192|P000551,老凤祥珠宝首饰商品443|周生生珠宝首饰商品232|老凤祥珠宝首饰商品799|老凤祥珠宝首饰商品808|老凤祥珠宝首饰商品566
727,U001735,0.357,0.31897,高意向,汽车用品,爆款高转化池,P001927|P001490|P000410|P001675|P000547,米其林汽车用品商品720|壳牌汽车用品商品142|固特异汽车用品商品584|3M汽车用品商品220|卡仕达汽车用品商品137
728,U003645,0.357,0.3221,高意向,箱包配饰,爆款高转化池,P000784|P000262|P001766|P000070|P001698,LV箱包配饰商品872|瑞士军威箱包配饰商品369|MK箱包配饰商品997|新秀丽箱包配饰商品905|外交官箱包配饰商品687
729,U001795,0.3569,0.318599,高意向,运动户外,爆款高转化池,P001787|P001427|P000783|P000134|P000168,361度运动户外商品484|骆驼运动户外商品702|哥伦比亚运动户外商品762|哥伦比亚运动户外商品544|李宁运动户外商品543
730,U004542,0.3569,0.306274,高意向,运动户外,爆款高转化池,P001787|P001427|P000783|P000134|P000168,361度运动户外商品484|骆驼运动户外商品702|哥伦比亚运动户外商品762|哥伦比亚运动户外商品544|李宁运动户外商品543
731,U001743,0.3568,0.317029,高意向,医药保健,爆款高转化池,P000094|P001052|P001079|P000375|P000355,钙尔奇医药保健商品391|钙尔奇医药保健商品186|九芝堂医药保健商品943|东阿阿胶医药保健商品523|云南白药医药保健商品473
732,U004350,0.3568,0.310511,高意向,食品生鲜,爆款高转化池,P000080|P001955|P000818|P001304|P001988,伊利食品生鲜商品963|百草味食品生鲜商品833|金龙鱼食品生鲜商品198|五粮液食品生鲜商品181|良品铺子食品生鲜商品482
733,U002028,0.3567,0.317396,高意向,宠物用品,爆款高转化池,P000750|P000035|P001710|P000996|P000462,冠能宠物用品商品494|皇家宠物用品商品286|网易严选宠物用品商品732|麦富迪宠物用品商品635|冠能宠物用品商品709
734,U002165,0.3567,0.246869,高意向,礼品鲜花,爆款高转化池,P001016|P000831|P001489|P000018|P001157,野兽派礼品鲜花商品306|Roseonly礼品鲜花商品580|诺誓礼品鲜花商品189|诺誓礼品鲜花商品463|施华洛世奇礼品鲜花商品442
735,U004040,0.3567,0.318333,高意向,家居家装,爆款高转化池,P000883|P000221|P001102|P001151|P001129,顾家家居家居家装商品927|曲美家居家装商品318|马可波罗家居家装商品703|宜家家居家装商品838|曲美家居家装商品570
736,U002019,0.3566,0.233686,高意向,食品生鲜,爆款高转化池,P000080|P001955|P000818|P001304|P001988,伊利食品生鲜商品963|百草味食品生鲜商品833|金龙鱼食品生鲜商品198|五粮液食品生鲜商品181|良品铺子食品生鲜商品482
737,U004458,0.3566,0.319279,高意向,运动户外,爆款高转化池,P001787|P001427|P000783|P000134|P000168,361度运动户外商品484|骆驼运动户外商品702|哥伦比亚运动户外商品762|哥伦比亚运动户外商品544|李宁运动户外商品543
738,U003839,0.3565,0.241103,高意向,家居家装,爆款高转化池,P000883|P000221|P001102|P001151|P001129,顾家家居家居家装商品927|曲美家居家装商品318|马可波罗家居家装商品703|宜家家居家装商品838|曲美家居家装商品570
739,U003289,0.3564,0.261721,高意向,食品生鲜,爆款高转化池,P000080|P001955|P000818|P001304|P001988,伊利食品生鲜商品963|百草味食品生鲜商品833|金龙鱼食品生鲜商品198|五粮液食品生鲜商品181|良品铺子食品生鲜商品482
740,U001424,0.3563,0.326358,高意向,珠宝首饰,爆款高转化池,P000538|P000126|P001784|P000192|P000551,老凤祥珠宝首饰商品443|周生生珠宝首饰商品232|老凤祥珠宝首饰商品799|老凤祥珠宝首饰商品808|老凤祥珠宝首饰商品566
741,U001750,0.3563,0.313344,高意向,箱包配饰,爆款高转化池,P000784|P000262|P001766|P000070|P001698,LV箱包配饰商品872|瑞士军威箱包配饰商品369|MK箱包配饰商品997|新秀丽箱包配饰商品905|外交官箱包配饰商品687
742,U003698,0.3563,0.317726,高意向,礼品鲜花,爆款高转化池,P001016|P000831|P001489|P000018|P001157,野兽派礼品鲜花商品306|Roseonly礼品鲜花商品580|诺誓礼品鲜花商品189|诺誓礼品鲜花商品463|施华洛世奇礼品鲜花商品442
743,U004269,0.3562,0.319546,高意向,家居家装,爆款高转化池,P000883|P000221|P001102|P001151|P001129,顾家家居家居家装商品927|曲美家居家装商品318|马可波罗家居家装商品703|宜家家居家装商品838|曲美家居家装商品570
744,U002840,0.3561,0.316911,高意向,医药保健,爆款高转化池,P000094|P001052|P001079|P000375|P000355,钙尔奇医药保健商品391|钙尔奇医药保健商品186|九芝堂医药保健商品943|东阿阿胶医药保健商品523|云南白药医药保健商品473
745,U001971,0.356,0.321603,高意向,汽车用品,爆款高转化池,P001927|P001490|P000410|P001675|P000547,米其林汽车用品商品720|壳牌汽车用品商品142|固特异汽车用品商品584|3M汽车用品商品220|卡仕达汽车用品商品137
746,U002273,0.356,0.326119,高意向,服装鞋包,爆款高转化池,P001734|P001740|P001694|P000314|P000970,ZARA服装鞋包商品462|耐克服装鞋包商品217|优衣库服装鞋包商品426|耐克服装鞋包商品620|海澜之家服装鞋包商品195
747,U002806,0.3559,0.262286,高意向,家居家装,爆款高转化池,P000883|P000221|P001102|P001151|P001129,顾家家居家居家装商品927|曲美家居家装商品318|马可波罗家居家装商品703|宜家家居家装商品838|曲美家居家装商品570
748,U004345,0.3559,0.328682,高意向,礼品鲜花,爆款高转化池,P001016|P000831|P001489|P000018|P001157,野兽派礼品鲜花商品306|Roseonly礼品鲜花商品580|诺誓礼品鲜花商品189|诺誓礼品鲜花商品463|施华洛世奇礼品鲜花商品442
749,U004611,0.3559,0.319806,高意向,家用电器,爆款高转化池,P000904|P000206|P000946|P001013|P000285,格力家用电器商品379|美的家用电器商品467|松下家用电器商品394|海尔家用电器商品408|格力家用电器商品762
750,U002493,0.3558,0.316803,高意向,家居家装,爆款高转化池,P000883|P000221|P001102|P001151|P001129,顾家家居家居家装商品927|曲美家居家装商品318|马可波罗家居家装商品703|宜家家居家装商品838|曲美家居家装商品570
751,U003458,0.3558,0.322126,高意向,箱包配饰,爆款高转化池,P000784|P000262|P001766|P000070|P001698,LV箱包配饰商品872|瑞士军威箱包配饰商品369|MK箱包配饰商品997|新秀丽箱包配饰商品905|外交官箱包配饰商品687
752,U004206,0.3558,0.319723,高意向,美妆护肤,爆款高转化池,P000532|P000773|P000947|P000971|P001402,珀莱雅美妆护肤商品523|自然堂美妆护肤商品332|珀莱雅美妆护肤商品976|SK-II美妆护肤商品867|珀莱雅美妆护肤商品932
753,U000855,0.3555,0.320792,高意向,宠物用品,爆款高转化池,P000750|P000035|P001710|P000996|P000462,冠能宠物用品商品494|皇家宠物用品商品286|网易严选宠物用品商品732|麦富迪宠物用品商品635|冠能宠物用品商品709
754,U001892,0.3555,0.272176,高意向,礼品鲜花,爆款高转化池,P001016|P000831|P001489|P000018|P001157,野兽派礼品鲜花商品306|Roseonly礼品鲜花商品580|诺誓礼品鲜花商品189|诺誓礼品鲜花商品463|施华洛世奇礼品鲜花商品442
755,U004240,0.3555,0.252608,高意向,家居家装,爆款高转化池,P000883|P000221|P001102|P001151|P001129,顾家家居家居家装商品927|曲美家居家装商品318|马可波罗家居家装商品703|宜家家居家装商品838|曲美家居家装商品570
756,U004270,0.3554,0.303449,高意向,美妆护肤,爆款高转化池,P000532|P000773|P000947|P000971|P001402,珀莱雅美妆护肤商品523|自然堂美妆护肤商品332|珀莱雅美妆护肤商品976|SK-II美妆护肤商品867|珀莱雅美妆护肤商品932
757,U002095,0.3553,0.260745,高意向,家居家装,爆款高转化池,P000883|P000221|P001102|P001151|P001129,顾家家居家居家装商品927|曲美家居家装商品318|马可波罗家居家装商品703|宜家家居家装商品838|曲美家居家装商品570
758,U002244,0.3553,0.307377,高意向,家居家装,爆款高转化池,P000883|P000221|P001102|P001151|P001129,顾家家居家居家装商品927|曲美家居家装商品318|马可波罗家居家装商品703|宜家家居家装商品838|曲美家居家装商品570
759,U004445,0.3553,0.284667,高意向,食品生鲜,爆款高转化池,P000080|P001955|P000818|P001304|P001988,伊利食品生鲜商品963|百草味食品生鲜商品833|金龙鱼食品生鲜商品198|五粮液食品生鲜商品181|良品铺子食品生鲜商品482
760,U000171,0.3552,0.309122,高意向,图书音像,爆款高转化池,P001182|P000992|P001207|P001242|P001223,当当图书音像商品607|人民邮电出版社图书音像商品329|京东图书图书音像商品505|人民邮电出版社图书音像商品170|京东图书图书音像商品628
761,U000036,0.3551,0.313736,高意向,食品生鲜,爆款高转化池,P000080|P001955|P000818|P001304|P001988,伊利食品生鲜商品963|百草味食品生鲜商品833|金龙鱼食品生鲜商品198|五粮液食品生鲜商品181|良品铺子食品生鲜商品482
762,U001529,0.3551,0.324669,高意向,箱包配饰,爆款高转化池,P000784|P000262|P001766|P000070|P001698,LV箱包配饰商品872|瑞士军威箱包配饰商品369|MK箱包配饰商品997|新秀丽箱包配饰商品905|外交官箱包配饰商品687
763,U004758,0.3551,0.306966,高意向,食品生鲜,爆款高转化池,P000080|P001955|P000818|P001304|P001988,伊利食品生鲜商品963|百草味食品生鲜商品833|金龙鱼食品生鲜商品198|五粮液食品生鲜商品181|良品铺子食品生鲜商品482
764,U002642,0.355,0.324535,高意向,手机数码,爆款高转化池,P000808|P001509|P000688|P000498|P001082,华为手机数码商品883|三星手机数码商品747|华为手机数码商品474|三星手机数码商品800|小米手机数码商品672
765,U000541,0.3548,0.245389,高意向,医药保健,爆款高转化池,P000094|P001052|P001079|P000375|P000355,钙尔奇医药保健商品391|钙尔奇医药保健商品186|九芝堂医药保健商品943|东阿阿胶医药保健商品523|云南白药医药保健商品473
766,U000701,0.3547,0.314215,高意向,箱包配饰,爆款高转化池,P000784|P000262|P001766|P000070|P001698,LV箱包配饰商品872|瑞士军威箱包配饰商品369|MK箱包配饰商品997|新秀丽箱包配饰商品905|外交官箱包配饰商品687
767,U003021,0.3547,0.312489,高意向,服装鞋包,爆款高转化池,P001734|P001740|P001694|P000314|P000970,ZARA服装鞋包商品462|耐克服装鞋包商品217|优衣库服装鞋包商品426|耐克服装鞋包商品620|海澜之家服装鞋包商品195
768,U001821,0.3546,0.324634,高意向,医药保健,爆款高转化池,P000094|P001052|P001079|P000375|P000355,钙尔奇医药保健商品391|钙尔奇医药保健商品186|九芝堂医药保健商品943|东阿阿胶医药保健商品523|云南白药医药保健商品473
769,U003823,0.3546,0.240095,高意向,手机数码,爆款高转化池,P000808|P001509|P000688|P000498|P001082,华为手机数码商品883|三星手机数码商品747|华为手机数码商品474|三星手机数码商品800|小米手机数码商品672
770,U002328,0.3544,0.328368,高意向,食品生鲜,爆款高转化池,P000080|P001955|P000818|P001304|P001988,伊利食品生鲜商品963|百草味食品生鲜商品833|金龙鱼食品生鲜商品198|五粮液食品生鲜商品181|良品铺子食品生鲜商品482
771,U000757,0.3543,0.250839,高意向,运动户外,爆款高转化池,P001787|P001427|P000783|P000134|P000168,361度运动户外商品484|骆驼运动户外商品702|哥伦比亚运动户外商品762|哥伦比亚运动户外商品544|李宁运动户外商品543
772,U001228,0.3543,0.323807,高意向,家居家装,爆款高转化池,P000883|P000221|P001102|P001151|P001129,顾家家居家居家装商品927|曲美家居家装商品318|马可波罗家居家装商品703|宜家家居家装商品838|曲美家居家装商品570
773,U003987,0.3543,0.237527,高意向,医药保健,爆款高转化池,P000094|P001052|P001079|P000375|P000355,钙尔奇医药保健商品391|钙尔奇医药保健商品186|九芝堂医药保健商品943|东阿阿胶医药保健商品523|云南白药医药保健商品473
774,U000305,0.3542,0.300745,高意向,图书音像,爆款高转化池,P001182|P000992|P001207|P001242|P001223,当当图书音像商品607|人民邮电出版社图书音像商品329|京东图书图书音像商品505|人民邮电出版社图书音像商品170|京东图书图书音像商品628
775,U002571,0.3542,0.254627,高意向,礼品鲜花,爆款高转化池,P001016|P000831|P001489|P000018|P001157,野兽派礼品鲜花商品306|Roseonly礼品鲜花商品580|诺誓礼品鲜花商品189|诺誓礼品鲜花商品463|施华洛世奇礼品鲜花商品442
776,U003879,0.3541,0.31709,高意向,医药保健,爆款高转化池,P000094|P001052|P001079|P000375|P000355,钙尔奇医药保健商品391|钙尔奇医药保健商品186|九芝堂医药保健商品943|东阿阿胶医药保健商品523|云南白药医药保健商品473
777,U005000,0.3541,0.26562,高意向,美妆护肤,爆款高转化池,P000532|P000773|P000947|P000971|P001402,珀莱雅美妆护肤商品523|自然堂美妆护肤商品332|珀莱雅美妆护肤商品976|SK-II美妆护肤商品867|珀莱雅美妆护肤商品932
778,U001878,0.354,0.274055,高意向,珠宝首饰,爆款高转化池,P000538|P000126|P001784|P000192|P000551,老凤祥珠宝首饰商品443|周生生珠宝首饰商品232|老凤祥珠宝首饰商品799|老凤祥珠宝首饰商品808|老凤祥珠宝首饰商品566
779,U002625,0.3536,0.323424,高意向,服装鞋包,爆款高转化池,P001734|P001740|P001694|P000314|P000970,ZARA服装鞋包商品462|耐克服装鞋包商品217|优衣库服装鞋包商品426|耐克服装鞋包商品620|海澜之家服装鞋包商品195
780,U004418,0.3536,0.329676,高意向,医药保健,爆款高转化池,P000094|P001052|P001079|P000375|P000355,钙尔奇医药保健商品391|钙尔奇医药保健商品186|九芝堂医药保健商品943|东阿阿胶医药保健商品523|云南白药医药保健商品473
781,U004824,0.3536,0.3177,高意向,图书音像,爆款高转化池,P001182|P000992|P001207|P001242|P001223,当当图书音像商品607|人民邮电出版社图书音像商品329|京东图书图书音像商品505|人民邮电出版社图书音像商品170|京东图书图书音像商品628
782,U003195,0.3535,0.240564,高意向,汽车用品,爆款高转化池,P001927|P001490|P000410|P001675|P000547,米其林汽车用品商品720|壳牌汽车用品商品142|固特异汽车用品商品584|3M汽车用品商品220|卡仕达汽车用品商品137
783,U003321,0.3535,0.29884,高意向,宠物用品,爆款高转化池,P000750|P000035|P001710|P000996|P000462,冠能宠物用品商品494|皇家宠物用品商品286|网易严选宠物用品商品732|麦富迪宠物用品商品635|冠能宠物用品商品709
784,U000935,0.3534,0.317315,高意向,家用电器,爆款高转化池,P000904|P000206|P000946|P001013|P000285,格力家用电器商品379|美的家用电器商品467|松下家用电器商品394|海尔家用电器商品408|格力家用电器商品762
785,U003054,0.3533,0.234813,高意向,礼品鲜花,爆款高转化池,P001016|P000831|P001489|P000018|P001157,野兽派礼品鲜花商品306|Roseonly礼品鲜花商品580|诺誓礼品鲜花商品189|诺誓礼品鲜花商品463|施华洛世奇礼品鲜花商品442
786,U003340,0.3532,0.298028,高意向,食品生鲜,爆款高转化池,P000080|P001955|P000818|P001304|P001988,伊利食品生鲜商品963|百草味食品生鲜商品833|金龙鱼食品生鲜商品198|五粮液食品生鲜商品181|良品铺子食品生鲜商品482
787,U004234,0.3532,0.321537,高意向,食品生鲜,爆款高转化池,P000080|P001955|P000818|P001304|P001988,伊利食品生鲜商品963|百草味食品生鲜商品833|金龙鱼食品生鲜商品198|五粮液食品生鲜商品181|良品铺子食品生鲜商品482
788,U004850,0.3532,0.245725,高意向,家居家装,爆款高转化池,P000883|P000221|P001102|P001151|P001129,顾家家居家居家装商品927|曲美家居家装商品318|马可波罗家居家装商品703|宜家家居家装商品838|曲美家居家装商品570
789,U002147,0.3531,0.22798,高意向,箱包配饰,爆款高转化池,P000784|P000262|P001766|P000070|P001698,LV箱包配饰商品872|瑞士军威箱包配饰商品369|MK箱包配饰商品997|新秀丽箱包配饰商品905|外交官箱包配饰商品687
790,U003844,0.3531,0.32261,高意向,手机数码,爆款高转化池,P000808|P001509|P000688|P000498|P001082,华为手机数码商品883|三星手机数码商品747|华为手机数码商品474|三星手机数码商品800|小米手机数码商品672
791,U004087,0.3531,0.319626,高意向,图书音像,爆款高转化池,P001182|P000992|P001207|P001242|P001223,当当图书音像商品607|人民邮电出版社图书音像商品329|京东图书图书音像商品505|人民邮电出版社图书音像商品170|京东图书图书音像商品628
792,U002747,0.353,0.263449,高意向,运动户外,爆款高转化池,P001787|P001427|P000783|P000134|P000168,361度运动户外商品484|骆驼运动户外商品702|哥伦比亚运动户外商品762|哥伦比亚运动户外商品544|李宁运动户外商品543
793,U003220,0.3529,0.319326,高意向,食品生鲜,爆款高转化池,P000080|P001955|P000818|P001304|P001988,伊利食品生鲜商品963|百草味食品生鲜商品833|金龙鱼食品生鲜商品198|五粮液食品生鲜商品181|良品铺子食品生鲜商品482
794,U002581,0.3528,0.306185,高意向,家居家装,爆款高转化池,P000883|P000221|P001102|P001151|P001129,顾家家居家居家装商品927|曲美家居家装商品318|马可波罗家居家装商品703|宜家家居家装商品838|曲美家居家装商品570
795,U003917,0.3528,0.244216,高意向,珠宝首饰,爆款高转化池,P000538|P000126|P001784|P000192|P000551,老凤祥珠宝首饰商品443|周生生珠宝首饰商品232|老凤祥珠宝首饰商品799|老凤祥珠宝首饰商品808|老凤祥珠宝首饰商品566
796,U003347,0.3526,0.32025,高意向,家居家装,爆款高转化池,P000883|P000221|P001102|P001151|P001129,顾家家居家居家装商品927|曲美家居家装商品318|马可波罗家居家装商品703|宜家家居家装商品838|曲美家居家装商品570
797,U004216,0.3526,0.237397,高意向,箱包配饰,爆款高转化池,P000784|P000262|P001766|P000070|P001698,LV箱包配饰商品872|瑞士军威箱包配饰商品369|MK箱包配饰商品997|新秀丽箱包配饰商品905|外交官箱包配饰商品687
798,U003790,0.3525,0.242379,高意向,礼品鲜花,爆款高转化池,P001016|P000831|P001489|P000018|P001157,野兽派礼品鲜花商品306|Roseonly礼品鲜花商品580|诺誓礼品鲜花商品189|诺誓礼品鲜花商品463|施华洛世奇礼品鲜花商品442
799,U001077,0.3524,0.316627,高意向,美妆护肤,爆款高转化池,P000532|P000773|P000947|P000971|P001402,珀莱雅美妆护肤商品523|自然堂美妆护肤商品332|珀莱雅美妆护肤商品976|SK-II美妆护肤商品867|珀莱雅美妆护肤商品932
800,U003225,0.3524,0.310932,高意向,美妆护肤,爆款高转化池,P000532|P000773|P000947|P000971|P001402,珀莱雅美妆护肤商品523|自然堂美妆护肤商品332|珀莱雅美妆护肤商品976|SK-II美妆护肤商品867|珀莱雅美妆护肤商品932
801,U004357,0.3524,0.316673,高意向,珠宝首饰,爆款高转化池,P000538|P000126|P001784|P000192|P000551,老凤祥珠宝首饰商品443|周生生珠宝首饰商品232|老凤祥珠宝首饰商品799|老凤祥珠宝首饰商品808|老凤祥珠宝首饰商品566
802,U003936,0.3523,0.313018,高意向,礼品鲜花,爆款高转化池,P001016|P000831|P001489|P000018|P001157,野兽派礼品鲜花商品306|Roseonly礼品鲜花商品580|诺誓礼品鲜花商品189|诺誓礼品鲜花商品463|施华洛世奇礼品鲜花商品442
803,U000970,0.3521,0.245777,高意向,美妆护肤,爆款高转化池,P000532|P000773|P000947|P000971|P001402,珀莱雅美妆护肤商品523|自然堂美妆护肤商品332|珀莱雅美妆护肤商品976|SK-II美妆护肤商品867|珀莱雅美妆护肤商品932
804,U003513,0.3521,0.31041,高意向,运动户外,爆款高转化池,P001787|P001427|P000783|P000134|P000168,361度运动户外商品484|骆驼运动户外商品702|哥伦比亚运动户外商品762|哥伦比亚运动户外商品544|李宁运动户外商品543
805,U002052,0.352,0.305302,高意向,母婴用品,爆款高转化池,P000923|P001341|P001282|P000310|P000627,贝因美母婴用品商品502|花王母婴用品商品597|花王母婴用品商品885|强生母婴用品商品283|帮宝适母婴用品商品545
806,U002500,0.352,0.307009,高意向,家居家装,爆款高转化池,P000883|P000221|P001102|P001151|P001129,顾家家居家居家装商品927|曲美家居家装商品318|马可波罗家居家装商品703|宜家家居家装商品838|曲美家居家装商品570
807,U001219,0.3519,0.320804,高意向,食品生鲜,爆款高转化池,P000080|P001955|P000818|P001304|P001988,伊利食品生鲜商品963|百草味食品生鲜商品833|金龙鱼食品生鲜商品198|五粮液食品生鲜商品181|良品铺子食品生鲜商品482
808,U003523,0.3519,0.317009,高意向,运动户外,爆款高转化池,P001787|P001427|P000783|P000134|P000168,361度运动户外商品484|骆驼运动户外商品702|哥伦比亚运动户外商品762|哥伦比亚运动户外商品544|李宁运动户外商品543
809,U004862,0.3519,0.238161,高意向,医药保健,爆款高转化池,P000094|P001052|P001079|P000375|P000355,钙尔奇医药保健商品391|钙尔奇医药保健商品186|九芝堂医药保健商品943|东阿阿胶医药保健商品523|云南白药医药保健商品473
810,U000552,0.3518,0.266543,高意向,服装鞋包,爆款高转化池,P001734|P001740|P001694|P000314|P000970,ZARA服装鞋包商品462|耐克服装鞋包商品217|优衣库服装鞋包商品426|耐克服装鞋包商品620|海澜之家服装鞋包商品195
811,U000402,0.3517,0.307368,高意向,箱包配饰,爆款高转化池,P000784|P000262|P001766|P000070|P001698,LV箱包配饰商品872|瑞士军威箱包配饰商品369|MK箱包配饰商品997|新秀丽箱包配饰商品905|外交官箱包配饰商品687
812,U003053,0.3517,0.315917,高意向,家居家装,爆款高转化池,P000883|P000221|P001102|P001151|P001129,顾家家居家居家装商品927|曲美家居家装商品318|马可波罗家居家装商品703|宜家家居家装商品838|曲美家居家装商品570
813,U001677,0.3514,0.296661,高意向,珠宝首饰,爆款高转化池,P000538|P000126|P001784|P000192|P000551,老凤祥珠宝首饰商品443|周生生珠宝首饰商品232|老凤祥珠宝首饰商品799|老凤祥珠宝首饰商品808|老凤祥珠宝首饰商品566
814,U000793,0.3513,0.311818,高意向,珠宝首饰,爆款高转化池,P000538|P000126|P001784|P000192|P000551,老凤祥珠宝首饰商品443|周生生珠宝首饰商品232|老凤祥珠宝首饰商品799|老凤祥珠宝首饰商品808|老凤祥珠宝首饰商品566
815,U001402,0.3512,0.318647,高意向,家居家装,爆款高转化池,P000883|P000221|P001102|P001151|P001129,顾家家居家居家装商品927|曲美家居家装商品318|马可波罗家居家装商品703|宜家家居家装商品838|曲美家居家装商品570
816,U001756,0.3512,0.246795,高意向,汽车用品,爆款高转化池,P001927|P001490|P000410|P001675|P000547,米其林汽车用品商品720|壳牌汽车用品商品142|固特异汽车用品商品584|3M汽车用品商品220|卡仕达汽车用品商品137
817,U002220,0.3512,0.30906,高意向,家用电器,爆款高转化池,P000904|P000206|P000946|P001013|P000285,格力家用电器商品379|美的家用电器商品467|松下家用电器商品394|海尔家用电器商品408|格力家用电器商品762
818,U002373,0.351,0.254231,高意向,图书音像,爆款高转化池,P001182|P000992|P001207|P001242|P001223,当当图书音像商品607|人民邮电出版社图书音像商品329|京东图书图书音像商品505|人民邮电出版社图书音像商品170|京东图书图书音像商品628
819,U003040,0.351,0.232758,高意向,箱包配饰,爆款高转化池,P000784|P000262|P001766|P000070|P001698,LV箱包配饰商品872|瑞士军威箱包配饰商品369|MK箱包配饰商品997|新秀丽箱包配饰商品905|外交官箱包配饰商品687
820,U000830,0.3508,0.254911,高意向,服装鞋包,爆款高转化池,P001734|P001740|P001694|P000314|P000970,ZARA服装鞋包商品462|耐克服装鞋包商品217|优衣库服装鞋包商品426|耐克服装鞋包商品620|海澜之家服装鞋包商品195
821,U002014,0.3506,0.318035,高意向,箱包配饰,爆款高转化池,P000784|P000262|P001766|P000070|P001698,LV箱包配饰商品872|瑞士军威箱包配饰商品369|MK箱包配饰商品997|新秀丽箱包配饰商品905|外交官箱包配饰商品687
822,U002061,0.3506,0.300292,高意向,手机数码,爆款高转化池,P000808|P001509|P000688|P000498|P001082,华为手机数码商品883|三星手机数码商品747|华为手机数码商品474|三星手机数码商品800|小米手机数码商品672
823,U003141,0.3506,0.307599,高意向,母婴用品,爆款高转化池,P000923|P001341|P001282|P000310|P000627,贝因美母婴用品商品502|花王母婴用品商品597|花王母婴用品商品885|强生母婴用品商品283|帮宝适母婴用品商品545
824,U003096,0.3505,0.253663,高意向,服装鞋包,爆款高转化池,P001734|P001740|P001694|P000314|P000970,ZARA服装鞋包商品462|耐克服装鞋包商品217|优衣库服装鞋包商品426|耐克服装鞋包商品620|海澜之家服装鞋包商品195
825,U004147,0.3505,0.320568,高意向,食品生鲜,爆款高转化池,P000080|P001955|P000818|P001304|P001988,伊利食品生鲜商品963|百草味食品生鲜商品833|金龙鱼食品生鲜商品198|五粮液食品生鲜商品181|良品铺子食品生鲜商品482
826,U000321,0.3504,0.291672,高意向,宠物用品,爆款高转化池,P000750|P000035|P001710|P000996|P000462,冠能宠物用品商品494|皇家宠物用品商品286|网易严选宠物用品商品732|麦富迪宠物用品商品635|冠能宠物用品商品709
827,U001036,0.3503,0.31021,高意向,图书音像,爆款高转化池,P001182|P000992|P001207|P001242|P001223,当当图书音像商品607|人民邮电出版社图书音像商品329|京东图书图书音像商品505|人民邮电出版社图书音像商品170|京东图书图书音像商品628
828,U000337,0.3502,0.318248,高意向,美妆护肤,爆款高转化池,P000532|P000773|P000947|P000971|P001402,珀莱雅美妆护肤商品523|自然堂美妆护肤商品332|珀莱雅美妆护肤商品976|SK-II美妆护肤商品867|珀莱雅美妆护肤商品932
829,U003771,0.3502,0.243252,高意向,礼品鲜花,爆款高转化池,P001016|P000831|P001489|P000018|P001157,野兽派礼品鲜花商品306|Roseonly礼品鲜花商品580|诺誓礼品鲜花商品189|诺誓礼品鲜花商品463|施华洛世奇礼品鲜花商品442
830,U004618,0.3502,0.321607,高意向,食品生鲜,爆款高转化池,P000080|P001955|P000818|P001304|P001988,伊利食品生鲜商品963|百草味食品生鲜商品833|金龙鱼食品生鲜商品198|五粮液食品生鲜商品181|良品铺子食品生鲜商品482
831,U001646,0.3501,0.306198,高意向,医药保健,爆款高转化池,P000094|P001052|P001079|P000375|P000355,钙尔奇医药保健商品391|钙尔奇医药保健商品186|九芝堂医药保健商品943|东阿阿胶医药保健商品523|云南白药医药保健商品473
832,U004582,0.3501,0.254094,高意向,运动户外,爆款高转化池,P001787|P001427|P000783|P000134|P000168,361度运动户外商品484|骆驼运动户外商品702|哥伦比亚运动户外商品762|哥伦比亚运动户外商品544|李宁运动户外商品543
833,U004979,0.3501,0.317179,高意向,运动户外,爆款高转化池,P001787|P001427|P000783|P000134|P000168,361度运动户外商品484|骆驼运动户外商品702|哥伦比亚运动户外商品762|哥伦比亚运动户外商品544|李宁运动户外商品543
834,U000012,0.3498,0.32713,高意向,服装鞋包,爆款高转化池,P001734|P001740|P001694|P000314|P000970,ZARA服装鞋包商品462|耐克服装鞋包商品217|优衣库服装鞋包商品426|耐克服装鞋包商品620|海澜之家服装鞋包商品195
835,U000880,0.3498,0.258996,高意向,手机数码,爆款高转化池,P000808|P001509|P000688|P000498|P001082,华为手机数码商品883|三星手机数码商品747|华为手机数码商品474|三星手机数码商品800|小米手机数码商品672
836,U001831,0.3498,0.297867,高意向,珠宝首饰,爆款高转化池,P000538|P000126|P001784|P000192|P000551,老凤祥珠宝首饰商品443|周生生珠宝首饰商品232|老凤祥珠宝首饰商品799|老凤祥珠宝首饰商品808|老凤祥珠宝首饰商品566
837,U004225,0.3498,0.317409,高意向,手机数码,爆款高转化池,P000808|P001509|P000688|P000498|P001082,华为手机数码商品883|三星手机数码商品747|华为手机数码商品474|三星手机数码商品800|小米手机数码商品672
838,U002447,0.3497,0.308482,高意向,家居家装,爆款高转化池,P000883|P000221|P001102|P001151|P001129,顾家家居家居家装商品927|曲美家居家装商品318|马可波罗家居家装商品703|宜家家居家装商品838|曲美家居家装商品570
839,U002760,0.3497,0.307928,高意向,美妆护肤,爆款高转化池,P000532|P000773|P000947|P000971|P001402,珀莱雅美妆护肤商品523|自然堂美妆护肤商品332|珀莱雅美妆护肤商品976|SK-II美妆护肤商品867|珀莱雅美妆护肤商品932
840,U002607,0.3496,0.315539,高意向,家居家装,爆款高转化池,P000883|P000221|P001102|P001151|P001129,顾家家居家居家装商品927|曲美家居家装商品318|马可波罗家居家装商品703|宜家家居家装商品838|曲美家居家装商品570
841,U004115,0.3496,0.31072,高意向,医药保健,爆款高转化池,P000094|P001052|P001079|P000375|P000355,钙尔奇医药保健商品391|钙尔奇医药保健商品186|九芝堂医药保健商品943|东阿阿胶医药保健商品523|云南白药医药保健商品473
842,U000078,0.3495,0.304806,高意向,珠宝首饰,爆款高转化池,P000538|P000126|P001784|P000192|P000551,老凤祥珠宝首饰商品443|周生生珠宝首饰商品232|老凤祥珠宝首饰商品799|老凤祥珠宝首饰商品808|老凤祥珠宝首饰商品566
843,U002060,0.3495,0.251904,高意向,母婴用品,爆款高转化池,P000923|P001341|P001282|P000310|P000627,贝因美母婴用品商品502|花王母婴用品商品597|花王母婴用品商品885|强生母婴用品商品283|帮宝适母婴用品商品545
844,U004248,0.3495,0.240074,高意向,家用电器,爆款高转化池,P000904|P000206|P000946|P001013|P000285,格力家用电器商品379|美的家用电器商品467|松下家用电器商品394|海尔家用电器商品408|格力家用电器商品762
845,U000047,0.3494,0.319723,高意向,运动户外,爆款高转化池,P001787|P001427|P000783|P000134|P000168,361度运动户外商品484|骆驼运动户外商品702|哥伦比亚运动户外商品762|哥伦比亚运动户外商品544|李宁运动户外商品543
846,U000446,0.3494,0.235059,高意向,汽车用品,爆款高转化池,P001927|P001490|P000410|P001675|P000547,米其林汽车用品商品720|壳牌汽车用品商品142|固特异汽车用品商品584|3M汽车用品商品220|卡仕达汽车用品商品137
847,U001326,0.3493,0.317061,高意向,食品生鲜,爆款高转化池,P000080|P001955|P000818|P001304|P001988,伊利食品生鲜商品963|百草味食品生鲜商品833|金龙鱼食品生鲜商品198|五粮液食品生鲜商品181|良品铺子食品生鲜商品482
848,U002117,0.3493,0.30008,高意向,食品生鲜,爆款高转化池,P000080|P001955|P000818|P001304|P001988,伊利食品生鲜商品963|百草味食品生鲜商品833|金龙鱼食品生鲜商品198|五粮液食品生鲜商品181|良品铺子食品生鲜商品482
849,U003629,0.3493,0.26279,高意向,医药保健,爆款高转化池,P000094|P001052|P001079|P000375|P000355,钙尔奇医药保健商品391|钙尔奇医药保健商品186|九芝堂医药保健商品943|东阿阿胶医药保健商品523|云南白药医药保健商品473
850,U003990,0.3493,0.325327,高意向,医药保健,爆款高转化池,P000094|P001052|P001079|P000375|P000355,钙尔奇医药保健商品391|钙尔奇医药保健商品186|九芝堂医药保健商品943|东阿阿胶医药保健商品523|云南白药医药保健商品473
851,U003016,0.3492,0.302188,高意向,汽车用品,爆款高转化池,P001927|P001490|P000410|P001675|P000547,米其林汽车用品商品720|壳牌汽车用品商品142|固特异汽车用品商品584|3M汽车用品商品220|卡仕达汽车用品商品137
852,U004821,0.3492,0.314196,高意向,汽车用品,爆款高转化池,P001927|P001490|P000410|P001675|P000547,米其林汽车用品商品720|壳牌汽车用品商品142|固特异汽车用品商品584|3M汽车用品商品220|卡仕达汽车用品商品137
853,U001965,0.3491,0.321776,高意向,医药保健,爆款高转化池,P000094|P001052|P001079|P000375|P000355,钙尔奇医药保健商品391|钙尔奇医药保健商品186|九芝堂医药保健商品943|东阿阿胶医药保健商品523|云南白药医药保健商品473
854,U002652,0.3491,0.314222,高意向,医药保健,爆款高转化池,P000094|P001052|P001079|P000375|P000355,钙尔奇医药保健商品391|钙尔奇医药保健商品186|九芝堂医药保健商品943|东阿阿胶医药保健商品523|云南白药医药保健商品473
855,U003687,0.3491,0.228389,高意向,母婴用品,爆款高转化池,P000923|P001341|P001282|P000310|P000627,贝因美母婴用品商品502|花王母婴用品商品597|花王母婴用品商品885|强生母婴用品商品283|帮宝适母婴用品商品545
856,U004920,0.3491,0.304255,高意向,汽车用品,爆款高转化池,P001927|P001490|P000410|P001675|P000547,米其林汽车用品商品720|壳牌汽车用品商品142|固特异汽车用品商品584|3M汽车用品商品220|卡仕达汽车用品商品137
857,U002025,0.3489,0.246952,高意向,箱包配饰,爆款高转化池,P000784|P000262|P001766|P000070|P001698,LV箱包配饰商品872|瑞士军威箱包配饰商品369|MK箱包配饰商品997|新秀丽箱包配饰商品905|外交官箱包配饰商品687
858,U002337,0.3489,0.323147,高意向,箱包配饰,爆款高转化池,P000784|P000262|P001766|P000070|P001698,LV箱包配饰商品872|瑞士军威箱包配饰商品369|MK箱包配饰商品997|新秀丽箱包配饰商品905|外交官箱包配饰商品687
859,U001667,0.3488,0.268575,高意向,宠物用品,爆款高转化池,P000750|P000035|P001710|P000996|P000462,冠能宠物用品商品494|皇家宠物用品商品286|网易严选宠物用品商品732|麦富迪宠物用品商品635|冠能宠物用品商品709
860,U002384,0.3488,0.300534,高意向,汽车用品,爆款高转化池,P001927|P001490|P000410|P001675|P000547,米其林汽车用品商品720|壳牌汽车用品商品142|固特异汽车用品商品584|3M汽车用品商品220|卡仕达汽车用品商品137
861,U003079,0.3487,0.246777,高意向,汽车用品,爆款高转化池,P001927|P001490|P000410|P001675|P000547,米其林汽车用品商品720|壳牌汽车用品商品142|固特异汽车用品商品584|3M汽车用品商品220|卡仕达汽车用品商品137
862,U000603,0.3486,0.249685,高意向,家用电器,爆款高转化池,P000904|P000206|P000946|P001013|P000285,格力家用电器商品379|美的家用电器商品467|松下家用电器商品394|海尔家用电器商品408|格力家用电器商品762
863,U004939,0.3485,0.320803,高意向,运动户外,爆款高转化池,P001787|P001427|P000783|P000134|P000168,361度运动户外商品484|骆驼运动户外商品702|哥伦比亚运动户外商品762|哥伦比亚运动户外商品544|李宁运动户外商品543
864,U000631,0.3484,0.305163,高意向,汽车用品,爆款高转化池,P001927|P001490|P000410|P001675|P000547,米其林汽车用品商品720|壳牌汽车用品商品142|固特异汽车用品商品584|3M汽车用品商品220|卡仕达汽车用品商品137
865,U001804,0.3484,0.248989,高意向,母婴用品,爆款高转化池,P000923|P001341|P001282|P000310|P000627,贝因美母婴用品商品502|花王母婴用品商品597|花王母婴用品商品885|强生母婴用品商品283|帮宝适母婴用品商品545
866,U003219,0.3483,0.324248,高意向,箱包配饰,爆款高转化池,P000784|P000262|P001766|P000070|P001698,LV箱包配饰商品872|瑞士军威箱包配饰商品369|MK箱包配饰商品997|新秀丽箱包配饰商品905|外交官箱包配饰商品687
867,U003433,0.3483,0.308715,高意向,汽车用品,爆款高转化池,P001927|P001490|P000410|P001675|P000547,米其林汽车用品商品720|壳牌汽车用品商品142|固特异汽车用品商品584|3M汽车用品商品220|卡仕达汽车用品商品137
868,U000344,0.3482,0.31689,高意向,珠宝首饰,爆款高转化池,P000538|P000126|P001784|P000192|P000551,老凤祥珠宝首饰商品443|周生生珠宝首饰商品232|老凤祥珠宝首饰商品799|老凤祥珠宝首饰商品808|老凤祥珠宝首饰商品566
869,U001224,0.3482,0.306728,高意向,家用电器,爆款高转化池,P000904|P000206|P000946|P001013|P000285,格力家用电器商品379|美的家用电器商品467|松下家用电器商品394|海尔家用电器商品408|格力家用电器商品762
870,U002836,0.3482,0.255554,高意向,箱包配饰,爆款高转化池,P000784|P000262|P001766|P000070|P001698,LV箱包配饰商品872|瑞士军威箱包配饰商品369|MK箱包配饰商品997|新秀丽箱包配饰商品905|外交官箱包配饰商品687
871,U001353,0.3481,0.307943,高意向,家居家装,爆款高转化池,P000883|P000221|P001102|P001151|P001129,顾家家居家居家装商品927|曲美家居家装商品318|马可波罗家居家装商品703|宜家家居家装商品838|曲美家居家装商品570
872,U004475,0.3481,0.322809,高意向,汽车用品,爆款高转化池,P001927|P001490|P000410|P001675|P000547,米其林汽车用品商品720|壳牌汽车用品商品142|固特异汽车用品商品584|3M汽车用品商品220|卡仕达汽车用品商品137
873,U000190,0.348,0.319309,高意向,宠物用品,爆款高转化池,P000750|P000035|P001710|P000996|P000462,冠能宠物用品商品494|皇家宠物用品商品286|网易严选宠物用品商品732|麦富迪宠物用品商品635|冠能宠物用品商品709
874,U001832,0.348,0.223868,高意向,服装鞋包,爆款高转化池,P001734|P001740|P001694|P000314|P000970,ZARA服装鞋包商品462|耐克服装鞋包商品217|优衣库服装鞋包商品426|耐克服装鞋包商品620|海澜之家服装鞋包商品195
875,U003649,0.348,0.304553,高意向,美妆护肤,爆款高转化池,P000532|P000773|P000947|P000971|P001402,珀莱雅美妆护肤商品523|自然堂美妆护肤商品332|珀莱雅美妆护肤商品976|SK-II美妆护肤商品867|珀莱雅美妆护肤商品932
876,U000612,0.3479,0.253289,高意向,服装鞋包,爆款高转化池,P001734|P001740|P001694|P000314|P000970,ZARA服装鞋包商品462|耐克服装鞋包商品217|优衣库服装鞋包商品426|耐克服装鞋包商品620|海澜之家服装鞋包商品195
877,U004242,0.3478,0.323289,高意向,美妆护肤,爆款高转化池,P000532|P000773|P000947|P000971|P001402,珀莱雅美妆护肤商品523|自然堂美妆护肤商品332|珀莱雅美妆护肤商品976|SK-II美妆护肤商品867|珀莱雅美妆护肤商品932
878,U004318,0.3477,0.311475,高意向,医药保健,爆款高转化池,P000094|P001052|P001079|P000375|P000355,钙尔奇医药保健商品391|钙尔奇医药保健商品186|九芝堂医药保健商品943|东阿阿胶医药保健商品523|云南白药医药保健商品473
879,U001783,0.3476,0.232292,高意向,手机数码,爆款高转化池,P000808|P001509|P000688|P000498|P001082,华为手机数码商品883|三星手机数码商品747|华为手机数码商品474|三星手机数码商品800|小米手机数码商品672
880,U001984,0.3476,0.246731,高意向,家居家装,爆款高转化池,P000883|P000221|P001102|P001151|P001129,顾家家居家居家装商品927|曲美家居家装商品318|马可波罗家居家装商品703|宜家家居家装商品838|曲美家居家装商品570
881,U002120,0.3476,0.251985,高意向,礼品鲜花,爆款高转化池,P001016|P000831|P001489|P000018|P001157,野兽派礼品鲜花商品306|Roseonly礼品鲜花商品580|诺誓礼品鲜花商品189|诺誓礼品鲜花商品463|施华洛世奇礼品鲜花商品442
882,U001100,0.3475,0.304412,高意向,美妆护肤,爆款高转化池,P000532|P000773|P000947|P000971|P001402,珀莱雅美妆护肤商品523|自然堂美妆护肤商品332|珀莱雅美妆护肤商品976|SK-II美妆护肤商品867|珀莱雅美妆护肤商品932
883,U001217,0.3475,0.313159,高意向,食品生鲜,爆款高转化池,P000080|P001955|P000818|P001304|P001988,伊利食品生鲜商品963|百草味食品生鲜商品833|金龙鱼食品生鲜商品198|五粮液食品生鲜商品181|良品铺子食品生鲜商品482
884,U001809,0.3475,0.309276,高意向,图书音像,爆款高转化池,P001182|P000992|P001207|P001242|P001223,当当图书音像商品607|人民邮电出版社图书音像商品329|京东图书图书音像商品505|人民邮电出版社图书音像商品170|京东图书图书音像商品628
885,U000997,0.3474,0.232247,高意向,美妆护肤,爆款高转化池,P000532|P000773|P000947|P000971|P001402,珀莱雅美妆护肤商品523|自然堂美妆护肤商品332|珀莱雅美妆护肤商品976|SK-II美妆护肤商品867|珀莱雅美妆护肤商品932
886,U001090,0.3473,0.314522,高意向,汽车用品,爆款高转化池,P001927|P001490|P000410|P001675|P000547,米其林汽车用品商品720|壳牌汽车用品商品142|固特异汽车用品商品584|3M汽车用品商品220|卡仕达汽车用品商品137
887,U002712,0.3473,0.302292,高意向,宠物用品,爆款高转化池,P000750|P000035|P001710|P000996|P000462,冠能宠物用品商品494|皇家宠物用品商品286|网易严选宠物用品商品732|麦富迪宠物用品商品635|冠能宠物用品商品709
888,U001970,0.3472,0.312579,高意向,美妆护肤,爆款高转化池,P000532|P000773|P000947|P000971|P001402,珀莱雅美妆护肤商品523|自然堂美妆护肤商品332|珀莱雅美妆护肤商品976|SK-II美妆护肤商品867|珀莱雅美妆护肤商品932
889,U003932,0.3472,0.192939,高意向,汽车用品,爆款高转化池,P001927|P001490|P000410|P001675|P000547,米其林汽车用品商品720|壳牌汽车用品商品142|固特异汽车用品商品584|3M汽车用品商品220|卡仕达汽车用品商品137
890,U000087,0.3471,0.30791,高意向,箱包配饰,爆款高转化池,P000784|P000262|P001766|P000070|P001698,LV箱包配饰商品872|瑞士军威箱包配饰商品369|MK箱包配饰商品997|新秀丽箱包配饰商品905|外交官箱包配饰商品687
891,U001247,0.3471,0.319533,高意向,图书音像,爆款高转化池,P001182|P000992|P001207|P001242|P001223,当当图书音像商品607|人民邮电出版社图书音像商品329|京东图书图书音像商品505|人民邮电出版社图书音像商品170|京东图书图书音像商品628
892,U001876,0.3471,0.307697,高意向,食品生鲜,爆款高转化池,P000080|P001955|P000818|P001304|P001988,伊利食品生鲜商品963|百草味食品生鲜商品833|金龙鱼食品生鲜商品198|五粮液食品生鲜商品181|良品铺子食品生鲜商品482
893,U002140,0.3471,0.315412,高意向,医药保健,爆款高转化池,P000094|P001052|P001079|P000375|P000355,钙尔奇医药保健商品391|钙尔奇医药保健商品186|九芝堂医药保健商品943|东阿阿胶医药保健商品523|云南白药医药保健商品473
894,U002514,0.3471,0.306907,高意向,运动户外,爆款高转化池,P001787|P001427|P000783|P000134|P000168,361度运动户外商品484|骆驼运动户外商品702|哥伦比亚运动户外商品762|哥伦比亚运动户外商品544|李宁运动户外商品543
895,U002753,0.3467,0.312613,高意向,家居家装,爆款高转化池,P000883|P000221|P001102|P001151|P001129,顾家家居家居家装商品927|曲美家居家装商品318|马可波罗家居家装商品703|宜家家居家装商品838|曲美家居家装商品570
896,U002908,0.3467,0.256771,高意向,服装鞋包,爆款高转化池,P001734|P001740|P001694|P000314|P000970,ZARA服装鞋包商品462|耐克服装鞋包商品217|优衣库服装鞋包商品426|耐克服装鞋包商品620|海澜之家服装鞋包商品195
897,U004109,0.3467,0.30854,高意向,食品生鲜,爆款高转化池,P000080|P001955|P000818|P001304|P001988,伊利食品生鲜商品963|百草味食品生鲜商品833|金龙鱼食品生鲜商品198|五粮液食品生鲜商品181|良品铺子食品生鲜商品482
898,U004976,0.3467,0.237578,高意向,服装鞋包,爆款高转化池,P001734|P001740|P001694|P000314|P000970,ZARA服装鞋包商品462|耐克服装鞋包商品217|优衣库服装鞋包商品426|耐克服装鞋包商品620|海澜之家服装鞋包商品195
899,U003633,0.3464,0.299573,高意向,食品生鲜,爆款高转化池,P000080|P001955|P000818|P001304|P001988,伊利食品生鲜商品963|百草味食品生鲜商品833|金龙鱼食品生鲜商品198|五粮液食品生鲜商品181|良品铺子食品生鲜商品482
900,U000090,0.3463,0.296729,高意向,汽车用品,爆款高转化池,P001927|P001490|P000410|P001675|P000547,米其林汽车用品商品720|壳牌汽车用品商品142|固特异汽车用品商品584|3M汽车用品商品220|卡仕达汽车用品商品137
901,U002098,0.3463,0.307776,高意向,家居家装,爆款高转化池,P000883|P000221|P001102|P001151|P001129,顾家家居家居家装商品927|曲美家居家装商品318|马可波罗家居家装商品703|宜家家居家装商品838|曲美家居家装商品570
902,U002521,0.3461,0.310562,高意向,礼品鲜花,爆款高转化池,P001016|P000831|P001489|P000018|P001157,野兽派礼品鲜花商品306|Roseonly礼品鲜花商品580|诺誓礼品鲜花商品189|诺誓礼品鲜花商品463|施华洛世奇礼品鲜花商品442
903,U003232,0.3461,0.239283,高意向,礼品鲜花,爆款高转化池,P001016|P000831|P001489|P000018|P001157,野兽派礼品鲜花商品306|Roseonly礼品鲜花商品580|诺誓礼品鲜花商品189|诺誓礼品鲜花商品463|施华洛世奇礼品鲜花商品442
904,U003375,0.3459,0.304529,高意向,箱包配饰,爆款高转化池,P000784|P000262|P001766|P000070|P001698,LV箱包配饰商品872|瑞士军威箱包配饰商品369|MK箱包配饰商品997|新秀丽箱包配饰商品905|外交官箱包配饰商品687
905,U003409,0.3459,0.303404,高意向,家居家装,爆款高转化池,P000883|P000221|P001102|P001151|P001129,顾家家居家居家装商品927|曲美家居家装商品318|马可波罗家居家装商品703|宜家家居家装商品838|曲美家居家装商品570
906,U003578,0.3459,0.304744,高意向,手机数码,爆款高转化池,P000808|P001509|P000688|P000498|P001082,华为手机数码商品883|三星手机数码商品747|华为手机数码商品474|三星手机数码商品800|小米手机数码商品672
907,U002487,0.3458,0.308819,高意向,手机数码,爆款高转化池,P000808|P001509|P000688|P000498|P001082,华为手机数码商品883|三星手机数码商品747|华为手机数码商品474|三星手机数码商品800|小米手机数码商品672
908,U000660,0.3457,0.303026,高意向,宠物用品,爆款高转化池,P000750|P000035|P001710|P000996|P000462,冠能宠物用品商品494|皇家宠物用品商品286|网易严选宠物用品商品732|麦富迪宠物用品商品635|冠能宠物用品商品709
909,U001863,0.3457,0.234207,高意向,珠宝首饰,爆款高转化池,P000538|P000126|P001784|P000192|P000551,老凤祥珠宝首饰商品443|周生生珠宝首饰商品232|老凤祥珠宝首饰商品799|老凤祥珠宝首饰商品808|老凤祥珠宝首饰商品566
910,U002455,0.3457,0.307813,高意向,母婴用品,爆款高转化池,P000923|P001341|P001282|P000310|P000627,贝因美母婴用品商品502|花王母婴用品商品597|花王母婴用品商品885|强生母婴用品商品283|帮宝适母婴用品商品545
911,U003377,0.3457,0.325641,高意向,美妆护肤,爆款高转化池,P000532|P000773|P000947|P000971|P001402,珀莱雅美妆护肤商品523|自然堂美妆护肤商品332|珀莱雅美妆护肤商品976|SK-II美妆护肤商品867|珀莱雅美妆护肤商品932
912,U003319,0.3455,0.311961,高意向,家居家装,爆款高转化池,P000883|P000221|P001102|P001151|P001129,顾家家居家居家装商品927|曲美家居家装商品318|马可波罗家居家装商品703|宜家家居家装商品838|曲美家居家装商品570
913,U001855,0.3454,0.292998,高意向,礼品鲜花,爆款高转化池,P001016|P000831|P001489|P000018|P001157,野兽派礼品鲜花商品306|Roseonly礼品鲜花商品580|诺誓礼品鲜花商品189|诺誓礼品鲜花商品463|施华洛世奇礼品鲜花商品442
914,U002262,0.3454,0.314173,高意向,食品生鲜,爆款高转化池,P000080|P001955|P000818|P001304|P001988,伊利食品生鲜商品963|百草味食品生鲜商品833|金龙鱼食品生鲜商品198|五粮液食品生鲜商品181|良品铺子食品生鲜商品482
915,U002834,0.3453,0.319169,高意向,家居家装,爆款高转化池,P000883|P000221|P001102|P001151|P001129,顾家家居家居家装商品927|曲美家居家装商品318|马可波罗家居家装商品703|宜家家居家装商品838|曲美家居家装商品570
916,U001514,0.3452,0.217923,高意向,运动户外,爆款高转化池,P001787|P001427|P000783|P000134|P000168,361度运动户外商品484|骆驼运动户外商品702|哥伦比亚运动户外商品762|哥伦比亚运动户外商品544|李宁运动户外商品543
917,U001794,0.3452,0.311019,高意向,食品生鲜,爆款高转化池,P000080|P001955|P000818|P001304|P001988,伊利食品生鲜商品963|百草味食品生鲜商品833|金龙鱼食品生鲜商品198|五粮液食品生鲜商品181|良品铺子食品生鲜商品482
918,U003486,0.345,0.229863,高意向,家居家装,爆款高转化池,P000883|P000221|P001102|P001151|P001129,顾家家居家居家装商品927|曲美家居家装商品318|马可波罗家居家装商品703|宜家家居家装商品838|曲美家居家装商品570
919,U003014,0.3449,0.303491,高意向,美妆护肤,爆款高转化池,P000532|P000773|P000947|P000971|P001402,珀莱雅美妆护肤商品523|自然堂美妆护肤商品332|珀莱雅美妆护肤商品976|SK-II美妆护肤商品867|珀莱雅美妆护肤商品932
920,U001192,0.3448,0.312998,高意向,家居家装,爆款高转化池,P000883|P000221|P001102|P001151|P001129,顾家家居家居家装商品927|曲美家居家装商品318|马可波罗家居家装商品703|宜家家居家装商品838|曲美家居家装商品570
921,U002509,0.3448,0.311074,高意向,食品生鲜,爆款高转化池,P000080|P001955|P000818|P001304|P001988,伊利食品生鲜商品963|百草味食品生鲜商品833|金龙鱼食品生鲜商品198|五粮液食品生鲜商品181|良品铺子食品生鲜商品482
922,U004168,0.3448,0.314593,高意向,母婴用品,爆款高转化池,P000923|P001341|P001282|P000310|P000627,贝因美母婴用品商品502|花王母婴用品商品597|花王母婴用品商品885|强生母婴用品商品283|帮宝适母婴用品商品545
923,U003999,0.3447,0.315059,高意向,医药保健,爆款高转化池,P000094|P001052|P001079|P000375|P000355,钙尔奇医药保健商品391|钙尔奇医药保健商品186|九芝堂医药保健商品943|东阿阿胶医药保健商品523|云南白药医药保健商品473
924,U004746,0.3447,0.308492,高意向,家用电器,爆款高转化池,P000904|P000206|P000946|P001013|P000285,格力家用电器商品379|美的家用电器商品467|松下家用电器商品394|海尔家用电器商品408|格力家用电器商品762
925,U004901,0.3447,0.240265,高意向,家居家装,爆款高转化池,P000883|P000221|P001102|P001151|P001129,顾家家居家居家装商品927|曲美家居家装商品318|马可波罗家居家装商品703|宜家家居家装商品838|曲美家居家装商品570
926,U001685,0.3446,0.241556,高意向,运动户外,爆款高转化池,P001787|P001427|P000783|P000134|P000168,361度运动户外商品484|骆驼运动户外商品702|哥伦比亚运动户外商品762|哥伦比亚运动户外商品544|李宁运动户外商品543
927,U003038,0.3445,0.300892,高意向,图书音像,爆款高转化池,P001182|P000992|P001207|P001242|P001223,当当图书音像商品607|人民邮电出版社图书音像商品329|京东图书图书音像商品505|人民邮电出版社图书音像商品170|京东图书图书音像商品628
928,U000264,0.3444,0.301904,高意向,箱包配饰,爆款高转化池,P000784|P000262|P001766|P000070|P001698,LV箱包配饰商品872|瑞士军威箱包配饰商品369|MK箱包配饰商品997|新秀丽箱包配饰商品905|外交官箱包配饰商品687
929,U002564,0.3444,0.30201,高意向,美妆护肤,爆款高转化池,P000532|P000773|P000947|P000971|P001402,珀莱雅美妆护肤商品523|自然堂美妆护肤商品332|珀莱雅美妆护肤商品976|SK-II美妆护肤商品867|珀莱雅美妆护肤商品932
930,U003614,0.3443,0.323133,高意向,母婴用品,爆款高转化池,P000923|P001341|P001282|P000310|P000627,贝因美母婴用品商品502|花王母婴用品商品597|花王母婴用品商品885|强生母婴用品商品283|帮宝适母婴用品商品545
931,U004032,0.3441,0.305263,高意向,食品生鲜,爆款高转化池,P000080|P001955|P000818|P001304|P001988,伊利食品生鲜商品963|百草味食品生鲜商品833|金龙鱼食品生鲜商品198|五粮液食品生鲜商品181|良品铺子食品生鲜商品482
932,U000395,0.3437,0.315993,高意向,母婴用品,爆款高转化池,P000923|P001341|P001282|P000310|P000627,贝因美母婴用品商品502|花王母婴用品商品597|花王母婴用品商品885|强生母婴用品商品283|帮宝适母婴用品商品545
933,U004598,0.3437,0.231441,高意向,珠宝首饰,爆款高转化池,P000538|P000126|P001784|P000192|P000551,老凤祥珠宝首饰商品443|周生生珠宝首饰商品232|老凤祥珠宝首饰商品799|老凤祥珠宝首饰商品808|老凤祥珠宝首饰商品566
934,U000160,0.3436,0.309206,高意向,手机数码,爆款高转化池,P000808|P001509|P000688|P000498|P001082,华为手机数码商品883|三星手机数码商品747|华为手机数码商品474|三星手机数码商品800|小米手机数码商品672
935,U002203,0.3436,0.311179,高意向,家居家装,爆款高转化池,P000883|P000221|P001102|P001151|P001129,顾家家居家居家装商品927|曲美家居家装商品318|马可波罗家居家装商品703|宜家家居家装商品838|曲美家居家装商品570
936,U003734,0.3436,0.308143,高意向,食品生鲜,爆款高转化池,P000080|P001955|P000818|P001304|P001988,伊利食品生鲜商品963|百草味食品生鲜商品833|金龙鱼食品生鲜商品198|五粮液食品生鲜商品181|良品铺子食品生鲜商品482
937,U001355,0.3435,0.311571,高意向,宠物用品,爆款高转化池,P000750|P000035|P001710|P000996|P000462,冠能宠物用品商品494|皇家宠物用品商品286|网易严选宠物用品商品732|麦富迪宠物用品商品635|冠能宠物用品商品709
938,U001490,0.3435,0.240165,高意向,家用电器,爆款高转化池,P000904|P000206|P000946|P001013|P000285,格力家用电器商品379|美的家用电器商品467|松下家用电器商品394|海尔家用电器商品408|格力家用电器商品762
939,U001702,0.3435,0.314997,高意向,家居家装,爆款高转化池,P000883|P000221|P001102|P001151|P001129,顾家家居家居家装商品927|曲美家居家装商品318|马可波罗家居家装商品703|宜家家居家装商品838|曲美家居家装商品570
940,U002000,0.3435,0.314148,高意向,礼品鲜花,爆款高转化池,P001016|P000831|P001489|P000018|P001157,野兽派礼品鲜花商品306|Roseonly礼品鲜花商品580|诺誓礼品鲜花商品189|诺誓礼品鲜花商品463|施华洛世奇礼品鲜花商品442
941,U003751,0.3435,0.27283,高意向,家居家装,爆款高转化池,P000883|P000221|P001102|P001151|P001129,顾家家居家居家装商品927|曲美家居家装商品318|马可波罗家居家装商品703|宜家家居家装商品838|曲美家居家装商品570
942,U004532,0.3435,0.298912,高意向,医药保健,爆款高转化池,P000094|P001052|P001079|P000375|P000355,钙尔奇医药保健商品391|钙尔奇医药保健商品186|九芝堂医药保健商品943|东阿阿胶医药保健商品523|云南白药医药保健商品473
943,U003504,0.3434,0.31124,高意向,母婴用品,爆款高转化池,P000923|P001341|P001282|P000310|P000627,贝因美母婴用品商品502|花王母婴用品商品597|花王母婴用品商品885|强生母婴用品商品283|帮宝适母婴用品商品545
944,U002370,0.3432,0.297702,高意向,图书音像,爆款高转化池,P001182|P000992|P001207|P001242|P001223,当当图书音像商品607|人民邮电出版社图书音像商品329|京东图书图书音像商品505|人民邮电出版社图书音像商品170|京东图书图书音像商品628
945,U002372,0.3431,0.31114,高意向,图书音像,爆款高转化池,P001182|P000992|P001207|P001242|P001223,当当图书音像商品607|人民邮电出版社图书音像商品329|京东图书图书音像商品505|人民邮电出版社图书音像商品170|京东图书图书音像商品628
946,U002842,0.3431,0.31307,高意向,宠物用品,爆款高转化池,P000750|P000035|P001710|P000996|P000462,冠能宠物用品商品494|皇家宠物用品商品286|网易严选宠物用品商品732|麦富迪宠物用品商品635|冠能宠物用品商品709
947,U001747,0.343,0.21967,高意向,家居家装,爆款高转化池,P000883|P000221|P001102|P001151|P001129,顾家家居家居家装商品927|曲美家居家装商品318|马可波罗家居家装商品703|宜家家居家装商品838|曲美家居家装商品570
948,U001765,0.343,0.304655,高意向,图书音像,爆款高转化池,P001182|P000992|P001207|P001242|P001223,当当图书音像商品607|人民邮电出版社图书音像商品329|京东图书图书音像商品505|人民邮电出版社图书音像商品170|京东图书图书音像商品628
949,U004156,0.343,0.295653,高意向,美妆护肤,爆款高转化池,P000532|P000773|P000947|P000971|P001402,珀莱雅美妆护肤商品523|自然堂美妆护肤商品332|珀莱雅美妆护肤商品976|SK-II美妆护肤商品867|珀莱雅美妆护肤商品932
950,U000388,0.3429,0.23319,高意向,母婴用品,爆款高转化池,P000923|P001341|P001282|P000310|P000627,贝因美母婴用品商品502|花王母婴用品商品597|花王母婴用品商品885|强生母婴用品商品283|帮宝适母婴用品商品545
951,U002441,0.3429,0.301809,高意向,医药保健,爆款高转化池,P000094|P001052|P001079|P000375|P000355,钙尔奇医药保健商品391|钙尔奇医药保健商品186|九芝堂医药保健商品943|东阿阿胶医药保健商品523|云南白药医药保健商品473
952,U002635,0.3429,0.297633,高意向,,爆款高转化池,P001734|P000784|P000883|P000080|P000923,ZARA服装鞋包商品462|LV箱包配饰商品872|顾家家居家居家装商品927|伊利食品生鲜商品963|贝因美母婴用品商品502
953,U001329,0.3428,0.318568,高意向,家居家装,爆款高转化池,P000883|P000221|P001102|P001151|P001129,顾家家居家居家装商品927|曲美家居家装商品318|马可波罗家居家装商品703|宜家家居家装商品838|曲美家居家装商品570
954,U001474,0.3428,0.321419,高意向,汽车用品,爆款高转化池,P001927|P001490|P000410|P001675|P000547,米其林汽车用品商品720|壳牌汽车用品商品142|固特异汽车用品商品584|3M汽车用品商品220|卡仕达汽车用品商品137
955,U003050,0.3428,0.252214,高意向,食品生鲜,爆款高转化池,P000080|P001955|P000818|P001304|P001988,伊利食品生鲜商品963|百草味食品生鲜商品833|金龙鱼食品生鲜商品198|五粮液食品生鲜商品181|良品铺子食品生鲜商品482
956,U004724,0.3428,0.305895,高意向,服装鞋包,爆款高转化池,P001734|P001740|P001694|P000314|P000970,ZARA服装鞋包商品462|耐克服装鞋包商品217|优衣库服装鞋包商品426|耐克服装鞋包商品620|海澜之家服装鞋包商品195
957,U004930,0.3428,0.310371,高意向,食品生鲜,爆款高转化池,P000080|P001955|P000818|P001304|P001988,伊利食品生鲜商品963|百草味食品生鲜商品833|金龙鱼食品生鲜商品198|五粮液食品生鲜商品181|良品铺子食品生鲜商品482
958,U001716,0.3427,0.31911,高意向,手机数码,爆款高转化池,P000808|P001509|P000688|P000498|P001082,华为手机数码商品883|三星手机数码商品747|华为手机数码商品474|三星手机数码商品800|小米手机数码商品672
959,U003216,0.3426,0.303713,高意向,宠物用品,爆款高转化池,P000750|P000035|P001710|P000996|P000462,冠能宠物用品商品494|皇家宠物用品商品286|网易严选宠物用品商品732|麦富迪宠物用品商品635|冠能宠物用品商品709
960,U002230,0.3425,0.219506,高意向,食品生鲜,爆款高转化池,P000080|P001955|P000818|P001304|P001988,伊利食品生鲜商品963|百草味食品生鲜商品833|金龙鱼食品生鲜商品198|五粮液食品生鲜商品181|良品铺子食品生鲜商品482
961,U001704,0.3423,0.31381,高意向,家居家装,爆款高转化池,P000883|P000221|P001102|P001151|P001129,顾家家居家居家装商品927|曲美家居家装商品318|马可波罗家居家装商品703|宜家家居家装商品838|曲美家居家装商品570
962,U002707,0.3423,0.30566,高意向,宠物用品,爆款高转化池,P000750|P000035|P001710|P000996|P000462,冠能宠物用品商品494|皇家宠物用品商品286|网易严选宠物用品商品732|麦富迪宠物用品商品635|冠能宠物用品商品709
963,U001058,0.3422,0.2472,高意向,母婴用品,爆款高转化池,P000923|P001341|P001282|P000310|P000627,贝因美母婴用品商品502|花王母婴用品商品597|花王母婴用品商品885|强生母婴用品商品283|帮宝适母婴用品商品545
964,U002673,0.342,0.237479,高意向,汽车用品,爆款高转化池,P001927|P001490|P000410|P001675|P000547,米其林汽车用品商品720|壳牌汽车用品商品142|固特异汽车用品商品584|3M汽车用品商品220|卡仕达汽车用品商品137
965,U003209,0.342,0.311307,高意向,运动户外,爆款高转化池,P001787|P001427|P000783|P000134|P000168,361度运动户外商品484|骆驼运动户外商品702|哥伦比亚运动户外商品762|哥伦比亚运动户外商品544|李宁运动户外商品543
966,U004239,0.342,0.30449,高意向,宠物用品,爆款高转化池,P000750|P000035|P001710|P000996|P000462,冠能宠物用品商品494|皇家宠物用品商品286|网易严选宠物用品商品732|麦富迪宠物用品商品635|冠能宠物用品商品709
967,U004671,0.342,0.311669,高意向,运动户外,爆款高转化池,P001787|P001427|P000783|P000134|P000168,361度运动户外商品484|骆驼运动户外商品702|哥伦比亚运动户外商品762|哥伦比亚运动户外商品544|李宁运动户外商品543
968,U000192,0.3419,0.257832,高意向,家用电器,爆款高转化池,P000904|P000206|P000946|P001013|P000285,格力家用电器商品379|美的家用电器商品467|松下家用电器商品394|海尔家用电器商品408|格力家用电器商品762
969,U001107,0.3419,0.249452,高意向,箱包配饰,爆款高转化池,P000784|P000262|P001766|P000070|P001698,LV箱包配饰商品872|瑞士军威箱包配饰商品369|MK箱包配饰商品997|新秀丽箱包配饰商品905|外交官箱包配饰商品687
970,U003171,0.3419,0.310159,高意向,家用电器,爆款高转化池,P000904|P000206|P000946|P001013|P000285,格力家用电器商品379|美的家用电器商品467|松下家用电器商品394|海尔家用电器商品408|格力家用电器商品762
971,U003856,0.3418,0.306716,高意向,珠宝首饰,爆款高转化池,P000538|P000126|P001784|P000192|P000551,老凤祥珠宝首饰商品443|周生生珠宝首饰商品232|老凤祥珠宝首饰商品799|老凤祥珠宝首饰商品808|老凤祥珠宝首饰商品566
972,U004558,0.3418,0.293443,高意向,运动户外,爆款高转化池,P001787|P001427|P000783|P000134|P000168,361度运动户外商品484|骆驼运动户外商品702|哥伦比亚运动户外商品762|哥伦比亚运动户外商品544|李宁运动户外商品543
973,U004770,0.3418,0.285206,高意向,家居家装,爆款高转化池,P000883|P000221|P001102|P001151|P001129,顾家家居家居家装商品927|曲美家居家装商品318|马可波罗家居家装商品703|宜家家居家装商品838|曲美家居家装商品570
974,U003571,0.3416,0.257553,高意向,图书音像,爆款高转化池,P001182|P000992|P001207|P001242|P001223,当当图书音像商品607|人民邮电出版社图书音像商品329|京东图书图书音像商品505|人民邮电出版社图书音像商品170|京东图书图书音像商品628
975,U001564,0.3415,0.304161,高意向,运动户外,爆款高转化池,P001787|P001427|P000783|P000134|P000168,361度运动户外商品484|骆驼运动户外商品702|哥伦比亚运动户外商品762|哥伦比亚运动户外商品544|李宁运动户外商品543
976,U002701,0.3414,0.311333,高意向,礼品鲜花,爆款高转化池,P001016|P000831|P001489|P000018|P001157,野兽派礼品鲜花商品306|Roseonly礼品鲜花商品580|诺誓礼品鲜花商品189|诺誓礼品鲜花商品463|施华洛世奇礼品鲜花商品442
977,U004885,0.3414,0.255574,高意向,珠宝首饰,爆款高转化池,P000538|P000126|P001784|P000192|P000551,老凤祥珠宝首饰商品443|周生生珠宝首饰商品232|老凤祥珠宝首饰商品799|老凤祥珠宝首饰商品808|老凤祥珠宝首饰商品566
978,U004562,0.3413,0.274061,高意向,珠宝首饰,爆款高转化池,P000538|P000126|P001784|P000192|P000551,老凤祥珠宝首饰商品443|周生生珠宝首饰商品232|老凤祥珠宝首饰商品799|老凤祥珠宝首饰商品808|老凤祥珠宝首饰商品566
979,U000567,0.3412,0.260061,高意向,宠物用品,爆款高转化池,P000750|P000035|P001710|P000996|P000462,冠能宠物用品商品494|皇家宠物用品商品286|网易严选宠物用品商品732|麦富迪宠物用品商品635|冠能宠物用品商品709
980,U002584,0.3412,0.315849,高意向,珠宝首饰,爆款高转化池,P000538|P000126|P001784|P000192|P000551,老凤祥珠宝首饰商品443|周生生珠宝首饰商品232|老凤祥珠宝首饰商品799|老凤祥珠宝首饰商品808|老凤祥珠宝首饰商品566
981,U002975,0.3411,0.226516,高意向,家用电器,爆款高转化池,P000904|P000206|P000946|P001013|P000285,格力家用电器商品379|美的家用电器商品467|松下家用电器商品394|海尔家用电器商品408|格力家用电器商品762
982,U001181,0.341,0.248069,高意向,箱包配饰,爆款高转化池,P000784|P000262|P001766|P000070|P001698,LV箱包配饰商品872|瑞士军威箱包配饰商品369|MK箱包配饰商品997|新秀丽箱包配饰商品905|外交官箱包配饰商品687
983,U004178,0.341,0.313655,高意向,家用电器,爆款高转化池,P000904|P000206|P000946|P001013|P000285,格力家用电器商品379|美的家用电器商品467|松下家用电器商品394|海尔家用电器商品408|格力家用电器商品762
984,U002513,0.3409,0.225361,高意向,医药保健,爆款高转化池,P000094|P001052|P001079|P000375|P000355,钙尔奇医药保健商品391|钙尔奇医药保健商品186|九芝堂医药保健商品943|东阿阿胶医药保健商品523|云南白药医药保健商品473
985,U003042,0.3409,0.303418,高意向,手机数码,爆款高转化池,P000808|P001509|P000688|P000498|P001082,华为手机数码商品883|三星手机数码商品747|华为手机数码商品474|三星手机数码商品800|小米手机数码商品672
986,U003390,0.3409,0.30251,高意向,礼品鲜花,爆款高转化池,P001016|P000831|P001489|P000018|P001157,野兽派礼品鲜花商品306|Roseonly礼品鲜花商品580|诺誓礼品鲜花商品189|诺誓礼品鲜花商品463|施华洛世奇礼品鲜花商品442
987,U002231,0.3408,0.309726,高意向,图书音像,爆款高转化池,P001182|P000992|P001207|P001242|P001223,当当图书音像商品607|人民邮电出版社图书音像商品329|京东图书图书音像商品505|人民邮电出版社图书音像商品170|京东图书图书音像商品628
988,U001179,0.3407,0.295307,高意向,运动户外,爆款高转化池,P001787|P001427|P000783|P000134|P000168,361度运动户外商品484|骆驼运动户外商品702|哥伦比亚运动户外商品762|哥伦比亚运动户外商品544|李宁运动户外商品543
989,U003383,0.3407,0.223017,高意向,服装鞋包,爆款高转化池,P001734|P001740|P001694|P000314|P000970,ZARA服装鞋包商品462|耐克服装鞋包商品217|优衣库服装鞋包商品426|耐克服装鞋包商品620|海澜之家服装鞋包商品195
990,U003236,0.3404,0.248683,高意向,家居家装,爆款高转化池,P000883|P000221|P001102|P001151|P001129,顾家家居家居家装商品927|曲美家居家装商品318|马可波罗家居家装商品703|宜家家居家装商品838|曲美家居家装商品570
991,U001857,0.3402,0.304582,高意向,手机数码,爆款高转化池,P000808|P001509|P000688|P000498|P001082,华为手机数码商品883|三星手机数码商品747|华为手机数码商品474|三星手机数码商品800|小米手机数码商品672
992,U002294,0.3402,0.303122,高意向,医药保健,爆款高转化池,P000094|P001052|P001079|P000375|P000355,钙尔奇医药保健商品391|钙尔奇医药保健商品186|九芝堂医药保健商品943|东阿阿胶医药保健商品523|云南白药医药保健商品473
993,U003506,0.3402,0.310152,高意向,运动户外,爆款高转化池,P001787|P001427|P000783|P000134|P000168,361度运动户外商品484|骆驼运动户外商品702|哥伦比亚运动户外商品762|哥伦比亚运动户外商品544|李宁运动户外商品543
994,U000288,0.3401,0.223523,高意向,食品生鲜,爆款高转化池,P000080|P001955|P000818|P001304|P001988,伊利食品生鲜商品963|百草味食品生鲜商品833|金龙鱼食品生鲜商品198|五粮液食品生鲜商品181|良品铺子食品生鲜商品482
995,U003759,0.3401,0.313829,高意向,汽车用品,爆款高转化池,P001927|P001490|P000410|P001675|P000547,米其林汽车用品商品720|壳牌汽车用品商品142|固特异汽车用品商品584|3M汽车用品商品220|卡仕达汽车用品商品137
996,U003885,0.3401,0.301432,高意向,运动户外,爆款高转化池,P001787|P001427|P000783|P000134|P000168,361度运动户外商品484|骆驼运动户外商品702|哥伦比亚运动户外商品762|哥伦比亚运动户外商品544|李宁运动户外商品543
997,U003641,0.34,0.300337,高意向,图书音像,爆款高转化池,P001182|P000992|P001207|P001242|P001223,当当图书音像商品607|人民邮电出版社图书音像商品329|京东图书图书音像商品505|人民邮电出版社图书音像商品170|京东图书图书音像商品628
998,U003871,0.34,0.307336,高意向,美妆护肤,爆款高转化池,P000532|P000773|P000947|P000971|P001402,珀莱雅美妆护肤商品523|自然堂美妆护肤商品332|珀莱雅美妆护肤商品976|SK-II美妆护肤商品867|珀莱雅美妆护肤商品932
999,U003318,0.3399,0.295702,高意向,家居家装,爆款高转化池,P000883|P000221|P001102|P001151|P001129,顾家家居家居家装商品927|曲美家居家装商品318|马可波罗家居家装商品703|宜家家居家装商品838|曲美家居家装商品570
1000,U001259,0.3398,0.244629,高意向,珠宝首饰,爆款高转化池,P000538|P000126|P001784|P000192|P000551,老凤祥珠宝首饰商品443|周生生珠宝首饰商品232|老凤祥珠宝首饰商品799|老凤祥珠宝首饰商品808|老凤祥珠宝首饰商品566
1001,U003589,0.3398,0.299609,高意向,手机数码,爆款高转化池,P000808|P001509|P000688|P000498|P001082,华为手机数码商品883|三星手机数码商品747|华为手机数码商品474|三星手机数码商品800|小米手机数码商品672
1002,U004490,0.3398,0.305631,高意向,汽车用品,爆款高转化池,P001927|P001490|P000410|P001675|P000547,米其林汽车用品商品720|壳牌汽车用品商品142|固特异汽车用品商品584|3M汽车用品商品220|卡仕达汽车用品商品137
1003,U003915,0.3397,0.254579,高意向,食品生鲜,爆款高转化池,P000080|P001955|P000818|P001304|P001988,伊利食品生鲜商品963|百草味食品生鲜商品833|金龙鱼食品生鲜商品198|五粮液食品生鲜商品181|良品铺子食品生鲜商品482
1004,U001116,0.3395,0.226225,高意向,宠物用品,爆款高转化池,P000750|P000035|P001710|P000996|P000462,冠能宠物用品商品494|皇家宠物用品商品286|网易严选宠物用品商品732|麦富迪宠物用品商品635|冠能宠物用品商品709
1005,U002813,0.3394,0.303617,高意向,宠物用品,爆款高转化池,P000750|P000035|P001710|P000996|P000462,冠能宠物用品商品494|皇家宠物用品商品286|网易严选宠物用品商品732|麦富迪宠物用品商品635|冠能宠物用品商品709
1006,U001382,0.3393,0.312478,高意向,礼品鲜花,爆款高转化池,P001016|P000831|P001489|P000018|P001157,野兽派礼品鲜花商品306|Roseonly礼品鲜花商品580|诺誓礼品鲜花商品189|诺誓礼品鲜花商品463|施华洛世奇礼品鲜花商品442
1007,U001458,0.3393,0.296941,高意向,食品生鲜,爆款高转化池,P000080|P001955|P000818|P001304|P001988,伊利食品生鲜商品963|百草味食品生鲜商品833|金龙鱼食品生鲜商品198|五粮液食品生鲜商品181|良品铺子食品生鲜商品482
1008,U002284,0.3392,0.303254,高意向,汽车用品,爆款高转化池,P001927|P001490|P000410|P001675|P000547,米其林汽车用品商品720|壳牌汽车用品商品142|固特异汽车用品商品584|3M汽车用品商品220|卡仕达汽车用品商品137
1009,U002312,0.3391,0.310553,高意向,服装鞋包,爆款高转化池,P001734|P001740|P001694|P000314|P000970,ZARA服装鞋包商品462|耐克服装鞋包商品217|优衣库服装鞋包商品426|耐克服装鞋包商品620|海澜之家服装鞋包商品195
1010,U001909,0.339,0.319255,高意向,运动户外,爆款高转化池,P001787|P001427|P000783|P000134|P000168,361度运动户外商品484|骆驼运动户外商品702|哥伦比亚运动户外商品762|哥伦比亚运动户外商品544|李宁运动户外商品543
1011,U004511,0.339,0.23567,高意向,家居家装,爆款高转化池,P000883|P000221|P001102|P001151|P001129,顾家家居家居家装商品927|曲美家居家装商品318|马可波罗家居家装商品703|宜家家居家装商品838|曲美家居家装商品570
1012,U004260,0.3389,0.256628,高意向,家居家装,爆款高转化池,P000883|P000221|P001102|P001151|P001129,顾家家居家居家装商品927|曲美家居家装商品318|马可波罗家居家装商品703|宜家家居家装商品838|曲美家居家装商品570
1013,U000261,0.3388,0.310184,高意向,食品生鲜,爆款高转化池,P000080|P001955|P000818|P001304|P001988,伊利食品生鲜商品963|百草味食品生鲜商品833|金龙鱼食品生鲜商品198|五粮液食品生鲜商品181|良品铺子食品生鲜商品482
1014,U000798,0.3387,0.302466,高意向,美妆护肤,爆款高转化池,P000532|P000773|P000947|P000971|P001402,珀莱雅美妆护肤商品523|自然堂美妆护肤商品332|珀莱雅美妆护肤商品976|SK-II美妆护肤商品867|珀莱雅美妆护肤商品932
1015,U000890,0.3385,0.237066,高意向,服装鞋包,爆款高转化池,P001734|P001740|P001694|P000314|P000970,ZARA服装鞋包商品462|耐克服装鞋包商品217|优衣库服装鞋包商品426|耐克服装鞋包商品620|海澜之家服装鞋包商品195
1016,U003933,0.3385,0.307662,高意向,母婴用品,爆款高转化池,P000923|P001341|P001282|P000310|P000627,贝因美母婴用品商品502|花王母婴用品商品597|花王母婴用品商品885|强生母婴用品商品283|帮宝适母婴用品商品545
1017,U003389,0.3384,0.290579,高意向,食品生鲜,爆款高转化池,P000080|P001955|P000818|P001304|P001988,伊利食品生鲜商品963|百草味食品生鲜商品833|金龙鱼食品生鲜商品198|五粮液食品生鲜商品181|良品铺子食品生鲜商品482
1018,U000044,0.3383,0.240394,高意向,服装鞋包,爆款高转化池,P001734|P001740|P001694|P000314|P000970,ZARA服装鞋包商品462|耐克服装鞋包商品217|优衣库服装鞋包商品426|耐克服装鞋包商品620|海澜之家服装鞋包商品195
1019,U001148,0.3383,0.294161,高意向,美妆护肤,爆款高转化池,P000532|P000773|P000947|P000971|P001402,珀莱雅美妆护肤商品523|自然堂美妆护肤商品332|珀莱雅美妆护肤商品976|SK-II美妆护肤商品867|珀莱雅美妆护肤商品932
1020,U003323,0.3383,0.215526,高意向,运动户外,爆款高转化池,P001787|P001427|P000783|P000134|P000168,361度运动户外商品484|骆驼运动户外商品702|哥伦比亚运动户外商品762|哥伦比亚运动户外商品544|李宁运动户外商品543
1021,U003620,0.3383,0.309375,高意向,医药保健,爆款高转化池,P000094|P001052|P001079|P000375|P000355,钙尔奇医药保健商品391|钙尔奇医药保健商品186|九芝堂医药保健商品943|东阿阿胶医药保健商品523|云南白药医药保健商品473
1022,U004776,0.3383,0.317015,高意向,运动户外,爆款高转化池,P001787|P001427|P000783|P000134|P000168,361度运动户外商品484|骆驼运动户外商品702|哥伦比亚运动户外商品762|哥伦比亚运动户外商品544|李宁运动户外商品543
1023,U001566,0.3382,0.304606,高意向,箱包配饰,爆款高转化池,P000784|P000262|P001766|P000070|P001698,LV箱包配饰商品872|瑞士军威箱包配饰商品369|MK箱包配饰商品997|新秀丽箱包配饰商品905|外交官箱包配饰商品687
1024,U001949,0.3382,0.30203,高意向,食品生鲜,爆款高转化池,P000080|P001955|P000818|P001304|P001988,伊利食品生鲜商品963|百草味食品生鲜商品833|金龙鱼食品生鲜商品198|五粮液食品生鲜商品181|良品铺子食品生鲜商品482
1025,U002163,0.3382,0.290777,高意向,食品生鲜,爆款高转化池,P000080|P001955|P000818|P001304|P001988,伊利食品生鲜商品963|百草味食品生鲜商品833|金龙鱼食品生鲜商品198|五粮液食品生鲜商品181|良品铺子食品生鲜商品482
1026,U004506,0.3382,0.300159,高意向,医药保健,爆款高转化池,P000094|P001052|P001079|P000375|P000355,钙尔奇医药保健商品391|钙尔奇医药保健商品186|九芝堂医药保健商品943|东阿阿胶医药保健商品523|云南白药医药保健商品473
1027,U000075,0.3381,0.295602,高意向,运动户外,爆款高转化池,P001787|P001427|P000783|P000134|P000168,361度运动户外商品484|骆驼运动户外商品702|哥伦比亚运动户外商品762|哥伦比亚运动户外商品544|李宁运动户外商品543
1028,U000673,0.3381,0.28771,高意向,医药保健,爆款高转化池,P000094|P001052|P001079|P000375|P000355,钙尔奇医药保健商品391|钙尔奇医药保健商品186|九芝堂医药保健商品943|东阿阿胶医药保健商品523|云南白药医药保健商品473
1029,U000738,0.3381,0.295646,高意向,运动户外,爆款高转化池,P001787|P001427|P000783|P000134|P000168,361度运动户外商品484|骆驼运动户外商品702|哥伦比亚运动户外商品762|哥伦比亚运动户外商品544|李宁运动户外商品543
1030,U001074,0.3381,0.271968,高意向,汽车用品,爆款高转化池,P001927|P001490|P000410|P001675|P000547,米其林汽车用品商品720|壳牌汽车用品商品142|固特异汽车用品商品584|3M汽车用品商品220|卡仕达汽车用品商品137
1031,U001196,0.3381,0.303756,高意向,运动户外,爆款高转化池,P001787|P001427|P000783|P000134|P000168,361度运动户外商品484|骆驼运动户外商品702|哥伦比亚运动户外商品762|哥伦比亚运动户外商品544|李宁运动户外商品543
1032,U002792,0.3381,0.295568,高意向,珠宝首饰,爆款高转化池,P000538|P000126|P001784|P000192|P000551,老凤祥珠宝首饰商品443|周生生珠宝首饰商品232|老凤祥珠宝首饰商品799|老凤祥珠宝首饰商品808|老凤祥珠宝首饰商品566
1033,U003720,0.3381,0.306941,高意向,服装鞋包,爆款高转化池,P001734|P001740|P001694|P000314|P000970,ZARA服装鞋包商品462|耐克服装鞋包商品217|优衣库服装鞋包商品426|耐克服装鞋包商品620|海澜之家服装鞋包商品195
1034,U001413,0.338,0.235687,高意向,服装鞋包,爆款高转化池,P001734|P001740|P001694|P000314|P000970,ZARA服装鞋包商品462|耐克服装鞋包商品217|优衣库服装鞋包商品426|耐克服装鞋包商品620|海澜之家服装鞋包商品195
1035,U004813,0.3379,0.228468,高意向,母婴用品,爆款高转化池,P000923|P001341|P001282|P000310|P000627,贝因美母婴用品商品502|花王母婴用品商品597|花王母婴用品商品885|强生母婴用品商品283|帮宝适母婴用品商品545
1036,U003748,0.3378,0.301986,高意向,医药保健,爆款高转化池,P000094|P001052|P001079|P000375|P000355,钙尔奇医药保健商品391|钙尔奇医药保健商品186|九芝堂医药保健商品943|东阿阿胶医药保健商品523|云南白药医药保健商品473
1037,U004051,0.3377,0.309366,高意向,图书音像,爆款高转化池,P001182|P000992|P001207|P001242|P001223,当当图书音像商品607|人民邮电出版社图书音像商品329|京东图书图书音像商品505|人民邮电出版社图书音像商品170|京东图书图书音像商品628
1038,U004407,0.3377,0.301729,高意向,运动户外,爆款高转化池,P001787|P001427|P000783|P000134|P000168,361度运动户外商品484|骆驼运动户外商品702|哥伦比亚运动户外商品762|哥伦比亚运动户外商品544|李宁运动户外商品543
1039,U003961,0.3376,0.318503,高意向,美妆护肤,爆款高转化池,P000532|P000773|P000947|P000971|P001402,珀莱雅美妆护肤商品523|自然堂美妆护肤商品332|珀莱雅美妆护肤商品976|SK-II美妆护肤商品867|珀莱雅美妆护肤商品932
1040,U000992,0.3375,0.309351,高意向,礼品鲜花,爆款高转化池,P001016|P000831|P001489|P000018|P001157,野兽派礼品鲜花商品306|Roseonly礼品鲜花商品580|诺誓礼品鲜花商品189|诺誓礼品鲜花商品463|施华洛世奇礼品鲜花商品442
1041,U002489,0.3375,0.298189,高意向,珠宝首饰,爆款高转化池,P000538|P000126|P001784|P000192|P000551,老凤祥珠宝首饰商品443|周生生珠宝首饰商品232|老凤祥珠宝首饰商品799|老凤祥珠宝首饰商品808|老凤祥珠宝首饰商品566
1042,U000061,0.3374,0.30991,高意向,汽车用品,爆款高转化池,P001927|P001490|P000410|P001675|P000547,米其林汽车用品商品720|壳牌汽车用品商品142|固特异汽车用品商品584|3M汽车用品商品220|卡仕达汽车用品商品137
1043,U000278,0.3374,0.315981,高意向,汽车用品,爆款高转化池,P001927|P001490|P000410|P001675|P000547,米其林汽车用品商品720|壳牌汽车用品商品142|固特异汽车用品商品584|3M汽车用品商品220|卡仕达汽车用品商品137
1044,U004190,0.3374,0.240692,高意向,母婴用品,爆款高转化池,P000923|P001341|P001282|P000310|P000627,贝因美母婴用品商品502|花王母婴用品商品597|花王母婴用品商品885|强生母婴用品商品283|帮宝适母婴用品商品545
1045,U000059,0.3373,0.315406,高意向,珠宝首饰,爆款高转化池,P000538|P000126|P001784|P000192|P000551,老凤祥珠宝首饰商品443|周生生珠宝首饰商品232|老凤祥珠宝首饰商品799|老凤祥珠宝首饰商品808|老凤祥珠宝首饰商品566
1046,U001193,0.3373,0.249754,高意向,运动户外,爆款高转化池,P001787|P001427|P000783|P000134|P000168,361度运动户外商品484|骆驼运动户外商品702|哥伦比亚运动户外商品762|哥伦比亚运动户外商品544|李宁运动户外商品543
1047,U001365,0.3373,0.299055,高意向,汽车用品,爆款高转化池,P001927|P001490|P000410|P001675|P000547,米其林汽车用品商品720|壳牌汽车用品商品142|固特异汽车用品商品584|3M汽车用品商品220|卡仕达汽车用品商品137
1048,U001645,0.3373,0.297602,高意向,汽车用品,爆款高转化池,P001927|P001490|P000410|P001675|P000547,米其林汽车用品商品720|壳牌汽车用品商品142|固特异汽车用品商品584|3M汽车用品商品220|卡仕达汽车用品商品137
1049,U003049,0.3373,0.209697,高意向,服装鞋包,爆款高转化池,P001734|P001740|P001694|P000314|P000970,ZARA服装鞋包商品462|耐克服装鞋包商品217|优衣库服装鞋包商品426|耐克服装鞋包商品620|海澜之家服装鞋包商品195
1050,U004272,0.3373,0.310725,高意向,医药保健,爆款高转化池,P000094|P001052|P001079|P000375|P000355,钙尔奇医药保健商品391|钙尔奇医药保健商品186|九芝堂医药保健商品943|东阿阿胶医药保健商品523|云南白药医药保健商品473
1051,U003940,0.3372,0.307405,高意向,服装鞋包,爆款高转化池,P001734|P001740|P001694|P000314|P000970,ZARA服装鞋包商品462|耐克服装鞋包商品217|优衣库服装鞋包商品426|耐克服装鞋包商品620|海澜之家服装鞋包商品195
1052,U001031,0.337,0.308605,高意向,宠物用品,爆款高转化池,P000750|P000035|P001710|P000996|P000462,冠能宠物用品商品494|皇家宠物用品商品286|网易严选宠物用品商品732|麦富迪宠物用品商品635|冠能宠物用品商品709
1053,U003044,0.337,0.244813,高意向,服装鞋包,爆款高转化池,P001734|P001740|P001694|P000314|P000970,ZARA服装鞋包商品462|耐克服装鞋包商品217|优衣库服装鞋包商品426|耐克服装鞋包商品620|海澜之家服装鞋包商品195
1054,U000894,0.3369,0.227942,高意向,箱包配饰,爆款高转化池,P000784|P000262|P001766|P000070|P001698,LV箱包配饰商品872|瑞士军威箱包配饰商品369|MK箱包配饰商品997|新秀丽箱包配饰商品905|外交官箱包配饰商品687
1055,U003730,0.3369,0.249961,高意向,美妆护肤,爆款高转化池,P000532|P000773|P000947|P000971|P001402,珀莱雅美妆护肤商品523|自然堂美妆护肤商品332|珀莱雅美妆护肤商品976|SK-II美妆护肤商品867|珀莱雅美妆护肤商品932
1056,U002115,0.3368,0.303512,高意向,宠物用品,爆款高转化池,P000750|P000035|P001710|P000996|P000462,冠能宠物用品商品494|皇家宠物用品商品286|网易严选宠物用品商品732|麦富迪宠物用品商品635|冠能宠物用品商品709
1057,U004873,0.3367,0.301663,高意向,家用电器,爆款高转化池,P000904|P000206|P000946|P001013|P000285,格力家用电器商品379|美的家用电器商品467|松下家用电器商品394|海尔家用电器商品408|格力家用电器商品762
1058,U002236,0.3366,0.305122,高意向,珠宝首饰,爆款高转化池,P000538|P000126|P001784|P000192|P000551,老凤祥珠宝首饰商品443|周生生珠宝首饰商品232|老凤祥珠宝首饰商品799|老凤祥珠宝首饰商品808|老凤祥珠宝首饰商品566
1059,U003263,0.3365,0.309455,高意向,美妆护肤,爆款高转化池,P000532|P000773|P000947|P000971|P001402,珀莱雅美妆护肤商品523|自然堂美妆护肤商品332|珀莱雅美妆护肤商品976|SK-II美妆护肤商品867|珀莱雅美妆护肤商品932
1060,U001448,0.3363,0.291574,高意向,服装鞋包,爆款高转化池,P001734|P001740|P001694|P000314|P000970,ZARA服装鞋包商品462|耐克服装鞋包商品217|优衣库服装鞋包商品426|耐克服装鞋包商品620|海澜之家服装鞋包商品195
1061,U004721,0.3362,0.286649,高意向,母婴用品,爆款高转化池,P000923|P001341|P001282|P000310|P000627,贝因美母婴用品商品502|花王母婴用品商品597|花王母婴用品商品885|强生母婴用品商品283|帮宝适母婴用品商品545
1062,U004730,0.3362,0.271173,高意向,运动户外,爆款高转化池,P001787|P001427|P000783|P000134|P000168,361度运动户外商品484|骆驼运动户外商品702|哥伦比亚运动户外商品762|哥伦比亚运动户外商品544|李宁运动户外商品543
1063,U001457,0.3361,0.279605,高意向,美妆护肤,爆款高转化池,P000532|P000773|P000947|P000971|P001402,珀莱雅美妆护肤商品523|自然堂美妆护肤商品332|珀莱雅美妆护肤商品976|SK-II美妆护肤商品867|珀莱雅美妆护肤商品932
1064,U003561,0.3361,0.309621,高意向,礼品鲜花,爆款高转化池,P001016|P000831|P001489|P000018|P001157,野兽派礼品鲜花商品306|Roseonly礼品鲜花商品580|诺誓礼品鲜花商品189|诺誓礼品鲜花商品463|施华洛世奇礼品鲜花商品442
1065,U004302,0.3361,0.293928,高意向,服装鞋包,爆款高转化池,P001734|P001740|P001694|P000314|P000970,ZARA服装鞋包商品462|耐克服装鞋包商品217|优衣库服装鞋包商品426|耐克服装鞋包商品620|海澜之家服装鞋包商品195
1066,U002733,0.336,0.264865,高意向,家用电器,爆款高转化池,P000904|P000206|P000946|P001013|P000285,格力家用电器商品379|美的家用电器商品467|松下家用电器商品394|海尔家用电器商品408|格力家用电器商品762
1067,U002868,0.336,0.314837,高意向,珠宝首饰,爆款高转化池,P000538|P000126|P001784|P000192|P000551,老凤祥珠宝首饰商品443|周生生珠宝首饰商品232|老凤祥珠宝首饰商品799|老凤祥珠宝首饰商品808|老凤祥珠宝首饰商品566
1068,U004108,0.336,0.301734,高意向,食品生鲜,爆款高转化池,P000080|P001955|P000818|P001304|P001988,伊利食品生鲜商品963|百草味食品生鲜商品833|金龙鱼食品生鲜商品198|五粮液食品生鲜商品181|良品铺子食品生鲜商品482
1069,U004561,0.336,0.296138,高意向,母婴用品,爆款高转化池,P000923|P001341|P001282|P000310|P000627,贝因美母婴用品商品502|花王母婴用品商品597|花王母婴用品商品885|强生母婴用品商品283|帮宝适母婴用品商品545
1070,U003439,0.3359,0.25257,高意向,医药保健,爆款高转化池,P000094|P001052|P001079|P000375|P000355,钙尔奇医药保健商品391|钙尔奇医药保健商品186|九芝堂医药保健商品943|东阿阿胶医药保健商品523|云南白药医药保健商品473
1071,U001201,0.3358,0.254002,高意向,母婴用品,爆款高转化池,P000923|P001341|P001282|P000310|P000627,贝因美母婴用品商品502|花王母婴用品商品597|花王母婴用品商品885|强生母婴用品商品283|帮宝适母婴用品商品545
1072,U001725,0.3358,0.308808,高意向,手机数码,爆款高转化池,P000808|P001509|P000688|P000498|P001082,华为手机数码商品883|三星手机数码商品747|华为手机数码商品474|三星手机数码商品800|小米手机数码商品672
1073,U000060,0.3357,0.318737,高意向,服装鞋包,爆款高转化池,P001734|P001740|P001694|P000314|P000970,ZARA服装鞋包商品462|耐克服装鞋包商品217|优衣库服装鞋包商品426|耐克服装鞋包商品620|海澜之家服装鞋包商品195
1074,U002930,0.3357,0.225474,高意向,服装鞋包,爆款高转化池,P001734|P001740|P001694|P000314|P000970,ZARA服装鞋包商品462|耐克服装鞋包商品217|优衣库服装鞋包商品426|耐克服装鞋包商品620|海澜之家服装鞋包商品195
1075,U000056,0.3356,0.309512,高意向,箱包配饰,爆款高转化池,P000784|P000262|P001766|P000070|P001698,LV箱包配饰商品872|瑞士军威箱包配饰商品369|MK箱包配饰商品997|新秀丽箱包配饰商品905|外交官箱包配饰商品687
1076,U004974,0.3356,0.307761,高意向,运动户外,爆款高转化池,P001787|P001427|P000783|P000134|P000168,361度运动户外商品484|骆驼运动户外商品702|哥伦比亚运动户外商品762|哥伦比亚运动户外商品544|李宁运动户外商品543
1077,U002576,0.3355,0.226692,高意向,汽车用品,爆款高转化池,P001927|P001490|P000410|P001675|P000547,米其林汽车用品商品720|壳牌汽车用品商品142|固特异汽车用品商品584|3M汽车用品商品220|卡仕达汽车用品商品137
1078,U000011,0.3353,0.311459,高意向,运动户外,爆款高转化池,P001787|P001427|P000783|P000134|P000168,361度运动户外商品484|骆驼运动户外商品702|哥伦比亚运动户外商品762|哥伦比亚运动户外商品544|李宁运动户外商品543
1079,U002909,0.3353,0.310691,高意向,美妆护肤,爆款高转化池,P000532|P000773|P000947|P000971|P001402,珀莱雅美妆护肤商品523|自然堂美妆护肤商品332|珀莱雅美妆护肤商品976|SK-II美妆护肤商品867|珀莱雅美妆护肤商品932
1080,U003004,0.3352,0.296863,高意向,箱包配饰,爆款高转化池,P000784|P000262|P001766|P000070|P001698,LV箱包配饰商品872|瑞士军威箱包配饰商品369|MK箱包配饰商品997|新秀丽箱包配饰商品905|外交官箱包配饰商品687
1081,U000745,0.3351,0.233853,高意向,家居家装,爆款高转化池,P000883|P000221|P001102|P001151|P001129,顾家家居家居家装商品927|曲美家居家装商品318|马可波罗家居家装商品703|宜家家居家装商品838|曲美家居家装商品570
1082,U000444,0.3349,0.251481,高意向,图书音像,爆款高转化池,P001182|P000992|P001207|P001242|P001223,当当图书音像商品607|人民邮电出版社图书音像商品329|京东图书图书音像商品505|人民邮电出版社图书音像商品170|京东图书图书音像商品628
1083,U003755,0.3349,0.27188,高意向,图书音像,爆款高转化池,P001182|P000992|P001207|P001242|P001223,当当图书音像商品607|人民邮电出版社图书音像商品329|京东图书图书音像商品505|人民邮电出版社图书音像商品170|京东图书图书音像商品628
1084,U000465,0.3348,0.293732,高意向,珠宝首饰,爆款高转化池,P000538|P000126|P001784|P000192|P000551,老凤祥珠宝首饰商品443|周生生珠宝首饰商品232|老凤祥珠宝首饰商品799|老凤祥珠宝首饰商品808|老凤祥珠宝首饰商品566
1085,U000778,0.3348,0.313109,高意向,家用电器,爆款高转化池,P000904|P000206|P000946|P001013|P000285,格力家用电器商品379|美的家用电器商品467|松下家用电器商品394|海尔家用电器商品408|格力家用电器商品762
1086,U001639,0.3348,0.286713,高意向,食品生鲜,爆款高转化池,P000080|P001955|P000818|P001304|P001988,伊利食品生鲜商品963|百草味食品生鲜商品833|金龙鱼食品生鲜商品198|五粮液食品生鲜商品181|良品铺子食品生鲜商品482
1087,U004351,0.3347,0.302105,高意向,食品生鲜,爆款高转化池,P000080|P001955|P000818|P001304|P001988,伊利食品生鲜商品963|百草味食品生鲜商品833|金龙鱼食品生鲜商品198|五粮液食品生鲜商品181|良品铺子食品生鲜商品482
1088,U004521,0.3347,0.242319,高意向,服装鞋包,爆款高转化池,P001734|P001740|P001694|P000314|P000970,ZARA服装鞋包商品462|耐克服装鞋包商品217|优衣库服装鞋包商品426|耐克服装鞋包商品620|海澜之家服装鞋包商品195
1089,U001137,0.3346,0.309356,高意向,汽车用品,爆款高转化池,P001927|P001490|P000410|P001675|P000547,米其林汽车用品商品720|壳牌汽车用品商品142|固特异汽车用品商品584|3M汽车用品商品220|卡仕达汽车用品商品137
1090,U002510,0.3346,0.251425,高意向,医药保健,爆款高转化池,P000094|P001052|P001079|P000375|P000355,钙尔奇医药保健商品391|钙尔奇医药保健商品186|九芝堂医药保健商品943|东阿阿胶医药保健商品523|云南白药医药保健商品473
1091,U003146,0.3346,0.247099,高意向,箱包配饰,爆款高转化池,P000784|P000262|P001766|P000070|P001698,LV箱包配饰商品872|瑞士军威箱包配饰商品369|MK箱包配饰商品997|新秀丽箱包配饰商品905|外交官箱包配饰商品687
1092,U003334,0.3346,0.225146,高意向,母婴用品,爆款高转化池,P000923|P001341|P001282|P000310|P000627,贝因美母婴用品商品502|花王母婴用品商品597|花王母婴用品商品885|强生母婴用品商品283|帮宝适母婴用品商品545
1093,U000711,0.3344,0.299722,高意向,汽车用品,爆款高转化池,P001927|P001490|P000410|P001675|P000547,米其林汽车用品商品720|壳牌汽车用品商品142|固特异汽车用品商品584|3M汽车用品商品220|卡仕达汽车用品商品137
1094,U000708,0.3343,0.305433,高意向,家居家装,爆款高转化池,P000883|P000221|P001102|P001151|P001129,顾家家居家居家装商品927|曲美家居家装商品318|马可波罗家居家装商品703|宜家家居家装商品838|曲美家居家装商品570
1095,U002746,0.3342,0.302087,高意向,家居家装,爆款高转化池,P000883|P000221|P001102|P001151|P001129,顾家家居家居家装商品927|曲美家居家装商品318|马可波罗家居家装商品703|宜家家居家装商品838|曲美家居家装商品570
1096,U003207,0.3342,0.297318,高意向,宠物用品,爆款高转化池,P000750|P000035|P001710|P000996|P000462,冠能宠物用品商品494|皇家宠物用品商品286|网易严选宠物用品商品732|麦富迪宠物用品商品635|冠能宠物用品商品709
1097,U001649,0.334,0.298532,高意向,食品生鲜,爆款高转化池,P000080|P001955|P000818|P001304|P001988,伊利食品生鲜商品963|百草味食品生鲜商品833|金龙鱼食品生鲜商品198|五粮液食品生鲜商品181|良品铺子食品生鲜商品482
1098,U004055,0.334,0.261516,高意向,食品生鲜,爆款高转化池,P000080|P001955|P000818|P001304|P001988,伊利食品生鲜商品963|百草味食品生鲜商品833|金龙鱼食品生鲜商品198|五粮液食品生鲜商品181|良品铺子食品生鲜商品482
1099,U002654,0.3339,0.253695,高意向,手机数码,爆款高转化池,P000808|P001509|P000688|P000498|P001082,华为手机数码商品883|三星手机数码商品747|华为手机数码商品474|三星手机数码商品800|小米手机数码商品672
1100,U002257,0.3338,0.304446,高意向,食品生鲜,爆款高转化池,P000080|P001955|P000818|P001304|P001988,伊利食品生鲜商品963|百草味食品生鲜商品833|金龙鱼食品生鲜商品198|五粮液食品生鲜商品181|良品铺子食品生鲜商品482
1101,U001520,0.3337,0.258305,高意向,手机数码,爆款高转化池,P000808|P001509|P000688|P000498|P001082,华为手机数码商品883|三星手机数码商品747|华为手机数码商品474|三星手机数码商品800|小米手机数码商品672
1102,U004992,0.3336,0.312836,高意向,母婴用品,爆款高转化池,P000923|P001341|P001282|P000310|P000627,贝因美母婴用品商品502|花王母婴用品商品597|花王母婴用品商品885|强生母婴用品商品283|帮宝适母婴用品商品545
1103,U001197,0.3334,0.256028,高意向,珠宝首饰,爆款高转化池,P000538|P000126|P001784|P000192|P000551,老凤祥珠宝首饰商品443|周生生珠宝首饰商品232|老凤祥珠宝首饰商品799|老凤祥珠宝首饰商品808|老凤祥珠宝首饰商品566
1104,U002763,0.3332,0.303634,高意向,手机数码,爆款高转化池,P000808|P001509|P000688|P000498|P001082,华为手机数码商品883|三星手机数码商品747|华为手机数码商品474|三星手机数码商品800|小米手机数码商品672
1105,U001239,0.333,0.267014,高意向,运动户外,爆款高转化池,P001787|P001427|P000783|P000134|P000168,361度运动户外商品484|骆驼运动户外商品702|哥伦比亚运动户外商品762|哥伦比亚运动户外商品544|李宁运动户外商品543
1106,U002597,0.333,0.301786,高意向,宠物用品,爆款高转化池,P000750|P000035|P001710|P000996|P000462,冠能宠物用品商品494|皇家宠物用品商品286|网易严选宠物用品商品732|麦富迪宠物用品商品635|冠能宠物用品商品709
1107,U004409,0.333,0.309739,高意向,母婴用品,爆款高转化池,P000923|P001341|P001282|P000310|P000627,贝因美母婴用品商品502|花王母婴用品商品597|花王母婴用品商品885|强生母婴用品商品283|帮宝适母婴用品商品545
1108,U000161,0.3329,0.307379,高意向,食品生鲜,爆款高转化池,P000080|P001955|P000818|P001304|P001988,伊利食品生鲜商品963|百草味食品生鲜商品833|金龙鱼食品生鲜商品198|五粮液食品生鲜商品181|良品铺子食品生鲜商品482
1109,U001602,0.3329,0.308273,高意向,母婴用品,爆款高转化池,P000923|P001341|P001282|P000310|P000627,贝因美母婴用品商品502|花王母婴用品商品597|花王母婴用品商品885|强生母婴用品商品283|帮宝适母婴用品商品545
1110,U002757,0.3329,0.303616,高意向,母婴用品,爆款高转化池,P000923|P001341|P001282|P000310|P000627,贝因美母婴用品商品502|花王母婴用品商品597|花王母婴用品商品885|强生母婴用品商品283|帮宝适母婴用品商品545
1111,U004208,0.3329,0.236164,高意向,运动户外,爆款高转化池,P001787|P001427|P000783|P000134|P000168,361度运动户外商品484|骆驼运动户外商品702|哥伦比亚运动户外商品762|哥伦比亚运动户外商品544|李宁运动户外商品543
1112,U000263,0.3328,0.294528,高意向,珠宝首饰,爆款高转化池,P000538|P000126|P001784|P000192|P000551,老凤祥珠宝首饰商品443|周生生珠宝首饰商品232|老凤祥珠宝首饰商品799|老凤祥珠宝首饰商品808|老凤祥珠宝首饰商品566
1113,U002659,0.3328,0.301318,高意向,美妆护肤,爆款高转化池,P000532|P000773|P000947|P000971|P001402,珀莱雅美妆护肤商品523|自然堂美妆护肤商品332|珀莱雅美妆护肤商品976|SK-II美妆护肤商品867|珀莱雅美妆护肤商品932
1114,U000586,0.3325,0.297572,高意向,手机数码,爆款高转化池,P000808|P001509|P000688|P000498|P001082,华为手机数码商品883|三星手机数码商品747|华为手机数码商品474|三星手机数码商品800|小米手机数码商品672
1115,U001536,0.3325,0.296568,高意向,图书音像,爆款高转化池,P001182|P000992|P001207|P001242|P001223,当当图书音像商品607|人民邮电出版社图书音像商品329|京东图书图书音像商品505|人民邮电出版社图书音像商品170|京东图书图书音像商品628
1116,U002803,0.3325,0.290052,高意向,宠物用品,爆款高转化池,P000750|P000035|P001710|P000996|P000462,冠能宠物用品商品494|皇家宠物用品商品286|网易严选宠物用品商品732|麦富迪宠物用品商品635|冠能宠物用品商品709
1117,U001459,0.3324,0.309368,高意向,美妆护肤,爆款高转化池,P000532|P000773|P000947|P000971|P001402,珀莱雅美妆护肤商品523|自然堂美妆护肤商品332|珀莱雅美妆护肤商品976|SK-II美妆护肤商品867|珀莱雅美妆护肤商品932
1118,U004947,0.3324,0.305227,高意向,珠宝首饰,爆款高转化池,P000538|P000126|P001784|P000192|P000551,老凤祥珠宝首饰商品443|周生生珠宝首饰商品232|老凤祥珠宝首饰商品799|老凤祥珠宝首饰商品808|老凤祥珠宝首饰商品566
1119,U002001,0.3323,0.304977,高意向,服装鞋包,爆款高转化池,P001734|P001740|P001694|P000314|P000970,ZARA服装鞋包商品462|耐克服装鞋包商品217|优衣库服装鞋包商品426|耐克服装鞋包商品620|海澜之家服装鞋包商品195
1120,U003769,0.3323,0.301274,高意向,宠物用品,爆款高转化池,P000750|P000035|P001710|P000996|P000462,冠能宠物用品商品494|皇家宠物用品商品286|网易严选宠物用品商品732|麦富迪宠物用品商品635|冠能宠物用品商品709
1121,U000099,0.3322,0.299957,高意向,珠宝首饰,爆款高转化池,P000538|P000126|P001784|P000192|P000551,老凤祥珠宝首饰商品443|周生生珠宝首饰商品232|老凤祥珠宝首饰商品799|老凤祥珠宝首饰商品808|老凤祥珠宝首饰商品566
1122,U000554,0.3322,0.268066,高意向,服装鞋包,爆款高转化池,P001734|P001740|P001694|P000314|P000970,ZARA服装鞋包商品462|耐克服装鞋包商品217|优衣库服装鞋包商品426|耐克服装鞋包商品620|海澜之家服装鞋包商品195
1123,U001948,0.3322,0.312159,高意向,珠宝首饰,爆款高转化池,P000538|P000126|P001784|P000192|P000551,老凤祥珠宝首饰商品443|周生生珠宝首饰商品232|老凤祥珠宝首饰商品799|老凤祥珠宝首饰商品808|老凤祥珠宝首饰商品566
1124,U004999,0.3322,0.281375,高意向,汽车用品,爆款高转化池,P001927|P001490|P000410|P001675|P000547,米其林汽车用品商品720|壳牌汽车用品商品142|固特异汽车用品商品584|3M汽车用品商品220|卡仕达汽车用品商品137
1125,U001757,0.3321,0.284903,高意向,礼品鲜花,爆款高转化池,P001016|P000831|P001489|P000018|P001157,野兽派礼品鲜花商品306|Roseonly礼品鲜花商品580|诺誓礼品鲜花商品189|诺誓礼品鲜花商品463|施华洛世奇礼品鲜花商品442
1126,U003468,0.3321,0.297917,高意向,手机数码,爆款高转化池,P000808|P001509|P000688|P000498|P001082,华为手机数码商品883|三星手机数码商品747|华为手机数码商品474|三星手机数码商品800|小米手机数码商品672
1127,U000387,0.332,0.305324,高意向,手机数码,爆款高转化池,P000808|P001509|P000688|P000498|P001082,华为手机数码商品883|三星手机数码商品747|华为手机数码商品474|三星手机数码商品800|小米手机数码商品672
1128,U002822,0.3319,0.295948,高意向,箱包配饰,爆款高转化池,P000784|P000262|P001766|P000070|P001698,LV箱包配饰商品872|瑞士军威箱包配饰商品369|MK箱包配饰商品997|新秀丽箱包配饰商品905|外交官箱包配饰商品687
1129,U003408,0.3319,0.237777,高意向,母婴用品,爆款高转化池,P000923|P001341|P001282|P000310|P000627,贝因美母婴用品商品502|花王母婴用品商品597|花王母婴用品商品885|强生母婴用品商品283|帮宝适母婴用品商品545
1130,U001908,0.3317,0.26306,高意向,宠物用品,爆款高转化池,P000750|P000035|P001710|P000996|P000462,冠能宠物用品商品494|皇家宠物用品商品286|网易严选宠物用品商品732|麦富迪宠物用品商品635|冠能宠物用品商品709
1131,U002735,0.3317,0.289507,高意向,宠物用品,爆款高转化池,P000750|P000035|P001710|P000996|P000462,冠能宠物用品商品494|皇家宠物用品商品286|网易严选宠物用品商品732|麦富迪宠物用品商品635|冠能宠物用品商品709
1132,U002485,0.3316,0.261709,高意向,医药保健,爆款高转化池,P000094|P001052|P001079|P000375|P000355,钙尔奇医药保健商品391|钙尔奇医药保健商品186|九芝堂医药保健商品943|东阿阿胶医药保健商品523|云南白药医药保健商品473
1133,U002778,0.3316,0.299397,高意向,珠宝首饰,爆款高转化池,P000538|P000126|P001784|P000192|P000551,老凤祥珠宝首饰商品443|周生生珠宝首饰商品232|老凤祥珠宝首饰商品799|老凤祥珠宝首饰商品808|老凤祥珠宝首饰商品566
1134,U000594,0.3315,0.295817,高意向,母婴用品,爆款高转化池,P000923|P001341|P001282|P000310|P000627,贝因美母婴用品商品502|花王母婴用品商品597|花王母婴用品商品885|强生母婴用品商品283|帮宝适母婴用品商品545
1135,U001136,0.3315,0.248715,高意向,食品生鲜,爆款高转化池,P000080|P001955|P000818|P001304|P001988,伊利食品生鲜商品963|百草味食品生鲜商品833|金龙鱼食品生鲜商品198|五粮液食品生鲜商品181|良品铺子食品生鲜商品482
1136,U002401,0.3314,0.293704,高意向,食品生鲜,爆款高转化池,P000080|P001955|P000818|P001304|P001988,伊利食品生鲜商品963|百草味食品生鲜商品833|金龙鱼食品生鲜商品198|五粮液食品生鲜商品181|良品铺子食品生鲜商品482
1137,U002719,0.3314,0.256131,高意向,家用电器,爆款高转化池,P000904|P000206|P000946|P001013|P000285,格力家用电器商品379|美的家用电器商品467|松下家用电器商品394|海尔家用电器商品408|格力家用电器商品762
1138,U002786,0.3313,0.30501,高意向,图书音像,爆款高转化池,P001182|P000992|P001207|P001242|P001223,当当图书音像商品607|人民邮电出版社图书音像商品329|京东图书图书音像商品505|人民邮电出版社图书音像商品170|京东图书图书音像商品628
1139,U002174,0.3312,0.235194,高意向,美妆护肤,爆款高转化池,P000532|P000773|P000947|P000971|P001402,珀莱雅美妆护肤商品523|自然堂美妆护肤商品332|珀莱雅美妆护肤商品976|SK-II美妆护肤商品867|珀莱雅美妆护肤商品932
1140,U004389,0.3312,0.300946,高意向,食品生鲜,爆款高转化池,P000080|P001955|P000818|P001304|P001988,伊利食品生鲜商品963|百草味食品生鲜商品833|金龙鱼食品生鲜商品198|五粮液食品生鲜商品181|良品铺子食品生鲜商品482
1141,U003555,0.3311,0.227923,高意向,家居家装,爆款高转化池,P000883|P000221|P001102|P001151|P001129,顾家家居家居家装商品927|曲美家居家装商品318|马可波罗家居家装商品703|宜家家居家装商品838|曲美家居家装商品570
1142,U003658,0.3309,0.295661,高意向,家居家装,爆款高转化池,P000883|P000221|P001102|P001151|P001129,顾家家居家居家装商品927|曲美家居家装商品318|马可波罗家居家装商品703|宜家家居家装商品838|曲美家居家装商品570
1143,U004568,0.3309,0.298041,高意向,珠宝首饰,爆款高转化池,P000538|P000126|P001784|P000192|P000551,老凤祥珠宝首饰商品443|周生生珠宝首饰商品232|老凤祥珠宝首饰商品799|老凤祥珠宝首饰商品808|老凤祥珠宝首饰商品566
1144,U000843,0.3307,0.241784,高意向,运动户外,爆款高转化池,P001787|P001427|P000783|P000134|P000168,361度运动户外商品484|骆驼运动户外商品702|哥伦比亚运动户外商品762|哥伦比亚运动户外商品544|李宁运动户外商品543
1145,U004575,0.3307,0.305864,高意向,礼品鲜花,爆款高转化池,P001016|P000831|P001489|P000018|P001157,野兽派礼品鲜花商品306|Roseonly礼品鲜花商品580|诺誓礼品鲜花商品189|诺誓礼品鲜花商品463|施华洛世奇礼品鲜花商品442
1146,U000349,0.3306,0.30912,高意向,珠宝首饰,爆款高转化池,P000538|P000126|P001784|P000192|P000551,老凤祥珠宝首饰商品443|周生生珠宝首饰商品232|老凤祥珠宝首饰商品799|老凤祥珠宝首饰商品808|老凤祥珠宝首饰商品566
1147,U004411,0.3306,0.258014,高意向,医药保健,爆款高转化池,P000094|P001052|P001079|P000375|P000355,钙尔奇医药保健商品391|钙尔奇医药保健商品186|九芝堂医药保健商品943|东阿阿胶医药保健商品523|云南白药医药保健商品473
1148,U000665,0.3305,0.296308,高意向,医药保健,爆款高转化池,P000094|P001052|P001079|P000375|P000355,钙尔奇医药保健商品391|钙尔奇医药保健商品186|九芝堂医药保健商品943|东阿阿胶医药保健商品523|云南白药医药保健商品473
1149,U001477,0.3305,0.313148,高意向,手机数码,爆款高转化池,P000808|P001509|P000688|P000498|P001082,华为手机数码商品883|三星手机数码商品747|华为手机数码商品474|三星手机数码商品800|小米手机数码商品672
1150,U002006,0.3305,0.310833,高意向,珠宝首饰,爆款高转化池,P000538|P000126|P001784|P000192|P000551,老凤祥珠宝首饰商品443|周生生珠宝首饰商品232|老凤祥珠宝首饰商品799|老凤祥珠宝首饰商品808|老凤祥珠宝首饰商品566
1151,U001731,0.3303,0.257827,高意向,食品生鲜,爆款高转化池,P000080|P001955|P000818|P001304|P001988,伊利食品生鲜商品963|百草味食品生鲜商品833|金龙鱼食品生鲜商品198|五粮液食品生鲜商品181|良品铺子食品生鲜商品482
1152,U000447,0.3302,0.306781,高意向,汽车用品,爆款高转化池,P001927|P001490|P000410|P001675|P000547,米其林汽车用品商品720|壳牌汽车用品商品142|固特异汽车用品商品584|3M汽车用品商品220|卡仕达汽车用品商品137
1153,U000773,0.3302,0.303647,高意向,食品生鲜,爆款高转化池,P000080|P001955|P000818|P001304|P001988,伊利食品生鲜商品963|百草味食品生鲜商品833|金龙鱼食品生鲜商品198|五粮液食品生鲜商品181|良品铺子食品生鲜商品482
1154,U001481,0.3302,0.247797,高意向,汽车用品,爆款高转化池,P001927|P001490|P000410|P001675|P000547,米其林汽车用品商品720|壳牌汽车用品商品142|固特异汽车用品商品584|3M汽车用品商品220|卡仕达汽车用品商品137
1155,U002917,0.3302,0.250334,高意向,运动户外,爆款高转化池,P001787|P001427|P000783|P000134|P000168,361度运动户外商品484|骆驼运动户外商品702|哥伦比亚运动户外商品762|哥伦比亚运动户外商品544|李宁运动户外商品543
1156,U000996,0.3301,0.291933,高意向,食品生鲜,爆款高转化池,P000080|P001955|P000818|P001304|P001988,伊利食品生鲜商品963|百草味食品生鲜商品833|金龙鱼食品生鲜商品198|五粮液食品生鲜商品181|良品铺子食品生鲜商品482
1157,U001986,0.3301,0.286358,高意向,箱包配饰,爆款高转化池,P000784|P000262|P001766|P000070|P001698,LV箱包配饰商品872|瑞士军威箱包配饰商品369|MK箱包配饰商品997|新秀丽箱包配饰商品905|外交官箱包配饰商品687
1158,U000985,0.33,0.295385,高意向,美妆护肤,爆款高转化池,P000532|P000773|P000947|P000971|P001402,珀莱雅美妆护肤商品523|自然堂美妆护肤商品332|珀莱雅美妆护肤商品976|SK-II美妆护肤商品867|珀莱雅美妆护肤商品932
1159,U001061,0.3299,0.304086,高意向,家用电器,爆款高转化池,P000904|P000206|P000946|P001013|P000285,格力家用电器商品379|美的家用电器商品467|松下家用电器商品394|海尔家用电器商品408|格力家用电器商品762
1160,U003913,0.3297,0.254183,高意向,食品生鲜,爆款高转化池,P000080|P001955|P000818|P001304|P001988,伊利食品生鲜商品963|百草味食品生鲜商品833|金龙鱼食品生鲜商品198|五粮液食品生鲜商品181|良品铺子食品生鲜商品482
1161,U004023,0.3297,0.286437,高意向,母婴用品,爆款高转化池,P000923|P001341|P001282|P000310|P000627,贝因美母婴用品商品502|花王母婴用品商品597|花王母婴用品商品885|强生母婴用品商品283|帮宝适母婴用品商品545
1162,U000437,0.3295,0.248271,高意向,珠宝首饰,爆款高转化池,P000538|P000126|P001784|P000192|P000551,老凤祥珠宝首饰商品443|周生生珠宝首饰商品232|老凤祥珠宝首饰商品799|老凤祥珠宝首饰商品808|老凤祥珠宝首饰商品566
1163,U002626,0.3295,0.310518,高意向,宠物用品,爆款高转化池,P000750|P000035|P001710|P000996|P000462,冠能宠物用品商品494|皇家宠物用品商品286|网易严选宠物用品商品732|麦富迪宠物用品商品635|冠能宠物用品商品709
1164,U003305,0.3295,0.298582,高意向,运动户外,爆款高转化池,P001787|P001427|P000783|P000134|P000168,361度运动户外商品484|骆驼运动户外商品702|哥伦比亚运动户外商品762|哥伦比亚运动户外商品544|李宁运动户外商品543
1165,U004387,0.3295,0.294568,高意向,医药保健,爆款高转化池,P000094|P001052|P001079|P000375|P000355,钙尔奇医药保健商品391|钙尔奇医药保健商品186|九芝堂医药保健商品943|东阿阿胶医药保健商品523|云南白药医药保健商品473
1166,U000331,0.3294,0.248737,高意向,家用电器,爆款高转化池,P000904|P000206|P000946|P001013|P000285,格力家用电器商品379|美的家用电器商品467|松下家用电器商品394|海尔家用电器商品408|格力家用电器商品762
1167,U003801,0.3294,0.247599,高意向,家用电器,爆款高转化池,P000904|P000206|P000946|P001013|P000285,格力家用电器商品379|美的家用电器商品467|松下家用电器商品394|海尔家用电器商品408|格力家用电器商品762
1168,U000866,0.3293,0.29958,高意向,箱包配饰,爆款高转化池,P000784|P000262|P001766|P000070|P001698,LV箱包配饰商品872|瑞士军威箱包配饰商品369|MK箱包配饰商品997|新秀丽箱包配饰商品905|外交官箱包配饰商品687
1169,U003480,0.3293,0.296468,高意向,家居家装,爆款高转化池,P000883|P000221|P001102|P001151|P001129,顾家家居家居家装商品927|曲美家居家装商品318|马可波罗家居家装商品703|宜家家居家装商品838|曲美家居家装商品570
1170,U003405,0.3291,0.288841,高意向,美妆护肤,爆款高转化池,P000532|P000773|P000947|P000971|P001402,珀莱雅美妆护肤商品523|自然堂美妆护肤商品332|珀莱雅美妆护肤商品976|SK-II美妆护肤商品867|珀莱雅美妆护肤商品932
1171,U000175,0.329,0.244575,高意向,珠宝首饰,爆款高转化池,P000538|P000126|P001784|P000192|P000551,老凤祥珠宝首饰商品443|周生生珠宝首饰商品232|老凤祥珠宝首饰商品799|老凤祥珠宝首饰商品808|老凤祥珠宝首饰商品566
1172,U001587,0.329,0.297315,高意向,母婴用品,爆款高转化池,P000923|P001341|P001282|P000310|P000627,贝因美母婴用品商品502|花王母婴用品商品597|花王母婴用品商品885|强生母婴用品商品283|帮宝适母婴用品商品545
1173,U000082,0.3289,0.303023,高意向,食品生鲜,爆款高转化池,P000080|P001955|P000818|P001304|P001988,伊利食品生鲜商品963|百草味食品生鲜商品833|金龙鱼食品生鲜商品198|五粮液食品生鲜商品181|良品铺子食品生鲜商品482
1174,U002189,0.3289,0.301444,高意向,食品生鲜,爆款高转化池,P000080|P001955|P000818|P001304|P001988,伊利食品生鲜商品963|百草味食品生鲜商品833|金龙鱼食品生鲜商品198|五粮液食品生鲜商品181|良品铺子食品生鲜商品482
1175,U002591,0.3289,0.298301,高意向,箱包配饰,爆款高转化池,P000784|P000262|P001766|P000070|P001698,LV箱包配饰商品872|瑞士军威箱包配饰商品369|MK箱包配饰商品997|新秀丽箱包配饰商品905|外交官箱包配饰商品687
1176,U003925,0.3289,0.307637,高意向,服装鞋包,爆款高转化池,P001734|P001740|P001694|P000314|P000970,ZARA服装鞋包商品462|耐克服装鞋包商品217|优衣库服装鞋包商品426|耐克服装鞋包商品620|海澜之家服装鞋包商品195
1177,U004169,0.3288,0.299013,高意向,食品生鲜,爆款高转化池,P000080|P001955|P000818|P001304|P001988,伊利食品生鲜商品963|百草味食品生鲜商品833|金龙鱼食品生鲜商品198|五粮液食品生鲜商品181|良品铺子食品生鲜商品482
1178,U002299,0.3287,0.250169,高意向,运动户外,爆款高转化池,P001787|P001427|P000783|P000134|P000168,361度运动户外商品484|骆驼运动户外商品702|哥伦比亚运动户外商品762|哥伦比亚运动户外商品544|李宁运动户外商品543
1179,U003483,0.3287,0.30384,高意向,宠物用品,爆款高转化池,P000750|P000035|P001710|P000996|P000462,冠能宠物用品商品494|皇家宠物用品商品286|网易严选宠物用品商品732|麦富迪宠物用品商品635|冠能宠物用品商品709
1180,U004525,0.3287,0.239331,高意向,服装鞋包,爆款高转化池,P001734|P001740|P001694|P000314|P000970,ZARA服装鞋包商品462|耐克服装鞋包商品217|优衣库服装鞋包商品426|耐克服装鞋包商品620|海澜之家服装鞋包商品195
1181,U000228,0.3286,0.262865,高意向,母婴用品,爆款高转化池,P000923|P001341|P001282|P000310|P000627,贝因美母婴用品商品502|花王母婴用品商品597|花王母婴用品商品885|强生母婴用品商品283|帮宝适母婴用品商品545
1182,U004452,0.3286,0.313007,高意向,箱包配饰,爆款高转化池,P000784|P000262|P001766|P000070|P001698,LV箱包配饰商品872|瑞士军威箱包配饰商品369|MK箱包配饰商品997|新秀丽箱包配饰商品905|外交官箱包配饰商品687
1183,U002051,0.3285,0.307892,高意向,服装鞋包,爆款高转化池,P001734|P001740|P001694|P000314|P000970,ZARA服装鞋包商品462|耐克服装鞋包商品217|优衣库服装鞋包商品426|耐克服装鞋包商品620|海澜之家服装鞋包商品195
1184,U003144,0.3285,0.27363,高意向,美妆护肤,爆款高转化池,P000532|P000773|P000947|P000971|P001402,珀莱雅美妆护肤商品523|自然堂美妆护肤商品332|珀莱雅美妆护肤商品976|SK-II美妆护肤商品867|珀莱雅美妆护肤商品932
1185,U000966,0.3283,0.290587,高意向,医药保健,爆款高转化池,P000094|P001052|P001079|P000375|P000355,钙尔奇医药保健商品391|钙尔奇医药保健商品186|九芝堂医药保健商品943|东阿阿胶医药保健商品523|云南白药医药保健商品473
1186,U001347,0.3283,0.301305,高意向,美妆护肤,爆款高转化池,P000532|P000773|P000947|P000971|P001402,珀莱雅美妆护肤商品523|自然堂美妆护肤商品332|珀莱雅美妆护肤商品976|SK-II美妆护肤商品867|珀莱雅美妆护肤商品932
1187,U003440,0.3283,0.253086,高意向,汽车用品,爆款高转化池,P001927|P001490|P000410|P001675|P000547,米其林汽车用品商品720|壳牌汽车用品商品142|固特异汽车用品商品584|3M汽车用品商品220|卡仕达汽车用品商品137
1188,U003444,0.3283,0.287403,高意向,食品生鲜,爆款高转化池,P000080|P001955|P000818|P001304|P001988,伊利食品生鲜商品963|百草味食品生鲜商品833|金龙鱼食品生鲜商品198|五粮液食品生鲜商品181|良品铺子食品生鲜商品482
1189,U004266,0.3283,0.301981,高意向,家居家装,爆款高转化池,P000883|P000221|P001102|P001151|P001129,顾家家居家居家装商品927|曲美家居家装商品318|马可波罗家居家装商品703|宜家家居家装商品838|曲美家居家装商品570
1190,U004958,0.3283,0.299695,高意向,服装鞋包,爆款高转化池,P001734|P001740|P001694|P000314|P000970,ZARA服装鞋包商品462|耐克服装鞋包商品217|优衣库服装鞋包商品426|耐克服装鞋包商品620|海澜之家服装鞋包商品195
1191,U002474,0.3282,0.252524,高意向,箱包配饰,爆款高转化池,P000784|P000262|P001766|P000070|P001698,LV箱包配饰商品872|瑞士军威箱包配饰商品369|MK箱包配饰商品997|新秀丽箱包配饰商品905|外交官箱包配饰商品687
1192,U004715,0.3282,0.29533,高意向,珠宝首饰,爆款高转化池,P000538|P000126|P001784|P000192|P000551,老凤祥珠宝首饰商品443|周生生珠宝首饰商品232|老凤祥珠宝首饰商品799|老凤祥珠宝首饰商品808|老凤祥珠宝首饰商品566
1193,U002925,0.3281,0.226563,高意向,珠宝首饰,爆款高转化池,P000538|P000126|P001784|P000192|P000551,老凤祥珠宝首饰商品443|周生生珠宝首饰商品232|老凤祥珠宝首饰商品799|老凤祥珠宝首饰商品808|老凤祥珠宝首饰商品566
1194,U002155,0.328,0.292396,高意向,服装鞋包,爆款高转化池,P001734|P001740|P001694|P000314|P000970,ZARA服装鞋包商品462|耐克服装鞋包商品217|优衣库服装鞋包商品426|耐克服装鞋包商品620|海澜之家服装鞋包商品195
1195,U003667,0.328,0.300486,高意向,汽车用品,爆款高转化池,P001927|P001490|P000410|P001675|P000547,米其林汽车用品商品720|壳牌汽车用品商品142|固特异汽车用品商品584|3M汽车用品商品220|卡仕达汽车用品商品137
1196,U004590,0.328,0.29366,高意向,箱包配饰,爆款高转化池,P000784|P000262|P001766|P000070|P001698,LV箱包配饰商品872|瑞士军威箱包配饰商品369|MK箱包配饰商品997|新秀丽箱包配饰商品905|外交官箱包配饰商品687
1197,U000327,0.3278,0.306723,高意向,医药保健,爆款高转化池,P000094|P001052|P001079|P000375|P000355,钙尔奇医药保健商品391|钙尔奇医药保健商品186|九芝堂医药保健商品943|东阿阿胶医药保健商品523|云南白药医药保健商品473
1198,U004489,0.3278,0.292566,高意向,汽车用品,爆款高转化池,P001927|P001490|P000410|P001675|P000547,米其林汽车用品商品720|壳牌汽车用品商品142|固特异汽车用品商品584|3M汽车用品商品220|卡仕达汽车用品商品137
1199,U001895,0.3277,0.238808,高意向,手机数码,爆款高转化池,P000808|P001509|P000688|P000498|P001082,华为手机数码商品883|三星手机数码商品747|华为手机数码商品474|三星手机数码商品800|小米手机数码商品672
1200,U001128,0.3276,0.300566,高意向,医药保健,爆款高转化池,P000094|P001052|P001079|P000375|P000355,钙尔奇医药保健商品391|钙尔奇医药保健商品186|九芝堂医药保健商品943|东阿阿胶医药保健商品523|云南白药医药保健商品473
1201,U001644,0.3276,0.309008,高意向,图书音像,爆款高转化池,P001182|P000992|P001207|P001242|P001223,当当图书音像商品607|人民邮电出版社图书音像商品329|京东图书图书音像商品505|人民邮电出版社图书音像商品170|京东图书图书音像商品628
1202,U002624,0.3276,0.234401,高意向,箱包配饰,爆款高转化池,P000784|P000262|P001766|P000070|P001698,LV箱包配饰商品872|瑞士军威箱包配饰商品369|MK箱包配饰商品997|新秀丽箱包配饰商品905|外交官箱包配饰商品687
1203,U000015,0.3275,0.218109,高意向,母婴用品,爆款高转化池,P000923|P001341|P001282|P000310|P000627,贝因美母婴用品商品502|花王母婴用品商品597|花王母婴用品商品885|强生母婴用品商品283|帮宝适母婴用品商品545
1204,U003799,0.3274,0.299464,高意向,手机数码,爆款高转化池,P000808|P001509|P000688|P000498|P001082,华为手机数码商品883|三星手机数码商品747|华为手机数码商品474|三星手机数码商品800|小米手机数码商品672
1205,U000259,0.3273,0.294095,高意向,箱包配饰,爆款高转化池,P000784|P000262|P001766|P000070|P001698,LV箱包配饰商品872|瑞士军威箱包配饰商品369|MK箱包配饰商品997|新秀丽箱包配饰商品905|外交官箱包配饰商品687
1206,U001464,0.3273,0.302439,高意向,运动户外,爆款高转化池,P001787|P001427|P000783|P000134|P000168,361度运动户外商品484|骆驼运动户外商品702|哥伦比亚运动户外商品762|哥伦比亚运动户外商品544|李宁运动户外商品543
1207,U003875,0.3273,0.30314,高意向,医药保健,爆款高转化池,P000094|P001052|P001079|P000375|P000355,钙尔奇医药保健商品391|钙尔奇医药保健商品186|九芝堂医药保健商品943|东阿阿胶医药保健商品523|云南白药医药保健商品473
1208,U004805,0.3273,0.301298,高意向,食品生鲜,爆款高转化池,P000080|P001955|P000818|P001304|P001988,伊利食品生鲜商品963|百草味食品生鲜商品833|金龙鱼食品生鲜商品198|五粮液食品生鲜商品181|良品铺子食品生鲜商品482
1209,U000170,0.3272,0.291384,高意向,汽车用品,爆款高转化池,P001927|P001490|P000410|P001675|P000547,米其林汽车用品商品720|壳牌汽车用品商品142|固特异汽车用品商品584|3M汽车用品商品220|卡仕达汽车用品商品137
1210,U000332,0.3272,0.293727,高意向,运动户外,爆款高转化池,P001787|P001427|P000783|P000134|P000168,361度运动户外商品484|骆驼运动户外商品702|哥伦比亚运动户外商品762|哥伦比亚运动户外商品544|李宁运动户外商品543
1211,U001586,0.3271,0.296834,高意向,家居家装,爆款高转化池,P000883|P000221|P001102|P001151|P001129,顾家家居家居家装商品927|曲美家居家装商品318|马可波罗家居家装商品703|宜家家居家装商品838|曲美家居家装商品570
1212,U002473,0.3271,0.301642,高意向,汽车用品,爆款高转化池,P001927|P001490|P000410|P001675|P000547,米其林汽车用品商品720|壳牌汽车用品商品142|固特异汽车用品商品584|3M汽车用品商品220|卡仕达汽车用品商品137
1213,U000434,0.327,0.263922,高意向,汽车用品,爆款高转化池,P001927|P001490|P000410|P001675|P000547,米其林汽车用品商品720|壳牌汽车用品商品142|固特异汽车用品商品584|3M汽车用品商品220|卡仕达汽车用品商品137
1214,U000462,0.327,0.233212,高意向,图书音像,爆款高转化池,P001182|P000992|P001207|P001242|P001223,当当图书音像商品607|人民邮电出版社图书音像商品329|京东图书图书音像商品505|人民邮电出版社图书音像商品170|京东图书图书音像商品628
1215,U003618,0.327,0.248397,高意向,医药保健,爆款高转化池,P000094|P001052|P001079|P000375|P000355,钙尔奇医药保健商品391|钙尔奇医药保健商品186|九芝堂医药保健商品943|东阿阿胶医药保健商品523|云南白药医药保健商品473
1216,U004113,0.327,0.215546,高意向,宠物用品,爆款高转化池,P000750|P000035|P001710|P000996|P000462,冠能宠物用品商品494|皇家宠物用品商品286|网易严选宠物用品商品732|麦富迪宠物用品商品635|冠能宠物用品商品709
1217,U002809,0.3268,0.298935,高意向,礼品鲜花,爆款高转化池,P001016|P000831|P001489|P000018|P001157,野兽派礼品鲜花商品306|Roseonly礼品鲜花商品580|诺誓礼品鲜花商品189|诺誓礼品鲜花商品463|施华洛世奇礼品鲜花商品442
1218,U004910,0.3268,0.242076,高意向,服装鞋包,爆款高转化池,P001734|P001740|P001694|P000314|P000970,ZARA服装鞋包商品462|耐克服装鞋包商品217|优衣库服装鞋包商品426|耐克服装鞋包商品620|海澜之家服装鞋包商品195
1219,U000468,0.3266,0.290799,高意向,汽车用品,爆款高转化池,P001927|P001490|P000410|P001675|P000547,米其林汽车用品商品720|壳牌汽车用品商品142|固特异汽车用品商品584|3M汽车用品商品220|卡仕达汽车用品商品137
1220,U000150,0.3265,0.233513,高意向,家用电器,爆款高转化池,P000904|P000206|P000946|P001013|P000285,格力家用电器商品379|美的家用电器商品467|松下家用电器商品394|海尔家用电器商品408|格力家用电器商品762
1221,U002141,0.3265,0.295354,高意向,母婴用品,爆款高转化池,P000923|P001341|P001282|P000310|P000627,贝因美母婴用品商品502|花王母婴用品商品597|花王母婴用品商品885|强生母婴用品商品283|帮宝适母婴用品商品545
1222,U001664,0.3264,0.294602,高意向,医药保健,爆款高转化池,P000094|P001052|P001079|P000375|P000355,钙尔奇医药保健商品391|钙尔奇医药保健商品186|九芝堂医药保健商品943|东阿阿胶医药保健商品523|云南白药医药保健商品473
1223,U002356,0.3264,0.311169,高意向,汽车用品,爆款高转化池,P001927|P001490|P000410|P001675|P000547,米其林汽车用品商品720|壳牌汽车用品商品142|固特异汽车用品商品584|3M汽车用品商品220|卡仕达汽车用品商品137
1224,U002769,0.3263,0.287185,高意向,家用电器,爆款高转化池,P000904|P000206|P000946|P001013|P000285,格力家用电器商品379|美的家用电器商品467|松下家用电器商品394|海尔家用电器商品408|格力家用电器商品762
1225,U001220,0.3262,0.293916,高意向,汽车用品,爆款高转化池,P001927|P001490|P000410|P001675|P000547,米其林汽车用品商品720|壳牌汽车用品商品142|固特异汽车用品商品584|3M汽车用品商品220|卡仕达汽车用品商品137
1226,U002030,0.3262,0.261565,高意向,礼品鲜花,爆款高转化池,P001016|P000831|P001489|P000018|P001157,野兽派礼品鲜花商品306|Roseonly礼品鲜花商品580|诺誓礼品鲜花商品189|诺誓礼品鲜花商品463|施华洛世奇礼品鲜花商品442
1227,U002223,0.3262,0.285936,高意向,图书音像,爆款高转化池,P001182|P000992|P001207|P001242|P001223,当当图书音像商品607|人民邮电出版社图书音像商品329|京东图书图书音像商品505|人民邮电出版社图书音像商品170|京东图书图书音像商品628
1228,U002367,0.3262,0.296604,高意向,汽车用品,爆款高转化池,P001927|P001490|P000410|P001675|P000547,米其林汽车用品商品720|壳牌汽车用品商品142|固特异汽车用品商品584|3M汽车用品商品220|卡仕达汽车用品商品137
1229,U004137,0.3262,0.306482,高意向,宠物用品,爆款高转化池,P000750|P000035|P001710|P000996|P000462,冠能宠物用品商品494|皇家宠物用品商品286|网易严选宠物用品商品732|麦富迪宠物用品商品635|冠能宠物用品商品709
1230,U002461,0.3261,0.252785,高意向,礼品鲜花,爆款高转化池,P001016|P000831|P001489|P000018|P001157,野兽派礼品鲜花商品306|Roseonly礼品鲜花商品580|诺誓礼品鲜花商品189|诺誓礼品鲜花商品463|施华洛世奇礼品鲜花商品442
1231,U003386,0.326,0.303465,高意向,礼品鲜花,爆款高转化池,P001016|P000831|P001489|P000018|P001157,野兽派礼品鲜花商品306|Roseonly礼品鲜花商品580|诺誓礼品鲜花商品189|诺誓礼品鲜花商品463|施华洛世奇礼品鲜花商品442
1232,U004117,0.326,0.30037,高意向,运动户外,爆款高转化池,P001787|P001427|P000783|P000134|P000168,361度运动户外商品484|骆驼运动户外商品702|哥伦比亚运动户外商品762|哥伦比亚运动户外商品544|李宁运动户外商品543
1233,U001921,0.3259,0.297117,高意向,箱包配饰,爆款高转化池,P000784|P000262|P001766|P000070|P001698,LV箱包配饰商品872|瑞士军威箱包配饰商品369|MK箱包配饰商品997|新秀丽箱包配饰商品905|外交官箱包配饰商品687
1234,U001007,0.3258,0.303345,高意向,箱包配饰,爆款高转化池,P000784|P000262|P001766|P000070|P001698,LV箱包配饰商品872|瑞士军威箱包配饰商品369|MK箱包配饰商品997|新秀丽箱包配饰商品905|外交官箱包配饰商品687
1235,U001687,0.3258,0.306993,高意向,母婴用品,爆款高转化池,P000923|P001341|P001282|P000310|P000627,贝因美母婴用品商品502|花王母婴用品商品597|花王母婴用品商品885|强生母婴用品商品283|帮宝适母婴用品商品545
1236,U004596,0.3258,0.249487,高意向,美妆护肤,爆款高转化池,P000532|P000773|P000947|P000971|P001402,珀莱雅美妆护肤商品523|自然堂美妆护肤商品332|珀莱雅美妆护肤商品976|SK-II美妆护肤商品867|珀莱雅美妆护肤商品932
1237,U002215,0.3256,0.301049,高意向,食品生鲜,爆款高转化池,P000080|P001955|P000818|P001304|P001988,伊利食品生鲜商品963|百草味食品生鲜商品833|金龙鱼食品生鲜商品198|五粮液食品生鲜商品181|良品铺子食品生鲜商品482
1238,U002944,0.3256,0.248292,高意向,医药保健,爆款高转化池,P000094|P001052|P001079|P000375|P000355,钙尔奇医药保健商品391|钙尔奇医药保健商品186|九芝堂医药保健商品943|东阿阿胶医药保健商品523|云南白药医药保健商品473
1239,U004114,0.3256,0.303281,高意向,汽车用品,爆款高转化池,P001927|P001490|P000410|P001675|P000547,米其林汽车用品商品720|壳牌汽车用品商品142|固特异汽车用品商品584|3M汽车用品商品220|卡仕达汽车用品商品137
1240,U000563,0.3255,0.291865,高意向,家居家装,爆款高转化池,P000883|P000221|P001102|P001151|P001129,顾家家居家居家装商品927|曲美家居家装商品318|马可波罗家居家装商品703|宜家家居家装商品838|曲美家居家装商品570
1241,U004764,0.3255,0.23269,高意向,医药保健,爆款高转化池,P000094|P001052|P001079|P000375|P000355,钙尔奇医药保健商品391|钙尔奇医药保健商品186|九芝堂医药保健商品943|东阿阿胶医药保健商品523|云南白药医药保健商品473
1242,U004907,0.3255,0.299434,高意向,手机数码,爆款高转化池,P000808|P001509|P000688|P000498|P001082,华为手机数码商品883|三星手机数码商品747|华为手机数码商品474|三星手机数码商品800|小米手机数码商品672
1243,U004513,0.3254,0.264609,高意向,礼品鲜花,爆款高转化池,P001016|P000831|P001489|P000018|P001157,野兽派礼品鲜花商品306|Roseonly礼品鲜花商品580|诺誓礼品鲜花商品189|诺誓礼品鲜花商品463|施华洛世奇礼品鲜花商品442
1244,U004305,0.3253,0.296511,高意向,箱包配饰,爆款高转化池,P000784|P000262|P001766|P000070|P001698,LV箱包配饰商品872|瑞士军威箱包配饰商品369|MK箱包配饰商品997|新秀丽箱包配饰商品905|外交官箱包配饰商品687
1245,U000551,0.3252,0.301897,高意向,箱包配饰,爆款高转化池,P000784|P000262|P001766|P000070|P001698,LV箱包配饰商品872|瑞士军威箱包配饰商品369|MK箱包配饰商品997|新秀丽箱包配饰商品905|外交官箱包配饰商品687
1246,U000073,0.3251,0.30441,高意向,美妆护肤,爆款高转化池,P000532|P000773|P000947|P000971|P001402,珀莱雅美妆护肤商品523|自然堂美妆护肤商品332|珀莱雅美妆护肤商品976|SK-II美妆护肤商品867|珀莱雅美妆护肤商品932
1247,U001396,0.3251,0.300942,高意向,美妆护肤,爆款高转化池,P000532|P000773|P000947|P000971|P001402,珀莱雅美妆护肤商品523|自然堂美妆护肤商品332|珀莱雅美妆护肤商品976|SK-II美妆护肤商品867|珀莱雅美妆护肤商品932
1248,U002498,0.3251,0.253068,高意向,家居家装,爆款高转化池,P000883|P000221|P001102|P001151|P001129,顾家家居家居家装商品927|曲美家居家装商品318|马可波罗家居家装商品703|宜家家居家装商品838|曲美家居家装商品570
1249,U001497,0.325,0.303654,高意向,汽车用品,爆款高转化池,P001927|P001490|P000410|P001675|P000547,米其林汽车用品商品720|壳牌汽车用品商品142|固特异汽车用品商品584|3M汽车用品商品220|卡仕达汽车用品商品137
1250,U002782,0.325,0.294505,高意向,医药保健,爆款高转化池,P000094|P001052|P001079|P000375|P000355,钙尔奇医药保健商品391|钙尔奇医药保健商品186|九芝堂医药保健商品943|东阿阿胶医药保健商品523|云南白药医药保健商品473
1251,U001218,0.3249,0.304782,高意向,汽车用品,爆款高转化池,P001927|P001490|P000410|P001675|P000547,米其林汽车用品商品720|壳牌汽车用品商品142|固特异汽车用品商品584|3M汽车用品商品220|卡仕达汽车用品商品137
1252,U004967,0.3247,0.236264,高意向,宠物用品,爆款高转化池,P000750|P000035|P001710|P000996|P000462,冠能宠物用品商品494|皇家宠物用品商品286|网易严选宠物用品商品732|麦富迪宠物用品商品635|冠能宠物用品商品709
1253,U004845,0.3246,0.285862,高意向,家居家装,爆款高转化池,P000883|P000221|P001102|P001151|P001129,顾家家居家居家装商品927|曲美家居家装商品318|马可波罗家居家装商品703|宜家家居家装商品838|曲美家居家装商品570
1254,U000423,0.3245,0.207043,高意向,食品生鲜,爆款高转化池,P000080|P001955|P000818|P001304|P001988,伊利食品生鲜商品963|百草味食品生鲜商品833|金龙鱼食品生鲜商品198|五粮液食品生鲜商品181|良品铺子食品生鲜商品482
1255,U003210,0.3244,0.295203,高意向,医药保健,爆款高转化池,P000094|P001052|P001079|P000375|P000355,钙尔奇医药保健商品391|钙尔奇医药保健商品186|九芝堂医药保健商品943|东阿阿胶医药保健商品523|云南白药医药保健商品473
1256,U002217,0.3243,0.29819,高意向,礼品鲜花,爆款高转化池,P001016|P000831|P001489|P000018|P001157,野兽派礼品鲜花商品306|Roseonly礼品鲜花商品580|诺誓礼品鲜花商品189|诺誓礼品鲜花商品463|施华洛世奇礼品鲜花商品442
1257,U003631,0.3243,0.229701,高意向,食品生鲜,爆款高转化池,P000080|P001955|P000818|P001304|P001988,伊利食品生鲜商品963|百草味食品生鲜商品833|金龙鱼食品生鲜商品198|五粮液食品生鲜商品181|良品铺子食品生鲜商品482
1258,U001546,0.3241,0.243539,高意向,美妆护肤,爆款高转化池,P000532|P000773|P000947|P000971|P001402,珀莱雅美妆护肤商品523|自然堂美妆护肤商品332|珀莱雅美妆护肤商品976|SK-II美妆护肤商品867|珀莱雅美妆护肤商品932
1259,U001603,0.3241,0.297559,高意向,图书音像,爆款高转化池,P001182|P000992|P001207|P001242|P001223,当当图书音像商品607|人民邮电出版社图书音像商品329|京东图书图书音像商品505|人民邮电出版社图书音像商品170|京东图书图书音像商品628
1260,U002697,0.324,0.255579,高意向,箱包配饰,爆款高转化池,P000784|P000262|P001766|P000070|P001698,LV箱包配饰商品872|瑞士军威箱包配饰商品369|MK箱包配饰商品997|新秀丽箱包配饰商品905|外交官箱包配饰商品687
1261,U001610,0.3238,0.274328,高意向,珠宝首饰,爆款高转化池,P000538|P000126|P001784|P000192|P000551,老凤祥珠宝首饰商品443|周生生珠宝首饰商品232|老凤祥珠宝首饰商品799|老凤祥珠宝首饰商品808|老凤祥珠宝首饰商品566
1262,U003743,0.3238,0.302521,高意向,美妆护肤,爆款高转化池,P000532|P000773|P000947|P000971|P001402,珀莱雅美妆护肤商品523|自然堂美妆护肤商品332|珀莱雅美妆护肤商品976|SK-II美妆护肤商品867|珀莱雅美妆护肤商品932
1263,U002740,0.3237,0.299782,高意向,运动户外,爆款高转化池,P001787|P001427|P000783|P000134|P000168,361度运动户外商品484|骆驼运动户外商品702|哥伦比亚运动户外商品762|哥伦比亚运动户外商品544|李宁运动户外商品543
1264,U004435,0.3237,0.267061,高意向,母婴用品,爆款高转化池,P000923|P001341|P001282|P000310|P000627,贝因美母婴用品商品502|花王母婴用品商品597|花王母婴用品商品885|强生母婴用品商品283|帮宝适母婴用品商品545
1265,U002139,0.3236,0.27373,高意向,手机数码,爆款高转化池,P000808|P001509|P000688|P000498|P001082,华为手机数码商品883|三星手机数码商品747|华为手机数码商品474|三星手机数码商品800|小米手机数码商品672
1266,U001655,0.3235,0.259107,高意向,珠宝首饰,爆款高转化池,P000538|P000126|P001784|P000192|P000551,老凤祥珠宝首饰商品443|周生生珠宝首饰商品232|老凤祥珠宝首饰商品799|老凤祥珠宝首饰商品808|老凤祥珠宝首饰商品566
1267,U003138,0.3233,0.257774,高意向,服装鞋包,爆款高转化池,P001734|P001740|P001694|P000314|P000970,ZARA服装鞋包商品462|耐克服装鞋包商品217|优衣库服装鞋包商品426|耐克服装鞋包商品620|海澜之家服装鞋包商品195
1268,U004402,0.3232,0.298805,高意向,食品生鲜,爆款高转化池,P000080|P001955|P000818|P001304|P001988,伊利食品生鲜商品963|百草味食品生鲜商品833|金龙鱼食品生鲜商品198|五粮液食品生鲜商品181|良品铺子食品生鲜商品482
1269,U000021,0.3231,0.290222,高意向,母婴用品,爆款高转化池,P000923|P001341|P001282|P000310|P000627,贝因美母婴用品商品502|花王母婴用品商品597|花王母婴用品商品885|强生母婴用品商品283|帮宝适母婴用品商品545
1270,U002653,0.3231,0.299788,高意向,服装鞋包,爆款高转化池,P001734|P001740|P001694|P000314|P000970,ZARA服装鞋包商品462|耐克服装鞋包商品217|优衣库服装鞋包商品426|耐克服装鞋包商品620|海澜之家服装鞋包商品195
1271,U003011,0.3231,0.234198,高意向,家用电器,爆款高转化池,P000904|P000206|P000946|P001013|P000285,格力家用电器商品379|美的家用电器商品467|松下家用电器商品394|海尔家用电器商品408|格力家用电器商品762
1272,U001232,0.323,0.250372,高意向,食品生鲜,爆款高转化池,P000080|P001955|P000818|P001304|P001988,伊利食品生鲜商品963|百草味食品生鲜商品833|金龙鱼食品生鲜商品198|五粮液食品生鲜商品181|良品铺子食品生鲜商品482
1273,U000555,0.3229,0.296307,高意向,食品生鲜,爆款高转化池,P000080|P001955|P000818|P001304|P001988,伊利食品生鲜商品963|百草味食品生鲜商品833|金龙鱼食品生鲜商品198|五粮液食品生鲜商品181|良品铺子食品生鲜商品482
1274,U000833,0.3229,0.28888,高意向,珠宝首饰,爆款高转化池,P000538|P000126|P001784|P000192|P000551,老凤祥珠宝首饰商品443|周生生珠宝首饰商品232|老凤祥珠宝首饰商品799|老凤祥珠宝首饰商品808|老凤祥珠宝首饰商品566
1275,U003671,0.3229,0.266522,高意向,医药保健,爆款高转化池,P000094|P001052|P001079|P000375|P000355,钙尔奇医药保健商品391|钙尔奇医药保健商品186|九芝堂医药保健商品943|东阿阿胶医药保健商品523|云南白药医药保健商品473
1276,U001511,0.3226,0.296416,高意向,母婴用品,爆款高转化池,P000923|P001341|P001282|P000310|P000627,贝因美母婴用品商品502|花王母婴用品商品597|花王母婴用品商品885|强生母婴用品商品283|帮宝适母婴用品商品545
1277,U003683,0.3226,0.25827,高意向,家用电器,爆款高转化池,P000904|P000206|P000946|P001013|P000285,格力家用电器商品379|美的家用电器商品467|松下家用电器商品394|海尔家用电器商品408|格力家用电器商品762
1278,U000921,0.3225,0.303775,高意向,母婴用品,爆款高转化池,P000923|P001341|P001282|P000310|P000627,贝因美母婴用品商品502|花王母婴用品商品597|花王母婴用品商品885|强生母婴用品商品283|帮宝适母婴用品商品545
1279,U004086,0.3225,0.297405,高意向,美妆护肤,爆款高转化池,P000532|P000773|P000947|P000971|P001402,珀莱雅美妆护肤商品523|自然堂美妆护肤商品332|珀莱雅美妆护肤商品976|SK-II美妆护肤商品867|珀莱雅美妆护肤商品932
1280,U002087,0.3224,0.295765,高意向,母婴用品,爆款高转化池,P000923|P001341|P001282|P000310|P000627,贝因美母婴用品商品502|花王母婴用品商品597|花王母婴用品商品885|强生母婴用品商品283|帮宝适母婴用品商品545
1281,U000581,0.3223,0.297374,高意向,礼品鲜花,爆款高转化池,P001016|P000831|P001489|P000018|P001157,野兽派礼品鲜花商品306|Roseonly礼品鲜花商品580|诺誓礼品鲜花商品189|诺誓礼品鲜花商品463|施华洛世奇礼品鲜花商品442
1282,U003122,0.3223,0.292377,高意向,汽车用品,爆款高转化池,P001927|P001490|P000410|P001675|P000547,米其林汽车用品商品720|壳牌汽车用品商品142|固特异汽车用品商品584|3M汽车用品商品220|卡仕达汽车用品商品137
1283,U004494,0.3223,0.309418,高意向,汽车用品,爆款高转化池,P001927|P001490|P000410|P001675|P000547,米其林汽车用品商品720|壳牌汽车用品商品142|固特异汽车用品商品584|3M汽车用品商品220|卡仕达汽车用品商品137
1284,U000230,0.3221,0.24938,高意向,医药保健,爆款高转化池,P000094|P001052|P001079|P000375|P000355,钙尔奇医药保健商品391|钙尔奇医药保健商品186|九芝堂医药保健商品943|东阿阿胶医药保健商品523|云南白药医药保健商品473
1285,U001276,0.3221,0.284061,高意向,家居家装,爆款高转化池,P000883|P000221|P001102|P001151|P001129,顾家家居家居家装商品927|曲美家居家装商品318|马可波罗家居家装商品703|宜家家居家装商品838|曲美家居家装商品570
1286,U002414,0.3221,0.245099,高意向,食品生鲜,爆款高转化池,P000080|P001955|P000818|P001304|P001988,伊利食品生鲜商品963|百草味食品生鲜商品833|金龙鱼食品生鲜商品198|五粮液食品生鲜商品181|良品铺子食品生鲜商品482
1287,U003622,0.3221,0.290613,高意向,运动户外,爆款高转化池,P001787|P001427|P000783|P000134|P000168,361度运动户外商品484|骆驼运动户外商品702|哥伦比亚运动户外商品762|哥伦比亚运动户外商品544|李宁运动户外商品543
1288,U000306,0.322,0.257051,高意向,医药保健,爆款高转化池,P000094|P001052|P001079|P000375|P000355,钙尔奇医药保健商品391|钙尔奇医药保健商品186|九芝堂医药保健商品943|东阿阿胶医药保健商品523|云南白药医药保健商品473
1289,U003497,0.322,0.257463,高意向,运动户外,爆款高转化池,P001787|P001427|P000783|P000134|P000168,361度运动户外商品484|骆驼运动户外商品702|哥伦比亚运动户外商品762|哥伦比亚运动户外商品544|李宁运动户外商品543
1290,U004621,0.322,0.295316,高意向,家居家装,爆款高转化池,P000883|P000221|P001102|P001151|P001129,顾家家居家居家装商品927|曲美家居家装商品318|马可波罗家居家装商品703|宜家家居家装商品838|曲美家居家装商品570
1291,U000184,0.3219,0.259609,高意向,服装鞋包,爆款高转化池,P001734|P001740|P001694|P000314|P000970,ZARA服装鞋包商品462|耐克服装鞋包商品217|优衣库服装鞋包商品426|耐克服装鞋包商品620|海澜之家服装鞋包商品195
1292,U004071,0.3219,0.292258,高意向,医药保健,爆款高转化池,P000094|P001052|P001079|P000375|P000355,钙尔奇医药保健商品391|钙尔奇医药保健商品186|九芝堂医药保健商品943|东阿阿胶医药保健商品523|云南白药医药保健商品473
1293,U004936,0.3219,0.301718,高意向,手机数码,爆款高转化池,P000808|P001509|P000688|P000498|P001082,华为手机数码商品883|三星手机数码商品747|华为手机数码商品474|三星手机数码商品800|小米手机数码商品672
1294,U001688,0.3218,0.297694,高意向,宠物用品,爆款高转化池,P000750|P000035|P001710|P000996|P000462,冠能宠物用品商品494|皇家宠物用品商品286|网易严选宠物用品商品732|麦富迪宠物用品商品635|冠能宠物用品商品709
1295,U002807,0.3218,0.27965,高意向,医药保健,爆款高转化池,P000094|P001052|P001079|P000375|P000355,钙尔奇医药保健商品391|钙尔奇医药保健商品186|九芝堂医药保健商品943|东阿阿胶医药保健商品523|云南白药医药保健商品473
1296,U000800,0.3217,0.28931,高意向,运动户外,爆款高转化池,P001787|P001427|P000783|P000134|P000168,361度运动户外商品484|骆驼运动户外商品702|哥伦比亚运动户外商品762|哥伦比亚运动户外商品544|李宁运动户外商品543
1297,U004027,0.3217,0.30886,高意向,珠宝首饰,爆款高转化池,P000538|P000126|P001784|P000192|P000551,老凤祥珠宝首饰商品443|周生生珠宝首饰商品232|老凤祥珠宝首饰商品799|老凤祥珠宝首饰商品808|老凤祥珠宝首饰商品566
1298,U004503,0.3217,0.260453,高意向,医药保健,爆款高转化池,P000094|P001052|P001079|P000375|P000355,钙尔奇医药保健商品391|钙尔奇医药保健商品186|九芝堂医药保健商品943|东阿阿胶医药保健商品523|云南白药医药保健商品473
1299,U004736,0.3217,0.298434,高意向,礼品鲜花,爆款高转化池,P001016|P000831|P001489|P000018|P001157,野兽派礼品鲜花商品306|Roseonly礼品鲜花商品580|诺誓礼品鲜花商品189|诺誓礼品鲜花商品463|施华洛世奇礼品鲜花商品442
1300,U000989,0.3216,0.291297,高意向,食品生鲜,爆款高转化池,P000080|P001955|P000818|P001304|P001988,伊利食品生鲜商品963|百草味食品生鲜商品833|金龙鱼食品生鲜商品198|五粮液食品生鲜商品181|良品铺子食品生鲜商品482
1301,U002035,0.3216,0.294641,高意向,家居家装,爆款高转化池,P000883|P000221|P001102|P001151|P001129,顾家家居家居家装商品927|曲美家居家装商品318|马可波罗家居家装商品703|宜家家居家装商品838|曲美家居家装商品570
1302,U002242,0.3216,0.297254,高意向,美妆护肤,爆款高转化池,P000532|P000773|P000947|P000971|P001402,珀莱雅美妆护肤商品523|自然堂美妆护肤商品332|珀莱雅美妆护肤商品976|SK-II美妆护肤商品867|珀莱雅美妆护肤商品932
1303,U003512,0.3216,0.298823,高意向,手机数码,爆款高转化池,P000808|P001509|P000688|P000498|P001082,华为手机数码商品883|三星手机数码商品747|华为手机数码商品474|三星手机数码商品800|小米手机数码商品672
1304,U003226,0.3215,0.239598,高意向,汽车用品,爆款高转化池,P001927|P001490|P000410|P001675|P000547,米其林汽车用品商品720|壳牌汽车用品商品142|固特异汽车用品商品584|3M汽车用品商品220|卡仕达汽车用品商品137
1305,U003994,0.3215,0.296185,高意向,医药保健,爆款高转化池,P000094|P001052|P001079|P000375|P000355,钙尔奇医药保健商品391|钙尔奇医药保健商品186|九芝堂医药保健商品943|东阿阿胶医药保健商品523|云南白药医药保健商品473
1306,U000906,0.3214,0.302718,高意向,服装鞋包,爆款高转化池,P001734|P001740|P001694|P000314|P000970,ZARA服装鞋包商品462|耐克服装鞋包商品217|优衣库服装鞋包商品426|耐克服装鞋包商品620|海澜之家服装鞋包商品195
1307,U001430,0.3214,0.292156,高意向,箱包配饰,爆款高转化池,P000784|P000262|P001766|P000070|P001698,LV箱包配饰商品872|瑞士军威箱包配饰商品369|MK箱包配饰商品997|新秀丽箱包配饰商品905|外交官箱包配饰商品687
1308,U003692,0.3214,0.298667,高意向,医药保健,爆款高转化池,P000094|P001052|P001079|P000375|P000355,钙尔奇医药保健商品391|钙尔奇医药保健商品186|九芝堂医药保健商品943|东阿阿胶医药保健商品523|云南白药医药保健商品473
1309,U004998,0.3214,0.292539,高意向,运动户外,爆款高转化池,P001787|P001427|P000783|P000134|P000168,361度运动户外商品484|骆驼运动户外商品702|哥伦比亚运动户外商品762|哥伦比亚运动户外商品544|李宁运动户外商品543
1310,U001390,0.3213,0.305259,高意向,食品生鲜,爆款高转化池,P000080|P001955|P000818|P001304|P001988,伊利食品生鲜商品963|百草味食品生鲜商品833|金龙鱼食品生鲜商品198|五粮液食品生鲜商品181|良品铺子食品生鲜商品482
1311,U003794,0.3213,0.251612,高意向,母婴用品,爆款高转化池,P000923|P001341|P001282|P000310|P000627,贝因美母婴用品商品502|花王母婴用品商品597|花王母婴用品商品885|强生母婴用品商品283|帮宝适母婴用品商品545
1312,U002507,0.3211,0.280071,高意向,箱包配饰,爆款高转化池,P000784|P000262|P001766|P000070|P001698,LV箱包配饰商品872|瑞士军威箱包配饰商品369|MK箱包配饰商品997|新秀丽箱包配饰商品905|外交官箱包配饰商品687
1313,U003888,0.3211,0.296629,高意向,手机数码,爆款高转化池,P000808|P001509|P000688|P000498|P001082,华为手机数码商品883|三星手机数码商品747|华为手机数码商品474|三星手机数码商品800|小米手机数码商品672
1314,U002475,0.321,0.296207,高意向,图书音像,爆款高转化池,P001182|P000992|P001207|P001242|P001223,当当图书音像商品607|人民邮电出版社图书音像商品329|京东图书图书音像商品505|人民邮电出版社图书音像商品170|京东图书图书音像商品628
1315,U003272,0.3209,0.236712,高意向,医药保健,爆款高转化池,P000094|P001052|P001079|P000375|P000355,钙尔奇医药保健商品391|钙尔奇医药保健商品186|九芝堂医药保健商品943|东阿阿胶医药保健商品523|云南白药医药保健商品473
1316,U003276,0.3209,0.298113,高意向,家用电器,爆款高转化池,P000904|P000206|P000946|P001013|P000285,格力家用电器商品379|美的家用电器商品467|松下家用电器商品394|海尔家用电器商品408|格力家用电器商品762
1317,U000522,0.3207,0.288446,高意向,宠物用品,爆款高转化池,P000750|P000035|P001710|P000996|P000462,冠能宠物用品商品494|皇家宠物用品商品286|网易严选宠物用品商品732|麦富迪宠物用品商品635|冠能宠物用品商品709
1318,U001865,0.3207,0.237796,高意向,母婴用品,爆款高转化池,P000923|P001341|P001282|P000310|P000627,贝因美母婴用品商品502|花王母婴用品商品597|花王母婴用品商品885|强生母婴用品商品283|帮宝适母婴用品商品545
1319,U002276,0.3206,0.256864,高意向,汽车用品,爆款高转化池,P001927|P001490|P000410|P001675|P000547,米其林汽车用品商品720|壳牌汽车用品商品142|固特异汽车用品商品584|3M汽车用品商品220|卡仕达汽车用品商品137
1320,U004574,0.3206,0.290349,高意向,食品生鲜,爆款高转化池,P000080|P001955|P000818|P001304|P001988,伊利食品生鲜商品963|百草味食品生鲜商品833|金龙鱼食品生鲜商品198|五粮液食品生鲜商品181|良品铺子食品生鲜商品482
1321,U000218,0.3204,0.261804,高意向,图书音像,爆款高转化池,P001182|P000992|P001207|P001242|P001223,当当图书音像商品607|人民邮电出版社图书音像商品329|京东图书图书音像商品505|人民邮电出版社图书音像商品170|京东图书图书音像商品628
1322,U001848,0.3204,0.291725,高意向,食品生鲜,爆款高转化池,P000080|P001955|P000818|P001304|P001988,伊利食品生鲜商品963|百草味食品生鲜商品833|金龙鱼食品生鲜商品198|五粮液食品生鲜商品181|良品铺子食品生鲜商品482
1323,U002274,0.3204,0.294075,高意向,手机数码,爆款高转化池,P000808|P001509|P000688|P000498|P001082,华为手机数码商品883|三星手机数码商品747|华为手机数码商品474|三星手机数码商品800|小米手机数码商品672
1324,U003782,0.3204,0.299295,高意向,美妆护肤,爆款高转化池,P000532|P000773|P000947|P000971|P001402,珀莱雅美妆护肤商品523|自然堂美妆护肤商品332|珀莱雅美妆护肤商品976|SK-II美妆护肤商品867|珀莱雅美妆护肤商品932
1325,U003367,0.3203,0.299412,高意向,图书音像,爆款高转化池,P001182|P000992|P001207|P001242|P001223,当当图书音像商品607|人民邮电出版社图书音像商品329|京东图书图书音像商品505|人民邮电出版社图书音像商品170|京东图书图书音像商品628
1326,U000180,0.3202,0.238179,高意向,服装鞋包,爆款高转化池,P001734|P001740|P001694|P000314|P000970,ZARA服装鞋包商品462|耐克服装鞋包商品217|优衣库服装鞋包商品426|耐克服装鞋包商品620|海澜之家服装鞋包商品195
1327,U000560,0.3201,0.302681,高意向,医药保健,爆款高转化池,P000094|P001052|P001079|P000375|P000355,钙尔奇医药保健商品391|钙尔奇医药保健商品186|九芝堂医药保健商品943|东阿阿胶医药保健商品523|云南白药医药保健商品473
1328,U002267,0.3201,0.232937,高意向,箱包配饰,爆款高转化池,P000784|P000262|P001766|P000070|P001698,LV箱包配饰商品872|瑞士军威箱包配饰商品369|MK箱包配饰商品997|新秀丽箱包配饰商品905|外交官箱包配饰商品687
1329,U000641,0.32,0.293819,高意向,母婴用品,爆款高转化池,P000923|P001341|P001282|P000310|P000627,贝因美母婴用品商品502|花王母婴用品商品597|花王母婴用品商品885|强生母婴用品商品283|帮宝适母婴用品商品545
1330,U001980,0.32,0.293022,高意向,箱包配饰,爆款高转化池,P000784|P000262|P001766|P000070|P001698,LV箱包配饰商品872|瑞士军威箱包配饰商品369|MK箱包配饰商品997|新秀丽箱包配饰商品905|外交官箱包配饰商品687
1331,U003051,0.32,0.296748,高意向,医药保健,爆款高转化池,P000094|P001052|P001079|P000375|P000355,钙尔奇医药保健商品391|钙尔奇医药保健商品186|九芝堂医药保健商品943|东阿阿胶医药保健商品523|云南白药医药保健商品473
1332,U002227,0.3198,0.294077,高意向,汽车用品,爆款高转化池,P001927|P001490|P000410|P001675|P000547,米其林汽车用品商品720|壳牌汽车用品商品142|固特异汽车用品商品584|3M汽车用品商品220|卡仕达汽车用品商品137
1333,U004426,0.3198,0.281378,高意向,珠宝首饰,爆款高转化池,P000538|P000126|P001784|P000192|P000551,老凤祥珠宝首饰商品443|周生生珠宝首饰商品232|老凤祥珠宝首饰商品799|老凤祥珠宝首饰商品808|老凤祥珠宝首饰商品566
1334,U001166,0.3197,0.287613,高意向,,爆款高转化池,P001734|P000784|P000883|P000080|P000923,ZARA服装鞋包商品462|LV箱包配饰商品872|顾家家居家居家装商品927|伊利食品生鲜商品963|贝因美母婴用品商品502
1335,U000295,0.3196,0.296151,高意向,家居家装,爆款高转化池,P000883|P000221|P001102|P001151|P001129,顾家家居家居家装商品927|曲美家居家装商品318|马可波罗家居家装商品703|宜家家居家装商品838|曲美家居家装商品570
1336,U004299,0.3196,0.301983,高意向,礼品鲜花,爆款高转化池,P001016|P000831|P001489|P000018|P001157,野兽派礼品鲜花商品306|Roseonly礼品鲜花商品580|诺誓礼品鲜花商品189|诺誓礼品鲜花商品463|施华洛世奇礼品鲜花商品442
1337,U002329,0.3195,0.218234,高意向,美妆护肤,爆款高转化池,P000532|P000773|P000947|P000971|P001402,珀莱雅美妆护肤商品523|自然堂美妆护肤商品332|珀莱雅美妆护肤商品976|SK-II美妆护肤商品867|珀莱雅美妆护肤商品932
1338,U002978,0.3192,0.295407,高意向,食品生鲜,爆款高转化池,P000080|P001955|P000818|P001304|P001988,伊利食品生鲜商品963|百草味食品生鲜商品833|金龙鱼食品生鲜商品198|五粮液食品生鲜商品181|良品铺子食品生鲜商品482
1339,U000470,0.3191,0.301156,高意向,箱包配饰,爆款高转化池,P000784|P000262|P001766|P000070|P001698,LV箱包配饰商品872|瑞士军威箱包配饰商品369|MK箱包配饰商品997|新秀丽箱包配饰商品905|外交官箱包配饰商品687
1340,U001443,0.319,0.30201,高意向,母婴用品,爆款高转化池,P000923|P001341|P001282|P000310|P000627,贝因美母婴用品商品502|花王母婴用品商品597|花王母婴用品商品885|强生母婴用品商品283|帮宝适母婴用品商品545
1341,U002375,0.3189,0.248745,高意向,宠物用品,爆款高转化池,P000750|P000035|P001710|P000996|P000462,冠能宠物用品商品494|皇家宠物用品商品286|网易严选宠物用品商品732|麦富迪宠物用品商品635|冠能宠物用品商品709
1342,U004232,0.3189,0.229792,高意向,箱包配饰,爆款高转化池,P000784|P000262|P001766|P000070|P001698,LV箱包配饰商品872|瑞士军威箱包配饰商品369|MK箱包配饰商品997|新秀丽箱包配饰商品905|外交官箱包配饰商品687
1343,U003766,0.3188,0.283699,高意向,运动户外,爆款高转化池,P001787|P001427|P000783|P000134|P000168,361度运动户外商品484|骆驼运动户外商品702|哥伦比亚运动户外商品762|哥伦比亚运动户外商品544|李宁运动户外商品543
1344,U003597,0.3187,0.290715,高意向,家居家装,爆款高转化池,P000883|P000221|P001102|P001151|P001129,顾家家居家居家装商品927|曲美家居家装商品318|马可波罗家居家装商品703|宜家家居家装商品838|曲美家居家装商品570
1345,U000169,0.3186,0.252571,高意向,汽车用品,爆款高转化池,P001927|P001490|P000410|P001675|P000547,米其林汽车用品商品720|壳牌汽车用品商品142|固特异汽车用品商品584|3M汽车用品商品220|卡仕达汽车用品商品137
1346,U003252,0.3186,0.296395,高意向,食品生鲜,爆款高转化池,P000080|P001955|P000818|P001304|P001988,伊利食品生鲜商品963|百草味食品生鲜商品833|金龙鱼食品生鲜商品198|五粮液食品生鲜商品181|良品铺子食品生鲜商品482
1347,U003805,0.3186,0.282031,高意向,图书音像,爆款高转化池,P001182|P000992|P001207|P001242|P001223,当当图书音像商品607|人民邮电出版社图书音像商品329|京东图书图书音像商品505|人民邮电出版社图书音像商品170|京东图书图书音像商品628
1348,U000274,0.3185,0.302435,高意向,美妆护肤,爆款高转化池,P000532|P000773|P000947|P000971|P001402,珀莱雅美妆护肤商品523|自然堂美妆护肤商品332|珀莱雅美妆护肤商品976|SK-II美妆护肤商品867|珀莱雅美妆护肤商品932
1349,U001147,0.3185,0.291557,高意向,服装鞋包,爆款高转化池,P001734|P001740|P001694|P000314|P000970,ZARA服装鞋包商品462|耐克服装鞋包商品217|优衣库服装鞋包商品426|耐克服装鞋包商品620|海澜之家服装鞋包商品195
1350,U001351,0.3185,0.281023,高意向,医药保健,爆款高转化池,P000094|P001052|P001079|P000375|P000355,钙尔奇医药保健商品391|钙尔奇医药保健商品186|九芝堂医药保健商品943|东阿阿胶医药保健商品523|云南白药医药保健商品473
1351,U004553,0.3185,0.306014,高意向,食品生鲜,爆款高转化池,P000080|P001955|P000818|P001304|P001988,伊利食品生鲜商品963|百草味食品生鲜商品833|金龙鱼食品生鲜商品198|五粮液食品生鲜商品181|良品铺子食品生鲜商品482
1352,U002943,0.3184,0.30686,高意向,手机数码,爆款高转化池,P000808|P001509|P000688|P000498|P001082,华为手机数码商品883|三星手机数码商品747|华为手机数码商品474|三星手机数码商品800|小米手机数码商品672
1353,U003747,0.3184,0.296486,高意向,食品生鲜,爆款高转化池,P000080|P001955|P000818|P001304|P001988,伊利食品生鲜商品963|百草味食品生鲜商品833|金龙鱼食品生鲜商品198|五粮液食品生鲜商品181|良品铺子食品生鲜商品482
1354,U000048,0.318,0.264189,高意向,手机数码,爆款高转化池,P000808|P001509|P000688|P000498|P001082,华为手机数码商品883|三星手机数码商品747|华为手机数码商品474|三星手机数码商品800|小米手机数码商品672
1355,U002225,0.318,0.29046,高意向,手机数码,爆款高转化池,P000808|P001509|P000688|P000498|P001082,华为手机数码商品883|三星手机数码商品747|华为手机数码商品474|三星手机数码商品800|小米手机数码商品672
1356,U003591,0.318,0.286124,高意向,宠物用品,爆款高转化池,P000750|P000035|P001710|P000996|P000462,冠能宠物用品商品494|皇家宠物用品商品286|网易严选宠物用品商品732|麦富迪宠物用品商品635|冠能宠物用品商品709
1357,U001282,0.3179,0.260712,高意向,母婴用品,爆款高转化池,P000923|P001341|P001282|P000310|P000627,贝因美母婴用品商品502|花王母婴用品商品597|花王母婴用品商品885|强生母婴用品商品283|帮宝适母婴用品商品545
1358,U003421,0.3179,0.305223,高意向,美妆护肤,爆款高转化池,P000532|P000773|P000947|P000971|P001402,珀莱雅美妆护肤商品523|自然堂美妆护肤商品332|珀莱雅美妆护肤商品976|SK-II美妆护肤商品867|珀莱雅美妆护肤商品932
1359,U000159,0.3178,0.286413,高意向,运动户外,爆款高转化池,P001787|P001427|P000783|P000134|P000168,361度运动户外商品484|骆驼运动户外商品702|哥伦比亚运动户外商品762|哥伦比亚运动户外商品544|李宁运动户外商品543
1360,U001506,0.3177,0.256034,高意向,服装鞋包,爆款高转化池,P001734|P001740|P001694|P000314|P000970,ZARA服装鞋包商品462|耐克服装鞋包商品217|优衣库服装鞋包商品426|耐克服装鞋包商品620|海澜之家服装鞋包商品195
1361,U002951,0.3177,0.30651,高意向,家用电器,爆款高转化池,P000904|P000206|P000946|P001013|P000285,格力家用电器商品379|美的家用电器商品467|松下家用电器商品394|海尔家用电器商品408|格力家用电器商品762
1362,U003160,0.3176,0.265804,高意向,美妆护肤,爆款高转化池,P000532|P000773|P000947|P000971|P001402,珀莱雅美妆护肤商品523|自然堂美妆护肤商品332|珀莱雅美妆护肤商品976|SK-II美妆护肤商品867|珀莱雅美妆护肤商品932
1363,U004779,0.3176,0.282964,高意向,家用电器,爆款高转化池,P000904|P000206|P000946|P001013|P000285,格力家用电器商品379|美的家用电器商品467|松下家用电器商品394|海尔家用电器商品408|格力家用电器商品762
1364,U004761,0.3175,0.273508,高意向,家居家装,爆款高转化池,P000883|P000221|P001102|P001151|P001129,顾家家居家居家装商品927|曲美家居家装商品318|马可波罗家居家装商品703|宜家家居家装商品838|曲美家居家装商品570
1365,U000587,0.3173,0.274931,高意向,手机数码,爆款高转化池,P000808|P001509|P000688|P000498|P001082,华为手机数码商品883|三星手机数码商品747|华为手机数码商品474|三星手机数码商品800|小米手机数码商品672
1366,U004255,0.3172,0.259519,高意向,运动户外,爆款高转化池,P001787|P001427|P000783|P000134|P000168,361度运动户外商品484|骆驼运动户外商品702|哥伦比亚运动户外商品762|哥伦比亚运动户外商品544|李宁运动户外商品543
1367,U000482,0.3171,0.284504,高意向,手机数码,爆款高转化池,P000808|P001509|P000688|P000498|P001082,华为手机数码商品883|三星手机数码商品747|华为手机数码商品474|三星手机数码商品800|小米手机数码商品672
1368,U004675,0.3171,0.267604,高意向,母婴用品,爆款高转化池,P000923|P001341|P001282|P000310|P000627,贝因美母婴用品商品502|花王母婴用品商品597|花王母婴用品商品885|强生母婴用品商品283|帮宝适母婴用品商品545
1369,U000328,0.317,0.292059,高意向,家居家装,爆款高转化池,P000883|P000221|P001102|P001151|P001129,顾家家居家居家装商品927|曲美家居家装商品318|马可波罗家居家装商品703|宜家家居家装商品838|曲美家居家装商品570
1370,U000500,0.317,0.291741,高意向,家居家装,爆款高转化池,P000883|P000221|P001102|P001151|P001129,顾家家居家居家装商品927|曲美家居家装商品318|马可波罗家居家装商品703|宜家家居家装商品838|曲美家居家装商品570
1371,U004464,0.317,0.248902,高意向,家居家装,爆款高转化池,P000883|P000221|P001102|P001151|P001129,顾家家居家居家装商品927|曲美家居家装商品318|马可波罗家居家装商品703|宜家家居家装商品838|曲美家居家装商品570
1372,U002793,0.3169,0.233631,高意向,宠物用品,爆款高转化池,P000750|P000035|P001710|P000996|P000462,冠能宠物用品商品494|皇家宠物用品商品286|网易严选宠物用品商品732|麦富迪宠物用品商品635|冠能宠物用品商品709
1373,U004251,0.3169,0.285517,高意向,运动户外,爆款高转化池,P001787|P001427|P000783|P000134|P000168,361度运动户外商品484|骆驼运动户外商品702|哥伦比亚运动户外商品762|哥伦比亚运动户外商品544|李宁运动户外商品543
1374,U004222,0.3168,0.23706,高意向,运动户外,爆款高转化池,P001787|P001427|P000783|P000134|P000168,361度运动户外商品484|骆驼运动户外商品702|哥伦比亚运动户外商品762|哥伦比亚运动户外商品544|李宁运动户外商品543
1375,U000038,0.3166,0.290761,高意向,珠宝首饰,爆款高转化池,P000538|P000126|P001784|P000192|P000551,老凤祥珠宝首饰商品443|周生生珠宝首饰商品232|老凤祥珠宝首饰商品799|老凤祥珠宝首饰商品808|老凤祥珠宝首饰商品566
1376,U002570,0.3166,0.29062,高意向,宠物用品,爆款高转化池,P000750|P000035|P001710|P000996|P000462,冠能宠物用品商品494|皇家宠物用品商品286|网易严选宠物用品商品732|麦富迪宠物用品商品635|冠能宠物用品商品709
1377,U000271,0.3165,0.246552,高意向,汽车用品,爆款高转化池,P001927|P001490|P000410|P001675|P000547,米其林汽车用品商品720|壳牌汽车用品商品142|固特异汽车用品商品584|3M汽车用品商品220|卡仕达汽车用品商品137
1378,U004057,0.3165,0.283105,高意向,家用电器,爆款高转化池,P000904|P000206|P000946|P001013|P000285,格力家用电器商品379|美的家用电器商品467|松下家用电器商品394|海尔家用电器商品408|格力家用电器商品762
1379,U004719,0.3165,0.246567,高意向,家居家装,爆款高转化池,P000883|P000221|P001102|P001151|P001129,顾家家居家居家装商品927|曲美家居家装商品318|马可波罗家居家装商品703|宜家家居家装商品838|曲美家居家装商品570
1380,U001617,0.3164,0.231179,高意向,箱包配饰,爆款高转化池,P000784|P000262|P001766|P000070|P001698,LV箱包配饰商品872|瑞士军威箱包配饰商品369|MK箱包配饰商品997|新秀丽箱包配饰商品905|外交官箱包配饰商品687
1381,U004462,0.3164,0.203619,高意向,家用电器,爆款高转化池,P000904|P000206|P000946|P001013|P000285,格力家用电器商品379|美的家用电器商品467|松下家用电器商品394|海尔家用电器商品408|格力家用电器商品762
1382,U002371,0.3163,0.260079,高意向,汽车用品,爆款高转化池,P001927|P001490|P000410|P001675|P000547,米其林汽车用品商品720|壳牌汽车用品商品142|固特异汽车用品商品584|3M汽车用品商品220|卡仕达汽车用品商品137
1383,U003572,0.3162,0.269191,高意向,家居家装,爆款高转化池,P000883|P000221|P001102|P001151|P001129,顾家家居家居家装商品927|曲美家居家装商品318|马可波罗家居家装商品703|宜家家居家装商品838|曲美家居家装商品570
1384,U003109,0.3161,0.299856,高意向,珠宝首饰,爆款高转化池,P000538|P000126|P001784|P000192|P000551,老凤祥珠宝首饰商品443|周生生珠宝首饰商品232|老凤祥珠宝首饰商品799|老凤祥珠宝首饰商品808|老凤祥珠宝首饰商品566
1385,U004892,0.3161,0.292778,高意向,珠宝首饰,爆款高转化池,P000538|P000126|P001784|P000192|P000551,老凤祥珠宝首饰商品443|周生生珠宝首饰商品232|老凤祥珠宝首饰商品799|老凤祥珠宝首饰商品808|老凤祥珠宝首饰商品566
1386,U000421,0.316,0.284283,高意向,家用电器,爆款高转化池,P000904|P000206|P000946|P001013|P000285,格力家用电器商品379|美的家用电器商品467|松下家用电器商品394|海尔家用电器商品408|格力家用电器商品762
1387,U000678,0.316,0.220218,高意向,家居家装,爆款高转化池,P000883|P000221|P001102|P001151|P001129,顾家家居家居家装商品927|曲美家居家装商品318|马可波罗家居家装商品703|宜家家居家装商品838|曲美家居家装商品570
1388,U001377,0.316,0.2874,高意向,美妆护肤,爆款高转化池,P000532|P000773|P000947|P000971|P001402,珀莱雅美妆护肤商品523|自然堂美妆护肤商品332|珀莱雅美妆护肤商品976|SK-II美妆护肤商品867|珀莱雅美妆护肤商品932
1389,U004500,0.316,0.296125,高意向,家用电器,爆款高转化池,P000904|P000206|P000946|P001013|P000285,格力家用电器商品379|美的家用电器商品467|松下家用电器商品394|海尔家用电器商品408|格力家用电器商品762
1390,U000974,0.3158,0.290055,高意向,服装鞋包,爆款高转化池,P001734|P001740|P001694|P000314|P000970,ZARA服装鞋包商品462|耐克服装鞋包商品217|优衣库服装鞋包商品426|耐克服装鞋包商品620|海澜之家服装鞋包商品195
1391,U003575,0.3158,0.24765,高意向,箱包配饰,爆款高转化池,P000784|P000262|P001766|P000070|P001698,LV箱包配饰商品872|瑞士军威箱包配饰商品369|MK箱包配饰商品997|新秀丽箱包配饰商品905|外交官箱包配饰商品687
1392,U002984,0.3156,0.289562,高意向,箱包配饰,爆款高转化池,P000784|P000262|P001766|P000070|P001698,LV箱包配饰商品872|瑞士军威箱包配饰商品369|MK箱包配饰商品997|新秀丽箱包配饰商品905|外交官箱包配饰商品687
1393,U003293,0.3156,0.281289,高意向,食品生鲜,爆款高转化池,P000080|P001955|P000818|P001304|P001988,伊利食品生鲜商品963|百草味食品生鲜商品833|金龙鱼食品生鲜商品198|五粮液食品生鲜商品181|良品铺子食品生鲜商品482
1394,U003644,0.3156,0.287686,高意向,汽车用品,爆款高转化池,P001927|P001490|P000410|P001675|P000547,米其林汽车用品商品720|壳牌汽车用品商品142|固特异汽车用品商品584|3M汽车用品商品220|卡仕达汽车用品商品137
1395,U004028,0.3156,0.298832,高意向,母婴用品,爆款高转化池,P000923|P001341|P001282|P000310|P000627,贝因美母婴用品商品502|花王母婴用品商品597|花王母婴用品商品885|强生母婴用品商品283|帮宝适母婴用品商品545
1396,U004842,0.3156,0.261445,高意向,美妆护肤,爆款高转化池,P000532|P000773|P000947|P000971|P001402,珀莱雅美妆护肤商品523|自然堂美妆护肤商品332|珀莱雅美妆护肤商品976|SK-II美妆护肤商品867|珀莱雅美妆护肤商品932
1397,U001573,0.3155,0.292685,高意向,服装鞋包,爆款高转化池,P001734|P001740|P001694|P000314|P000970,ZARA服装鞋包商品462|耐克服装鞋包商品217|优衣库服装鞋包商品426|耐克服装鞋包商品620|海澜之家服装鞋包商品195
1398,U001841,0.3153,0.29991,高意向,家居家装,爆款高转化池,P000883|P000221|P001102|P001151|P001129,顾家家居家居家装商品927|曲美家居家装商品318|马可波罗家居家装商品703|宜家家居家装商品838|曲美家居家装商品570
1399,U000882,0.3152,0.241302,高意向,运动户外,爆款高转化池,P001787|P001427|P000783|P000134|P000168,361度运动户外商品484|骆驼运动户外商品702|哥伦比亚运动户外商品762|哥伦比亚运动户外商品544|李宁运动户外商品543
1400,U004288,0.3152,0.289269,高意向,医药保健,爆款高转化池,P000094|P001052|P001079|P000375|P000355,钙尔奇医药保健商品391|钙尔奇医药保健商品186|九芝堂医药保健商品943|东阿阿胶医药保健商品523|云南白药医药保健商品473
1401,U004905,0.3152,0.282352,高意向,运动户外,爆款高转化池,P001787|P001427|P000783|P000134|P000168,361度运动户外商品484|骆驼运动户外商品702|哥伦比亚运动户外商品762|哥伦比亚运动户外商品544|李宁运动户外商品543
1402,U001742,0.315,0.243053,高意向,食品生鲜,爆款高转化池,P000080|P001955|P000818|P001304|P001988,伊利食品生鲜商品963|百草味食品生鲜商品833|金龙鱼食品生鲜商品198|五粮液食品生鲜商品181|良品铺子食品生鲜商品482
1403,U002520,0.315,0.258492,高意向,汽车用品,爆款高转化池,P001927|P001490|P000410|P001675|P000547,米其林汽车用品商品720|壳牌汽车用品商品142|固特异汽车用品商品584|3M汽车用品商品220|卡仕达汽车用品商品137
1404,U001211,0.3149,0.238699,高意向,服装鞋包,爆款高转化池,P001734|P001740|P001694|P000314|P000970,ZARA服装鞋包商品462|耐克服装鞋包商品217|优衣库服装鞋包商品426|耐克服装鞋包商品620|海澜之家服装鞋包商品195
1405,U004324,0.3149,0.307468,高意向,珠宝首饰,爆款高转化池,P000538|P000126|P001784|P000192|P000551,老凤祥珠宝首饰商品443|周生生珠宝首饰商品232|老凤祥珠宝首饰商品799|老凤祥珠宝首饰商品808|老凤祥珠宝首饰商品566
1406,U003893,0.3148,0.28781,高意向,汽车用品,爆款高转化池,P001927|P001490|P000410|P001675|P000547,米其林汽车用品商品720|壳牌汽车用品商品142|固特异汽车用品商品584|3M汽车用品商品220|卡仕达汽车用品商品137
1407,U003101,0.3147,0.292779,高意向,母婴用品,爆款高转化池,P000923|P001341|P001282|P000310|P000627,贝因美母婴用品商品502|花王母婴用品商品597|花王母婴用品商品885|强生母婴用品商品283|帮宝适母婴用品商品545
1408,U003136,0.3147,0.215156,高意向,礼品鲜花,爆款高转化池,P001016|P000831|P001489|P000018|P001157,野兽派礼品鲜花商品306|Roseonly礼品鲜花商品580|诺誓礼品鲜花商品189|诺誓礼品鲜花商品463|施华洛世奇礼品鲜花商品442
1409,U003212,0.3147,0.293047,高意向,美妆护肤,爆款高转化池,P000532|P000773|P000947|P000971|P001402,珀莱雅美妆护肤商品523|自然堂美妆护肤商品332|珀莱雅美妆护肤商品976|SK-II美妆护肤商品867|珀莱雅美妆护肤商品932
1410,U003279,0.3147,0.292258,高意向,礼品鲜花,爆款高转化池,P001016|P000831|P001489|P000018|P001157,野兽派礼品鲜花商品306|Roseonly礼品鲜花商品580|诺誓礼品鲜花商品189|诺誓礼品鲜花商品463|施华洛世奇礼品鲜花商品442
1411,U003711,0.3147,0.291126,高意向,美妆护肤,爆款高转化池,P000532|P000773|P000947|P000971|P001402,珀莱雅美妆护肤商品523|自然堂美妆护肤商品332|珀莱雅美妆护肤商品976|SK-II美妆护肤商品867|珀莱雅美妆护肤商品932
1412,U000998,0.3146,0.281443,高意向,汽车用品,爆款高转化池,P001927|P001490|P000410|P001675|P000547,米其林汽车用品商品720|壳牌汽车用品商品142|固特异汽车用品商品584|3M汽车用品商品220|卡仕达汽车用品商品137
1413,U000210,0.3145,0.289637,高意向,医药保健,爆款高转化池,P000094|P001052|P001079|P000375|P000355,钙尔奇医药保健商品391|钙尔奇医药保健商品186|九芝堂医药保健商品943|东阿阿胶医药保健商品523|云南白药医药保健商品473
1414,U001227,0.3145,0.29053,高意向,礼品鲜花,爆款高转化池,P001016|P000831|P001489|P000018|P001157,野兽派礼品鲜花商品306|Roseonly礼品鲜花商品580|诺誓礼品鲜花商品189|诺誓礼品鲜花商品463|施华洛世奇礼品鲜花商品442
1415,U003943,0.3145,0.290211,高意向,食品生鲜,爆款高转化池,P000080|P001955|P000818|P001304|P001988,伊利食品生鲜商品963|百草味食品生鲜商品833|金龙鱼食品生鲜商品198|五粮液食品生鲜商品181|良品铺子食品生鲜商品482
1416,U000679,0.3144,0.29108,高意向,服装鞋包,爆款高转化池,P001734|P001740|P001694|P000314|P000970,ZARA服装鞋包商品462|耐克服装鞋包商品217|优衣库服装鞋包商品426|耐克服装鞋包商品620|海澜之家服装鞋包商品195
1417,U004854,0.3144,0.294656,高意向,美妆护肤,爆款高转化池,P000532|P000773|P000947|P000971|P001402,珀莱雅美妆护肤商品523|自然堂美妆护肤商品332|珀莱雅美妆护肤商品976|SK-II美妆护肤商品867|珀莱雅美妆护肤商品932
1418,U004891,0.3144,0.293335,高意向,服装鞋包,爆款高转化池,P001734|P001740|P001694|P000314|P000970,ZARA服装鞋包商品462|耐克服装鞋包商品217|优衣库服装鞋包商品426|耐克服装鞋包商品620|海澜之家服装鞋包商品195
1419,U000828,0.3143,0.291285,高意向,手机数码,爆款高转化池,P000808|P001509|P000688|P000498|P001082,华为手机数码商品883|三星手机数码商品747|华为手机数码商品474|三星手机数码商品800|小米手机数码商品672
1420,U002453,0.3143,0.283396,高意向,家用电器,爆款高转化池,P000904|P000206|P000946|P001013|P000285,格力家用电器商品379|美的家用电器商品467|松下家用电器商品394|海尔家用电器商品408|格力家用电器商品762
1421,U004395,0.3143,0.287256,高意向,服装鞋包,爆款高转化池,P001734|P001740|P001694|P000314|P000970,ZARA服装鞋包商品462|耐克服装鞋包商品217|优衣库服装鞋包商品426|耐克服装鞋包商品620|海澜之家服装鞋包商品195
1422,U004777,0.3143,0.296243,高意向,家用电器,爆款高转化池,P000904|P000206|P000946|P001013|P000285,格力家用电器商品379|美的家用电器商品467|松下家用电器商品394|海尔家用电器商品408|格力家用电器商品762
1423,U003106,0.3142,0.287093,高意向,图书音像,爆款高转化池,P001182|P000992|P001207|P001242|P001223,当当图书音像商品607|人民邮电出版社图书音像商品329|京东图书图书音像商品505|人民邮电出版社图书音像商品170|京东图书图书音像商品628
1424,U003560,0.3142,0.2588,高意向,食品生鲜,爆款高转化池,P000080|P001955|P000818|P001304|P001988,伊利食品生鲜商品963|百草味食品生鲜商品833|金龙鱼食品生鲜商品198|五粮液食品生鲜商品181|良品铺子食品生鲜商品482
1425,U004441,0.3142,0.278383,高意向,母婴用品,爆款高转化池,P000923|P001341|P001282|P000310|P000627,贝因美母婴用品商品502|花王母婴用品商品597|花王母婴用品商品885|强生母婴用品商品283|帮宝适母婴用品商品545
1426,U002059,0.3141,0.298395,高意向,箱包配饰,爆款高转化池,P000784|P000262|P001766|P000070|P001698,LV箱包配饰商品872|瑞士军威箱包配饰商品369|MK箱包配饰商品997|新秀丽箱包配饰商品905|外交官箱包配饰商品687
1427,U000131,0.314,0.296729,高意向,母婴用品,爆款高转化池,P000923|P001341|P001282|P000310|P000627,贝因美母婴用品商品502|花王母婴用品商品597|花王母婴用品商品885|强生母婴用品商品283|帮宝适母婴用品商品545
1428,U003855,0.314,0.309849,高意向,服装鞋包,爆款高转化池,P001734|P001740|P001694|P000314|P000970,ZARA服装鞋包商品462|耐克服装鞋包商品217|优衣库服装鞋包商品426|耐克服装鞋包商品620|海澜之家服装鞋包商品195
1429,U004483,0.3138,0.287366,高意向,食品生鲜,爆款高转化池,P000080|P001955|P000818|P001304|P001988,伊利食品生鲜商品963|百草味食品生鲜商品833|金龙鱼食品生鲜商品198|五粮液食品生鲜商品181|良品铺子食品生鲜商品482
1430,U002206,0.3136,0.295604,高意向,汽车用品,爆款高转化池,P001927|P001490|P000410|P001675|P000547,米其林汽车用品商品720|壳牌汽车用品商品142|固特异汽车用品商品584|3M汽车用品商品220|卡仕达汽车用品商品137
1431,U004061,0.3135,0.286325,高意向,家居家装,爆款高转化池,P000883|P000221|P001102|P001151|P001129,顾家家居家居家装商品927|曲美家居家装商品318|马可波罗家居家装商品703|宜家家居家装商品838|曲美家居家装商品570
1432,U001913,0.3133,0.240859,高意向,医药保健,爆款高转化池,P000094|P001052|P001079|P000375|P000355,钙尔奇医药保健商品391|钙尔奇医药保健商品186|九芝堂医药保健商品943|东阿阿胶医药保健商品523|云南白药医药保健商品473
1433,U002614,0.3133,0.291844,高意向,手机数码,爆款高转化池,P000808|P001509|P000688|P000498|P001082,华为手机数码商品883|三星手机数码商品747|华为手机数码商品474|三星手机数码商品800|小米手机数码商品672
1434,U004195,0.3131,0.292002,高意向,医药保健,爆款高转化池,P000094|P001052|P001079|P000375|P000355,钙尔奇医药保健商品391|钙尔奇医药保健商品186|九芝堂医药保健商品943|东阿阿胶医药保健商品523|云南白药医药保健商品473
1435,U000317,0.313,0.297398,高意向,家用电器,爆款高转化池,P000904|P000206|P000946|P001013|P000285,格力家用电器商品379|美的家用电器商品467|松下家用电器商品394|海尔家用电器商品408|格力家用电器商品762
1436,U001758,0.313,0.284115,高意向,家用电器,爆款高转化池,P000904|P000206|P000946|P001013|P000285,格力家用电器商品379|美的家用电器商品467|松下家用电器商品394|海尔家用电器商品408|格力家用电器商品762
1437,U002134,0.313,0.294285,高意向,手机数码,爆款高转化池,P000808|P001509|P000688|P000498|P001082,华为手机数码商品883|三星手机数码商品747|华为手机数码商品474|三星手机数码商品800|小米手机数码商品672
1438,U004291,0.313,0.286012,高意向,服装鞋包,爆款高转化池,P001734|P001740|P001694|P000314|P000970,ZARA服装鞋包商品462|耐克服装鞋包商品217|优衣库服装鞋包商品426|耐克服装鞋包商品620|海澜之家服装鞋包商品195
1439,U001936,0.3129,0.251292,高意向,美妆护肤,爆款高转化池,P000532|P000773|P000947|P000971|P001402,珀莱雅美妆护肤商品523|自然堂美妆护肤商品332|珀莱雅美妆护肤商品976|SK-II美妆护肤商品867|珀莱雅美妆护肤商品932
1440,U003278,0.3129,0.216544,高意向,汽车用品,爆款高转化池,P001927|P001490|P000410|P001675|P000547,米其林汽车用品商品720|壳牌汽车用品商品142|固特异汽车用品商品584|3M汽车用品商品220|卡仕达汽车用品商品137
1441,U004581,0.3129,0.29262,高意向,宠物用品,爆款高转化池,P000750|P000035|P001710|P000996|P000462,冠能宠物用品商品494|皇家宠物用品商品286|网易严选宠物用品商品732|麦富迪宠物用品商品635|冠能宠物用品商品709
1442,U004964,0.3129,0.293926,高意向,家居家装,爆款高转化池,P000883|P000221|P001102|P001151|P001129,顾家家居家居家装商品927|曲美家居家装商品318|马可波罗家居家装商品703|宜家家居家装商品838|曲美家居家装商品570
1443,U000817,0.3128,0.284414,高意向,食品生鲜,爆款高转化池,P000080|P001955|P000818|P001304|P001988,伊利食品生鲜商品963|百草味食品生鲜商品833|金龙鱼食品生鲜商品198|五粮液食品生鲜商品181|良品铺子食品生鲜商品482
1444,U001082,0.3128,0.287386,高意向,珠宝首饰,爆款高转化池,P000538|P000126|P001784|P000192|P000551,老凤祥珠宝首饰商品443|周生生珠宝首饰商品232|老凤祥珠宝首饰商品799|老凤祥珠宝首饰商品808|老凤祥珠宝首饰商品566
1445,U003930,0.3128,0.2861,高意向,家居家装,爆款高转化池,P000883|P000221|P001102|P001151|P001129,顾家家居家居家装商品927|曲美家居家装商品318|马可波罗家居家装商品703|宜家家居家装商品838|曲美家居家装商品570
1446,U003954,0.3128,0.284826,高意向,珠宝首饰,爆款高转化池,P000538|P000126|P001784|P000192|P000551,老凤祥珠宝首饰商品443|周生生珠宝首饰商品232|老凤祥珠宝首饰商品799|老凤祥珠宝首饰商品808|老凤祥珠宝首饰商品566
1447,U002600,0.3127,0.293064,高意向,汽车用品,爆款高转化池,P001927|P001490|P000410|P001675|P000547,米其林汽车用品商品720|壳牌汽车用品商品142|固特异汽车用品商品584|3M汽车用品商品220|卡仕达汽车用品商品137
1448,U001684,0.3125,0.287182,高意向,服装鞋包,爆款高转化池,P001734|P001740|P001694|P000314|P000970,ZARA服装鞋包商品462|耐克服装鞋包商品217|优衣库服装鞋包商品426|耐克服装鞋包商品620|海澜之家服装鞋包商品195
1449,U003467,0.3125,0.296506,高意向,图书音像,爆款高转化池,P001182|P000992|P001207|P001242|P001223,当当图书音像商品607|人民邮电出版社图书音像商品329|京东图书图书音像商品505|人民邮电出版社图书音像商品170|京东图书图书音像商品628
1450,U004486,0.3125,0.28785,高意向,服装鞋包,爆款高转化池,P001734|P001740|P001694|P000314|P000970,ZARA服装鞋包商品462|耐克服装鞋包商品217|优衣库服装鞋包商品426|耐克服装鞋包商品620|海澜之家服装鞋包商品195
1451,U000495,0.3124,0.246094,高意向,手机数码,爆款高转化池,P000808|P001509|P000688|P000498|P001082,华为手机数码商品883|三星手机数码商品747|华为手机数码商品474|三星手机数码商品800|小米手机数码商品672
1452,U000799,0.3124,0.239134,高意向,母婴用品,爆款高转化池,P000923|P001341|P001282|P000310|P000627,贝因美母婴用品商品502|花王母婴用品商品597|花王母婴用品商品885|强生母婴用品商品283|帮宝适母婴用品商品545
1453,U003826,0.3124,0.242639,高意向,手机数码,爆款高转化池,P000808|P001509|P000688|P000498|P001082,华为手机数码商品883|三星手机数码商品747|华为手机数码商品474|三星手机数码商品800|小米手机数码商品672
1454,U000189,0.3123,0.268733,高意向,宠物用品,爆款高转化池,P000750|P000035|P001710|P000996|P000462,冠能宠物用品商品494|皇家宠物用品商品286|网易严选宠物用品商品732|麦富迪宠物用品商品635|冠能宠物用品商品709
1455,U000420,0.3123,0.285752,高意向,图书音像,爆款高转化池,P001182|P000992|P001207|P001242|P001223,当当图书音像商品607|人民邮电出版社图书音像商品329|京东图书图书音像商品505|人民邮电出版社图书音像商品170|京东图书图书音像商品628
1456,U001071,0.3121,0.277019,高意向,家居家装,爆款高转化池,P000883|P000221|P001102|P001151|P001129,顾家家居家居家装商品927|曲美家居家装商品318|马可波罗家居家装商品703|宜家家居家装商品838|曲美家居家装商品570
1457,U002421,0.3121,0.291639,高意向,家用电器,爆款高转化池,P000904|P000206|P000946|P001013|P000285,格力家用电器商品379|美的家用电器商品467|松下家用电器商品394|海尔家用电器商品408|格力家用电器商品762
1458,U002718,0.3121,0.29293,高意向,食品生鲜,爆款高转化池,P000080|P001955|P000818|P001304|P001988,伊利食品生鲜商品963|百草味食品生鲜商品833|金龙鱼食品生鲜商品198|五粮液食品生鲜商品181|良品铺子食品生鲜商品482
1459,U002888,0.3121,0.232892,高意向,医药保健,爆款高转化池,P000094|P001052|P001079|P000375|P000355,钙尔奇医药保健商品391|钙尔奇医药保健商品186|九芝堂医药保健商品943|东阿阿胶医药保健商品523|云南白药医药保健商品473
1460,U004658,0.3121,0.288076,高意向,礼品鲜花,爆款高转化池,P001016|P000831|P001489|P000018|P001157,野兽派礼品鲜花商品306|Roseonly礼品鲜花商品580|诺誓礼品鲜花商品189|诺誓礼品鲜花商品463|施华洛世奇礼品鲜花商品442
1461,U000959,0.3119,0.28084,高意向,图书音像,爆款高转化池,P001182|P000992|P001207|P001242|P001223,当当图书音像商品607|人民邮电出版社图书音像商品329|京东图书图书音像商品505|人民邮电出版社图书音像商品170|京东图书图书音像商品628
1462,U003476,0.3119,0.247164,高意向,医药保健,爆款高转化池,P000094|P001052|P001079|P000375|P000355,钙尔奇医药保健商品391|钙尔奇医药保健商品186|九芝堂医药保健商品943|东阿阿胶医药保健商品523|云南白药医药保健商品473
1463,U000026,0.3117,0.293244,高意向,礼品鲜花,爆款高转化池,P001016|P000831|P001489|P000018|P001157,野兽派礼品鲜花商品306|Roseonly礼品鲜花商品580|诺誓礼品鲜花商品189|诺誓礼品鲜花商品463|施华洛世奇礼品鲜花商品442
1464,U003266,0.3117,0.245145,高意向,图书音像,爆款高转化池,P001182|P000992|P001207|P001242|P001223,当当图书音像商品607|人民邮电出版社图书音像商品329|京东图书图书音像商品505|人民邮电出版社图书音像商品170|京东图书图书音像商品628
1465,U004471,0.3117,0.285046,高意向,服装鞋包,爆款高转化池,P001734|P001740|P001694|P000314|P000970,ZARA服装鞋包商品462|耐克服装鞋包商品217|优衣库服装鞋包商品426|耐克服装鞋包商品620|海澜之家服装鞋包商品195
1466,U001332,0.3116,0.289193,高意向,母婴用品,爆款高转化池,P000923|P001341|P001282|P000310|P000627,贝因美母婴用品商品502|花王母婴用品商品597|花王母婴用品商品885|强生母婴用品商品283|帮宝适母婴用品商品545
1467,U001478,0.3116,0.224704,高意向,服装鞋包,爆款高转化池,P001734|P001740|P001694|P000314|P000970,ZARA服装鞋包商品462|耐克服装鞋包商品217|优衣库服装鞋包商品426|耐克服装鞋包商品620|海澜之家服装鞋包商品195
1468,U001916,0.3115,0.286824,高意向,家用电器,爆款高转化池,P000904|P000206|P000946|P001013|P000285,格力家用电器商品379|美的家用电器商品467|松下家用电器商品394|海尔家用电器商品408|格力家用电器商品762
1469,U004666,0.3114,0.301637,高意向,食品生鲜,爆款高转化池,P000080|P001955|P000818|P001304|P001988,伊利食品生鲜商品963|百草味食品生鲜商品833|金龙鱼食品生鲜商品198|五粮液食品生鲜商品181|良品铺子食品生鲜商品482
1470,U002781,0.3113,0.277622,高意向,手机数码,爆款高转化池,P000808|P001509|P000688|P000498|P001082,华为手机数码商品883|三星手机数码商品747|华为手机数码商品474|三星手机数码商品800|小米手机数码商品672
1471,U004908,0.3113,0.280868,高意向,礼品鲜花,爆款高转化池,P001016|P000831|P001489|P000018|P001157,野兽派礼品鲜花商品306|Roseonly礼品鲜花商品580|诺誓礼品鲜花商品189|诺誓礼品鲜花商品463|施华洛世奇礼品鲜花商品442
1472,U000553,0.3112,0.274062,高意向,运动户外,爆款高转化池,P001787|P001427|P000783|P000134|P000168,361度运动户外商品484|骆驼运动户外商品702|哥伦比亚运动户外商品762|哥伦比亚运动户外商品544|李宁运动户外商品543
1473,U003947,0.3112,0.292937,高意向,母婴用品,爆款高转化池,P000923|P001341|P001282|P000310|P000627,贝因美母婴用品商品502|花王母婴用品商品597|花王母婴用品商品885|强生母婴用品商品283|帮宝适母婴用品商品545
1474,U004129,0.3112,0.288049,高意向,医药保健,爆款高转化池,P000094|P001052|P001079|P000375|P000355,钙尔奇医药保健商品391|钙尔奇医药保健商品186|九芝堂医药保健商品943|东阿阿胶医药保健商品523|云南白药医药保健商品473
1475,U004412,0.3112,0.270646,高意向,美妆护肤,爆款高转化池,P000532|P000773|P000947|P000971|P001402,珀莱雅美妆护肤商品523|自然堂美妆护肤商品332|珀莱雅美妆护肤商品976|SK-II美妆护肤商品867|珀莱雅美妆护肤商品932
1476,U000253,0.3111,0.248204,高意向,宠物用品,爆款高转化池,P000750|P000035|P001710|P000996|P000462,冠能宠物用品商品494|皇家宠物用品商品286|网易严选宠物用品商品732|麦富迪宠物用品商品635|冠能宠物用品商品709
1477,U002032,0.311,0.22743,高意向,手机数码,爆款高转化池,P000808|P001509|P000688|P000498|P001082,华为手机数码商品883|三星手机数码商品747|华为手机数码商品474|三星手机数码商品800|小米手机数码商品672
1478,U003310,0.311,0.280617,高意向,手机数码,爆款高转化池,P000808|P001509|P000688|P000498|P001082,华为手机数码商品883|三星手机数码商品747|华为手机数码商品474|三星手机数码商品800|小米手机数码商品672
1479,U000492,0.3109,0.243849,高意向,服装鞋包,爆款高转化池,P001734|P001740|P001694|P000314|P000970,ZARA服装鞋包商品462|耐克服装鞋包商品217|优衣库服装鞋包商品426|耐克服装鞋包商品620|海澜之家服装鞋包商品195
1480,U000616,0.3109,0.234088,高意向,图书音像,爆款高转化池,P001182|P000992|P001207|P001242|P001223,当当图书音像商品607|人民邮电出版社图书音像商品329|京东图书图书音像商品505|人民邮电出版社图书音像商品170|京东图书图书音像商品628
1481,U003532,0.3109,0.29721,高意向,宠物用品,爆款高转化池,P000750|P000035|P001710|P000996|P000462,冠能宠物用品商品494|皇家宠物用品商品286|网易严选宠物用品商品732|麦富迪宠物用品商品635|冠能宠物用品商品709
1482,U000690,0.3108,0.283001,高意向,箱包配饰,爆款高转化池,P000784|P000262|P001766|P000070|P001698,LV箱包配饰商品872|瑞士军威箱包配饰商品369|MK箱包配饰商品997|新秀丽箱包配饰商品905|外交官箱包配饰商品687
1483,U001289,0.3108,0.281994,高意向,食品生鲜,爆款高转化池,P000080|P001955|P000818|P001304|P001988,伊利食品生鲜商品963|百草味食品生鲜商品833|金龙鱼食品生鲜商品198|五粮液食品生鲜商品181|良品铺子食品生鲜商品482
1484,U003549,0.3108,0.293507,高意向,珠宝首饰,爆款高转化池,P000538|P000126|P001784|P000192|P000551,老凤祥珠宝首饰商品443|周生生珠宝首饰商品232|老凤祥珠宝首饰商品799|老凤祥珠宝首饰商品808|老凤祥珠宝首饰商品566
1485,U000972,0.3107,0.293106,高意向,母婴用品,爆款高转化池,P000923|P001341|P001282|P000310|P000627,贝因美母婴用品商品502|花王母婴用品商品597|花王母婴用品商品885|强生母婴用品商品283|帮宝适母婴用品商品545
1486,U003379,0.3105,0.276534,高意向,运动户外,爆款高转化池,P001787|P001427|P000783|P000134|P000168,361度运动户外商品484|骆驼运动户外商品702|哥伦比亚运动户外商品762|哥伦比亚运动户外商品544|李宁运动户外商品543
1487,U003903,0.3105,0.280894,高意向,家居家装,爆款高转化池,P000883|P000221|P001102|P001151|P001129,顾家家居家居家装商品927|曲美家居家装商品318|马可波罗家居家装商品703|宜家家居家装商品838|曲美家居家装商品570
1488,U001890,0.3103,0.286512,高意向,宠物用品,爆款高转化池,P000750|P000035|P001710|P000996|P000462,冠能宠物用品商品494|皇家宠物用品商品286|网易严选宠物用品商品732|麦富迪宠物用品商品635|冠能宠物用品商品709
1489,U000873,0.3101,0.28673,高意向,宠物用品,爆款高转化池,P000750|P000035|P001710|P000996|P000462,冠能宠物用品商品494|皇家宠物用品商品286|网易严选宠物用品商品732|麦富迪宠物用品商品635|冠能宠物用品商品709
1490,U001318,0.3101,0.277339,高意向,礼品鲜花,爆款高转化池,P001016|P000831|P001489|P000018|P001157,野兽派礼品鲜花商品306|Roseonly礼品鲜花商品580|诺誓礼品鲜花商品189|诺誓礼品鲜花商品463|施华洛世奇礼品鲜花商品442
1491,U002271,0.3101,0.292133,高意向,食品生鲜,爆款高转化池,P000080|P001955|P000818|P001304|P001988,伊利食品生鲜商品963|百草味食品生鲜商品833|金龙鱼食品生鲜商品198|五粮液食品生鲜商品181|良品铺子食品生鲜商品482
1492,U002407,0.3101,0.288137,高意向,医药保健,爆款高转化池,P000094|P001052|P001079|P000375|P000355,钙尔奇医药保健商品391|钙尔奇医药保健商品186|九芝堂医药保健商品943|东阿阿胶医药保健商品523|云南白药医药保健商品473
1493,U004029,0.3101,0.284205,高意向,家居家装,爆款高转化池,P000883|P000221|P001102|P001151|P001129,顾家家居家居家装商品927|曲美家居家装商品318|马可波罗家居家装商品703|宜家家居家装商品838|曲美家居家装商品570
1494,U000857,0.3099,0.246542,高意向,美妆护肤,爆款高转化池,P000532|P000773|P000947|P000971|P001402,珀莱雅美妆护肤商品523|自然堂美妆护肤商品332|珀莱雅美妆护肤商品976|SK-II美妆护肤商品867|珀莱雅美妆护肤商品932
1495,U002525,0.3097,0.272906,高意向,家用电器,爆款高转化池,P000904|P000206|P000946|P001013|P000285,格力家用电器商品379|美的家用电器商品467|松下家用电器商品394|海尔家用电器商品408|格力家用电器商品762
1496,U003422,0.3097,0.274043,高意向,家居家装,爆款高转化池,P000883|P000221|P001102|P001151|P001129,顾家家居家居家装商品927|曲美家居家装商品318|马可波罗家居家装商品703|宜家家居家装商品838|曲美家居家装商品570
1497,U004141,0.3097,0.293859,高意向,珠宝首饰,爆款高转化池,P000538|P000126|P001784|P000192|P000551,老凤祥珠宝首饰商品443|周生生珠宝首饰商品232|老凤祥珠宝首饰商品799|老凤祥珠宝首饰商品808|老凤祥珠宝首饰商品566
1498,U004631,0.3097,0.291976,高意向,宠物用品,爆款高转化池,P000750|P000035|P001710|P000996|P000462,冠能宠物用品商品494|皇家宠物用品商品286|网易严选宠物用品商品732|麦富迪宠物用品商品635|冠能宠物用品商品709
1499,U000224,0.3096,0.274672,高意向,医药保健,爆款高转化池,P000094|P001052|P001079|P000375|P000355,钙尔奇医药保健商品391|钙尔奇医药保健商品186|九芝堂医药保健商品943|东阿阿胶医药保健商品523|云南白药医药保健商品473
1500,U001455,0.3093,0.287509,高意向,家居家装,爆款高转化池,P000883|P000221|P001102|P001151|P001129,顾家家居家居家装商品927|曲美家居家装商品318|马可波罗家居家装商品703|宜家家居家装商品838|曲美家居家装商品570
1501,U002684,0.3093,0.235947,高意向,食品生鲜,爆款高转化池,P000080|P001955|P000818|P001304|P001988,伊利食品生鲜商品963|百草味食品生鲜商品833|金龙鱼食品生鲜商品198|五粮液食品生鲜商品181|良品铺子食品生鲜商品482
1502,U001570,0.3092,0.227077,高意向,手机数码,爆款高转化池,P000808|P001509|P000688|P000498|P001082,华为手机数码商品883|三星手机数码商品747|华为手机数码商品474|三星手机数码商品800|小米手机数码商品672
1503,U003281,0.3092,0.291182,高意向,礼品鲜花,爆款高转化池,P001016|P000831|P001489|P000018|P001157,野兽派礼品鲜花商品306|Roseonly礼品鲜花商品580|诺誓礼品鲜花商品189|诺誓礼品鲜花商品463|施华洛世奇礼品鲜花商品442
1504,U001753,0.3091,0.224166,高意向,美妆护肤,爆款高转化池,P000532|P000773|P000947|P000971|P001402,珀莱雅美妆护肤商品523|自然堂美妆护肤商品332|珀莱雅美妆护肤商品976|SK-II美妆护肤商品867|珀莱雅美妆护肤商品932
1505,U000137,0.309,0.285172,高意向,手机数码,爆款高转化池,P000808|P001509|P000688|P000498|P001082,华为手机数码商品883|三星手机数码商品747|华为手机数码商品474|三星手机数码商品800|小米手机数码商品672
1506,U002531,0.309,0.278588,高意向,箱包配饰,爆款高转化池,P000784|P000262|P001766|P000070|P001698,LV箱包配饰商品872|瑞士军威箱包配饰商品369|MK箱包配饰商品997|新秀丽箱包配饰商品905|外交官箱包配饰商品687
1507,U000600,0.3089,0.260334,高意向,箱包配饰,爆款高转化池,P000784|P000262|P001766|P000070|P001698,LV箱包配饰商品872|瑞士军威箱包配饰商品369|MK箱包配饰商品997|新秀丽箱包配饰商品905|外交官箱包配饰商品687
1508,U003033,0.3089,0.287295,高意向,汽车用品,爆款高转化池,P001927|P001490|P000410|P001675|P000547,米其林汽车用品商品720|壳牌汽车用品商品142|固特异汽车用品商品584|3M汽车用品商品220|卡仕达汽车用品商品137
1509,U003613,0.3088,0.278732,高意向,运动户外,爆款高转化池,P001787|P001427|P000783|P000134|P000168,361度运动户外商品484|骆驼运动户外商品702|哥伦比亚运动户外商品762|哥伦比亚运动户外商品544|李宁运动户外商品543
1510,U004712,0.3088,0.236746,高意向,家居家装,爆款高转化池,P000883|P000221|P001102|P001151|P001129,顾家家居家居家装商品927|曲美家居家装商品318|马可波罗家居家装商品703|宜家家居家装商品838|曲美家居家装商品570
1511,U004651,0.3087,0.276686,高意向,家用电器,爆款高转化池,P000904|P000206|P000946|P001013|P000285,格力家用电器商品379|美的家用电器商品467|松下家用电器商品394|海尔家用电器商品408|格力家用电器商品762
1512,U000521,0.3086,0.281574,高意向,箱包配饰,爆款高转化池,P000784|P000262|P001766|P000070|P001698,LV箱包配饰商品872|瑞士军威箱包配饰商品369|MK箱包配饰商品997|新秀丽箱包配饰商品905|外交官箱包配饰商品687
1513,U002017,0.3086,0.246784,高意向,汽车用品,爆款高转化池,P001927|P001490|P000410|P001675|P000547,米其林汽车用品商品720|壳牌汽车用品商品142|固特异汽车用品商品584|3M汽车用品商品220|卡仕达汽车用品商品137
1514,U000714,0.3085,0.281594,高意向,母婴用品,爆款高转化池,P000923|P001341|P001282|P000310|P000627,贝因美母婴用品商品502|花王母婴用品商品597|花王母婴用品商品885|强生母婴用品商品283|帮宝适母婴用品商品545
1515,U002994,0.3085,0.276085,高意向,宠物用品,爆款高转化池,P000750|P000035|P001710|P000996|P000462,冠能宠物用品商品494|皇家宠物用品商品286|网易严选宠物用品商品732|麦富迪宠物用品商品635|冠能宠物用品商品709
1516,U000779,0.3084,0.289085,高意向,食品生鲜,爆款高转化池,P000080|P001955|P000818|P001304|P001988,伊利食品生鲜商品963|百草味食品生鲜商品833|金龙鱼食品生鲜商品198|五粮液食品生鲜商品181|良品铺子食品生鲜商品482
1517,U000956,0.3084,0.272086,高意向,箱包配饰,爆款高转化池,P000784|P000262|P001766|P000070|P001698,LV箱包配饰商品872|瑞士军威箱包配饰商品369|MK箱包配饰商品997|新秀丽箱包配饰商品905|外交官箱包配饰商品687
1518,U001108,0.3083,0.28748,高意向,家居家装,爆款高转化池,P000883|P000221|P001102|P001151|P001129,顾家家居家居家装商品927|曲美家居家装商品318|马可波罗家居家装商品703|宜家家居家装商品838|曲美家居家装商品570
1519,U002518,0.3083,0.286875,高意向,家用电器,爆款高转化池,P000904|P000206|P000946|P001013|P000285,格力家用电器商品379|美的家用电器商品467|松下家用电器商品394|海尔家用电器商品408|格力家用电器商品762
1520,U004064,0.3083,0.285427,高意向,箱包配饰,爆款高转化池,P000784|P000262|P001766|P000070|P001698,LV箱包配饰商品872|瑞士军威箱包配饰商品369|MK箱包配饰商品997|新秀丽箱包配饰商品905|外交官箱包配饰商品687
1521,U004801,0.3083,0.241047,高意向,手机数码,爆款高转化池,P000808|P001509|P000688|P000498|P001082,华为手机数码商品883|三星手机数码商品747|华为手机数码商品474|三星手机数码商品800|小米手机数码商品672
1522,U000185,0.3082,0.251412,高意向,医药保健,爆款高转化池,P000094|P001052|P001079|P000375|P000355,钙尔奇医药保健商品391|钙尔奇医药保健商品186|九芝堂医药保健商品943|东阿阿胶医药保健商品523|云南白药医药保健商品473
1523,U002410,0.3082,0.266821,高意向,食品生鲜,爆款高转化池,P000080|P001955|P000818|P001304|P001988,伊利食品生鲜商品963|百草味食品生鲜商品833|金龙鱼食品生鲜商品198|五粮液食品生鲜商品181|良品铺子食品生鲜商品482
1524,U000502,0.3081,0.27476,高意向,汽车用品,爆款高转化池,P001927|P001490|P000410|P001675|P000547,米其林汽车用品商品720|壳牌汽车用品商品142|固特异汽车用品商品584|3M汽车用品商品220|卡仕达汽车用品商品137
1525,U000853,0.3081,0.281818,高意向,汽车用品,爆款高转化池,P001927|P001490|P000410|P001675|P000547,米其林汽车用品商品720|壳牌汽车用品商品142|固特异汽车用品商品584|3M汽车用品商品220|卡仕达汽车用品商品137
1526,U001530,0.3081,0.288599,高意向,医药保健,爆款高转化池,P000094|P001052|P001079|P000375|P000355,钙尔奇医药保健商品391|钙尔奇医药保健商品186|九芝堂医药保健商品943|东阿阿胶医药保健商品523|云南白药医药保健商品473
1527,U000480,0.308,0.295956,高意向,汽车用品,爆款高转化池,P001927|P001490|P000410|P001675|P000547,米其林汽车用品商品720|壳牌汽车用品商品142|固特异汽车用品商品584|3M汽车用品商品220|卡仕达汽车用品商品137
1528,U000802,0.3079,0.293294,高意向,家居家装,爆款高转化池,P000883|P000221|P001102|P001151|P001129,顾家家居家居家装商品927|曲美家居家装商品318|马可波罗家居家装商品703|宜家家居家装商品838|曲美家居家装商品570
1529,U000884,0.3079,0.289274,高意向,医药保健,爆款高转化池,P000094|P001052|P001079|P000375|P000355,钙尔奇医药保健商品391|钙尔奇医药保健商品186|九芝堂医药保健商品943|东阿阿胶医药保健商品523|云南白药医药保健商品473
1530,U001843,0.3079,0.292883,高意向,图书音像,爆款高转化池,P001182|P000992|P001207|P001242|P001223,当当图书音像商品607|人民邮电出版社图书音像商品329|京东图书图书音像商品505|人民邮电出版社图书音像商品170|京东图书图书音像商品628
1531,U002422,0.3079,0.292171,高意向,图书音像,爆款高转化池,P001182|P000992|P001207|P001242|P001223,当当图书音像商品607|人民邮电出版社图书音像商品329|京东图书图书音像商品505|人民邮电出版社图书音像商品170|京东图书图书音像商品628
1532,U002843,0.3079,0.271023,高意向,医药保健,爆款高转化池,P000094|P001052|P001079|P000375|P000355,钙尔奇医药保健商品391|钙尔奇医药保健商品186|九芝堂医药保健商品943|东阿阿胶医药保健商品523|云南白药医药保健商品473
1533,U004548,0.3079,0.285659,高意向,食品生鲜,爆款高转化池,P000080|P001955|P000818|P001304|P001988,伊利食品生鲜商品963|百草味食品生鲜商品833|金龙鱼食品生鲜商品198|五粮液食品生鲜商品181|良品铺子食品生鲜商品482
1534,U001760,0.3078,0.280366,高意向,珠宝首饰,爆款高转化池,P000538|P000126|P001784|P000192|P000551,老凤祥珠宝首饰商品443|周生生珠宝首饰商品232|老凤祥珠宝首饰商品799|老凤祥珠宝首饰商品808|老凤祥珠宝首饰商品566
1535,U002742,0.3078,0.282925,高意向,宠物用品,爆款高转化池,P000750|P000035|P001710|P000996|P000462,冠能宠物用品商品494|皇家宠物用品商品286|网易严选宠物用品商品732|麦富迪宠物用品商品635|冠能宠物用品商品709
1536,U003329,0.3078,0.288076,高意向,食品生鲜,爆款高转化池,P000080|P001955|P000818|P001304|P001988,伊利食品生鲜商品963|百草味食品生鲜商品833|金龙鱼食品生鲜商品198|五粮液食品生鲜商品181|良品铺子食品生鲜商品482
1537,U000300,0.3077,0.288562,高意向,家用电器,爆款高转化池,P000904|P000206|P000946|P001013|P000285,格力家用电器商品379|美的家用电器商品467|松下家用电器商品394|海尔家用电器商品408|格力家用电器商品762
1538,U001130,0.3077,0.247271,高意向,美妆护肤,爆款高转化池,P000532|P000773|P000947|P000971|P001402,珀莱雅美妆护肤商品523|自然堂美妆护肤商品332|珀莱雅美妆护肤商品976|SK-II美妆护肤商品867|珀莱雅美妆护肤商品932
1539,U000473,0.3076,0.223689,高意向,宠物用品,爆款高转化池,P000750|P000035|P001710|P000996|P000462,冠能宠物用品商品494|皇家宠物用品商品286|网易严选宠物用品商品732|麦富迪宠物用品商品635|冠能宠物用品商品709
1540,U001787,0.3076,0.273958,高意向,美妆护肤,爆款高转化池,P000532|P000773|P000947|P000971|P001402,珀莱雅美妆护肤商品523|自然堂美妆护肤商品332|珀莱雅美妆护肤商品976|SK-II美妆护肤商品867|珀莱雅美妆护肤商品932
1541,U002446,0.3076,0.2682,高意向,宠物用品,爆款高转化池,P000750|P000035|P001710|P000996|P000462,冠能宠物用品商品494|皇家宠物用品商品286|网易严选宠物用品商品732|麦富迪宠物用品商品635|冠能宠物用品商品709
1542,U000569,0.3075,0.263182,高意向,运动户外,爆款高转化池,P001787|P001427|P000783|P000134|P000168,361度运动户外商品484|骆驼运动户外商品702|哥伦比亚运动户外商品762|哥伦比亚运动户外商品544|李宁运动户外商品543
1543,U002332,0.3074,0.287998,高意向,食品生鲜,爆款高转化池,P000080|P001955|P000818|P001304|P001988,伊利食品生鲜商品963|百草味食品生鲜商品833|金龙鱼食品生鲜商品198|五粮液食品生鲜商品181|良品铺子食品生鲜商品482
1544,U004243,0.3074,0.29205,高意向,美妆护肤,爆款高转化池,P000532|P000773|P000947|P000971|P001402,珀莱雅美妆护肤商品523|自然堂美妆护肤商品332|珀莱雅美妆护肤商品976|SK-II美妆护肤商品867|珀莱雅美妆护肤商品932
1545,U000369,0.3073,0.291095,高意向,家用电器,爆款高转化池,P000904|P000206|P000946|P001013|P000285,格力家用电器商品379|美的家用电器商品467|松下家用电器商品394|海尔家用电器商品408|格力家用电器商品762
1546,U002325,0.3073,0.301111,高意向,宠物用品,爆款高转化池,P000750|P000035|P001710|P000996|P000462,冠能宠物用品商品494|皇家宠物用品商品286|网易严选宠物用品商品732|麦富迪宠物用品商品635|冠能宠物用品商品709
1547,U004856,0.3073,0.2788,高意向,医药保健,爆款高转化池,P000094|P001052|P001079|P000375|P000355,钙尔奇医药保健商品391|钙尔奇医药保健商品186|九芝堂医药保健商品943|东阿阿胶医药保健商品523|云南白药医药保健商品473
1548,U000999,0.3072,0.290757,高意向,汽车用品,爆款高转化池,P001927|P001490|P000410|P001675|P000547,米其林汽车用品商品720|壳牌汽车用品商品142|固特异汽车用品商品584|3M汽车用品商品220|卡仕达汽车用品商品137
1549,U001500,0.3072,0.251269,高意向,运动户外,爆款高转化池,P001787|P001427|P000783|P000134|P000168,361度运动户外商品484|骆驼运动户外商品702|哥伦比亚运动户外商品762|哥伦比亚运动户外商品544|李宁运动户外商品543
1550,U003030,0.3072,0.286943,高意向,家居家装,爆款高转化池,P000883|P000221|P001102|P001151|P001129,顾家家居家居家装商品927|曲美家居家装商品318|马可波罗家居家装商品703|宜家家居家装商品838|曲美家居家装商品570
1551,U002287,0.3071,0.288278,高意向,医药保健,爆款高转化池,P000094|P001052|P001079|P000375|P000355,钙尔奇医药保健商品391|钙尔奇医药保健商品186|九芝堂医药保健商品943|东阿阿胶医药保健商品523|云南白药医药保健商品473
1552,U000533,0.307,0.279989,高意向,汽车用品,爆款高转化池,P001927|P001490|P000410|P001675|P000547,米其林汽车用品商品720|壳牌汽车用品商品142|固特异汽车用品商品584|3M汽车用品商品220|卡仕达汽车用品商品137
1553,U002915,0.3069,0.293532,高意向,母婴用品,爆款高转化池,P000923|P001341|P001282|P000310|P000627,贝因美母婴用品商品502|花王母婴用品商品597|花王母婴用品商品885|强生母婴用品商品283|帮宝适母婴用品商品545
1554,U003503,0.3068,0.27569,高意向,美妆护肤,爆款高转化池,P000532|P000773|P000947|P000971|P001402,珀莱雅美妆护肤商品523|自然堂美妆护肤商品332|珀莱雅美妆护肤商品976|SK-II美妆护肤商品867|珀莱雅美妆护肤商品932
1555,U000629,0.3067,0.279037,高意向,宠物用品,爆款高转化池,P000750|P000035|P001710|P000996|P000462,冠能宠物用品商品494|皇家宠物用品商品286|网易严选宠物用品商品732|麦富迪宠物用品商品635|冠能宠物用品商品709
1556,U003499,0.3067,0.289423,高意向,图书音像,爆款高转化池,P001182|P000992|P001207|P001242|P001223,当当图书音像商品607|人民邮电出版社图书音像商品329|京东图书图书音像商品505|人民邮电出版社图书音像商品170|京东图书图书音像商品628
1557,U004894,0.3067,0.233988,高意向,宠物用品,爆款高转化池,P000750|P000035|P001710|P000996|P000462,冠能宠物用品商品494|皇家宠物用品商品286|网易严选宠物用品商品732|麦富迪宠物用品商品635|冠能宠物用品商品709
1558,U000916,0.3066,0.249613,高意向,食品生鲜,爆款高转化池,P000080|P001955|P000818|P001304|P001988,伊利食品生鲜商品963|百草味食品生鲜商品833|金龙鱼食品生鲜商品198|五粮液食品生鲜商品181|良品铺子食品生鲜商品482
1559,U000630,0.3065,0.286121,高意向,宠物用品,爆款高转化池,P000750|P000035|P001710|P000996|P000462,冠能宠物用品商品494|皇家宠物用品商品286|网易严选宠物用品商品732|麦富迪宠物用品商品635|冠能宠物用品商品709
1560,U000976,0.3065,0.281045,高意向,宠物用品,爆款高转化池,P000750|P000035|P001710|P000996|P000462,冠能宠物用品商品494|皇家宠物用品商品286|网易严选宠物用品商品732|麦富迪宠物用品商品635|冠能宠物用品商品709
1561,U002587,0.3065,0.254194,高意向,美妆护肤,爆款高转化池,P000532|P000773|P000947|P000971|P001402,珀莱雅美妆护肤商品523|自然堂美妆护肤商品332|珀莱雅美妆护肤商品976|SK-II美妆护肤商品867|珀莱雅美妆护肤商品932
1562,U002787,0.3065,0.281122,高意向,图书音像,爆款高转化池,P001182|P000992|P001207|P001242|P001223,当当图书音像商品607|人民邮电出版社图书音像商品329|京东图书图书音像商品505|人民邮电出版社图书音像商品170|京东图书图书音像商品628
1563,U000815,0.3064,0.2803,高意向,食品生鲜,爆款高转化池,P000080|P001955|P000818|P001304|P001988,伊利食品生鲜商品963|百草味食品生鲜商品833|金龙鱼食品生鲜商品198|五粮液食品生鲜商品181|良品铺子食品生鲜商品482
1564,U001802,0.3064,0.279799,高意向,图书音像,爆款高转化池,P001182|P000992|P001207|P001242|P001223,当当图书音像商品607|人民邮电出版社图书音像商品329|京东图书图书音像商品505|人民邮电出版社图书音像商品170|京东图书图书音像商品628
1565,U002730,0.3064,0.286696,高意向,汽车用品,爆款高转化池,P001927|P001490|P000410|P001675|P000547,米其林汽车用品商品720|壳牌汽车用品商品142|固特异汽车用品商品584|3M汽车用品商品220|卡仕达汽车用品商品137
1566,U004707,0.3063,0.28107,高意向,母婴用品,爆款高转化池,P000923|P001341|P001282|P000310|P000627,贝因美母婴用品商品502|花王母婴用品商品597|花王母婴用品商品885|强生母婴用品商品283|帮宝适母婴用品商品545
1567,U002972,0.3062,0.296985,高意向,医药保健,爆款高转化池,P000094|P001052|P001079|P000375|P000355,钙尔奇医药保健商品391|钙尔奇医药保健商品186|九芝堂医药保健商品943|东阿阿胶医药保健商品523|云南白药医药保健商品473
1568,U003446,0.3061,0.277838,高意向,运动户外,爆款高转化池,P001787|P001427|P000783|P000134|P000168,361度运动户外商品484|骆驼运动户外商品702|哥伦比亚运动户外商品762|哥伦比亚运动户外商品544|李宁运动户外商品543
1569,U002323,0.306,0.28425,高意向,食品生鲜,爆款高转化池,P000080|P001955|P000818|P001304|P001988,伊利食品生鲜商品963|百草味食品生鲜商品833|金龙鱼食品生鲜商品198|五粮液食品生鲜商品181|良品铺子食品生鲜商品482
1570,U004280,0.306,0.229501,高意向,汽车用品,爆款高转化池,P001927|P001490|P000410|P001675|P000547,米其林汽车用品商品720|壳牌汽车用品商品142|固特异汽车用品商品584|3M汽车用品商品220|卡仕达汽车用品商品137
1571,U001502,0.3059,0.254895,高意向,美妆护肤,爆款高转化池,P000532|P000773|P000947|P000971|P001402,珀莱雅美妆护肤商品523|自然堂美妆护肤商品332|珀莱雅美妆护肤商品976|SK-II美妆护肤商品867|珀莱雅美妆护肤商品932
1572,U003187,0.3059,0.296702,高意向,汽车用品,爆款高转化池,P001927|P001490|P000410|P001675|P000547,米其林汽车用品商品720|壳牌汽车用品商品142|固特异汽车用品商品584|3M汽车用品商品220|卡仕达汽车用品商品137
1573,U000066,0.3058,0.258309,高意向,箱包配饰,爆款高转化池,P000784|P000262|P001766|P000070|P001698,LV箱包配饰商品872|瑞士军威箱包配饰商品369|MK箱包配饰商品997|新秀丽箱包配饰商品905|外交官箱包配饰商品687
1574,U000116,0.3057,0.291212,高意向,食品生鲜,爆款高转化池,P000080|P001955|P000818|P001304|P001988,伊利食品生鲜商品963|百草味食品生鲜商品833|金龙鱼食品生鲜商品198|五粮液食品生鲜商品181|良品铺子食品生鲜商品482
1575,U002780,0.3056,0.28381,高意向,箱包配饰,爆款高转化池,P000784|P000262|P001766|P000070|P001698,LV箱包配饰商品872|瑞士军威箱包配饰商品369|MK箱包配饰商品997|新秀丽箱包配饰商品905|外交官箱包配饰商品687
1576,U000675,0.3055,0.296508,高意向,手机数码,爆款高转化池,P000808|P001509|P000688|P000498|P001082,华为手机数码商品883|三星手机数码商品747|华为手机数码商品474|三星手机数码商品800|小米手机数码商品672
1577,U000718,0.3054,0.289573,高意向,食品生鲜,爆款高转化池,P000080|P001955|P000818|P001304|P001988,伊利食品生鲜商品963|百草味食品生鲜商品833|金龙鱼食品生鲜商品198|五粮液食品生鲜商品181|良品铺子食品生鲜商品482
1578,U000856,0.3054,0.28358,高意向,美妆护肤,爆款高转化池,P000532|P000773|P000947|P000971|P001402,珀莱雅美妆护肤商品523|自然堂美妆护肤商品332|珀莱雅美妆护肤商品976|SK-II美妆护肤商品867|珀莱雅美妆护肤商品932
1579,U002160,0.3052,0.296892,高意向,母婴用品,爆款高转化池,P000923|P001341|P001282|P000310|P000627,贝因美母婴用品商品502|花王母婴用品商品597|花王母婴用品商品885|强生母婴用品商品283|帮宝适母婴用品商品545
1580,U004433,0.3052,0.275679,高意向,宠物用品,爆款高转化池,P000750|P000035|P001710|P000996|P000462,冠能宠物用品商品494|皇家宠物用品商品286|网易严选宠物用品商品732|麦富迪宠物用品商品635|冠能宠物用品商品709
1581,U001338,0.3051,0.295248,高意向,服装鞋包,爆款高转化池,P001734|P001740|P001694|P000314|P000970,ZARA服装鞋包商品462|耐克服装鞋包商品217|优衣库服装鞋包商品426|耐克服装鞋包商品620|海澜之家服装鞋包商品195
1582,U002011,0.3051,0.300036,高意向,珠宝首饰,爆款高转化池,P000538|P000126|P001784|P000192|P000551,老凤祥珠宝首饰商品443|周生生珠宝首饰商品232|老凤祥珠宝首饰商品799|老凤祥珠宝首饰商品808|老凤祥珠宝首饰商品566
1583,U003557,0.3051,0.280106,高意向,宠物用品,爆款高转化池,P000750|P000035|P001710|P000996|P000462,冠能宠物用品商品494|皇家宠物用品商品286|网易严选宠物用品商品732|麦富迪宠物用品商品635|冠能宠物用品商品709
1584,U001258,0.3049,0.28392,高意向,手机数码,爆款高转化池,P000808|P001509|P000688|P000498|P001082,华为手机数码商品883|三星手机数码商品747|华为手机数码商品474|三星手机数码商品800|小米手机数码商品672
1585,U001611,0.3049,0.247133,高意向,美妆护肤,爆款高转化池,P000532|P000773|P000947|P000971|P001402,珀莱雅美妆护肤商品523|自然堂美妆护肤商品332|珀莱雅美妆护肤商品976|SK-II美妆护肤商品867|珀莱雅美妆护肤商品932
1586,U002575,0.3048,0.260103,高意向,箱包配饰,爆款高转化池,P000784|P000262|P001766|P000070|P001698,LV箱包配饰商品872|瑞士军威箱包配饰商品369|MK箱包配饰商品997|新秀丽箱包配饰商品905|外交官箱包配饰商品687
1587,U002962,0.3048,0.279006,高意向,汽车用品,爆款高转化池,P001927|P001490|P000410|P001675|P000547,米其林汽车用品商品720|壳牌汽车用品商品142|固特异汽车用品商品584|3M汽车用品商品220|卡仕达汽车用品商品137
1588,U001453,0.3047,0.287799,高意向,家居家装,爆款高转化池,P000883|P000221|P001102|P001151|P001129,顾家家居家居家装商品927|曲美家居家装商品318|马可波罗家居家装商品703|宜家家居家装商品838|曲美家居家装商品570
1589,U002357,0.3047,0.289203,高意向,汽车用品,爆款高转化池,P001927|P001490|P000410|P001675|P000547,米其林汽车用品商品720|壳牌汽车用品商品142|固特异汽车用品商品584|3M汽车用品商品220|卡仕达汽车用品商品137
1590,U002368,0.3047,0.28455,高意向,图书音像,爆款高转化池,P001182|P000992|P001207|P001242|P001223,当当图书音像商品607|人民邮电出版社图书音像商品329|京东图书图书音像商品505|人民邮电出版社图书音像商品170|京东图书图书音像商品628
1591,U001240,0.3046,0.275981,高意向,宠物用品,爆款高转化池,P000750|P000035|P001710|P000996|P000462,冠能宠物用品商品494|皇家宠物用品商品286|网易严选宠物用品商品732|麦富迪宠物用品商品635|冠能宠物用品商品709
1592,U001391,0.3046,0.296967,高意向,家居家装,爆款高转化池,P000883|P000221|P001102|P001151|P001129,顾家家居家居家装商品927|曲美家居家装商品318|马可波罗家居家装商品703|宜家家居家装商品838|曲美家居家装商品570
1593,U000536,0.3044,0.261202,高意向,家居家装,爆款高转化池,P000883|P000221|P001102|P001151|P001129,顾家家居家居家装商品927|曲美家居家装商品318|马可波罗家居家装商品703|宜家家居家装商品838|曲美家居家装商品570
1594,U000903,0.3044,0.301742,高意向,家居家装,爆款高转化池,P000883|P000221|P001102|P001151|P001129,顾家家居家居家装商品927|曲美家居家装商品318|马可波罗家居家装商品703|宜家家居家装商品838|曲美家居家装商品570
1595,U001159,0.3044,0.246146,高意向,手机数码,爆款高转化池,P000808|P001509|P000688|P000498|P001082,华为手机数码商品883|三星手机数码商品747|华为手机数码商品474|三星手机数码商品800|小米手机数码商品672
1596,U001411,0.3044,0.288494,高意向,宠物用品,爆款高转化池,P000750|P000035|P001710|P000996|P000462,冠能宠物用品商品494|皇家宠物用品商品286|网易严选宠物用品商品732|麦富迪宠物用品商品635|冠能宠物用品商品709
1597,U004790,0.3044,0.281889,高意向,手机数码,爆款高转化池,P000808|P001509|P000688|P000498|P001082,华为手机数码商品883|三星手机数码商品747|华为手机数码商品474|三星手机数码商品800|小米手机数码商品672
1598,U003337,0.3043,0.277208,高意向,食品生鲜,爆款高转化池,P000080|P001955|P000818|P001304|P001988,伊利食品生鲜商品963|百草味食品生鲜商品833|金龙鱼食品生鲜商品198|五粮液食品生鲜商品181|良品铺子食品生鲜商品482
1599,U004388,0.3043,0.281366,高意向,医药保健,爆款高转化池,P000094|P001052|P001079|P000375|P000355,钙尔奇医药保健商品391|钙尔奇医药保健商品186|九芝堂医药保健商品943|东阿阿胶医药保健商品523|云南白药医药保健商品473
1600,U001917,0.3041,0.288402,高意向,母婴用品,爆款高转化池,P000923|P001341|P001282|P000310|P000627,贝因美母婴用品商品502|花王母婴用品商品597|花王母婴用品商品885|强生母婴用品商品283|帮宝适母婴用品商品545
1601,U003975,0.304,0.278047,高意向,服装鞋包,爆款高转化池,P001734|P001740|P001694|P000314|P000970,ZARA服装鞋包商品462|耐克服装鞋包商品217|优衣库服装鞋包商品426|耐克服装鞋包商品620|海澜之家服装鞋包商品195
1602,U000118,0.3039,0.285851,高意向,礼品鲜花,爆款高转化池,P001016|P000831|P001489|P000018|P001157,野兽派礼品鲜花商品306|Roseonly礼品鲜花商品580|诺誓礼品鲜花商品189|诺誓礼品鲜花商品463|施华洛世奇礼品鲜花商品442
1603,U000961,0.3039,0.280187,高意向,母婴用品,爆款高转化池,P000923|P001341|P001282|P000310|P000627,贝因美母婴用品商品502|花王母婴用品商品597|花王母婴用品商品885|强生母婴用品商品283|帮宝适母婴用品商品545
1604,U003441,0.3039,0.286734,高意向,母婴用品,爆款高转化池,P000923|P001341|P001282|P000310|P000627,贝因美母婴用品商品502|花王母婴用品商品597|花王母婴用品商品885|强生母婴用品商品283|帮宝适母婴用品商品545
1605,U001358,0.3037,0.287582,高意向,宠物用品,爆款高转化池,P000750|P000035|P001710|P000996|P000462,冠能宠物用品商品494|皇家宠物用品商品286|网易严选宠物用品商品732|麦富迪宠物用品商品635|冠能宠物用品商品709
1606,U003837,0.3037,0.281199,高意向,汽车用品,爆款高转化池,P001927|P001490|P000410|P001675|P000547,米其林汽车用品商品720|壳牌汽车用品商品142|固特异汽车用品商品584|3M汽车用品商品220|卡仕达汽车用品商品137
1607,U004322,0.3037,0.22309,高意向,服装鞋包,爆款高转化池,P001734|P001740|P001694|P000314|P000970,ZARA服装鞋包商品462|耐克服装鞋包商品217|优衣库服装鞋包商品426|耐克服装鞋包商品620|海澜之家服装鞋包商品195
1608,U002303,0.3035,0.272737,高意向,手机数码,爆款高转化池,P000808|P001509|P000688|P000498|P001082,华为手机数码商品883|三星手机数码商品747|华为手机数码商品474|三星手机数码商品800|小米手机数码商品672
1609,U002559,0.3035,0.272369,高意向,美妆护肤,爆款高转化池,P000532|P000773|P000947|P000971|P001402,珀莱雅美妆护肤商品523|自然堂美妆护肤商品332|珀莱雅美妆护肤商品976|SK-II美妆护肤商品867|珀莱雅美妆护肤商品932
1610,U003529,0.3035,0.283859,高意向,礼品鲜花,爆款高转化池,P001016|P000831|P001489|P000018|P001157,野兽派礼品鲜花商品306|Roseonly礼品鲜花商品580|诺誓礼品鲜花商品189|诺誓礼品鲜花商品463|施华洛世奇礼品鲜花商品442
1611,U003857,0.3035,0.289226,高意向,图书音像,爆款高转化池,P001182|P000992|P001207|P001242|P001223,当当图书音像商品607|人民邮电出版社图书音像商品329|京东图书图书音像商品505|人民邮电出版社图书音像商品170|京东图书图书音像商品628
1612,U001298,0.3034,0.281805,高意向,箱包配饰,爆款高转化池,P000784|P000262|P001766|P000070|P001698,LV箱包配饰商品872|瑞士军威箱包配饰商品369|MK箱包配饰商品997|新秀丽箱包配饰商品905|外交官箱包配饰商品687
1613,U004053,0.3034,0.275788,高意向,礼品鲜花,爆款高转化池,P001016|P000831|P001489|P000018|P001157,野兽派礼品鲜花商品306|Roseonly礼品鲜花商品580|诺誓礼品鲜花商品189|诺誓礼品鲜花商品463|施华洛世奇礼品鲜花商品442
1614,U004782,0.3034,0.277386,高意向,运动户外,爆款高转化池,P001787|P001427|P000783|P000134|P000168,361度运动户外商品484|骆驼运动户外商品702|哥伦比亚运动户外商品762|哥伦比亚运动户外商品544|李宁运动户外商品543
1615,U000215,0.3033,0.256126,高意向,图书音像,爆款高转化池,P001182|P000992|P001207|P001242|P001223,当当图书音像商品607|人民邮电出版社图书音像商品329|京东图书图书音像商品505|人民邮电出版社图书音像商品170|京东图书图书音像商品628
1616,U002382,0.3033,0.280903,高意向,美妆护肤,爆款高转化池,P000532|P000773|P000947|P000971|P001402,珀莱雅美妆护肤商品523|自然堂美妆护肤商品332|珀莱雅美妆护肤商品976|SK-II美妆护肤商品867|珀莱雅美妆护肤商品932
1617,U003791,0.3031,0.278751,高意向,宠物用品,爆款高转化池,P000750|P000035|P001710|P000996|P000462,冠能宠物用品商品494|皇家宠物用品商品286|网易严选宠物用品商品732|麦富迪宠物用品商品635|冠能宠物用品商品709
1618,U001154,0.303,0.283634,高意向,箱包配饰,爆款高转化池,P000784|P000262|P001766|P000070|P001698,LV箱包配饰商品872|瑞士军威箱包配饰商品369|MK箱包配饰商品997|新秀丽箱包配饰商品905|外交官箱包配饰商品687
1619,U001328,0.3029,0.294157,高意向,食品生鲜,爆款高转化池,P000080|P001955|P000818|P001304|P001988,伊利食品生鲜商品963|百草味食品生鲜商品833|金龙鱼食品生鲜商品198|五粮液食品生鲜商品181|良品铺子食品生鲜商品482
1620,U003542,0.3029,0.271377,高意向,图书音像,爆款高转化池,P001182|P000992|P001207|P001242|P001223,当当图书音像商品607|人民邮电出版社图书音像商品329|京东图书图书音像商品505|人民邮电出版社图书音像商品170|京东图书图书音像商品628
1621,U000049,0.3028,0.275499,高意向,礼品鲜花,爆款高转化池,P001016|P000831|P001489|P000018|P001157,野兽派礼品鲜花商品306|Roseonly礼品鲜花商品580|诺誓礼品鲜花商品189|诺誓礼品鲜花商品463|施华洛世奇礼品鲜花商品442
1622,U004580,0.3028,0.27989,高意向,运动户外,爆款高转化池,P001787|P001427|P000783|P000134|P000168,361度运动户外商品484|骆驼运动户外商品702|哥伦比亚运动户外商品762|哥伦比亚运动户外商品544|李宁运动户外商品543
1623,U001901,0.3027,0.276305,高意向,家居家装,爆款高转化池,P000883|P000221|P001102|P001151|P001129,顾家家居家居家装商品927|曲美家居家装商品318|马可波罗家居家装商品703|宜家家居家装商品838|曲美家居家装商品570
1624,U002839,0.3027,0.278957,高意向,礼品鲜花,爆款高转化池,P001016|P000831|P001489|P000018|P001157,野兽派礼品鲜花商品306|Roseonly礼品鲜花商品580|诺誓礼品鲜花商品189|诺誓礼品鲜花商品463|施华洛世奇礼品鲜花商品442
1625,U003516,0.3027,0.280023,高意向,食品生鲜,爆款高转化池,P000080|P001955|P000818|P001304|P001988,伊利食品生鲜商品963|百草味食品生鲜商品833|金龙鱼食品生鲜商品198|五粮液食品生鲜商品181|良品铺子食品生鲜商品482
1626,U003872,0.3027,0.279386,高意向,美妆护肤,爆款高转化池,P000532|P000773|P000947|P000971|P001402,珀莱雅美妆护肤商品523|自然堂美妆护肤商品332|珀莱雅美妆护肤商品976|SK-II美妆护肤商品867|珀莱雅美妆护肤商品932
1627,U000589,0.3025,0.29089,高意向,礼品鲜花,爆款高转化池,P001016|P000831|P001489|P000018|P001157,野兽派礼品鲜花商品306|Roseonly礼品鲜花商品580|诺誓礼品鲜花商品189|诺誓礼品鲜花商品463|施华洛世奇礼品鲜花商品442
1628,U001339,0.3025,0.257062,高意向,家居家装,爆款高转化池,P000883|P000221|P001102|P001151|P001129,顾家家居家居家装商品927|曲美家居家装商品318|马可波罗家居家装商品703|宜家家居家装商品838|曲美家居家装商品570
1629,U003735,0.3025,0.231004,高意向,礼品鲜花,爆款高转化池,P001016|P000831|P001489|P000018|P001157,野兽派礼品鲜花商品306|Roseonly礼品鲜花商品580|诺誓礼品鲜花商品189|诺誓礼品鲜花商品463|施华洛世奇礼品鲜花商品442
1630,U004488,0.3025,0.249829,高意向,箱包配饰,爆款高转化池,P000784|P000262|P001766|P000070|P001698,LV箱包配饰商品872|瑞士军威箱包配饰商品369|MK箱包配饰商品997|新秀丽箱包配饰商品905|外交官箱包配饰商品687
1631,U002164,0.3024,0.304606,高意向,医药保健,爆款高转化池,P000094|P001052|P001079|P000375|P000355,钙尔奇医药保健商品391|钙尔奇医药保健商品186|九芝堂医药保健商品943|东阿阿胶医药保健商品523|云南白药医药保健商品473
1632,U002234,0.3024,0.250082,高意向,宠物用品,爆款高转化池,P000750|P000035|P001710|P000996|P000462,冠能宠物用品商品494|皇家宠物用品商品286|网易严选宠物用品商品732|麦富迪宠物用品商品635|冠能宠物用品商品709
1633,U004429,0.3024,0.256992,高意向,食品生鲜,爆款高转化池,P000080|P001955|P000818|P001304|P001988,伊利食品生鲜商品963|百草味食品生鲜商品833|金龙鱼食品生鲜商品198|五粮液食品生鲜商品181|良品铺子食品生鲜商品482
1634,U000927,0.3022,0.267593,高意向,服装鞋包,爆款高转化池,P001734|P001740|P001694|P000314|P000970,ZARA服装鞋包商品462|耐克服装鞋包商品217|优衣库服装鞋包商品426|耐克服装鞋包商品620|海澜之家服装鞋包商品195
1635,U001593,0.3022,0.233763,高意向,宠物用品,爆款高转化池,P000750|P000035|P001710|P000996|P000462,冠能宠物用品商品494|皇家宠物用品商品286|网易严选宠物用品商品732|麦富迪宠物用品商品635|冠能宠物用品商品709
1636,U001321,0.302,0.284342,高意向,箱包配饰,爆款高转化池,P000784|P000262|P001766|P000070|P001698,LV箱包配饰商品872|瑞士军威箱包配饰商品369|MK箱包配饰商品997|新秀丽箱包配饰商品905|外交官箱包配饰商品687
1637,U001941,0.302,0.302112,高意向,箱包配饰,爆款高转化池,P000784|P000262|P001766|P000070|P001698,LV箱包配饰商品872|瑞士军威箱包配饰商品369|MK箱包配饰商品997|新秀丽箱包配饰商品905|外交官箱包配饰商品687
1638,U001927,0.3019,0.261232,高意向,医药保健,爆款高转化池,P000094|P001052|P001079|P000375|P000355,钙尔奇医药保健商品391|钙尔奇医药保健商品186|九芝堂医药保健商品943|东阿阿胶医药保健商品523|云南白药医药保健商品473
1639,U003110,0.3018,0.247445,高意向,礼品鲜花,爆款高转化池,P001016|P000831|P001489|P000018|P001157,野兽派礼品鲜花商品306|Roseonly礼品鲜花商品580|诺誓礼品鲜花商品189|诺誓礼品鲜花商品463|施华洛世奇礼品鲜花商品442
1640,U003509,0.3018,0.277446,高意向,美妆护肤,爆款高转化池,P000532|P000773|P000947|P000971|P001402,珀莱雅美妆护肤商品523|自然堂美妆护肤商品332|珀莱雅美妆护肤商品976|SK-II美妆护肤商品867|珀莱雅美妆护肤商品932
1641,U004236,0.3018,0.297287,高意向,食品生鲜,爆款高转化池,P000080|P001955|P000818|P001304|P001988,伊利食品生鲜商品963|百草味食品生鲜商品833|金龙鱼食品生鲜商品198|五粮液食品生鲜商品181|良品铺子食品生鲜商品482
1642,U002871,0.3017,0.284182,高意向,家用电器,爆款高转化池,P000904|P000206|P000946|P001013|P000285,格力家用电器商品379|美的家用电器商品467|松下家用电器商品394|海尔家用电器商品408|格力家用电器商品762
1643,U004994,0.3017,0.277845,高意向,箱包配饰,爆款高转化池,P000784|P000262|P001766|P000070|P001698,LV箱包配饰商品872|瑞士军威箱包配饰商品369|MK箱包配饰商品997|新秀丽箱包配饰商品905|外交官箱包配饰商品687
1644,U001780,0.3016,0.296918,高意向,手机数码,爆款高转化池,P000808|P001509|P000688|P000498|P001082,华为手机数码商品883|三星手机数码商品747|华为手机数码商品474|三星手机数码商品800|小米手机数码商品672
1645,U002907,0.3016,0.286993,高意向,礼品鲜花,爆款高转化池,P001016|P000831|P001489|P000018|P001157,野兽派礼品鲜花商品306|Roseonly礼品鲜花商品580|诺誓礼品鲜花商品189|诺誓礼品鲜花商品463|施华洛世奇礼品鲜花商品442
1646,U001405,0.3014,0.254904,高意向,服装鞋包,爆款高转化池,P001734|P001740|P001694|P000314|P000970,ZARA服装鞋包商品462|耐克服装鞋包商品217|优衣库服装鞋包商品426|耐克服装鞋包商品620|海澜之家服装鞋包商品195
1647,U004989,0.3013,0.252398,高意向,手机数码,爆款高转化池,P000808|P001509|P000688|P000498|P001082,华为手机数码商品883|三星手机数码商品747|华为手机数码商品474|三星手机数码商品800|小米手机数码商品672
1648,U002024,0.3012,0.276389,高意向,家用电器,爆款高转化池,P000904|P000206|P000946|P001013|P000285,格力家用电器商品379|美的家用电器商品467|松下家用电器商品394|海尔家用电器商品408|格力家用电器商品762
1649,U004804,0.3011,0.284054,高意向,运动户外,爆款高转化池,P001787|P001427|P000783|P000134|P000168,361度运动户外商品484|骆驼运动户外商品702|哥伦比亚运动户外商品762|哥伦比亚运动户外商品544|李宁运动户外商品543
1650,U002950,0.301,0.259963,高意向,礼品鲜花,爆款高转化池,P001016|P000831|P001489|P000018|P001157,野兽派礼品鲜花商品306|Roseonly礼品鲜花商品580|诺誓礼品鲜花商品189|诺誓礼品鲜花商品463|施华洛世奇礼品鲜花商品442
1651,U003325,0.301,0.276797,高意向,图书音像,爆款高转化池,P001182|P000992|P001207|P001242|P001223,当当图书音像商品607|人民邮电出版社图书音像商品329|京东图书图书音像商品505|人民邮电出版社图书音像商品170|京东图书图书音像商品628
1652,U001427,0.3008,0.240434,高意向,母婴用品,爆款高转化池,P000923|P001341|P001282|P000310|P000627,贝因美母婴用品商品502|花王母婴用品商品597|花王母婴用品商品885|强生母婴用品商品283|帮宝适母婴用品商品545
1653,U003602,0.3008,0.259916,高意向,宠物用品,爆款高转化池,P000750|P000035|P001710|P000996|P000462,冠能宠物用品商品494|皇家宠物用品商品286|网易严选宠物用品商品732|麦富迪宠物用品商品635|冠能宠物用品商品709
1654,U000234,0.3007,0.262993,高意向,食品生鲜,爆款高转化池,P000080|P001955|P000818|P001304|P001988,伊利食品生鲜商品963|百草味食品生鲜商品833|金龙鱼食品生鲜商品198|五粮液食品生鲜商品181|良品铺子食品生鲜商品482
1655,U001658,0.3007,0.282755,高意向,母婴用品,爆款高转化池,P000923|P001341|P001282|P000310|P000627,贝因美母婴用品商品502|花王母婴用品商品597|花王母婴用品商品885|强生母婴用品商品283|帮宝适母婴用品商品545
1656,U001051,0.3006,0.279142,高意向,运动户外,爆款高转化池,P001787|P001427|P000783|P000134|P000168,361度运动户外商品484|骆驼运动户外商品702|哥伦比亚运动户外商品762|哥伦比亚运动户外商品544|李宁运动户外商品543
1657,U002073,0.3006,0.283155,高意向,珠宝首饰,爆款高转化池,P000538|P000126|P001784|P000192|P000551,老凤祥珠宝首饰商品443|周生生珠宝首饰商品232|老凤祥珠宝首饰商品799|老凤祥珠宝首饰商品808|老凤祥珠宝首饰商品566
1658,U003972,0.3006,0.274838,高意向,宠物用品,爆款高转化池,P000750|P000035|P001710|P000996|P000462,冠能宠物用品商品494|皇家宠物用品商品286|网易严选宠物用品商品732|麦富迪宠物用品商品635|冠能宠物用品商品709
1659,U004179,0.3006,0.274931,高意向,医药保健,爆款高转化池,P000094|P001052|P001079|P000375|P000355,钙尔奇医药保健商品391|钙尔奇医药保健商品186|九芝堂医药保健商品943|东阿阿胶医药保健商品523|云南白药医药保健商品473
1660,U000777,0.3005,0.213713,高意向,医药保健,爆款高转化池,P000094|P001052|P001079|P000375|P000355,钙尔奇医药保健商品391|钙尔奇医药保健商品186|九芝堂医药保健商品943|东阿阿胶医药保健商品523|云南白药医药保健商品473
1661,U002466,0.3004,0.275761,高意向,运动户外,爆款高转化池,P001787|P001427|P000783|P000134|P000168,361度运动户外商品484|骆驼运动户外商品702|哥伦比亚运动户外商品762|哥伦比亚运动户外商品544|李宁运动户外商品543
1662,U004960,0.3004,0.289362,高意向,食品生鲜,爆款高转化池,P000080|P001955|P000818|P001304|P001988,伊利食品生鲜商品963|百草味食品生鲜商品833|金龙鱼食品生鲜商品198|五粮液食品生鲜商品181|良品铺子食品生鲜商品482
1663,U002252,0.3001,0.219945,高意向,手机数码,爆款高转化池,P000808|P001509|P000688|P000498|P001082,华为手机数码商品883|三星手机数码商品747|华为手机数码商品474|三星手机数码商品800|小米手机数码商品672
1664,U004189,0.3001,0.268707,高意向,图书音像,爆款高转化池,P001182|P000992|P001207|P001242|P001223,当当图书音像商品607|人民邮电出版社图书音像商品329|京东图书图书音像商品505|人民邮电出版社图书音像商品170|京东图书图书音像商品628
1665,U001849,0.1998,0.223528,低意向,美妆护肤,高性价比优惠池,P001748|P000034|P001010|P000095|P001810,完美日记美妆护肤商品797|雅诗兰黛美妆护肤商品818|雅诗兰黛美妆护肤商品295|欧莱雅美妆护肤商品977|欧莱雅美妆护肤商品587
1666,U001203,0.1995,0.219836,低意向,珠宝首饰,高性价比优惠池,P000974|P000711|P001945|P000774|P001226,明牌珠宝首饰商品793|老凤祥珠宝首饰商品116|老凤祥珠宝首饰商品246|周大福珠宝首饰商品251|潮宏基珠宝首饰商品314
1667,U002358,0.1995,0.242635,低意向,珠宝首饰,高性价比优惠池,P000974|P000711|P001945|P000774|P001226,明牌珠宝首饰商品793|老凤祥珠宝首饰商品116|老凤祥珠宝首饰商品246|周大福珠宝首饰商品251|潮宏基珠宝首饰商品314
1668,U003502,0.1995,0.278102,低意向,汽车用品,高性价比优惠池,P001350|P001831|P000932|P001413|P001281,海康威视汽车用品商品339|3M汽车用品商品278|米其林汽车用品商品745|3M汽车用品商品342|卡仕达汽车用品商品144
1669,U004165,0.1995,0.20838,低意向,箱包配饰,高性价比优惠池,P000702|P001253|P001930|P000361|P000987,LV箱包配饰商品940|Samsonite箱包配饰商品380|Samsonite箱包配饰商品997|GUCCI箱包配饰商品904|Samsonite箱包配饰商品467
1670,U002344,0.1994,0.222012,低意向,医药保健,高性价比优惠池,P000765|P000827|P001891|P000351|P000793,善存医药保健商品608|Swisse医药保健商品414|Swisse医药保健商品235|汤臣倍健医药保健商品112|九芝堂医药保健商品478
1671,U001041,0.1992,0.211836,低意向,图书音像,高性价比优惠池,P001855|P001112|P000053|P001974|P001212,京东图书图书音像商品377|中信出版社图书音像商品870|京东图书图书音像商品199|博库网图书音像商品353|新华书店图书音像商品518
1672,U002724,0.199,0.211235,低意向,手机数码,高性价比优惠池,P000518|P000173|P000438|P001705|P000874,一加手机数码商品882|OPPO手机数码商品663|OPPO手机数码商品771|苹果手机数码商品445|苹果手机数码商品704
1673,U003454,0.199,0.219761,低意向,母婴用品,高性价比优惠池,P001683|P000635|P001865|P000991|P001946,帮宝适母婴用品商品297|贝因美母婴用品商品691|贝因美母婴用品商品921|帮宝适母婴用品商品195|花王母婴用品商品688
1674,U004283,0.199,0.223135,低意向,医药保健,高性价比优惠池,P000765|P000827|P001891|P000351|P000793,善存医药保健商品608|Swisse医药保健商品414|Swisse医药保健商品235|汤臣倍健医药保健商品112|九芝堂医药保健商品478
1675,U002212,0.1989,0.213114,低意向,珠宝首饰,高性价比优惠池,P000974|P000711|P001945|P000774|P001226,明牌珠宝首饰商品793|老凤祥珠宝首饰商品116|老凤祥珠宝首饰商品246|周大福珠宝首饰商品251|潮宏基珠宝首饰商品314
1676,U002424,0.1987,0.245163,低意向,汽车用品,高性价比优惠池,P001350|P001831|P000932|P001413|P001281,海康威视汽车用品商品339|3M汽车用品商品278|米其林汽车用品商品745|3M汽车用品商品342|卡仕达汽车用品商品144
1677,U002331,0.1986,0.230019,低意向,手机数码,高性价比优惠池,P000518|P000173|P000438|P001705|P000874,一加手机数码商品882|OPPO手机数码商品663|OPPO手机数码商品771|苹果手机数码商品445|苹果手机数码商品704
1678,U001972,0.1985,0.254309,低意向,运动户外,高性价比优惠池,P001637|P001804|P001967|P000194|P000210,李宁运动户外商品816|李宁运动户外商品353|探路者运动户外商品827|始祖鸟运动户外商品528|安踏运动户外商品113
1679,U002300,0.1985,0.221805,低意向,美妆护肤,高性价比优惠池,P001748|P000034|P001010|P000095|P001810,完美日记美妆护肤商品797|雅诗兰黛美妆护肤商品818|雅诗兰黛美妆护肤商品295|欧莱雅美妆护肤商品977|欧莱雅美妆护肤商品587
1680,U004073,0.1985,0.22552,低意向,图书音像,高性价比优惠池,P001855|P001112|P000053|P001974|P001212,京东图书图书音像商品377|中信出版社图书音像商品870|京东图书图书音像商品199|博库网图书音像商品353|新华书店图书音像商品518
1681,U000146,0.1984,0.207407,低意向,服装鞋包,高性价比优惠池,P001581|P001100|P000662|P001462|P000338,耐克服装鞋包商品711|H&M服装鞋包商品119|海澜之家服装鞋包商品964|耐克服装鞋包商品391|H&M服装鞋包商品587
1682,U000704,0.1984,0.216453,低意向,服装鞋包,高性价比优惠池,P001581|P001100|P000662|P001462|P000338,耐克服装鞋包商品711|H&M服装鞋包商品119|海澜之家服装鞋包商品964|耐克服装鞋包商品391|H&M服装鞋包商品587
1683,U000658,0.1983,0.247687,低意向,运动户外,高性价比优惠池,P001637|P001804|P001967|P000194|P000210,李宁运动户外商品816|李宁运动户外商品353|探路者运动户外商品827|始祖鸟运动户外商品528|安踏运动户外商品113
1684,U001124,0.1981,0.248807,低意向,礼品鲜花,高性价比优惠池,P000831|P000680|P001029|P000319|P000890,Roseonly礼品鲜花商品580|施华洛世奇礼品鲜花商品208|野兽派礼品鲜花商品389|施华洛世奇礼品鲜花商品633|潘多拉礼品鲜花商品586
1685,U004153,0.1981,0.271054,低意向,服装鞋包,高性价比优惠池,P001581|P001100|P000662|P001462|P000338,耐克服装鞋包商品711|H&M服装鞋包商品119|海澜之家服装鞋包商品964|耐克服装鞋包商品391|H&M服装鞋包商品587
1686,U000907,0.198,0.215398,低意向,母婴用品,高性价比优惠池,P001683|P000635|P001865|P000991|P001946,帮宝适母婴用品商品297|贝因美母婴用品商品691|贝因美母婴用品商品921|帮宝适母婴用品商品195|花王母婴用品商品688
1687,U002958,0.198,0.262953,低意向,医药保健,高性价比优惠池,P000765|P000827|P001891|P000351|P000793,善存医药保健商品608|Swisse医药保健商品414|Swisse医药保健商品235|汤臣倍健医药保健商品112|九芝堂医药保健商品478
1688,U003005,0.198,0.20955,低意向,箱包配饰,高性价比优惠池,P000702|P001253|P001930|P000361|P000987,LV箱包配饰商品940|Samsonite箱包配饰商品380|Samsonite箱包配饰商品997|GUCCI箱包配饰商品904|Samsonite箱包配饰商品467
1689,U004919,0.198,0.215865,低意向,服装鞋包,高性价比优惠池,P001581|P001100|P000662|P001462|P000338,耐克服装鞋包商品711|H&M服装鞋包商品119|海澜之家服装鞋包商品964|耐克服装鞋包商品391|H&M服装鞋包商品587
1690,U000526,0.1979,0.214689,低意向,家用电器,高性价比优惠池,P001338|P000409|P001480|P001850|P001635,苏泊尔家用电器商品596|苏泊尔家用电器商品852|戴森家用电器商品536|戴森家用电器商品883|西门子家用电器商品795
1691,U001580,0.1979,0.22281,低意向,宠物用品,高性价比优惠池,P000174|P001336|P001123|P000231|P001759,麦富迪宠物用品商品180|比瑞吉宠物用品商品181|麦富迪宠物用品商品699|pidan宠物用品商品955|网易严选宠物用品商品408
1692,U001062,0.1978,0.253589,低意向,运动户外,高性价比优惠池,P001637|P001804|P001967|P000194|P000210,李宁运动户外商品816|李宁运动户外商品353|探路者运动户外商品827|始祖鸟运动户外商品528|安踏运动户外商品113
1693,U001681,0.1978,0.218817,低意向,宠物用品,高性价比优惠池,P000174|P001336|P001123|P000231|P001759,麦富迪宠物用品商品180|比瑞吉宠物用品商品181|麦富迪宠物用品商品699|pidan宠物用品商品955|网易严选宠物用品商品408
1694,U000877,0.1977,0.211556,低意向,美妆护肤,高性价比优惠池,P001748|P000034|P001010|P000095|P001810,完美日记美妆护肤商品797|雅诗兰黛美妆护肤商品818|雅诗兰黛美妆护肤商品295|欧莱雅美妆护肤商品977|欧莱雅美妆护肤商品587
1695,U000092,0.1976,0.226436,低意向,宠物用品,高性价比优惠池,P000174|P001336|P001123|P000231|P001759,麦富迪宠物用品商品180|比瑞吉宠物用品商品181|麦富迪宠物用品商品699|pidan宠物用品商品955|网易严选宠物用品商品408
1696,U001734,0.1975,0.225591,低意向,汽车用品,高性价比优惠池,P001350|P001831|P000932|P001413|P001281,海康威视汽车用品商品339|3M汽车用品商品278|米其林汽车用品商品745|3M汽车用品商品342|卡仕达汽车用品商品144
1697,U002696,0.1975,0.219182,低意向,服装鞋包,高性价比优惠池,P001581|P001100|P000662|P001462|P000338,耐克服装鞋包商品711|H&M服装鞋包商品119|海澜之家服装鞋包商品964|耐克服装鞋包商品391|H&M服装鞋包商品587
1698,U003019,0.1975,0.265956,低意向,母婴用品,高性价比优惠池,P001683|P000635|P001865|P000991|P001946,帮宝适母婴用品商品297|贝因美母婴用品商品691|贝因美母婴用品商品921|帮宝适母婴用品商品195|花王母婴用品商品688
1699,U003140,0.1975,0.218339,低意向,食品生鲜,高性价比优惠池,P000995|P001113|P000246|P001573|P000063,良品铺子食品生鲜商品230|三只松鼠食品生鲜商品425|蒙牛食品生鲜商品866|百草味食品生鲜商品634|百草味食品生鲜商品504
1700,U004789,0.1975,0.20148,低意向,服装鞋包,高性价比优惠池,P001581|P001100|P000662|P001462|P000338,耐克服装鞋包商品711|H&M服装鞋包商品119|海澜之家服装鞋包商品964|耐克服装鞋包商品391|H&M服装鞋包商品587
1701,U002279,0.1974,0.220421,低意向,运动户外,高性价比优惠池,P001637|P001804|P001967|P000194|P000210,李宁运动户外商品816|李宁运动户外商品353|探路者运动户外商品827|始祖鸟运动户外商品528|安踏运动户外商品113
1702,U004473,0.1974,0.224939,低意向,箱包配饰,高性价比优惠池,P000702|P001253|P001930|P000361|P000987,LV箱包配饰商品940|Samsonite箱包配饰商品380|Samsonite箱包配饰商品997|GUCCI箱包配饰商品904|Samsonite箱包配饰商品467
1703,U004798,0.1973,0.248092,低意向,图书音像,高性价比优惠池,P001855|P001112|P000053|P001974|P001212,京东图书图书音像商品377|中信出版社图书音像商品870|京东图书图书音像商品199|博库网图书音像商品353|新华书店图书音像商品518
1704,U002678,0.1972,0.251707,低意向,服装鞋包,高性价比优惠池,P001581|P001100|P000662|P001462|P000338,耐克服装鞋包商品711|H&M服装鞋包商品119|海澜之家服装鞋包商品964|耐克服装鞋包商品391|H&M服装鞋包商品587
1705,U001940,0.1971,0.228351,低意向,食品生鲜,高性价比优惠池,P000995|P001113|P000246|P001573|P000063,良品铺子食品生鲜商品230|三只松鼠食品生鲜商品425|蒙牛食品生鲜商品866|百草味食品生鲜商品634|百草味食品生鲜商品504
1706,U003770,0.1971,0.214307,低意向,手机数码,高性价比优惠池,P000518|P000173|P000438|P001705|P000874,一加手机数码商品882|OPPO手机数码商品663|OPPO手机数码商品771|苹果手机数码商品445|苹果手机数码商品704
1707,U004741,0.1971,0.238996,低意向,食品生鲜,高性价比优惠池,P000995|P001113|P000246|P001573|P000063,良品铺子食品生鲜商品230|三只松鼠食品生鲜商品425|蒙牛食品生鲜商品866|百草味食品生鲜商品634|百草味食品生鲜商品504
1708,U004760,0.1971,0.220063,低意向,运动户外,高性价比优惠池,P001637|P001804|P001967|P000194|P000210,李宁运动户外商品816|李宁运动户外商品353|探路者运动户外商品827|始祖鸟运动户外商品528|安踏运动户外商品113
1709,U002228,0.197,0.214334,低意向,家用电器,高性价比优惠池,P001338|P000409|P001480|P001850|P001635,苏泊尔家用电器商品596|苏泊尔家用电器商品852|戴森家用电器商品536|戴森家用电器商品883|西门子家用电器商品795
1710,U002941,0.1969,0.200763,低意向,箱包配饰,高性价比优惠池,P000702|P001253|P001930|P000361|P000987,LV箱包配饰商品940|Samsonite箱包配饰商品380|Samsonite箱包配饰商品997|GUCCI箱包配饰商品904|Samsonite箱包配饰商品467
1711,U004319,0.1969,0.215043,低意向,箱包配饰,高性价比优惠池,P000702|P001253|P001930|P000361|P000987,LV箱包配饰商品940|Samsonite箱包配饰商品380|Samsonite箱包配饰商品997|GUCCI箱包配饰商品904|Samsonite箱包配饰商品467
1712,U004470,0.1968,0.228919,低意向,手机数码,高性价比优惠池,P000518|P000173|P000438|P001705|P000874,一加手机数码商品882|OPPO手机数码商品663|OPPO手机数码商品771|苹果手机数码商品445|苹果手机数码商品704
1713,U004595,0.1968,0.215145,低意向,礼品鲜花,高性价比优惠池,P000831|P000680|P001029|P000319|P000890,Roseonly礼品鲜花商品580|施华洛世奇礼品鲜花商品208|野兽派礼品鲜花商品389|施华洛世奇礼品鲜花商品633|潘多拉礼品鲜花商品586
1714,U001937,0.1967,0.215462,低意向,家用电器,高性价比优惠池,P001338|P000409|P001480|P001850|P001635,苏泊尔家用电器商品596|苏泊尔家用电器商品852|戴森家用电器商品536|戴森家用电器商品883|西门子家用电器商品795
1715,U002204,0.1967,0.214495,低意向,家用电器,高性价比优惠池,P001338|P000409|P001480|P001850|P001635,苏泊尔家用电器商品596|苏泊尔家用电器商品852|戴森家用电器商品536|戴森家用电器商品883|西门子家用电器商品795
1716,U003039,0.1967,0.205573,低意向,箱包配饰,高性价比优惠池,P000702|P001253|P001930|P000361|P000987,LV箱包配饰商品940|Samsonite箱包配饰商品380|Samsonite箱包配饰商品997|GUCCI箱包配饰商品904|Samsonite箱包配饰商品467
1717,U001109,0.1966,0.261718,低意向,运动户外,高性价比优惠池,P001637|P001804|P001967|P000194|P000210,李宁运动户外商品816|李宁运动户外商品353|探路者运动户外商品827|始祖鸟运动户外商品528|安踏运动户外商品113
1718,U001417,0.1966,0.208652,低意向,医药保健,高性价比优惠池,P000765|P000827|P001891|P000351|P000793,善存医药保健商品608|Swisse医药保健商品414|Swisse医药保健商品235|汤臣倍健医药保健商品112|九芝堂医药保健商品478
1719,U003978,0.1966,0.23193,低意向,图书音像,高性价比优惠池,P001855|P001112|P000053|P001974|P001212,京东图书图书音像商品377|中信出版社图书音像商品870|京东图书图书音像商品199|博库网图书音像商品353|新华书店图书音像商品518
1720,U001522,0.1965,0.217853,低意向,家居家装,高性价比优惠池,P001900|P001343|P000229|P001466|P001151,顾家家居家居家装商品551|曲美家居家装商品469|顾家家居家居家装商品198|马可波罗家居家装商品613|宜家家居家装商品838
1721,U002110,0.1965,0.214017,低意向,汽车用品,高性价比优惠池,P001350|P001831|P000932|P001413|P001281,海康威视汽车用品商品339|3M汽车用品商品278|米其林汽车用品商品745|3M汽车用品商品342|卡仕达汽车用品商品144
1722,U003634,0.1965,0.221633,低意向,美妆护肤,高性价比优惠池,P001748|P000034|P001010|P000095|P001810,完美日记美妆护肤商品797|雅诗兰黛美妆护肤商品818|雅诗兰黛美妆护肤商品295|欧莱雅美妆护肤商品977|欧莱雅美妆护肤商品587
1723,U004130,0.1965,0.210562,低意向,家居家装,高性价比优惠池,P001900|P001343|P000229|P001466|P001151,顾家家居家居家装商品551|曲美家居家装商品469|顾家家居家居家装商品198|马可波罗家居家装商品613|宜家家居家装商品838
1724,U000448,0.1964,0.210725,低意向,手机数码,高性价比优惠池,P000518|P000173|P000438|P001705|P000874,一加手机数码商品882|OPPO手机数码商品663|OPPO手机数码商品771|苹果手机数码商品445|苹果手机数码商品704
1725,U000920,0.1964,0.214884,低意向,家用电器,高性价比优惠池,P001338|P000409|P001480|P001850|P001635,苏泊尔家用电器商品596|苏泊尔家用电器商品852|戴森家用电器商品536|戴森家用电器商品883|西门子家用电器商品795
1726,U002177,0.1963,0.209949,低意向,图书音像,高性价比优惠池,P001855|P001112|P000053|P001974|P001212,京东图书图书音像商品377|中信出版社图书音像商品870|京东图书图书音像商品199|博库网图书音像商品353|新华书店图书音像商品518
1727,U000940,0.1962,0.21529,低意向,珠宝首饰,高性价比优惠池,P000974|P000711|P001945|P000774|P001226,明牌珠宝首饰商品793|老凤祥珠宝首饰商品116|老凤祥珠宝首饰商品246|周大福珠宝首饰商品251|潮宏基珠宝首饰商品314
1728,U000566,0.1961,0.253018,低意向,珠宝首饰,高性价比优惠池,P000974|P000711|P001945|P000774|P001226,明牌珠宝首饰商品793|老凤祥珠宝首饰商品116|老凤祥珠宝首饰商品246|周大福珠宝首饰商品251|潮宏基珠宝首饰商品314
1729,U002756,0.1961,0.211617,低意向,食品生鲜,高性价比优惠池,P000995|P001113|P000246|P001573|P000063,良品铺子食品生鲜商品230|三只松鼠食品生鲜商品425|蒙牛食品生鲜商品866|百草味食品生鲜商品634|百草味食品生鲜商品504
1730,U003968,0.1961,0.202973,低意向,箱包配饰,高性价比优惠池,P000702|P001253|P001930|P000361|P000987,LV箱包配饰商品940|Samsonite箱包配饰商品380|Samsonite箱包配饰商品997|GUCCI箱包配饰商品904|Samsonite箱包配饰商品467
1731,U004342,0.1961,0.204984,低意向,箱包配饰,高性价比优惠池,P000702|P001253|P001930|P000361|P000987,LV箱包配饰商品940|Samsonite箱包配饰商品380|Samsonite箱包配饰商品997|GUCCI箱包配饰商品904|Samsonite箱包配饰商品467
1732,U001935,0.1959,0.251304,低意向,礼品鲜花,高性价比优惠池,P000831|P000680|P001029|P000319|P000890,Roseonly礼品鲜花商品580|施华洛世奇礼品鲜花商品208|野兽派礼品鲜花商品389|施华洛世奇礼品鲜花商品633|潘多拉礼品鲜花商品586
1733,U003453,0.1959,0.226334,低意向,珠宝首饰,高性价比优惠池,P000974|P000711|P001945|P000774|P001226,明牌珠宝首饰商品793|老凤祥珠宝首饰商品116|老凤祥珠宝首饰商品246|周大福珠宝首饰商品251|潮宏基珠宝首饰商品314
1734,U002805,0.1957,0.270953,低意向,食品生鲜,高性价比优惠池,P000995|P001113|P000246|P001573|P000063,良品铺子食品生鲜商品230|三只松鼠食品生鲜商品425|蒙牛食品生鲜商品866|百草味食品生鲜商品634|百草味食品生鲜商品504
1735,U003690,0.1957,0.223541,低意向,家用电器,高性价比优惠池,P001338|P000409|P001480|P001850|P001635,苏泊尔家用电器商品596|苏泊尔家用电器商品852|戴森家用电器商品536|戴森家用电器商品883|西门子家用电器商品795
1736,U000950,0.1954,0.243136,低意向,家用电器,高性价比优惠池,P001338|P000409|P001480|P001850|P001635,苏泊尔家用电器商品596|苏泊尔家用电器商品852|戴森家用电器商品536|戴森家用电器商品883|西门子家用电器商品795
1737,U002399,0.1953,0.206785,低意向,食品生鲜,高性价比优惠池,P000995|P001113|P000246|P001573|P000063,良品铺子食品生鲜商品230|三只松鼠食品生鲜商品425|蒙牛食品生鲜商品866|百草味食品生鲜商品634|百草味食品生鲜商品504
1738,U002726,0.1952,0.218583,低意向,箱包配饰,高性价比优惠池,P000702|P001253|P001930|P000361|P000987,LV箱包配饰商品940|Samsonite箱包配饰商品380|Samsonite箱包配饰商品997|GUCCI箱包配饰商品904|Samsonite箱包配饰商品467
1739,U002779,0.1952,0.239794,低意向,服装鞋包,高性价比优惠池,P001581|P001100|P000662|P001462|P000338,耐克服装鞋包商品711|H&M服装鞋包商品119|海澜之家服装鞋包商品964|耐克服装鞋包商品391|H&M服装鞋包商品587
1740,U001479,0.1951,0.212276,低意向,家用电器,高性价比优惠池,P001338|P000409|P001480|P001850|P001635,苏泊尔家用电器商品596|苏泊尔家用电器商品852|戴森家用电器商品536|戴森家用电器商品883|西门子家用电器商品795
1741,U001889,0.1951,0.206905,低意向,家居家装,高性价比优惠池,P001900|P001343|P000229|P001466|P001151,顾家家居家居家装商品551|曲美家居家装商品469|顾家家居家居家装商品198|马可波罗家居家装商品613|宜家家居家装商品838
1742,U004457,0.1951,0.220698,低意向,家居家装,高性价比优惠池,P001900|P001343|P000229|P001466|P001151,顾家家居家居家装商品551|曲美家居家装商品469|顾家家居家居家装商品198|马可波罗家居家装商品613|宜家家居家装商品838
1743,U000031,0.195,0.242514,低意向,服装鞋包,高性价比优惠池,P001581|P001100|P000662|P001462|P000338,耐克服装鞋包商品711|H&M服装鞋包商品119|海澜之家服装鞋包商品964|耐克服装鞋包商品391|H&M服装鞋包商品587
1744,U001150,0.195,0.227278,低意向,美妆护肤,高性价比优惠池,P001748|P000034|P001010|P000095|P001810,完美日记美妆护肤商品797|雅诗兰黛美妆护肤商品818|雅诗兰黛美妆护肤商品295|欧莱雅美妆护肤商品977|欧莱雅美妆护肤商品587
1745,U001375,0.1949,0.26886,低意向,美妆护肤,高性价比优惠池,P001748|P000034|P001010|P000095|P001810,完美日记美妆护肤商品797|雅诗兰黛美妆护肤商品818|雅诗兰黛美妆护肤商品295|欧莱雅美妆护肤商品977|欧莱雅美妆护肤商品587
1746,U004293,0.1949,0.219472,低意向,食品生鲜,高性价比优惠池,P000995|P001113|P000246|P001573|P000063,良品铺子食品生鲜商品230|三只松鼠食品生鲜商品425|蒙牛食品生鲜商品866|百草味食品生鲜商品634|百草味食品生鲜商品504
1747,U000680,0.1948,0.24936,低意向,手机数码,高性价比优惠池,P000518|P000173|P000438|P001705|P000874,一加手机数码商品882|OPPO手机数码商品663|OPPO手机数码商品771|苹果手机数码商品445|苹果手机数码商品704
1748,U002828,0.1948,0.214566,低意向,医药保健,高性价比优惠池,P000765|P000827|P001891|P000351|P000793,善存医药保健商品608|Swisse医药保健商品414|Swisse医药保健商品235|汤臣倍健医药保健商品112|九芝堂医药保健商品478
1749,U000532,0.1947,0.203737,低意向,母婴用品,高性价比优惠池,P001683|P000635|P001865|P000991|P001946,帮宝适母婴用品商品297|贝因美母婴用品商品691|贝因美母婴用品商品921|帮宝适母婴用品商品195|花王母婴用品商品688
1750,U002671,0.1946,0.214214,低意向,汽车用品,高性价比优惠池,P001350|P001831|P000932|P001413|P001281,海康威视汽车用品商品339|3M汽车用品商品278|米其林汽车用品商品745|3M汽车用品商品342|卡仕达汽车用品商品144
1751,U000029,0.1945,0.221303,低意向,运动户外,高性价比优惠池,P001637|P001804|P001967|P000194|P000210,李宁运动户外商品816|李宁运动户外商品353|探路者运动户外商品827|始祖鸟运动户外商品528|安踏运动户外商品113
1752,U003449,0.1945,0.223848,低意向,手机数码,高性价比优惠池,P000518|P000173|P000438|P001705|P000874,一加手机数码商品882|OPPO手机数码商品663|OPPO手机数码商品771|苹果手机数码商品445|苹果手机数码商品704
1753,U004122,0.1944,0.254681,低意向,母婴用品,高性价比优惠池,P001683|P000635|P001865|P000991|P001946,帮宝适母婴用品商品297|贝因美母婴用品商品691|贝因美母婴用品商品921|帮宝适母婴用品商品195|花王母婴用品商品688
1754,U000829,0.1943,0.248369,低意向,珠宝首饰,高性价比优惠池,P000974|P000711|P001945|P000774|P001226,明牌珠宝首饰商品793|老凤祥珠宝首饰商品116|老凤祥珠宝首饰商品246|周大福珠宝首饰商品251|潮宏基珠宝首饰商品314
1755,U003580,0.1943,0.21539,低意向,服装鞋包,高性价比优惠池,P001581|P001100|P000662|P001462|P000338,耐克服装鞋包商品711|H&M服装鞋包商品119|海澜之家服装鞋包商品964|耐克服装鞋包商品391|H&M服装鞋包商品587
1756,U000341,0.1942,0.227228,低意向,汽车用品,高性价比优惠池,P001350|P001831|P000932|P001413|P001281,海康威视汽车用品商品339|3M汽车用品商品278|米其林汽车用品商品745|3M汽车用品商品342|卡仕达汽车用品商品144
1757,U004609,0.1942,0.213148,低意向,家居家装,高性价比优惠池,P001900|P001343|P000229|P001466|P001151,顾家家居家居家装商品551|曲美家居家装商品469|顾家家居家居家装商品198|马可波罗家居家装商品613|宜家家居家装商品838
1758,U000217,0.1941,0.227692,低意向,母婴用品,高性价比优惠池,P001683|P000635|P001865|P000991|P001946,帮宝适母婴用品商品297|贝因美母婴用品商品691|贝因美母婴用品商品921|帮宝适母婴用品商品195|花王母婴用品商品688
1759,U002830,0.1941,0.232669,低意向,图书音像,高性价比优惠池,P001855|P001112|P000053|P001974|P001212,京东图书图书音像商品377|中信出版社图书音像商品870|京东图书图书音像商品199|博库网图书音像商品353|新华书店图书音像商品518
1760,U000933,0.194,0.208763,低意向,食品生鲜,高性价比优惠池,P000995|P001113|P000246|P001573|P000063,良品铺子食品生鲜商品230|三只松鼠食品生鲜商品425|蒙牛食品生鲜商品866|百草味食品生鲜商品634|百草味食品生鲜商品504
1761,U001385,0.194,0.219565,低意向,家居家装,高性价比优惠池,P001900|P001343|P000229|P001466|P001151,顾家家居家居家装商品551|曲美家居家装商品469|顾家家居家居家装商品198|马可波罗家居家装商品613|宜家家居家装商品838
1762,U004600,0.194,0.21628,低意向,箱包配饰,高性价比优惠池,P000702|P001253|P001930|P000361|P000987,LV箱包配饰商品940|Samsonite箱包配饰商品380|Samsonite箱包配饰商品997|GUCCI箱包配饰商品904|Samsonite箱包配饰商品467
1763,U004924,0.194,0.275953,低意向,箱包配饰,高性价比优惠池,P000702|P001253|P001930|P000361|P000987,LV箱包配饰商品940|Samsonite箱包配饰商品380|Samsonite箱包配饰商品997|GUCCI箱包配饰商品904|Samsonite箱包配饰商品467
1764,U002790,0.1939,0.219722,低意向,箱包配饰,高性价比优惠池,P000702|P001253|P001930|P000361|P000987,LV箱包配饰商品940|Samsonite箱包配饰商品380|Samsonite箱包配饰商品997|GUCCI箱包配饰商品904|Samsonite箱包配饰商品467
1765,U003723,0.1939,0.209157,低意向,珠宝首饰,高性价比优惠池,P000974|P000711|P001945|P000774|P001226,明牌珠宝首饰商品793|老凤祥珠宝首饰商品116|老凤祥珠宝首饰商品246|周大福珠宝首饰商品251|潮宏基珠宝首饰商品314
1766,U004628,0.1938,0.208848,低意向,汽车用品,高性价比优惠池,P001350|P001831|P000932|P001413|P001281,海康威视汽车用品商品339|3M汽车用品商品278|米其林汽车用品商品745|3M汽车用品商品342|卡仕达汽车用品商品144
1767,U000874,0.1935,0.21025,低意向,运动户外,高性价比优惠池,P001637|P001804|P001967|P000194|P000210,李宁运动户外商品816|李宁运动户外商品353|探路者运动户外商品827|始祖鸟运动户外商品528|安踏运动户外商品113
1768,U000091,0.1934,0.243363,低意向,美妆护肤,高性价比优惠池,P001748|P000034|P001010|P000095|P001810,完美日记美妆护肤商品797|雅诗兰黛美妆护肤商品818|雅诗兰黛美妆护肤商品295|欧莱雅美妆护肤商品977|欧莱雅美妆护肤商品587
1769,U001766,0.1934,0.221669,低意向,服装鞋包,高性价比优惠池,P001581|P001100|P000662|P001462|P000338,耐克服装鞋包商品711|H&M服装鞋包商品119|海澜之家服装鞋包商品964|耐克服装鞋包商品391|H&M服装鞋包商品587
1770,U004297,0.1934,0.223191,低意向,宠物用品,高性价比优惠池,P000174|P001336|P001123|P000231|P001759,麦富迪宠物用品商品180|比瑞吉宠物用品商品181|麦富迪宠物用品商品699|pidan宠物用品商品955|网易严选宠物用品商品408
1771,U002893,0.1933,0.216448,低意向,箱包配饰,高性价比优惠池,P000702|P001253|P001930|P000361|P000987,LV箱包配饰商品940|Samsonite箱包配饰商品380|Samsonite箱包配饰商品997|GUCCI箱包配饰商品904|Samsonite箱包配饰商品467
1772,U003804,0.1933,0.239155,低意向,家居家装,高性价比优惠池,P001900|P001343|P000229|P001466|P001151,顾家家居家居家装商品551|曲美家居家装商品469|顾家家居家居家装商品198|马可波罗家居家装商品613|宜家家居家装商品838
1773,U004937,0.1933,0.206604,低意向,礼品鲜花,高性价比优惠池,P000831|P000680|P001029|P000319|P000890,Roseonly礼品鲜花商品580|施华洛世奇礼品鲜花商品208|野兽派礼品鲜花商品389|施华洛世奇礼品鲜花商品633|潘多拉礼品鲜花商品586
1774,U003584,0.1932,0.215319,低意向,运动户外,高性价比优惠池,P001637|P001804|P001967|P000194|P000210,李宁运动户外商品816|李宁运动户外商品353|探路者运动户外商品827|始祖鸟运动户外商品528|安踏运动户外商品113
1775,U000527,0.1931,0.206755,低意向,运动户外,高性价比优惠池,P001637|P001804|P001967|P000194|P000210,李宁运动户外商品816|李宁运动户外商品353|探路者运动户外商品827|始祖鸟运动户外商品528|安踏运动户外商品113
1776,U004709,0.193,0.221215,低意向,箱包配饰,高性价比优惠池,P000702|P001253|P001930|P000361|P000987,LV箱包配饰商品940|Samsonite箱包配饰商品380|Samsonite箱包配饰商品997|GUCCI箱包配饰商品904|Samsonite箱包配饰商品467
1777,U003413,0.1928,0.195216,低意向,服装鞋包,高性价比优惠池,P001581|P001100|P000662|P001462|P000338,耐克服装鞋包商品711|H&M服装鞋包商品119|海澜之家服装鞋包商品964|耐克服装鞋包商品391|H&M服装鞋包商品587
1778,U004633,0.1927,0.210334,低意向,图书音像,高性价比优惠池,P001855|P001112|P000053|P001974|P001212,京东图书图书音像商品377|中信出版社图书音像商品870|京东图书图书音像商品199|博库网图书音像商品353|新华书店图书音像商品518
1779,U004540,0.1926,0.217275,低意向,珠宝首饰,高性价比优惠池,P000974|P000711|P001945|P000774|P001226,明牌珠宝首饰商品793|老凤祥珠宝首饰商品116|老凤祥珠宝首饰商品246|周大福珠宝首饰商品251|潮宏基珠宝首饰商品314
1780,U004866,0.1926,0.210864,低意向,家居家装,高性价比优惠池,P001900|P001343|P000229|P001466|P001151,顾家家居家居家装商品551|曲美家居家装商品469|顾家家居家居家装商品198|马可波罗家居家装商品613|宜家家居家装商品838
1781,U001311,0.1925,0.217376,低意向,箱包配饰,高性价比优惠池,P000702|P001253|P001930|P000361|P000987,LV箱包配饰商品940|Samsonite箱包配饰商品380|Samsonite箱包配饰商品997|GUCCI箱包配饰商品904|Samsonite箱包配饰商品467
1782,U002005,0.1925,0.249594,低意向,箱包配饰,高性价比优惠池,P000702|P001253|P001930|P000361|P000987,LV箱包配饰商品940|Samsonite箱包配饰商品380|Samsonite箱包配饰商品997|GUCCI箱包配饰商品904|Samsonite箱包配饰商品467
1783,U002655,0.1925,0.291235,低意向,礼品鲜花,高性价比优惠池,P000831|P000680|P001029|P000319|P000890,Roseonly礼品鲜花商品580|施华洛世奇礼品鲜花商品208|野兽派礼品鲜花商品389|施华洛世奇礼品鲜花商品633|潘多拉礼品鲜花商品586
1784,U001988,0.1924,0.212181,低意向,美妆护肤,高性价比优惠池,P001748|P000034|P001010|P000095|P001810,完美日记美妆护肤商品797|雅诗兰黛美妆护肤商品818|雅诗兰黛美妆护肤商品295|欧莱雅美妆护肤商品977|欧莱雅美妆护肤商品587
1785,U004677,0.1924,0.255913,低意向,宠物用品,高性价比优惠池,P000174|P001336|P001123|P000231|P001759,麦富迪宠物用品商品180|比瑞吉宠物用品商品181|麦富迪宠物用品商品699|pidan宠物用品商品955|网易严选宠物用品商品408
1786,U000583,0.1922,0.257973,低意向,图书音像,高性价比优惠池,P001855|P001112|P000053|P001974|P001212,京东图书图书音像商品377|中信出版社图书音像商品870|京东图书图书音像商品199|博库网图书音像商品353|新华书店图书音像商品518
1787,U001578,0.1922,0.221253,低意向,手机数码,高性价比优惠池,P000518|P000173|P000438|P001705|P000874,一加手机数码商品882|OPPO手机数码商品663|OPPO手机数码商品771|苹果手机数码商品445|苹果手机数码商品704
1788,U001907,0.192,0.214773,低意向,箱包配饰,高性价比优惠池,P000702|P001253|P001930|P000361|P000987,LV箱包配饰商品940|Samsonite箱包配饰商品380|Samsonite箱包配饰商品997|GUCCI箱包配饰商品904|Samsonite箱包配饰商品467
1789,U002770,0.1919,0.209457,低意向,家居家装,高性价比优惠池,P001900|P001343|P000229|P001466|P001151,顾家家居家居家装商品551|曲美家居家装商品469|顾家家居家居家装商品198|马可波罗家居家装商品613|宜家家居家装商品838
1790,U003668,0.1919,0.25621,低意向,汽车用品,高性价比优惠池,P001350|P001831|P000932|P001413|P001281,海康威视汽车用品商品339|3M汽车用品商品278|米其林汽车用品商品745|3M汽车用品商品342|卡仕达汽车用品商品144
1791,U000057,0.1918,0.216017,低意向,箱包配饰,高性价比优惠池,P000702|P001253|P001930|P000361|P000987,LV箱包配饰商品940|Samsonite箱包配饰商品380|Samsonite箱包配饰商品997|GUCCI箱包配饰商品904|Samsonite箱包配饰商品467
1792,U000634,0.1918,0.252885,低意向,图书音像,高性价比优惠池,P001855|P001112|P000053|P001974|P001212,京东图书图书音像商品377|中信出版社图书音像商品870|京东图书图书音像商品199|博库网图书音像商品353|新华书店图书音像商品518
1793,U003485,0.1917,0.205539,低意向,服装鞋包,高性价比优惠池,P001581|P001100|P000662|P001462|P000338,耐克服装鞋包商品711|H&M服装鞋包商品119|海澜之家服装鞋包商品964|耐克服装鞋包商品391|H&M服装鞋包商品587
1794,U001435,0.1916,0.232689,低意向,服装鞋包,高性价比优惠池,P001581|P001100|P000662|P001462|P000338,耐克服装鞋包商品711|H&M服装鞋包商品119|海澜之家服装鞋包商品964|耐克服装鞋包商品391|H&M服装鞋包商品587
1795,U002124,0.1916,0.242387,低意向,汽车用品,高性价比优惠池,P001350|P001831|P000932|P001413|P001281,海康威视汽车用品商品339|3M汽车用品商品278|米其林汽车用品商品745|3M汽车用品商品342|卡仕达汽车用品商品144
1796,U003912,0.1916,0.22326,低意向,箱包配饰,高性价比优惠池,P000702|P001253|P001930|P000361|P000987,LV箱包配饰商品940|Samsonite箱包配饰商品380|Samsonite箱包配饰商品997|GUCCI箱包配饰商品904|Samsonite箱包配饰商品467
1797,U001884,0.1915,0.210816,低意向,服装鞋包,高性价比优惠池,P001581|P001100|P000662|P001462|P000338,耐克服装鞋包商品711|H&M服装鞋包商品119|海澜之家服装鞋包商品964|耐克服装鞋包商品391|H&M服装鞋包商品587
1798,U004046,0.1915,0.210669,低意向,珠宝首饰,高性价比优惠池,P000974|P000711|P001945|P000774|P001226,明牌珠宝首饰商品793|老凤祥珠宝首饰商品116|老凤祥珠宝首饰商品246|周大福珠宝首饰商品251|潮宏基珠宝首饰商品314
1799,U003224,0.1914,0.188246,低意向,箱包配饰,高性价比优惠池,P000702|P001253|P001930|P000361|P000987,LV箱包配饰商品940|Samsonite箱包配饰商品380|Samsonite箱包配饰商品997|GUCCI箱包配饰商品904|Samsonite箱包配饰商品467
1800,U001838,0.1913,0.269774,低意向,服装鞋包,高性价比优惠池,P001581|P001100|P000662|P001462|P000338,耐克服装鞋包商品711|H&M服装鞋包商品119|海澜之家服装鞋包商品964|耐克服装鞋包商品391|H&M服装鞋包商品587
1801,U004091,0.1912,0.198287,低意向,运动户外,高性价比优惠池,P001637|P001804|P001967|P000194|P000210,李宁运动户外商品816|李宁运动户外商品353|探路者运动户外商品827|始祖鸟运动户外商品528|安踏运动户外商品113
1802,U004197,0.1911,0.214179,低意向,家居家装,高性价比优惠池,P001900|P001343|P000229|P001466|P001151,顾家家居家居家装商品551|曲美家居家装商品469|顾家家居家居家装商品198|马可波罗家居家装商品613|宜家家居家装商品838
1803,U001820,0.191,0.203797,低意向,美妆护肤,高性价比优惠池,P001748|P000034|P001010|P000095|P001810,完美日记美妆护肤商品797|雅诗兰黛美妆护肤商品818|雅诗兰黛美妆护肤商品295|欧莱雅美妆护肤商品977|欧莱雅美妆护肤商品587
1804,U002698,0.1909,0.215677,低意向,运动户外,高性价比优惠池,P001637|P001804|P001967|P000194|P000210,李宁运动户外商品816|李宁运动户外商品353|探路者运动户外商品827|始祖鸟运动户外商品528|安踏运动户外商品113
1805,U004275,0.1909,0.257884,低意向,珠宝首饰,高性价比优惠池,P000974|P000711|P001945|P000774|P001226,明牌珠宝首饰商品793|老凤祥珠宝首饰商品116|老凤祥珠宝首饰商品246|周大福珠宝首饰商品251|潮宏基珠宝首饰商品314
1806,U004372,0.1908,0.22432,低意向,运动户外,高性价比优惠池,P001637|P001804|P001967|P000194|P000210,李宁运动户外商品816|李宁运动户外商品353|探路者运动户外商品827|始祖鸟运动户外商品528|安踏运动户外商品113
1807,U000607,0.1907,0.209198,低意向,服装鞋包,高性价比优惠池,P001581|P001100|P000662|P001462|P000338,耐克服装鞋包商品711|H&M服装鞋包商品119|海澜之家服装鞋包商品964|耐克服装鞋包商品391|H&M服装鞋包商品587
1808,U003524,0.1906,0.228831,低意向,珠宝首饰,高性价比优惠池,P000974|P000711|P001945|P000774|P001226,明牌珠宝首饰商品793|老凤祥珠宝首饰商品116|老凤祥珠宝首饰商品246|周大福珠宝首饰商品251|潮宏基珠宝首饰商品314
1809,U004720,0.1906,0.270504,低意向,礼品鲜花,高性价比优惠池,P000831|P000680|P001029|P000319|P000890,Roseonly礼品鲜花商品580|施华洛世奇礼品鲜花商品208|野兽派礼品鲜花商品389|施华洛世奇礼品鲜花商品633|潘多拉礼品鲜花商品586
1810,U002428,0.1905,0.239488,低意向,食品生鲜,高性价比优惠池,P000995|P001113|P000246|P001573|P000063,良品铺子食品生鲜商品230|三只松鼠食品生鲜商品425|蒙牛食品生鲜商品866|百草味食品生鲜商品634|百草味食品生鲜商品504
1811,U002533,0.1905,0.212346,低意向,家用电器,高性价比优惠池,P001338|P000409|P001480|P001850|P001635,苏泊尔家用电器商品596|苏泊尔家用电器商品852|戴森家用电器商品536|戴森家用电器商品883|西门子家用电器商品795
1812,U004520,0.1905,0.251992,低意向,图书音像,高性价比优惠池,P001855|P001112|P000053|P001974|P001212,京东图书图书音像商品377|中信出版社图书音像商品870|京东图书图书音像商品199|博库网图书音像商品353|新华书店图书音像商品518
1813,U000282,0.1904,0.205794,低意向,食品生鲜,高性价比优惠池,P000995|P001113|P000246|P001573|P000063,良品铺子食品生鲜商品230|三只松鼠食品生鲜商品425|蒙牛食品生鲜商品866|百草味食品生鲜商品634|百草味食品生鲜商品504
1814,U002904,0.1904,0.229585,低意向,手机数码,高性价比优惠池,P000518|P000173|P000438|P001705|P000874,一加手机数码商品882|OPPO手机数码商品663|OPPO手机数码商品771|苹果手机数码商品445|苹果手机数码商品704
1815,U003261,0.1904,0.201158,低意向,礼品鲜花,高性价比优惠池,P000831|P000680|P001029|P000319|P000890,Roseonly礼品鲜花商品580|施华洛世奇礼品鲜花商品208|野兽派礼品鲜花商品389|施华洛世奇礼品鲜花商品633|潘多拉礼品鲜花商品586
1816,U000394,0.1903,0.234667,低意向,家居家装,高性价比优惠池,P001900|P001343|P000229|P001466|P001151,顾家家居家居家装商品551|曲美家居家装商品469|顾家家居家居家装商品198|马可波罗家居家装商品613|宜家家居家装商品838
1817,U003199,0.1903,0.224911,低意向,运动户外,高性价比优惠池,P001637|P001804|P001967|P000194|P000210,李宁运动户外商品816|李宁运动户外商品353|探路者运动户外商品827|始祖鸟运动户外商品528|安踏运动户外商品113
1818,U000953,0.1902,0.266745,低意向,服装鞋包,高性价比优惠池,P001581|P001100|P000662|P001462|P000338,耐克服装鞋包商品711|H&M服装鞋包商品119|海澜之家服装鞋包商品964|耐克服装鞋包商品391|H&M服装鞋包商品587
1819,U004530,0.1902,0.261015,低意向,手机数码,高性价比优惠池,P000518|P000173|P000438|P001705|P000874,一加手机数码商品882|OPPO手机数码商品663|OPPO手机数码商品771|苹果手机数码商品445|苹果手机数码商品704
1820,U004371,0.1901,0.205066,低意向,美妆护肤,高性价比优惠池,P001748|P000034|P001010|P000095|P001810,完美日记美妆护肤商品797|雅诗兰黛美妆护肤商品818|雅诗兰黛美妆护肤商品295|欧莱雅美妆护肤商品977|欧莱雅美妆护肤商品587
1821,U002884,0.19,0.215396,低意向,图书音像,高性价比优惠池,P001855|P001112|P000053|P001974|P001212,京东图书图书音像商品377|中信出版社图书音像商品870|京东图书图书音像商品199|博库网图书音像商品353|新华书店图书音像商品518
1822,U002957,0.19,0.205963,低意向,家用电器,高性价比优惠池,P001338|P000409|P001480|P001850|P001635,苏泊尔家用电器商品596|苏泊尔家用电器商品852|戴森家用电器商品536|戴森家用电器商品883|西门子家用电器商品795
1823,U003015,0.19,0.202024,低意向,美妆护肤,高性价比优惠池,P001748|P000034|P001010|P000095|P001810,完美日记美妆护肤商品797|雅诗兰黛美妆护肤商品818|雅诗兰黛美妆护肤商品295|欧莱雅美妆护肤商品977|欧莱雅美妆护肤商品587
1824,U002444,0.1899,0.206563,低意向,珠宝首饰,高性价比优惠池,P000974|P000711|P001945|P000774|P001226,明牌珠宝首饰商品793|老凤祥珠宝首饰商品116|老凤祥珠宝首饰商品246|周大福珠宝首饰商品251|潮宏基珠宝首饰商品314
1825,U004360,0.1899,0.283628,低意向,医药保健,高性价比优惠池,P000765|P000827|P001891|P000351|P000793,善存医药保健商品608|Swisse医药保健商品414|Swisse医药保健商品235|汤臣倍健医药保健商品112|九芝堂医药保健商品478
1826,U000861,0.1898,0.203988,低意向,食品生鲜,高性价比优惠池,P000995|P001113|P000246|P001573|P000063,良品铺子食品生鲜商品230|三只松鼠食品生鲜商品425|蒙牛食品生鲜商品866|百草味食品生鲜商品634|百草味食品生鲜商品504
1827,U004069,0.1898,0.202361,低意向,美妆护肤,高性价比优惠池,P001748|P000034|P001010|P000095|P001810,完美日记美妆护肤商品797|雅诗兰黛美妆护肤商品818|雅诗兰黛美妆护肤商品295|欧莱雅美妆护肤商品977|欧莱雅美妆护肤商品587
1828,U000067,0.1897,0.214493,低意向,手机数码,高性价比优惠池,P000518|P000173|P000438|P001705|P000874,一加手机数码商品882|OPPO手机数码商品663|OPPO手机数码商品771|苹果手机数码商品445|苹果手机数码商品704
1829,U001010,0.1897,0.216284,低意向,宠物用品,高性价比优惠池,P000174|P001336|P001123|P000231|P001759,麦富迪宠物用品商品180|比瑞吉宠物用品商品181|麦富迪宠物用品商品699|pidan宠物用品商品955|网易严选宠物用品商品408
1830,U004830,0.1897,0.213301,低意向,珠宝首饰,高性价比优惠池,P000974|P000711|P001945|P000774|P001226,明牌珠宝首饰商品793|老凤祥珠宝首饰商品116|老凤祥珠宝首饰商品246|周大福珠宝首饰商品251|潮宏基珠宝首饰商品314
1831,U004843,0.1897,0.216821,低意向,食品生鲜,高性价比优惠池,P000995|P001113|P000246|P001573|P000063,良品铺子食品生鲜商品230|三只松鼠食品生鲜商品425|蒙牛食品生鲜商品866|百草味食品生鲜商品634|百草味食品生鲜商品504
1832,U004977,0.1896,0.207364,低意向,图书音像,高性价比优惠池,P001855|P001112|P000053|P001974|P001212,京东图书图书音像商品377|中信出版社图书音像商品870|京东图书图书音像商品199|博库网图书音像商品353|新华书店图书音像商品518
1833,U004274,0.1895,0.256359,低意向,家用电器,高性价比优惠池,P001338|P000409|P001480|P001850|P001635,苏泊尔家用电器商品596|苏泊尔家用电器商品852|戴森家用电器商品536|戴森家用电器商品883|西门子家用电器商品795
1834,U000609,0.1894,0.197549,低意向,美妆护肤,高性价比优惠池,P001748|P000034|P001010|P000095|P001810,完美日记美妆护肤商品797|雅诗兰黛美妆护肤商品818|雅诗兰黛美妆护肤商品295|欧莱雅美妆护肤商品977|欧莱雅美妆护肤商品587
1835,U000780,0.1893,0.206022,低意向,食品生鲜,高性价比优惠池,P000995|P001113|P000246|P001573|P000063,良品铺子食品生鲜商品230|三只松鼠食品生鲜商品425|蒙牛食品生鲜商品866|百草味食品生鲜商品634|百草味食品生鲜商品504
1836,U003848,0.1893,0.202146,低意向,家居家装,高性价比优惠池,P001900|P001343|P000229|P001466|P001151,顾家家居家居家装商品551|曲美家居家装商品469|顾家家居家居家装商品198|马可波罗家居家装商品613|宜家家居家装商品838
1837,U000351,0.1892,0.238916,低意向,家居家装,高性价比优惠池,P001900|P001343|P000229|P001466|P001151,顾家家居家居家装商品551|曲美家居家装商品469|顾家家居家居家装商品198|马可波罗家居家装商品613|宜家家居家装商品838
1838,U001050,0.1891,0.227388,低意向,家用电器,高性价比优惠池,P001338|P000409|P001480|P001850|P001635,苏泊尔家用电器商品596|苏泊尔家用电器商品852|戴森家用电器商品536|戴森家用电器商品883|西门子家用电器商品795
1839,U002550,0.189,0.206595,低意向,母婴用品,高性价比优惠池,P001683|P000635|P001865|P000991|P001946,帮宝适母婴用品商品297|贝因美母婴用品商品691|贝因美母婴用品商品921|帮宝适母婴用品商品195|花王母婴用品商品688
1840,U002814,0.189,0.21713,低意向,医药保健,高性价比优惠池,P000765|P000827|P001891|P000351|P000793,善存医药保健商品608|Swisse医药保健商品414|Swisse医药保健商品235|汤臣倍健医药保健商品112|九芝堂医药保健商品478
1841,U000930,0.1889,0.204224,低意向,服装鞋包,高性价比优惠池,P001581|P001100|P000662|P001462|P000338,耐克服装鞋包商品711|H&M服装鞋包商品119|海澜之家服装鞋包商品964|耐克服装鞋包商品391|H&M服装鞋包商品587
1842,U003701,0.1888,0.208211,低意向,家用电器,高性价比优惠池,P001338|P000409|P001480|P001850|P001635,苏泊尔家用电器商品596|苏泊尔家用电器商品852|戴森家用电器商品536|戴森家用电器商品883|西门子家用电器商品795
1843,U004005,0.1887,0.209886,低意向,礼品鲜花,高性价比优惠池,P000831|P000680|P001029|P000319|P000890,Roseonly礼品鲜花商品580|施华洛世奇礼品鲜花商品208|野兽派礼品鲜花商品389|施华洛世奇礼品鲜花商品633|潘多拉礼品鲜花商品586
1844,U004079,0.1887,0.217406,低意向,手机数码,高性价比优惠池,P000518|P000173|P000438|P001705|P000874,一加手机数码商品882|OPPO手机数码商品663|OPPO手机数码商品771|苹果手机数码商品445|苹果手机数码商品704
1845,U002969,0.1886,0.223431,低意向,珠宝首饰,高性价比优惠池,P000974|P000711|P001945|P000774|P001226,明牌珠宝首饰商品793|老凤祥珠宝首饰商品116|老凤祥珠宝首饰商品246|周大福珠宝首饰商品251|潮宏基珠宝首饰商品314
1846,U003311,0.1886,0.216798,低意向,运动户外,高性价比优惠池,P001637|P001804|P001967|P000194|P000210,李宁运动户外商品816|李宁运动户外商品353|探路者运动户外商品827|始祖鸟运动户外商品528|安踏运动户外商品113
1847,U003568,0.1885,0.240508,低意向,医药保健,高性价比优惠池,P000765|P000827|P001891|P000351|P000793,善存医药保健商品608|Swisse医药保健商品414|Swisse医药保健商品235|汤臣倍健医药保健商品112|九芝堂医药保健商品478
1848,U001222,0.1884,0.255199,低意向,美妆护肤,高性价比优惠池,P001748|P000034|P001010|P000095|P001810,完美日记美妆护肤商品797|雅诗兰黛美妆护肤商品818|雅诗兰黛美妆护肤商品295|欧莱雅美妆护肤商品977|欧莱雅美妆护肤商品587
1849,U003229,0.1884,0.215226,低意向,汽车用品,高性价比优惠池,P001350|P001831|P000932|P001413|P001281,海康威视汽车用品商品339|3M汽车用品商品278|米其林汽车用品商品745|3M汽车用品商品342|卡仕达汽车用品商品144
1850,U004514,0.1883,0.20758,低意向,医药保健,高性价比优惠池,P000765|P000827|P001891|P000351|P000793,善存医药保健商品608|Swisse医药保健商品414|Swisse医药保健商品235|汤臣倍健医药保健商品112|九芝堂医药保健商品478
1851,U001942,0.1882,0.248955,低意向,医药保健,高性价比优惠池,P000765|P000827|P001891|P000351|P000793,善存医药保健商品608|Swisse医药保健商品414|Swisse医药保健商品235|汤臣倍健医药保健商品112|九芝堂医药保健商品478
1852,U002077,0.1882,0.185627,低意向,母婴用品,高性价比优惠池,P001683|P000635|P001865|P000991|P001946,帮宝适母婴用品商品297|贝因美母婴用品商品691|贝因美母婴用品商品921|帮宝适母婴用品商品195|花王母婴用品商品688
1853,U003534,0.1882,0.212903,低意向,医药保健,高性价比优惠池,P000765|P000827|P001891|P000351|P000793,善存医药保健商品608|Swisse医药保健商品414|Swisse医药保健商品235|汤臣倍健医药保健商品112|九芝堂医药保健商品478
1854,U001131,0.1881,0.215467,低意向,家用电器,高性价比优惠池,P001338|P000409|P001480|P001850|P001635,苏泊尔家用电器商品596|苏泊尔家用电器商品852|戴森家用电器商品536|戴森家用电器商品883|西门子家用电器商品795
1855,U001793,0.1881,0.206228,低意向,汽车用品,高性价比优惠池,P001350|P001831|P000932|P001413|P001281,海康威视汽车用品商品339|3M汽车用品商品278|米其林汽车用品商品745|3M汽车用品商品342|卡仕达汽车用品商品144
1856,U002549,0.1881,0.201973,低意向,医药保健,高性价比优惠池,P000765|P000827|P001891|P000351|P000793,善存医药保健商品608|Swisse医药保健商品414|Swisse医药保健商品235|汤臣倍健医药保健商品112|九芝堂医药保健商品478
1857,U002894,0.188,0.242192,低意向,食品生鲜,高性价比优惠池,P000995|P001113|P000246|P001573|P000063,良品铺子食品生鲜商品230|三只松鼠食品生鲜商品425|蒙牛食品生鲜商品866|百草味食品生鲜商品634|百草味食品生鲜商品504
1858,U001605,0.1879,0.215077,低意向,家用电器,高性价比优惠池,P001338|P000409|P001480|P001850|P001635,苏泊尔家用电器商品596|苏泊尔家用电器商品852|戴森家用电器商品536|戴森家用电器商品883|西门子家用电器商品795
1859,U000181,0.1878,0.23142,低意向,礼品鲜花,高性价比优惠池,P000831|P000680|P001029|P000319|P000890,Roseonly礼品鲜花商品580|施华洛世奇礼品鲜花商品208|野兽派礼品鲜花商品389|施华洛世奇礼品鲜花商品633|潘多拉礼品鲜花商品586
1860,U001594,0.1878,0.229227,低意向,箱包配饰,高性价比优惠池,P000702|P001253|P001930|P000361|P000987,LV箱包配饰商品940|Samsonite箱包配饰商品380|Samsonite箱包配饰商品997|GUCCI箱包配饰商品904|Samsonite箱包配饰商品467
1861,U002064,0.1878,0.239852,低意向,宠物用品,高性价比优惠池,P000174|P001336|P001123|P000231|P001759,麦富迪宠物用品商品180|比瑞吉宠物用品商品181|麦富迪宠物用品商品699|pidan宠物用品商品955|网易严选宠物用品商品408
1862,U004624,0.1878,0.210196,低意向,家居家装,高性价比优惠池,P001900|P001343|P000229|P001466|P001151,顾家家居家居家装商品551|曲美家居家装商品469|顾家家居家居家装商品198|马可波罗家居家装商品613|宜家家居家装商品838
1863,U000684,0.1877,0.244578,低意向,运动户外,高性价比优惠池,P001637|P001804|P001967|P000194|P000210,李宁运动户外商品816|李宁运动户外商品353|探路者运动户外商品827|始祖鸟运动户外商品528|安踏运动户外商品113
1864,U001992,0.1875,0.20302,低意向,珠宝首饰,高性价比优惠池,P000974|P000711|P001945|P000774|P001226,明牌珠宝首饰商品793|老凤祥珠宝首饰商品116|老凤祥珠宝首饰商品246|周大福珠宝首饰商品251|潮宏基珠宝首饰商品314
1865,U002574,0.1875,0.209111,低意向,箱包配饰,高性价比优惠池,P000702|P001253|P001930|P000361|P000987,LV箱包配饰商品940|Samsonite箱包配饰商品380|Samsonite箱包配饰商品997|GUCCI箱包配饰商品904|Samsonite箱包配饰商品467
1866,U001190,0.1874,0.27936,低意向,食品生鲜,高性价比优惠池,P000995|P001113|P000246|P001573|P000063,良品铺子食品生鲜商品230|三只松鼠食品生鲜商品425|蒙牛食品生鲜商品866|百草味食品生鲜商品634|百草味食品生鲜商品504
1867,U001445,0.1873,0.240863,低意向,珠宝首饰,高性价比优惠池,P000974|P000711|P001945|P000774|P001226,明牌珠宝首饰商品793|老凤祥珠宝首饰商品116|老凤祥珠宝首饰商品246|周大福珠宝首饰商品251|潮宏基珠宝首饰商品314
1868,U002572,0.1873,0.201943,低意向,礼品鲜花,高性价比优惠池,P000831|P000680|P001029|P000319|P000890,Roseonly礼品鲜花商品580|施华洛世奇礼品鲜花商品208|野兽派礼品鲜花商品389|施华洛世奇礼品鲜花商品633|潘多拉礼品鲜花商品586
1869,U002812,0.1873,0.214696,低意向,美妆护肤,高性价比优惠池,P001748|P000034|P001010|P000095|P001810,完美日记美妆护肤商品797|雅诗兰黛美妆护肤商品818|雅诗兰黛美妆护肤商品295|欧莱雅美妆护肤商品977|欧莱雅美妆护肤商品587
1870,U004607,0.1873,0.214882,低意向,服装鞋包,高性价比优惠池,P001581|P001100|P000662|P001462|P000338,耐克服装鞋包商品711|H&M服装鞋包商品119|海澜之家服装鞋包商品964|耐克服装鞋包商品391|H&M服装鞋包商品587
1871,U001912,0.1872,0.20753,低意向,母婴用品,高性价比优惠池,P001683|P000635|P001865|P000991|P001946,帮宝适母婴用品商品297|贝因美母婴用品商品691|贝因美母婴用品商品921|帮宝适母婴用品商品195|花王母婴用品商品688
1872,U004399,0.1872,0.216723,低意向,家用电器,高性价比优惠池,P001338|P000409|P001480|P001850|P001635,苏泊尔家用电器商品596|苏泊尔家用电器商品852|戴森家用电器商品536|戴森家用电器商品883|西门子家用电器商品795
1873,U004665,0.1872,0.237839,低意向,汽车用品,高性价比优惠池,P001350|P001831|P000932|P001413|P001281,海康威视汽车用品商品339|3M汽车用品商品278|米其林汽车用品商品745|3M汽车用品商品342|卡仕达汽车用品商品144
1874,U000439,0.1871,0.242022,低意向,家用电器,高性价比优惠池,P001338|P000409|P001480|P001850|P001635,苏泊尔家用电器商品596|苏泊尔家用电器商品852|戴森家用电器商品536|戴森家用电器商品883|西门子家用电器商品795
1875,U001962,0.1871,0.272177,低意向,图书音像,高性价比优惠池,P001855|P001112|P000053|P001974|P001212,京东图书图书音像商品377|中信出版社图书音像商品870|京东图书图书音像商品199|博库网图书音像商品353|新华书店图书音像商品518
1876,U001987,0.1871,0.204956,低意向,宠物用品,高性价比优惠池,P000174|P001336|P001123|P000231|P001759,麦富迪宠物用品商品180|比瑞吉宠物用品商品181|麦富迪宠物用品商品699|pidan宠物用品商品955|网易严选宠物用品商品408
1877,U002118,0.1871,0.297367,低意向,宠物用品,高性价比优惠池,P000174|P001336|P001123|P000231|P001759,麦富迪宠物用品商品180|比瑞吉宠物用品商品181|麦富迪宠物用品商品699|pidan宠物用品商品955|网易严选宠物用品商品408
1878,U003517,0.1871,0.215867,低意向,家居家装,高性价比优惠池,P001900|P001343|P000229|P001466|P001151,顾家家居家居家装商品551|曲美家居家装商品469|顾家家居家居家装商品198|马可波罗家居家装商品613|宜家家居家装商品838
1879,U002482,0.187,0.208106,低意向,宠物用品,高性价比优惠池,P000174|P001336|P001123|P000231|P001759,麦富迪宠物用品商品180|比瑞吉宠物用品商品181|麦富迪宠物用品商品699|pidan宠物用品商品955|网易严选宠物用品商品408
1880,U004921,0.187,0.230773,低意向,图书音像,高性价比优惠池,P001855|P001112|P000053|P001974|P001212,京东图书图书音像商品377|中信出版社图书音像商品870|京东图书图书音像商品199|博库网图书音像商品353|新华书店图书音像商品518
1881,U002906,0.1868,0.261945,低意向,服装鞋包,高性价比优惠池,P001581|P001100|P000662|P001462|P000338,耐克服装鞋包商品711|H&M服装鞋包商品119|海澜之家服装鞋包商品964|耐克服装鞋包商品391|H&M服装鞋包商品587
1882,U001864,0.1867,0.215187,低意向,珠宝首饰,高性价比优惠池,P000974|P000711|P001945|P000774|P001226,明牌珠宝首饰商品793|老凤祥珠宝首饰商品116|老凤祥珠宝首饰商品246|周大福珠宝首饰商品251|潮宏基珠宝首饰商品314
1883,U003245,0.1867,0.202963,低意向,医药保健,高性价比优惠池,P000765|P000827|P001891|P000351|P000793,善存医药保健商品608|Swisse医药保健商品414|Swisse医药保健商品235|汤臣倍健医药保健商品112|九芝堂医药保健商品478
1884,U000744,0.1865,0.222091,低意向,手机数码,高性价比优惠池,P000518|P000173|P000438|P001705|P000874,一加手机数码商品882|OPPO手机数码商品663|OPPO手机数码商品771|苹果手机数码商品445|苹果手机数码商品704
1885,U002532,0.1862,0.247349,低意向,手机数码,高性价比优惠池,P000518|P000173|P000438|P001705|P000874,一加手机数码商品882|OPPO手机数码商品663|OPPO手机数码商品771|苹果手机数码商品445|苹果手机数码商品704
1886,U004718,0.1862,0.210583,低意向,汽车用品,高性价比优惠池,P001350|P001831|P000932|P001413|P001281,海康威视汽车用品商品339|3M汽车用品商品278|米其林汽车用品商品745|3M汽车用品商品342|卡仕达汽车用品商品144
1887,U001475,0.186,0.212815,低意向,运动户外,高性价比优惠池,P001637|P001804|P001967|P000194|P000210,李宁运动户外商品816|李宁运动户外商品353|探路者运动户外商品827|始祖鸟运动户外商品528|安踏运动户外商品113
1888,U003565,0.186,0.202643,低意向,礼品鲜花,高性价比优惠池,P000831|P000680|P001029|P000319|P000890,Roseonly礼品鲜花商品580|施华洛世奇礼品鲜花商品208|野兽派礼品鲜花商品389|施华洛世奇礼品鲜花商品633|潘多拉礼品鲜花商品586
1889,U000864,0.1859,0.217222,低意向,家居家装,高性价比优惠池,P001900|P001343|P000229|P001466|P001151,顾家家居家居家装商品551|曲美家居家装商品469|顾家家居家居家装商品198|马可波罗家居家装商品613|宜家家居家装商品838
1890,U001087,0.1858,0.203195,低意向,汽车用品,高性价比优惠池,P001350|P001831|P000932|P001413|P001281,海康威视汽车用品商品339|3M汽车用品商品278|米其林汽车用品商品745|3M汽车用品商品342|卡仕达汽车用品商品144
1891,U002193,0.1858,0.208874,低意向,箱包配饰,高性价比优惠池,P000702|P001253|P001930|P000361|P000987,LV箱包配饰商品940|Samsonite箱包配饰商品380|Samsonite箱包配饰商品997|GUCCI箱包配饰商品904|Samsonite箱包配饰商品467
1892,U004217,0.1858,0.208551,低意向,服装鞋包,高性价比优惠池,P001581|P001100|P000662|P001462|P000338,耐克服装鞋包商品711|H&M服装鞋包商品119|海澜之家服装鞋包商品964|耐克服装鞋包商品391|H&M服装鞋包商品587
1893,U004679,0.1856,0.21335,低意向,汽车用品,高性价比优惠池,P001350|P001831|P000932|P001413|P001281,海康威视汽车用品商品339|3M汽车用品商品278|米其林汽车用品商品745|3M汽车用品商品342|卡仕达汽车用品商品144
1894,U000111,0.1855,0.212875,低意向,家用电器,高性价比优惠池,P001338|P000409|P001480|P001850|P001635,苏泊尔家用电器商品596|苏泊尔家用电器商品852|戴森家用电器商品536|戴森家用电器商品883|西门子家用电器商品795
1895,U000925,0.1855,0.200064,低意向,图书音像,高性价比优惠池,P001855|P001112|P000053|P001974|P001212,京东图书图书音像商品377|中信出版社图书音像商品870|京东图书图书音像商品199|博库网图书音像商品353|新华书店图书音像商品518
1896,U001967,0.1854,0.20937,低意向,家居家装,高性价比优惠池,P001900|P001343|P000229|P001466|P001151,顾家家居家居家装商品551|曲美家居家装商品469|顾家家居家居家装商品198|马可波罗家居家装商品613|宜家家居家装商品838
1897,U001933,0.1853,0.239875,低意向,图书音像,高性价比优惠池,P001855|P001112|P000053|P001974|P001212,京东图书图书音像商品377|中信出版社图书音像商品870|京东图书图书音像商品199|博库网图书音像商品353|新华书店图书音像商品518
1898,U001340,0.1852,0.206482,低意向,家用电器,高性价比优惠池,P001338|P000409|P001480|P001850|P001635,苏泊尔家用电器商品596|苏泊尔家用电器商品852|戴森家用电器商品536|戴森家用电器商品883|西门子家用电器商品795
1899,U002321,0.1851,0.199905,低意向,运动户外,高性价比优惠池,P001637|P001804|P001967|P000194|P000210,李宁运动户外商品816|李宁运动户外商品353|探路者运动户外商品827|始祖鸟运动户外商品528|安踏运动户外商品113
1900,U000157,0.185,0.234868,低意向,箱包配饰,高性价比优惠池,P000702|P001253|P001930|P000361|P000987,LV箱包配饰商品940|Samsonite箱包配饰商品380|Samsonite箱包配饰商品997|GUCCI箱包配饰商品904|Samsonite箱包配饰商品467
1901,U000719,0.185,0.26024,低意向,医药保健,高性价比优惠池,P000765|P000827|P001891|P000351|P000793,善存医药保健商品608|Swisse医药保健商品414|Swisse医药保健商品235|汤臣倍健医药保健商品112|九芝堂医药保健商品478
1902,U002873,0.185,0.191976,低意向,食品生鲜,高性价比优惠池,P000995|P001113|P000246|P001573|P000063,良品铺子食品生鲜商品230|三只松鼠食品生鲜商品425|蒙牛食品生鲜商品866|百草味食品生鲜商品634|百草味食品生鲜商品504
1903,U002054,0.1849,0.261348,低意向,图书音像,高性价比优惠池,P001855|P001112|P000053|P001974|P001212,京东图书图书音像商品377|中信出版社图书音像商品870|京东图书图书音像商品199|博库网图书音像商品353|新华书店图书音像商品518
1904,U003576,0.1848,0.284611,低意向,家居家装,高性价比优惠池,P001900|P001343|P000229|P001466|P001151,顾家家居家居家装商品551|曲美家居家装商品469|顾家家居家居家装商品198|马可波罗家居家装商品613|宜家家居家装商品838
1905,U000227,0.1847,0.199583,低意向,宠物用品,高性价比优惠池,P000174|P001336|P001123|P000231|P001759,麦富迪宠物用品商品180|比瑞吉宠物用品商品181|麦富迪宠物用品商品699|pidan宠物用品商品955|网易严选宠物用品商品408
1906,U000370,0.1847,0.200128,低意向,美妆护肤,高性价比优惠池,P001748|P000034|P001010|P000095|P001810,完美日记美妆护肤商品797|雅诗兰黛美妆护肤商品818|雅诗兰黛美妆护肤商品295|欧莱雅美妆护肤商品977|欧莱雅美妆护肤商品587
1907,U003623,0.1847,0.199216,低意向,运动户外,高性价比优惠池,P001637|P001804|P001967|P000194|P000210,李宁运动户外商品816|李宁运动户外商品353|探路者运动户外商品827|始祖鸟运动户外商品528|安踏运动户外商品113
1908,U002664,0.1846,0.24091,低意向,服装鞋包,高性价比优惠池,P001581|P001100|P000662|P001462|P000338,耐克服装鞋包商品711|H&M服装鞋包商品119|海澜之家服装鞋包商品964|耐克服装鞋包商品391|H&M服装鞋包商品587
1909,U000134,0.1844,0.207592,低意向,美妆护肤,高性价比优惠池,P001748|P000034|P001010|P000095|P001810,完美日记美妆护肤商品797|雅诗兰黛美妆护肤商品818|雅诗兰黛美妆护肤商品295|欧莱雅美妆护肤商品977|欧莱雅美妆护肤商品587
1910,U000506,0.1844,0.245052,低意向,礼品鲜花,高性价比优惠池,P000831|P000680|P001029|P000319|P000890,Roseonly礼品鲜花商品580|施华洛世奇礼品鲜花商品208|野兽派礼品鲜花商品389|施华洛世奇礼品鲜花商品633|潘多拉礼品鲜花商品586
1911,U000783,0.1844,0.206865,低意向,医药保健,高性价比优惠池,P000765|P000827|P001891|P000351|P000793,善存医药保健商品608|Swisse医药保健商品414|Swisse医药保健商品235|汤臣倍健医药保健商品112|九芝堂医药保健商品478
1912,U001275,0.1844,0.209242,低意向,宠物用品,高性价比优惠池,P000174|P001336|P001123|P000231|P001759,麦富迪宠物用品商品180|比瑞吉宠物用品商品181|麦富迪宠物用品商品699|pidan宠物用品商品955|网易严选宠物用品商品408
1913,U000728,0.1843,0.19727,低意向,服装鞋包,高性价比优惠池,P001581|P001100|P000662|P001462|P000338,耐克服装鞋包商品711|H&M服装鞋包商品119|海澜之家服装鞋包商品964|耐克服装鞋包商品391|H&M服装鞋包商品587
1914,U004536,0.1843,0.208257,低意向,家用电器,高性价比优惠池,P001338|P000409|P001480|P001850|P001635,苏泊尔家用电器商品596|苏泊尔家用电器商品852|戴森家用电器商品536|戴森家用电器商品883|西门子家用电器商品795
1915,U004899,0.1843,0.270511,低意向,母婴用品,高性价比优惠池,P001683|P000635|P001865|P000991|P001946,帮宝适母婴用品商品297|贝因美母婴用品商品691|贝因美母婴用品商品921|帮宝适母婴用品商品195|花王母婴用品商品688
1916,U002512,0.1842,0.204367,低意向,汽车用品,高性价比优惠池,P001350|P001831|P000932|P001413|P001281,海康威视汽车用品商品339|3M汽车用品商品278|米其林汽车用品商品745|3M汽车用品商品342|卡仕达汽车用品商品144
1917,U002689,0.1842,0.233209,低意向,汽车用品,高性价比优惠池,P001350|P001831|P000932|P001413|P001281,海康威视汽车用品商品339|3M汽车用品商品278|米其林汽车用品商品745|3M汽车用品商品342|卡仕达汽车用品商品144
1918,U002982,0.1842,0.212418,低意向,家用电器,高性价比优惠池,P001338|P000409|P001480|P001850|P001635,苏泊尔家用电器商品596|苏泊尔家用电器商品852|戴森家用电器商品536|戴森家用电器商品883|西门子家用电器商品795
1919,U003401,0.1842,0.228447,低意向,手机数码,高性价比优惠池,P000518|P000173|P000438|P001705|P000874,一加手机数码商品882|OPPO手机数码商品663|OPPO手机数码商品771|苹果手机数码商品445|苹果手机数码商品704
1920,U000881,0.1841,0.204192,低意向,箱包配饰,高性价比优惠池,P000702|P001253|P001930|P000361|P000987,LV箱包配饰商品940|Samsonite箱包配饰商品380|Samsonite箱包配饰商品997|GUCCI箱包配饰商品904|Samsonite箱包配饰商品467
1921,U003104,0.1841,0.248377,低意向,珠宝首饰,高性价比优惠池,P000974|P000711|P001945|P000774|P001226,明牌珠宝首饰商品793|老凤祥珠宝首饰商品116|老凤祥珠宝首饰商品246|周大福珠宝首饰商品251|潮宏基珠宝首饰商品314
1922,U003669,0.1841,0.250475,低意向,母婴用品,高性价比优惠池,P001683|P000635|P001865|P000991|P001946,帮宝适母婴用品商品297|贝因美母婴用品商品691|贝因美母婴用品商品921|帮宝适母婴用品商品195|花王母婴用品商品688
1923,U004199,0.1841,0.210107,低意向,美妆护肤,高性价比优惠池,P001748|P000034|P001010|P000095|P001810,完美日记美妆护肤商品797|雅诗兰黛美妆护肤商品818|雅诗兰黛美妆护肤商品295|欧莱雅美妆护肤商品977|欧莱雅美妆护肤商品587
1924,U000275,0.184,0.222086,低意向,医药保健,高性价比优惠池,P000765|P000827|P001891|P000351|P000793,善存医药保健商品608|Swisse医药保健商品414|Swisse医药保健商品235|汤臣倍健医药保健商品112|九芝堂医药保健商品478
1925,U002285,0.184,0.290795,低意向,箱包配饰,高性价比优惠池,P000702|P001253|P001930|P000361|P000987,LV箱包配饰商品940|Samsonite箱包配饰商品380|Samsonite箱包配饰商品997|GUCCI箱包配饰商品904|Samsonite箱包配饰商品467
1926,U002683,0.184,0.198938,低意向,宠物用品,高性价比优惠池,P000174|P001336|P001123|P000231|P001759,麦富迪宠物用品商品180|比瑞吉宠物用品商品181|麦富迪宠物用品商品699|pidan宠物用品商品955|网易严选宠物用品商品408
1927,U003183,0.184,0.215564,低意向,图书音像,高性价比优惠池,P001855|P001112|P000053|P001974|P001212,京东图书图书音像商品377|中信出版社图书音像商品870|京东图书图书音像商品199|博库网图书音像商品353|新华书店图书音像商品518
1928,U003760,0.184,0.211811,低意向,服装鞋包,高性价比优惠池,P001581|P001100|P000662|P001462|P000338,耐克服装鞋包商品711|H&M服装鞋包商品119|海澜之家服装鞋包商品964|耐克服装鞋包商品391|H&M服装鞋包商品587
1929,U003795,0.1839,0.247203,低意向,美妆护肤,高性价比优惠池,P001748|P000034|P001010|P000095|P001810,完美日记美妆护肤商品797|雅诗兰黛美妆护肤商品818|雅诗兰黛美妆护肤商品295|欧莱雅美妆护肤商品977|欧莱雅美妆护肤商品587
1930,U000971,0.1838,0.200577,低意向,图书音像,高性价比优惠池,P001855|P001112|P000053|P001974|P001212,京东图书图书音像商品377|中信出版社图书音像商品870|京东图书图书音像商品199|博库网图书音像商品353|新华书店图书音像商品518
1931,U001399,0.1838,0.200974,低意向,箱包配饰,高性价比优惠池,P000702|P001253|P001930|P000361|P000987,LV箱包配饰商品940|Samsonite箱包配饰商品380|Samsonite箱包配饰商品997|GUCCI箱包配饰商品904|Samsonite箱包配饰商品467
1932,U003084,0.1837,0.201278,低意向,手机数码,高性价比优惠池,P000518|P000173|P000438|P001705|P000874,一加手机数码商品882|OPPO手机数码商品663|OPPO手机数码商品771|苹果手机数码商品445|苹果手机数码商品704
1933,U004660,0.1837,0.211215,低意向,服装鞋包,高性价比优惠池,P001581|P001100|P000662|P001462|P000338,耐克服装鞋包商品711|H&M服装鞋包商品119|海澜之家服装鞋包商品964|耐克服装鞋包商品391|H&M服装鞋包商品587
1934,U003796,0.1836,0.258613,低意向,家用电器,高性价比优惠池,P001338|P000409|P001480|P001850|P001635,苏泊尔家用电器商品596|苏泊尔家用电器商品852|戴森家用电器商品536|戴森家用电器商品883|西门子家用电器商品795
1935,U003986,0.1836,0.199117,低意向,箱包配饰,高性价比优惠池,P000702|P001253|P001930|P000361|P000987,LV箱包配饰商品940|Samsonite箱包配饰商品380|Samsonite箱包配饰商品997|GUCCI箱包配饰商品904|Samsonite箱包配饰商品467
1936,U004904,0.1835,0.19211,低意向,服装鞋包,高性价比优惠池,P001581|P001100|P000662|P001462|P000338,耐克服装鞋包商品711|H&M服装鞋包商品119|海澜之家服装鞋包商品964|耐克服装鞋包商品391|H&M服装鞋包商品587
1937,U000119,0.1834,0.207573,低意向,运动户外,高性价比优惠池,P001637|P001804|P001967|P000194|P000210,李宁运动户外商品816|李宁运动户外商品353|探路者运动户外商品827|始祖鸟运动户外商品528|安踏运动户外商品113
1938,U001096,0.1834,0.253436,低意向,母婴用品,高性价比优惠池,P001683|P000635|P001865|P000991|P001946,帮宝适母婴用品商品297|贝因美母婴用品商品691|贝因美母婴用品商品921|帮宝适母婴用品商品195|花王母婴用品商品688
1939,U001744,0.1834,0.22971,低意向,美妆护肤,高性价比优惠池,P001748|P000034|P001010|P000095|P001810,完美日记美妆护肤商品797|雅诗兰黛美妆护肤商品818|雅诗兰黛美妆护肤商品295|欧莱雅美妆护肤商品977|欧莱雅美妆护肤商品587
1940,U002516,0.1834,0.234099,低意向,运动户外,高性价比优惠池,P001637|P001804|P001967|P000194|P000210,李宁运动户外商品816|李宁运动户外商品353|探路者运动户外商品827|始祖鸟运动户外商品528|安踏运动户外商品113
1941,U000129,0.1833,0.208788,低意向,服装鞋包,高性价比优惠池,P001581|P001100|P000662|P001462|P000338,耐克服装鞋包商品711|H&M服装鞋包商品119|海澜之家服装鞋包商品964|耐克服装鞋包商品391|H&M服装鞋包商品587
1942,U000625,0.1833,0.23913,低意向,箱包配饰,高性价比优惠池,P000702|P001253|P001930|P000361|P000987,LV箱包配饰商品940|Samsonite箱包配饰商品380|Samsonite箱包配饰商品997|GUCCI箱包配饰商品904|Samsonite箱包配饰商品467
1943,U000737,0.1832,0.205643,低意向,手机数码,高性价比优惠池,P000518|P000173|P000438|P001705|P000874,一加手机数码商品882|OPPO手机数码商品663|OPPO手机数码商品771|苹果手机数码商品445|苹果手机数码商品704
1944,U004636,0.1832,0.251227,低意向,,高性价比优惠池,P001855|P000765|P000174|P000974|P001112,京东图书图书音像商品377|善存医药保健商品608|麦富迪宠物用品商品180|明牌珠宝首饰商品793|中信出版社图书音像商品870
1945,U000740,0.1831,0.198543,低意向,手机数码,高性价比优惠池,P000518|P000173|P000438|P001705|P000874,一加手机数码商品882|OPPO手机数码商品663|OPPO手机数码商品771|苹果手机数码商品445|苹果手机数码商品704
1946,U001718,0.1831,0.213807,低意向,手机数码,高性价比优惠池,P000518|P000173|P000438|P001705|P000874,一加手机数码商品882|OPPO手机数码商品663|OPPO手机数码商品771|苹果手机数码商品445|苹果手机数码商品704
1947,U000632,0.183,0.206011,低意向,母婴用品,高性价比优惠池,P001683|P000635|P001865|P000991|P001946,帮宝适母婴用品商品297|贝因美母婴用品商品691|贝因美母婴用品商品921|帮宝适母婴用品商品195|花王母婴用品商品688
1948,U003587,0.183,0.271319,低意向,食品生鲜,高性价比优惠池,P000995|P001113|P000246|P001573|P000063,良品铺子食品生鲜商品230|三只松鼠食品生鲜商品425|蒙牛食品生鲜商品866|百草味食品生鲜商品634|百草味食品生鲜商品504
1949,U000371,0.1828,0.204016,低意向,服装鞋包,高性价比优惠池,P001581|P001100|P000662|P001462|P000338,耐克服装鞋包商品711|H&M服装鞋包商品119|海澜之家服装鞋包商品964|耐克服装鞋包商品391|H&M服装鞋包商品587
1950,U000845,0.1828,0.222287,低意向,食品生鲜,高性价比优惠池,P000995|P001113|P000246|P001573|P000063,良品铺子食品生鲜商品230|三只松鼠食品生鲜商品425|蒙牛食品生鲜商品866|百草味食品生鲜商品634|百草味食品生鲜商品504
1951,U004716,0.1828,0.272187,低意向,家居家装,高性价比优惠池,P001900|P001343|P000229|P001466|P001151,顾家家居家居家装商品551|曲美家居家装商品469|顾家家居家居家装商品198|马可波罗家居家装商品613|宜家家居家装商品838
1952,U001186,0.1827,0.208572,低意向,手机数码,高性价比优惠池,P000518|P000173|P000438|P001705|P000874,一加手机数码商品882|OPPO手机数码商品663|OPPO手机数码商品771|苹果手机数码商品445|苹果手机数码商品704
1953,U004613,0.1827,0.207362,低意向,图书音像,高性价比优惠池,P001855|P001112|P000053|P001974|P001212,京东图书图书音像商品377|中信出版社图书音像商品870|京东图书图书音像商品199|博库网图书音像商品353|新华书店图书音像商品518
1954,U003789,0.1826,0.211674,低意向,手机数码,高性价比优惠池,P000518|P000173|P000438|P001705|P000874,一加手机数码商品882|OPPO手机数码商品663|OPPO手机数码商品771|苹果手机数码商品445|苹果手机数码商品704
1955,U004140,0.1826,0.230687,低意向,手机数码,高性价比优惠池,P000518|P000173|P000438|P001705|P000874,一加手机数码商品882|OPPO手机数码商品663|OPPO手机数码商品771|苹果手机数码商品445|苹果手机数码商品704
1956,U004187,0.1826,0.213307,低意向,宠物用品,高性价比优惠池,P000174|P001336|P001123|P000231|P001759,麦富迪宠物用品商品180|比瑞吉宠物用品商品181|麦富迪宠物用品商品699|pidan宠物用品商品955|网易严选宠物用品商品408
1957,U004678,0.1826,0.201552,低意向,母婴用品,高性价比优惠池,P001683|P000635|P001865|P000991|P001946,帮宝适母婴用品商品297|贝因美母婴用品商品691|贝因美母婴用品商品921|帮宝适母婴用品商品195|花王母婴用品商品688
1958,U000385,0.1825,0.202015,低意向,食品生鲜,高性价比优惠池,P000995|P001113|P000246|P001573|P000063,良品铺子食品生鲜商品230|三只松鼠食品生鲜商品425|蒙牛食品生鲜商品866|百草味食品生鲜商品634|百草味食品生鲜商品504
1959,U002469,0.1825,0.256446,低意向,服装鞋包,高性价比优惠池,P001581|P001100|P000662|P001462|P000338,耐克服装鞋包商品711|H&M服装鞋包商品119|海澜之家服装鞋包商品964|耐克服装鞋包商品391|H&M服装鞋包商品587
1960,U002690,0.1825,0.249952,低意向,箱包配饰,高性价比优惠池,P000702|P001253|P001930|P000361|P000987,LV箱包配饰商品940|Samsonite箱包配饰商品380|Samsonite箱包配饰商品997|GUCCI箱包配饰商品904|Samsonite箱包配饰商品467
1961,U003639,0.1825,0.211956,低意向,美妆护肤,高性价比优惠池,P001748|P000034|P001010|P000095|P001810,完美日记美妆护肤商品797|雅诗兰黛美妆护肤商品818|雅诗兰黛美妆护肤商品295|欧莱雅美妆护肤商品977|欧莱雅美妆护肤商品587
1962,U003460,0.1824,0.236988,低意向,珠宝首饰,高性价比优惠池,P000974|P000711|P001945|P000774|P001226,明牌珠宝首饰商品793|老凤祥珠宝首饰商品116|老凤祥珠宝首饰商品246|周大福珠宝首饰商品251|潮宏基珠宝首饰商品314
1963,U003477,0.1824,0.200566,低意向,珠宝首饰,高性价比优惠池,P000974|P000711|P001945|P000774|P001226,明牌珠宝首饰商品793|老凤祥珠宝首饰商品116|老凤祥珠宝首饰商品246|周大福珠宝首饰商品251|潮宏基珠宝首饰商品314
1964,U001334,0.1823,0.199336,低意向,图书音像,高性价比优惠池,P001855|P001112|P000053|P001974|P001212,京东图书图书音像商品377|中信出版社图书音像商品870|京东图书图书音像商品199|博库网图书音像商品353|新华书店图书音像商品518
1965,U002350,0.1822,0.218255,低意向,箱包配饰,高性价比优惠池,P000702|P001253|P001930|P000361|P000987,LV箱包配饰商品940|Samsonite箱包配饰商品380|Samsonite箱包配饰商品997|GUCCI箱包配饰商品904|Samsonite箱包配饰商品467
1966,U002419,0.1822,0.277016,低意向,箱包配饰,高性价比优惠池,P000702|P001253|P001930|P000361|P000987,LV箱包配饰商品940|Samsonite箱包配饰商品380|Samsonite箱包配饰商品997|GUCCI箱包配饰商品904|Samsonite箱包配饰商品467
1967,U002714,0.1822,0.19464,低意向,家用电器,高性价比优惠池,P001338|P000409|P001480|P001850|P001635,苏泊尔家用电器商品596|苏泊尔家用电器商品852|戴森家用电器商品536|戴森家用电器商品883|西门子家用电器商品795
1968,U003217,0.1822,0.20771,低意向,家用电器,高性价比优惠池,P001338|P000409|P001480|P001850|P001635,苏泊尔家用电器商品596|苏泊尔家用电器商品852|戴森家用电器商品536|戴森家用电器商品883|西门子家用电器商品795
1969,U000771,0.1821,0.210481,低意向,家用电器,高性价比优惠池,P001338|P000409|P001480|P001850|P001635,苏泊尔家用电器商品596|苏泊尔家用电器商品852|戴森家用电器商品536|戴森家用电器商品883|西门子家用电器商品795
1970,U000524,0.182,0.210493,低意向,宠物用品,高性价比优惠池,P000174|P001336|P001123|P000231|P001759,麦富迪宠物用品商品180|比瑞吉宠物用品商品181|麦富迪宠物用品商品699|pidan宠物用品商品955|网易严选宠物用品商品408
1971,U000102,0.1818,0.201769,低意向,美妆护肤,高性价比优惠池,P001748|P000034|P001010|P000095|P001810,完美日记美妆护肤商品797|雅诗兰黛美妆护肤商品818|雅诗兰黛美妆护肤商品295|欧莱雅美妆护肤商品977|欧莱雅美妆护肤商品587
1972,U000398,0.1818,0.194387,低意向,食品生鲜,高性价比优惠池,P000995|P001113|P000246|P001573|P000063,良品铺子食品生鲜商品230|三只松鼠食品生鲜商品425|蒙牛食品生鲜商品866|百草味食品生鲜商品634|百草味食品生鲜商品504
1973,U000399,0.1818,0.19703,低意向,图书音像,高性价比优惠池,P001855|P001112|P000053|P001974|P001212,京东图书图书音像商品377|中信出版社图书音像商品870|京东图书图书音像商品199|博库网图书音像商品353|新华书店图书音像商品518
1974,U002084,0.1818,0.205507,低意向,医药保健,高性价比优惠池,P000765|P000827|P001891|P000351|P000793,善存医药保健商品608|Swisse医药保健商品414|Swisse医药保健商品235|汤臣倍健医药保健商品112|九芝堂医药保健商品478
1975,U003536,0.1818,0.2445,低意向,珠宝首饰,高性价比优惠池,P000974|P000711|P001945|P000774|P001226,明牌珠宝首饰商品793|老凤祥珠宝首饰商品116|老凤祥珠宝首饰商品246|周大福珠宝首饰商品251|潮宏基珠宝首饰商品314
1976,U001016,0.1816,0.200521,低意向,图书音像,高性价比优惠池,P001855|P001112|P000053|P001974|P001212,京东图书图书音像商品377|中信出版社图书音像商品870|京东图书图书音像商品199|博库网图书音像商品353|新华书店图书音像商品518
1977,U002020,0.1816,0.206656,低意向,家居家装,高性价比优惠池,P001900|P001343|P000229|P001466|P001151,顾家家居家居家装商品551|曲美家居家装商品469|顾家家居家居家装商品198|马可波罗家居家装商品613|宜家家居家装商品838
1978,U002723,0.1816,0.24269,低意向,宠物用品,高性价比优惠池,P000174|P001336|P001123|P000231|P001759,麦富迪宠物用品商品180|比瑞吉宠物用品商品181|麦富迪宠物用品商品699|pidan宠物用品商品955|网易严选宠物用品商品408
1979,U001624,0.1815,0.257686,低意向,家居家装,高性价比优惠池,P001900|P001343|P000229|P001466|P001151,顾家家居家居家装商品551|曲美家居家装商品469|顾家家居家居家装商品198|马可波罗家居家装商品613|宜家家居家装商品838
1980,U004378,0.1815,0.194991,低意向,家居家装,高性价比优惠池,P001900|P001343|P000229|P001466|P001151,顾家家居家居家装商品551|曲美家居家装商品469|顾家家居家居家装商品198|马可波罗家居家装商品613|宜家家居家装商品838
1981,U001488,0.1812,0.251964,低意向,服装鞋包,高性价比优惠池,P001581|P001100|P000662|P001462|P000338,耐克服装鞋包商品711|H&M服装鞋包商品119|海澜之家服装鞋包商品964|耐克服装鞋包商品391|H&M服装鞋包商品587
1982,U001505,0.1812,0.252337,低意向,家居家装,高性价比优惠池,P001900|P001343|P000229|P001466|P001151,顾家家居家居家装商品551|曲美家居家装商品469|顾家家居家居家装商品198|马可波罗家居家装商品613|宜家家居家装商品838
1983,U003333,0.1812,0.207826,低意向,家用电器,高性价比优惠池,P001338|P000409|P001480|P001850|P001635,苏泊尔家用电器商品596|苏泊尔家用电器商品852|戴森家用电器商品536|戴森家用电器商品883|西门子家用电器商品795
1984,U002748,0.1811,0.207662,低意向,图书音像,高性价比优惠池,P001855|P001112|P000053|P001974|P001212,京东图书图书音像商品377|中信出版社图书音像商品870|京东图书图书音像商品199|博库网图书音像商品353|新华书店图书音像商品518
1985,U000911,0.181,0.221053,低意向,箱包配饰,高性价比优惠池,P000702|P001253|P001930|P000361|P000987,LV箱包配饰商品940|Samsonite箱包配饰商品380|Samsonite箱包配饰商品997|GUCCI箱包配饰商品904|Samsonite箱包配饰商品467
1986,U002775,0.181,0.212792,低意向,宠物用品,高性价比优惠池,P000174|P001336|P001123|P000231|P001759,麦富迪宠物用品商品180|比瑞吉宠物用品商品181|麦富迪宠物用品商品699|pidan宠物用品商品955|网易严选宠物用品商品408
1987,U001280,0.1809,0.205098,低意向,家居家装,高性价比优惠池,P001900|P001343|P000229|P001466|P001151,顾家家居家居家装商品551|曲美家居家装商品469|顾家家居家居家装商品198|马可波罗家居家装商品613|宜家家居家装商品838
1988,U000520,0.1808,0.19832,低意向,手机数码,高性价比优惠池,P000518|P000173|P000438|P001705|P000874,一加手机数码商品882|OPPO手机数码商品663|OPPO手机数码商品771|苹果手机数码商品445|苹果手机数码商品704
1989,U003939,0.1807,0.211723,低意向,家居家装,高性价比优惠池,P001900|P001343|P000229|P001466|P001151,顾家家居家居家装商品551|曲美家居家装商品469|顾家家居家居家装商品198|马可波罗家居家装商品613|宜家家居家装商品838
1990,U003088,0.1806,0.20912,低意向,珠宝首饰,高性价比优惠池,P000974|P000711|P001945|P000774|P001226,明牌珠宝首饰商品793|老凤祥珠宝首饰商品116|老凤祥珠宝首饰商品246|周大福珠宝首饰商品251|潮宏基珠宝首饰商品314
1991,U000544,0.1805,0.252103,低意向,医药保健,高性价比优惠池,P000765|P000827|P001891|P000351|P000793,善存医药保健商品608|Swisse医药保健商品414|Swisse医药保健商品235|汤臣倍健医药保健商品112|九芝堂医药保健商品478
1992,U002425,0.1805,0.204497,低意向,服装鞋包,高性价比优惠池,P001581|P001100|P000662|P001462|P000338,耐克服装鞋包商品711|H&M服装鞋包商品119|海澜之家服装鞋包商品964|耐克服装鞋包商品391|H&M服装鞋包商品587
1993,U002596,0.1805,0.202759,低意向,珠宝首饰,高性价比优惠池,P000974|P000711|P001945|P000774|P001226,明牌珠宝首饰商品793|老凤祥珠宝首饰商品116|老凤祥珠宝首饰商品246|周大福珠宝首饰商品251|潮宏基珠宝首饰商品314
1994,U003309,0.1805,0.204376,低意向,运动户外,高性价比优惠池,P001637|P001804|P001967|P000194|P000210,李宁运动户外商品816|李宁运动户外商品353|探路者运动户外商品827|始祖鸟运动户外商品528|安踏运动户外商品113
1995,U004876,0.1805,0.210072,低意向,美妆护肤,高性价比优惠池,P001748|P000034|P001010|P000095|P001810,完美日记美妆护肤商品797|雅诗兰黛美妆护肤商品818|雅诗兰黛美妆护肤商品295|欧莱雅美妆护肤商品977|欧莱雅美妆护肤商品587
1996,U004944,0.1805,0.214616,低意向,箱包配饰,高性价比优惠池,P000702|P001253|P001930|P000361|P000987,LV箱包配饰商品940|Samsonite箱包配饰商品380|Samsonite箱包配饰商品997|GUCCI箱包配饰商品904|Samsonite箱包配饰商品467
1997,U002892,0.1804,0.213987,低意向,珠宝首饰,高性价比优惠池,P000974|P000711|P001945|P000774|P001226,明牌珠宝首饰商品793|老凤祥珠宝首饰商品116|老凤祥珠宝首饰商品246|周大福珠宝首饰商品251|潮宏基珠宝首饰商品314
1998,U003150,0.1804,0.194017,低意向,食品生鲜,高性价比优惠池,P000995|P001113|P000246|P001573|P000063,良品铺子食品生鲜商品230|三只松鼠食品生鲜商品425|蒙牛食品生鲜商品866|百草味食品生鲜商品634|百草味食品生鲜商品504
1999,U001221,0.1803,0.270345,低意向,礼品鲜花,高性价比优惠池,P000831|P000680|P001029|P000319|P000890,Roseonly礼品鲜花商品580|施华洛世奇礼品鲜花商品208|野兽派礼品鲜花商品389|施华洛世奇礼品鲜花商品633|潘多拉礼品鲜花商品586
2000,U000333,0.1801,0.261729,低意向,图书音像,高性价比优惠池,P001855|P001112|P000053|P001974|P001212,京东图书图书音像商品377|中信出版社图书音像商品870|京东图书图书音像商品199|博库网图书音像商品353|新华书店图书音像商品518
2001,U001833,0.1801,0.289435,低意向,箱包配饰,高性价比优惠池,P000702|P001253|P001930|P000361|P000987,LV箱包配饰商品940|Samsonite箱包配饰商品380|Samsonite箱包配饰商品997|GUCCI箱包配饰商品904|Samsonite箱包配饰商品467
2002,U002738,0.1801,0.204131,低意向,手机数码,高性价比优惠池,P000518|P000173|P000438|P001705|P000874,一加手机数码商品882|OPPO手机数码商品663|OPPO手机数码商品771|苹果手机数码商品445|苹果手机数码商品704
2003,U003777,0.1801,0.199455,低意向,家用电器,高性价比优惠池,P001338|P000409|P001480|P001850|P001635,苏泊尔家用电器商品596|苏泊尔家用电器商品852|戴森家用电器商品536|戴森家用电器商品883|西门子家用电器商品795
2004,U004290,0.1801,0.217556,低意向,服装鞋包,高性价比优惠池,P001581|P001100|P000662|P001462|P000338,耐克服装鞋包商品711|H&M服装鞋包商品119|海澜之家服装鞋包商品964|耐克服装鞋包商品391|H&M服装鞋包商品587
2005,U001900,0.18,0.200024,低意向,图书音像,高性价比优惠池,P001855|P001112|P000053|P001974|P001212,京东图书图书音像商品377|中信出版社图书音像商品870|京东图书图书音像商品199|博库网图书音像商品353|新华书店图书音像商品518
2006,U003267,0.1799,0.225753,低意向,医药保健,高性价比优惠池,P000765|P000827|P001891|P000351|P000793,善存医药保健商品608|Swisse医药保健商品414|Swisse医药保健商品235|汤臣倍健医药保健商品112|九芝堂医药保健商品478
2007,U003368,0.1799,0.209503,低意向,食品生鲜,高性价比优惠池,P000995|P001113|P000246|P001573|P000063,良品铺子食品生鲜商品230|三只松鼠食品生鲜商品425|蒙牛食品生鲜商品866|百草味食品生鲜商品634|百草味食品生鲜商品504
2008,U000127,0.1797,0.214835,低意向,家居家装,高性价比优惠池,P001900|P001343|P000229|P001466|P001151,顾家家居家居家装商品551|曲美家居家装商品469|顾家家居家居家装商品198|马可波罗家居家装商品613|宜家家居家装商品838
2009,U002343,0.1796,0.193581,低意向,医药保健,高性价比优惠池,P000765|P000827|P001891|P000351|P000793,善存医药保健商品608|Swisse医药保健商品414|Swisse医药保健商品235|汤臣倍健医药保健商品112|九芝堂医药保健商品478
2010,U002896,0.1795,0.215926,低意向,美妆护肤,高性价比优惠池,P001748|P000034|P001010|P000095|P001810,完美日记美妆护肤商品797|雅诗兰黛美妆护肤商品818|雅诗兰黛美妆护肤商品295|欧莱雅美妆护肤商品977|欧莱雅美妆护肤商品587
2011,U000348,0.1794,0.206614,低意向,箱包配饰,高性价比优惠池,P000702|P001253|P001930|P000361|P000987,LV箱包配饰商品940|Samsonite箱包配饰商品380|Samsonite箱包配饰商品997|GUCCI箱包配饰商品904|Samsonite箱包配饰商品467
2012,U000820,0.1794,0.202077,低意向,礼品鲜花,高性价比优惠池,P000831|P000680|P001029|P000319|P000890,Roseonly礼品鲜花商品580|施华洛世奇礼品鲜花商品208|野兽派礼品鲜花商品389|施华洛世奇礼品鲜花商品633|潘多拉礼品鲜花商品586
2013,U002142,0.1794,0.213972,低意向,箱包配饰,高性价比优惠池,P000702|P001253|P001930|P000361|P000987,LV箱包配饰商品940|Samsonite箱包配饰商品380|Samsonite箱包配饰商品997|GUCCI箱包配饰商品904|Samsonite箱包配饰商品467
2014,U000246,0.1793,0.209329,低意向,手机数码,高性价比优惠池,P000518|P000173|P000438|P001705|P000874,一加手机数码商品882|OPPO手机数码商品663|OPPO手机数码商品771|苹果手机数码商品445|苹果手机数码商品704
2015,U002601,0.1792,0.206231,低意向,手机数码,高性价比优惠池,P000518|P000173|P000438|P001705|P000874,一加手机数码商品882|OPPO手机数码商品663|OPPO手机数码商品771|苹果手机数码商品445|苹果手机数码商品704
2016,U004766,0.1791,0.218795,低意向,汽车用品,高性价比优惠池,P001350|P001831|P000932|P001413|P001281,海康威视汽车用品商品339|3M汽车用品商品278|米其林汽车用品商品745|3M汽车用品商品342|卡仕达汽车用品商品144
2017,U004767,0.1791,0.210314,低意向,美妆护肤,高性价比优惠池,P001748|P000034|P001010|P000095|P001810,完美日记美妆护肤商品797|雅诗兰黛美妆护肤商品818|雅诗兰黛美妆护肤商品295|欧莱雅美妆护肤商品977|欧莱雅美妆护肤商品587
2018,U000585,0.179,0.238268,低意向,母婴用品,高性价比优惠池,P001683|P000635|P001865|P000991|P001946,帮宝适母婴用品商品297|贝因美母婴用品商品691|贝因美母婴用品商品921|帮宝适母婴用品商品195|花王母婴用品商品688
2019,U004096,0.179,0.201586,低意向,礼品鲜花,高性价比优惠池,P000831|P000680|P001029|P000319|P000890,Roseonly礼品鲜花商品580|施华洛世奇礼品鲜花商品208|野兽派礼品鲜花商品389|施华洛世奇礼品鲜花商品633|潘多拉礼品鲜花商品586
2020,U004657,0.179,0.264951,低意向,图书音像,高性价比优惠池,P001855|P001112|P000053|P001974|P001212,京东图书图书音像商品377|中信出版社图书音像商品870|京东图书图书音像商品199|博库网图书音像商品353|新华书店图书音像商品518
2021,U002026,0.1789,0.210095,低意向,家居家装,高性价比优惠池,P001900|P001343|P000229|P001466|P001151,顾家家居家居家装商品551|曲美家居家装商品469|顾家家居家居家装商品198|马可波罗家居家装商品613|宜家家居家装商品838
2022,U003341,0.1788,0.27096,低意向,图书音像,高性价比优惠池,P001855|P001112|P000053|P001974|P001212,京东图书图书音像商品377|中信出版社图书音像商品870|京东图书图书音像商品199|博库网图书音像商品353|新华书店图书音像商品518
2023,U004630,0.1788,0.221475,低意向,美妆护肤,高性价比优惠池,P001748|P000034|P001010|P000095|P001810,完美日记美妆护肤商品797|雅诗兰黛美妆护肤商品818|雅诗兰黛美妆护肤商品295|欧莱雅美妆护肤商品977|欧莱雅美妆护肤商品587
2024,U004831,0.1788,0.200205,低意向,手机数码,高性价比优惠池,P000518|P000173|P000438|P001705|P000874,一加手机数码商品882|OPPO手机数码商品663|OPPO手机数码商品771|苹果手机数码商品445|苹果手机数码商品704
2025,U000285,0.1787,0.194986,低意向,运动户外,高性价比优惠池,P001637|P001804|P001967|P000194|P000210,李宁运动户外商品816|李宁运动户外商品353|探路者运动户外商品827|始祖鸟运动户外商品528|安踏运动户外商品113
2026,U004714,0.1786,0.199839,低意向,家居家装,高性价比优惠池,P001900|P001343|P000229|P001466|P001151,顾家家居家居家装商品551|曲美家居家装商品469|顾家家居家居家装商品198|马可波罗家居家装商品613|宜家家居家装商品838
2027,U000281,0.1785,0.214606,低意向,礼品鲜花,高性价比优惠池,P000831|P000680|P001029|P000319|P000890,Roseonly礼品鲜花商品580|施华洛世奇礼品鲜花商品208|野兽派礼品鲜花商品389|施华洛世奇礼品鲜花商品633|潘多拉礼品鲜花商品586
2028,U001014,0.1784,0.203526,低意向,家用电器,高性价比优惠池,P001338|P000409|P001480|P001850|P001635,苏泊尔家用电器商品596|苏泊尔家用电器商品852|戴森家用电器商品536|戴森家用电器商品883|西门子家用电器商品795
2029,U001260,0.1784,0.211761,低意向,家居家装,高性价比优惠池,P001900|P001343|P000229|P001466|P001151,顾家家居家居家装商品551|曲美家居家装商品469|顾家家居家居家装商品198|马可波罗家居家装商品613|宜家家居家装商品838
2030,U001741,0.1784,0.270011,低意向,珠宝首饰,高性价比优惠池,P000974|P000711|P001945|P000774|P001226,明牌珠宝首饰商品793|老凤祥珠宝首饰商品116|老凤祥珠宝首饰商品246|周大福珠宝首饰商品251|潮宏基珠宝首饰商品314
2031,U000381,0.1782,0.197839,低意向,医药保健,高性价比优惠池,P000765|P000827|P001891|P000351|P000793,善存医药保健商品608|Swisse医药保健商品414|Swisse医药保健商品235|汤臣倍健医药保健商品112|九芝堂医药保健商品478
2032,U000487,0.1782,0.248677,低意向,母婴用品,高性价比优惠池,P001683|P000635|P001865|P000991|P001946,帮宝适母婴用品商品297|贝因美母婴用品商品691|贝因美母婴用品商品921|帮宝适母婴用品商品195|花王母婴用品商品688
2033,U000496,0.1782,0.250938,低意向,运动户外,高性价比优惠池,P001637|P001804|P001967|P000194|P000210,李宁运动户外商品816|李宁运动户外商品353|探路者运动户外商品827|始祖鸟运动户外商品528|安踏运动户外商品113
2034,U000493,0.1781,0.200636,低意向,箱包配饰,高性价比优惠池,P000702|P001253|P001930|P000361|P000987,LV箱包配饰商品940|Samsonite箱包配饰商品380|Samsonite箱包配饰商品997|GUCCI箱包配饰商品904|Samsonite箱包配饰商品467
2035,U001874,0.178,0.211841,低意向,医药保健,高性价比优惠池,P000765|P000827|P001891|P000351|P000793,善存医药保健商品608|Swisse医药保健商品414|Swisse医药保健商品235|汤臣倍健医药保健商品112|九芝堂医药保健商品478
2036,U003072,0.178,0.212637,低意向,服装鞋包,高性价比优惠池,P001581|P001100|P000662|P001462|P000338,耐克服装鞋包商品711|H&M服装鞋包商品119|海澜之家服装鞋包商品964|耐克服装鞋包商品391|H&M服装鞋包商品587
2037,U003834,0.178,0.235455,低意向,母婴用品,高性价比优惠池,P001683|P000635|P001865|P000991|P001946,帮宝适母婴用品商品297|贝因美母婴用品商品691|贝因美母婴用品商品921|帮宝适母婴用品商品195|花王母婴用品商品688
2038,U004534,0.1779,0.202268,低意向,汽车用品,高性价比优惠池,P001350|P001831|P000932|P001413|P001281,海康威视汽车用品商品339|3M汽车用品商品278|米其林汽车用品商品745|3M汽车用品商品342|卡仕达汽车用品商品144
2039,U004796,0.1778,0.214002,低意向,图书音像,高性价比优惠池,P001855|P001112|P000053|P001974|P001212,京东图书图书音像商品377|中信出版社图书音像商品870|京东图书图书音像商品199|博库网图书音像商品353|新华书店图书音像商品518
2040,U004296,0.1777,0.203497,低意向,珠宝首饰,高性价比优惠池,P000974|P000711|P001945|P000774|P001226,明牌珠宝首饰商品793|老凤祥珠宝首饰商品116|老凤祥珠宝首饰商品246|周大福珠宝首饰商品251|潮宏基珠宝首饰商品314
2041,U001880,0.1776,0.207321,低意向,礼品鲜花,高性价比优惠池,P000831|P000680|P001029|P000319|P000890,Roseonly礼品鲜花商品580|施华洛世奇礼品鲜花商品208|野兽派礼品鲜花商品389|施华洛世奇礼品鲜花商品633|潘多拉礼品鲜花商品586
2042,U003008,0.1776,0.23781,低意向,宠物用品,高性价比优惠池,P000174|P001336|P001123|P000231|P001759,麦富迪宠物用品商品180|比瑞吉宠物用品商品181|麦富迪宠物用品商品699|pidan宠物用品商品955|网易严选宠物用品商品408
2043,U003132,0.1776,0.200575,低意向,图书音像,高性价比优惠池,P001855|P001112|P000053|P001974|P001212,京东图书图书音像商品377|中信出版社图书音像商品870|京东图书图书音像商品199|博库网图书音像商品353|新华书店图书音像商品518
2044,U002037,0.1775,0.204428,低意向,家用电器,高性价比优惠池,P001338|P000409|P001480|P001850|P001635,苏泊尔家用电器商品596|苏泊尔家用电器商品852|戴森家用电器商品536|戴森家用电器商品883|西门子家用电器商品795
2045,U003742,0.1775,0.205662,低意向,医药保健,高性价比优惠池,P000765|P000827|P001891|P000351|P000793,善存医药保健商品608|Swisse医药保健商品414|Swisse医药保健商品235|汤臣倍健医药保健商品112|九芝堂医药保健商品478
2046,U003000,0.1771,0.20889,低意向,运动户外,高性价比优惠池,P001637|P001804|P001967|P000194|P000210,李宁运动户外商品816|李宁运动户外商品353|探路者运动户外商品827|始祖鸟运动户外商品528|安踏运动户外商品113
2047,U003957,0.1771,0.198777,低意向,箱包配饰,高性价比优惠池,P000702|P001253|P001930|P000361|P000987,LV箱包配饰商品940|Samsonite箱包配饰商品380|Samsonite箱包配饰商品997|GUCCI箱包配饰商品904|Samsonite箱包配饰商品467
2048,U001990,0.1769,0.194287,低意向,宠物用品,高性价比优惠池,P000174|P001336|P001123|P000231|P001759,麦富迪宠物用品商品180|比瑞吉宠物用品商品181|麦富迪宠物用品商品699|pidan宠物用品商品955|网易严选宠物用品商品408
2049,U002216,0.1769,0.256152,低意向,图书音像,高性价比优惠池,P001855|P001112|P000053|P001974|P001212,京东图书图书音像商品377|中信出版社图书音像商品870|京东图书图书音像商品199|博库网图书音像商品353|新华书店图书音像商品518
2050,U002913,0.1769,0.192744,低意向,礼品鲜花,高性价比优惠池,P000831|P000680|P001029|P000319|P000890,Roseonly礼品鲜花商品580|施华洛世奇礼品鲜花商品208|野兽派礼品鲜花商品389|施华洛世奇礼品鲜花商品633|潘多拉礼品鲜花商品586
2051,U004744,0.1769,0.264924,低意向,美妆护肤,高性价比优惠池,P001748|P000034|P001010|P000095|P001810,完美日记美妆护肤商品797|雅诗兰黛美妆护肤商品818|雅诗兰黛美妆护肤商品295|欧莱雅美妆护肤商品977|欧莱雅美妆护肤商品587
2052,U000033,0.1768,0.237527,低意向,图书音像,高性价比优惠池,P001855|P001112|P000053|P001974|P001212,京东图书图书音像商品377|中信出版社图书音像商品870|京东图书图书音像商品199|博库网图书音像商品353|新华书店图书音像商品518
2053,U001012,0.1768,0.206371,低意向,汽车用品,高性价比优惠池,P001350|P001831|P000932|P001413|P001281,海康威视汽车用品商品339|3M汽车用品商品278|米其林汽车用品商品745|3M汽车用品商品342|卡仕达汽车用品商品144
2054,U002960,0.1768,0.205978,低意向,汽车用品,高性价比优惠池,P001350|P001831|P000932|P001413|P001281,海康威视汽车用品商品339|3M汽车用品商品278|米其林汽车用品商品745|3M汽车用品商品342|卡仕达汽车用品商品144
2055,U001029,0.1767,0.192883,低意向,箱包配饰,高性价比优惠池,P000702|P001253|P001930|P000361|P000987,LV箱包配饰商品940|Samsonite箱包配饰商品380|Samsonite箱包配饰商品997|GUCCI箱包配饰商品904|Samsonite箱包配饰商品467
2056,U004681,0.1767,0.209513,低意向,手机数码,高性价比优惠池,P000518|P000173|P000438|P001705|P000874,一加手机数码商品882|OPPO手机数码商品663|OPPO手机数码商品771|苹果手机数码商品445|苹果手机数码商品704
2057,U001102,0.1766,0.232648,低意向,服装鞋包,高性价比优惠池,P001581|P001100|P000662|P001462|P000338,耐克服装鞋包商品711|H&M服装鞋包商品119|海澜之家服装鞋包商品964|耐克服装鞋包商品391|H&M服装鞋包商品587
2058,U001452,0.1766,0.22746,低意向,宠物用品,高性价比优惠池,P000174|P001336|P001123|P000231|P001759,麦富迪宠物用品商品180|比瑞吉宠物用品商品181|麦富迪宠物用品商品699|pidan宠物用品商品955|网易严选宠物用品商品408
2059,U002385,0.1766,0.245241,低意向,珠宝首饰,高性价比优惠池,P000974|P000711|P001945|P000774|P001226,明牌珠宝首饰商品793|老凤祥珠宝首饰商品116|老凤祥珠宝首饰商品246|周大福珠宝首饰商品251|潮宏基珠宝首饰商品314
2060,U001003,0.1765,0.193041,低意向,服装鞋包,高性价比优惠池,P001581|P001100|P000662|P001462|P000338,耐克服装鞋包商品711|H&M服装鞋包商品119|海澜之家服装鞋包商品964|耐克服装鞋包商品391|H&M服装鞋包商品587
2061,U001264,0.1765,0.212648,低意向,医药保健,高性价比优惠池,P000765|P000827|P001891|P000351|P000793,善存医药保健商品608|Swisse医药保健商品414|Swisse医药保健商品235|汤臣倍健医药保健商品112|九芝堂医药保健商品478
2062,U001817,0.1765,0.213469,低意向,食品生鲜,高性价比优惠池,P000995|P001113|P000246|P001573|P000063,良品铺子食品生鲜商品230|三只松鼠食品生鲜商品425|蒙牛食品生鲜商品866|百草味食品生鲜商品634|百草味食品生鲜商品504
2063,U003062,0.1765,0.198232,低意向,服装鞋包,高性价比优惠池,P001581|P001100|P000662|P001462|P000338,耐克服装鞋包商品711|H&M服装鞋包商品119|海澜之家服装鞋包商品964|耐克服装鞋包商品391|H&M服装鞋包商品587
2064,U000717,0.1764,0.199148,低意向,家用电器,高性价比优惠池,P001338|P000409|P001480|P001850|P001635,苏泊尔家用电器商品596|苏泊尔家用电器商品852|戴森家用电器商品536|戴森家用电器商品883|西门子家用电器商品795
2065,U001234,0.1763,0.185962,低意向,宠物用品,高性价比优惠池,P000174|P001336|P001123|P000231|P001759,麦富迪宠物用品商品180|比瑞吉宠物用品商品181|麦富迪宠物用品商品699|pidan宠物用品商品955|网易严选宠物用品商品408
2066,U001737,0.1762,0.197893,低意向,汽车用品,高性价比优惠池,P001350|P001831|P000932|P001413|P001281,海康威视汽车用品商品339|3M汽车用品商品278|米其林汽车用品商品745|3M汽车用品商品342|卡仕达汽车用品商品144
2067,U002914,0.1762,0.206218,低意向,图书音像,高性价比优惠池,P001855|P001112|P000053|P001974|P001212,京东图书图书音像商品377|中信出版社图书音像商品870|京东图书图书音像商品199|博库网图书音像商品353|新华书店图书音像商品518
2068,U002937,0.1762,0.195427,低意向,美妆护肤,高性价比优惠池,P001748|P000034|P001010|P000095|P001810,完美日记美妆护肤商品797|雅诗兰黛美妆护肤商品818|雅诗兰黛美妆护肤商品295|欧莱雅美妆护肤商品977|欧莱雅美妆护肤商品587
2069,U002404,0.1761,0.199607,低意向,母婴用品,高性价比优惠池,P001683|P000635|P001865|P000991|P001946,帮宝适母婴用品商品297|贝因美母婴用品商品691|贝因美母婴用品商品921|帮宝适母婴用品商品195|花王母婴用品商品688
2070,U003579,0.1761,0.200098,低意向,服装鞋包,高性价比优惠池,P001581|P001100|P000662|P001462|P000338,耐克服装鞋包商品711|H&M服装鞋包商品119|海澜之家服装鞋包商品964|耐克服装鞋包商品391|H&M服装鞋包商品587
2071,U004146,0.1761,0.198541,低意向,食品生鲜,高性价比优惠池,P000995|P001113|P000246|P001573|P000063,良品铺子食品生鲜商品230|三只松鼠食品生鲜商品425|蒙牛食品生鲜商品866|百草味食品生鲜商品634|百草味食品生鲜商品504
2072,U002004,0.1759,0.201192,低意向,服装鞋包,高性价比优惠池,P001581|P001100|P000662|P001462|P000338,耐克服装鞋包商品711|H&M服装鞋包商品119|海澜之家服装鞋包商品964|耐克服装鞋包商品391|H&M服装鞋包商品587
2073,U004731,0.1759,0.195037,低意向,汽车用品,高性价比优惠池,P001350|P001831|P000932|P001413|P001281,海康威视汽车用品商品339|3M汽车用品商品278|米其林汽车用品商品745|3M汽车用品商品342|卡仕达汽车用品商品144
2074,U002985,0.1757,0.224417,低意向,医药保健,高性价比优惠池,P000765|P000827|P001891|P000351|P000793,善存医药保健商品608|Swisse医药保健商品414|Swisse医药保健商品235|汤臣倍健医药保健商品112|九芝堂医药保健商品478
2075,U002620,0.1755,0.204668,低意向,家居家装,高性价比优惠池,P001900|P001343|P000229|P001466|P001151,顾家家居家居家装商品551|曲美家居家装商品469|顾家家居家居家装商品198|马可波罗家居家装商品613|宜家家居家装商品838
2076,U003929,0.1755,0.263829,低意向,母婴用品,高性价比优惠池,P001683|P000635|P001865|P000991|P001946,帮宝适母婴用品商品297|贝因美母婴用品商品691|贝因美母婴用品商品921|帮宝适母婴用品商品195|花王母婴用品商品688
2077,U001784,0.1754,0.20385,低意向,家居家装,高性价比优惠池,P001900|P001343|P000229|P001466|P001151,顾家家居家居家装商品551|曲美家居家装商品469|顾家家居家居家装商品198|马可波罗家居家装商品613|宜家家居家装商品838
2078,U001121,0.1753,0.19473,低意向,图书音像,高性价比优惠池,P001855|P001112|P000053|P001974|P001212,京东图书图书音像商品377|中信出版社图书音像商品870|京东图书图书音像商品199|博库网图书音像商品353|新华书店图书音像商品518
2079,U003590,0.1753,0.214455,低意向,箱包配饰,高性价比优惠池,P000702|P001253|P001930|P000361|P000987,LV箱包配饰商品940|Samsonite箱包配饰商品380|Samsonite箱包配饰商品997|GUCCI箱包配饰商品904|Samsonite箱包配饰商品467
2080,U002826,0.1752,0.193579,低意向,服装鞋包,高性价比优惠池,P001581|P001100|P000662|P001462|P000338,耐克服装鞋包商品711|H&M服装鞋包商品119|海澜之家服装鞋包商品964|耐克服装鞋包商品391|H&M服装鞋包商品587
2081,U003547,0.1751,0.193913,低意向,图书音像,高性价比优惠池,P001855|P001112|P000053|P001974|P001212,京东图书图书音像商品377|中信出版社图书音像商品870|京东图书图书音像商品199|博库网图书音像商品353|新华书店图书音像商品518
2082,U002081,0.1749,0.209897,低意向,箱包配饰,高性价比优惠池,P000702|P001253|P001930|P000361|P000987,LV箱包配饰商品940|Samsonite箱包配饰商品380|Samsonite箱包配饰商品997|GUCCI箱包配饰商品904|Samsonite箱包配饰商品467
2083,U003918,0.1749,0.197086,低意向,食品生鲜,高性价比优惠池,P000995|P001113|P000246|P001573|P000063,良品铺子食品生鲜商品230|三只松鼠食品生鲜商品425|蒙牛食品生鲜商品866|百草味食品生鲜商品634|百草味食品生鲜商品504
2084,U004702,0.1749,0.227529,低意向,礼品鲜花,高性价比优惠池,P000831|P000680|P001029|P000319|P000890,Roseonly礼品鲜花商品580|施华洛世奇礼品鲜花商品208|野兽派礼品鲜花商品389|施华洛世奇礼品鲜花商品633|潘多拉礼品鲜花商品586
2085,U002517,0.1748,0.201442,低意向,珠宝首饰,高性价比优惠池,P000974|P000711|P001945|P000774|P001226,明牌珠宝首饰商品793|老凤祥珠宝首饰商品116|老凤祥珠宝首饰商品246|周大福珠宝首饰商品251|潮宏基珠宝首饰商品314
2086,U002711,0.1747,0.275805,低意向,家居家装,高性价比优惠池,P001900|P001343|P000229|P001466|P001151,顾家家居家居家装商品551|曲美家居家装商品469|顾家家居家居家装商品198|马可波罗家居家装商品613|宜家家居家装商品838
2087,U002207,0.1746,0.20117,低意向,图书音像,高性价比优惠池,P001855|P001112|P000053|P001974|P001212,京东图书图书音像商品377|中信出版社图书音像商品870|京东图书图书音像商品199|博库网图书音像商品353|新华书店图书音像商品518
2088,U004025,0.1746,0.229338,低意向,箱包配饰,高性价比优惠池,P000702|P001253|P001930|P000361|P000987,LV箱包配饰商品940|Samsonite箱包配饰商品380|Samsonite箱包配饰商品997|GUCCI箱包配饰商品904|Samsonite箱包配饰商品467
2089,U001696,0.1745,0.201011,低意向,家居家装,高性价比优惠池,P001900|P001343|P000229|P001466|P001151,顾家家居家居家装商品551|曲美家居家装商品469|顾家家居家居家装商品198|马可波罗家居家装商品613|宜家家居家装商品838
2090,U001284,0.1744,0.210469,低意向,宠物用品,高性价比优惠池,P000174|P001336|P001123|P000231|P001759,麦富迪宠物用品商品180|比瑞吉宠物用品商品181|麦富迪宠物用品商品699|pidan宠物用品商品955|网易严选宠物用品商品408
2091,U001450,0.1744,0.210501,低意向,医药保健,高性价比优惠池,P000765|P000827|P001891|P000351|P000793,善存医药保健商品608|Swisse医药保健商品414|Swisse医药保健商品235|汤臣倍健医药保健商品112|九芝堂医药保健商品478
2092,U002092,0.1744,0.206939,低意向,珠宝首饰,高性价比优惠池,P000974|P000711|P001945|P000774|P001226,明牌珠宝首饰商品793|老凤祥珠宝首饰商品116|老凤祥珠宝首饰商品246|周大福珠宝首饰商品251|潮宏基珠宝首饰商品314
2093,U000164,0.1743,0.200791,低意向,宠物用品,高性价比优惠池,P000174|P001336|P001123|P000231|P001759,麦富迪宠物用品商品180|比瑞吉宠物用品商品181|麦富迪宠物用品商品699|pidan宠物用品商品955|网易严选宠物用品商品408
2094,U000430,0.1743,0.215944,低意向,美妆护肤,高性价比优惠池,P001748|P000034|P001010|P000095|P001810,完美日记美妆护肤商品797|雅诗兰黛美妆护肤商品818|雅诗兰黛美妆护肤商品295|欧莱雅美妆护肤商品977|欧莱雅美妆护肤商品587
2095,U003035,0.1743,0.202587,低意向,珠宝首饰,高性价比优惠池,P000974|P000711|P001945|P000774|P001226,明牌珠宝首饰商品793|老凤祥珠宝首饰商品116|老凤祥珠宝首饰商品246|周大福珠宝首饰商品251|潮宏基珠宝首饰商品314
2096,U000010,0.1741,0.207219,低意向,医药保健,高性价比优惠池,P000765|P000827|P001891|P000351|P000793,善存医药保健商品608|Swisse医药保健商品414|Swisse医药保健商品235|汤臣倍健医药保健商品112|九芝堂医药保健商品478
2097,U002151,0.1741,0.196464,低意向,珠宝首饰,高性价比优惠池,P000974|P000711|P001945|P000774|P001226,明牌珠宝首饰商品793|老凤祥珠宝首饰商品116|老凤祥珠宝首饰商品246|周大福珠宝首饰商品251|潮宏基珠宝首饰商品314
2098,U004036,0.1741,0.251422,低意向,宠物用品,高性价比优惠池,P000174|P001336|P001123|P000231|P001759,麦富迪宠物用品商品180|比瑞吉宠物用品商品181|麦富迪宠物用品商品699|pidan宠物用品商品955|网易严选宠物用品商品408
2099,U004207,0.174,0.215035,低意向,医药保健,高性价比优惠池,P000765|P000827|P001891|P000351|P000793,善存医药保健商品608|Swisse医药保健商品414|Swisse医药保健商品235|汤臣倍健医药保健商品112|九芝堂医药保健商品478
2100,U004049,0.1739,0.199289,低意向,母婴用品,高性价比优惠池,P001683|P000635|P001865|P000991|P001946,帮宝适母婴用品商品297|贝因美母婴用品商品691|贝因美母婴用品商品921|帮宝适母婴用品商品195|花王母婴用品商品688
2101,U000674,0.1738,0.18364,低意向,汽车用品,高性价比优惠池,P001350|P001831|P000932|P001413|P001281,海康威视汽车用品商品339|3M汽车用品商品278|米其林汽车用品商品745|3M汽车用品商品342|卡仕达汽车用品商品144
2102,U000296,0.1735,0.214954,低意向,礼品鲜花,高性价比优惠池,P000831|P000680|P001029|P000319|P000890,Roseonly礼品鲜花商品580|施华洛世奇礼品鲜花商品208|野兽派礼品鲜花商品389|施华洛世奇礼品鲜花商品633|潘多拉礼品鲜花商品586
2103,U002296,0.1735,0.25121,低意向,运动户外,高性价比优惠池,P001637|P001804|P001967|P000194|P000210,李宁运动户外商品816|李宁运动户外商品353|探路者运动户外商品827|始祖鸟运动户外商品528|安踏运动户外商品113
2104,U000564,0.1733,0.19368,低意向,家用电器,高性价比优惠池,P001338|P000409|P001480|P001850|P001635,苏泊尔家用电器商品596|苏泊尔家用电器商品852|戴森家用电器商品536|戴森家用电器商品883|西门子家用电器商品795
2105,U003635,0.1732,0.206713,低意向,家居家装,高性价比优惠池,P001900|P001343|P000229|P001466|P001151,顾家家居家居家装商品551|曲美家居家装商品469|顾家家居家居家装商品198|马可波罗家居家装商品613|宜家家居家装商品838
2106,U002097,0.1731,0.197528,低意向,运动户外,高性价比优惠池,P001637|P001804|P001967|P000194|P000210,李宁运动户外商品816|李宁运动户外商品353|探路者运动户外商品827|始祖鸟运动户外商品528|安踏运动户外商品113
2107,U000058,0.173,0.20076,低意向,手机数码,高性价比优惠池,P000518|P000173|P000438|P001705|P000874,一加手机数码商品882|OPPO手机数码商品663|OPPO手机数码商品771|苹果手机数码商品445|苹果手机数码商品704
2108,U000177,0.173,0.201099,低意向,医药保健,高性价比优惠池,P000765|P000827|P001891|P000351|P000793,善存医药保健商品608|Swisse医药保健商品414|Swisse医药保健商品235|汤臣倍健医药保健商品112|九芝堂医药保健商品478
2109,U000726,0.173,0.281774,低意向,食品生鲜,高性价比优惠池,P000995|P001113|P000246|P001573|P000063,良品铺子食品生鲜商品230|三只松鼠食品生鲜商品425|蒙牛食品生鲜商品866|百草味食品生鲜商品634|百草味食品生鲜商品504
2110,U002670,0.173,0.24224,低意向,宠物用品,高性价比优惠池,P000174|P001336|P001123|P000231|P001759,麦富迪宠物用品商品180|比瑞吉宠物用品商品181|麦富迪宠物用品商品699|pidan宠物用品商品955|网易严选宠物用品商品408
2111,U002649,0.1729,0.264721,低意向,珠宝首饰,高性价比优惠池,P000974|P000711|P001945|P000774|P001226,明牌珠宝首饰商品793|老凤祥珠宝首饰商品116|老凤祥珠宝首饰商品246|周大福珠宝首饰商品251|潮宏基珠宝首饰商品314
2112,U002381,0.1728,0.210259,低意向,礼品鲜花,高性价比优惠池,P000831|P000680|P001029|P000319|P000890,Roseonly礼品鲜花商品580|施华洛世奇礼品鲜花商品208|野兽派礼品鲜花商品389|施华洛世奇礼品鲜花商品633|潘多拉礼品鲜花商品586
2113,U002946,0.1728,0.271413,低意向,母婴用品,高性价比优惠池,P001683|P000635|P001865|P000991|P001946,帮宝适母婴用品商品297|贝因美母婴用品商品691|贝因美母婴用品商品921|帮宝适母婴用品商品195|花王母婴用品商品688
2114,U003313,0.1728,0.207625,低意向,箱包配饰,高性价比优惠池,P000702|P001253|P001930|P000361|P000987,LV箱包配饰商品940|Samsonite箱包配饰商品380|Samsonite箱包配饰商品997|GUCCI箱包配饰商品904|Samsonite箱包配饰商品467
2115,U000988,0.1727,0.194535,低意向,服装鞋包,高性价比优惠池,P001581|P001100|P000662|P001462|P000338,耐克服装鞋包商品711|H&M服装鞋包商品119|海澜之家服装鞋包商品964|耐克服装鞋包商品391|H&M服装鞋包商品587
2116,U001072,0.1727,0.189561,低意向,食品生鲜,高性价比优惠池,P000995|P001113|P000246|P001573|P000063,良品铺子食品生鲜商品230|三只松鼠食品生鲜商品425|蒙牛食品生鲜商品866|百草味食品生鲜商品634|百草味食品生鲜商品504
2117,U000236,0.1725,0.200822,低意向,医药保健,高性价比优惠池,P000765|P000827|P001891|P000351|P000793,善存医药保健商品608|Swisse医药保健商品414|Swisse医药保健商品235|汤臣倍健医药保健商品112|九芝堂医药保健商品478
2118,U003850,0.1725,0.249506,低意向,箱包配饰,高性价比优惠池,P000702|P001253|P001930|P000361|P000987,LV箱包配饰商品940|Samsonite箱包配饰商品380|Samsonite箱包配饰商品997|GUCCI箱包配饰商品904|Samsonite箱包配饰商品467
2119,U004414,0.1725,0.192226,低意向,家用电器,高性价比优惠池,P001338|P000409|P001480|P001850|P001635,苏泊尔家用电器商品596|苏泊尔家用电器商品852|戴森家用电器商品536|戴森家用电器商品883|西门子家用电器商品795
2120,U004832,0.1725,0.246332,低意向,医药保健,高性价比优惠池,P000765|P000827|P001891|P000351|P000793,善存医药保健商品608|Swisse医药保健商品414|Swisse医药保健商品235|汤臣倍健医药保健商品112|九芝堂医药保健商品478
2121,U002406,0.1724,0.262301,低意向,运动户外,高性价比优惠池,P001637|P001804|P001967|P000194|P000210,李宁运动户外商品816|李宁运动户外商品353|探路者运动户外商品827|始祖鸟运动户外商品528|安踏运动户外商品113
2122,U003902,0.1723,0.229213,低意向,手机数码,高性价比优惠池,P000518|P000173|P000438|P001705|P000874,一加手机数码商品882|OPPO手机数码商品663|OPPO手机数码商品771|苹果手机数码商品445|苹果手机数码商品704
2123,U004082,0.1723,0.193649,低意向,礼品鲜花,高性价比优惠池,P000831|P000680|P001029|P000319|P000890,Roseonly礼品鲜花商品580|施华洛世奇礼品鲜花商品208|野兽派礼品鲜花商品389|施华洛世奇礼品鲜花商品633|潘多拉礼品鲜花商品586
2124,U004550,0.1723,0.200441,低意向,箱包配饰,高性价比优惠池,P000702|P001253|P001930|P000361|P000987,LV箱包配饰商品940|Samsonite箱包配饰商品380|Samsonite箱包配饰商品997|GUCCI箱包配饰商品904|Samsonite箱包配饰商品467
2125,U000508,0.1722,0.250118,低意向,美妆护肤,高性价比优惠池,P001748|P000034|P001010|P000095|P001810,完美日记美妆护肤商品797|雅诗兰黛美妆护肤商品818|雅诗兰黛美妆护肤商品295|欧莱雅美妆护肤商品977|欧莱雅美妆护肤商品587
2126,U000378,0.1721,0.197159,低意向,服装鞋包,高性价比优惠池,P001581|P001100|P000662|P001462|P000338,耐克服装鞋包商品711|H&M服装鞋包商品119|海澜之家服装鞋包商品964|耐克服装鞋包商品391|H&M服装鞋包商品587
2127,U002910,0.1721,0.202766,低意向,母婴用品,高性价比优惠池,P001683|P000635|P001865|P000991|P001946,帮宝适母婴用品商品297|贝因美母婴用品商品691|贝因美母婴用品商品921|帮宝适母婴用品商品195|花王母婴用品商品688
2128,U003192,0.1721,0.190972,低意向,礼品鲜花,高性价比优惠池,P000831|P000680|P001029|P000319|P000890,Roseonly礼品鲜花商品580|施华洛世奇礼品鲜花商品208|野兽派礼品鲜花商品389|施华洛世奇礼品鲜花商品633|潘多拉礼品鲜花商品586
2129,U001636,0.1719,0.193036,低意向,食品生鲜,高性价比优惠池,P000995|P001113|P000246|P001573|P000063,良品铺子食品生鲜商品230|三只松鼠食品生鲜商品425|蒙牛食品生鲜商品866|百草味食品生鲜商品634|百草味食品生鲜商品504
2130,U000761,0.1718,0.209944,低意向,服装鞋包,高性价比优惠池,P001581|P001100|P000662|P001462|P000338,耐克服装鞋包商品711|H&M服装鞋包商品119|海澜之家服装鞋包商品964|耐克服装鞋包商品391|H&M服装鞋包商品587
2131,U002096,0.1718,0.273071,低意向,手机数码,高性价比优惠池,P000518|P000173|P000438|P001705|P000874,一加手机数码商品882|OPPO手机数码商品663|OPPO手机数码商品771|苹果手机数码商品445|苹果手机数码商品704
2132,U002391,0.1718,0.192647,低意向,宠物用品,高性价比优惠池,P000174|P001336|P001123|P000231|P001759,麦富迪宠物用品商品180|比瑞吉宠物用品商品181|麦富迪宠物用品商品699|pidan宠物用品商品955|网易严选宠物用品商品408
2133,U002795,0.1718,0.257129,低意向,图书音像,高性价比优惠池,P001855|P001112|P000053|P001974|P001212,京东图书图书音像商品377|中信出版社图书音像商品870|京东图书图书音像商品199|博库网图书音像商品353|新华书店图书音像商品518
2134,U000428,0.1717,0.210472,低意向,服装鞋包,高性价比优惠池,P001581|P001100|P000662|P001462|P000338,耐克服装鞋包商品711|H&M服装鞋包商品119|海澜之家服装鞋包商品964|耐克服装鞋包商品391|H&M服装鞋包商品587
2135,U003059,0.1717,0.20977,低意向,医药保健,高性价比优惠池,P000765|P000827|P001891|P000351|P000793,善存医药保健商品608|Swisse医药保健商品414|Swisse医药保健商品235|汤臣倍健医药保健商品112|九芝堂医药保健商品478
2136,U003269,0.1717,0.251278,低意向,珠宝首饰,高性价比优惠池,P000974|P000711|P001945|P000774|P001226,明牌珠宝首饰商品793|老凤祥珠宝首饰商品116|老凤祥珠宝首饰商品246|周大福珠宝首饰商品251|潮宏基珠宝首饰商品314
2137,U000413,0.1713,0.200944,低意向,服装鞋包,高性价比优惠池,P001581|P001100|P000662|P001462|P000338,耐克服装鞋包商品711|H&M服装鞋包商品119|海澜之家服装鞋包商品964|耐克服装鞋包商品391|H&M服装鞋包商品587
2138,U003185,0.1713,0.247067,低意向,服装鞋包,高性价比优惠池,P001581|P001100|P000662|P001462|P000338,耐克服装鞋包商品711|H&M服装鞋包商品119|海澜之家服装鞋包商品964|耐克服装鞋包商品391|H&M服装鞋包商品587
2139,U001932,0.1712,0.209983,低意向,家居家装,高性价比优惠池,P001900|P001343|P000229|P001466|P001151,顾家家居家居家装商品551|曲美家居家装商品469|顾家家居家居家装商品198|马可波罗家居家装商品613|宜家家居家装商品838
2140,U002611,0.1712,0.198566,低意向,宠物用品,高性价比优惠池,P000174|P001336|P001123|P000231|P001759,麦富迪宠物用品商品180|比瑞吉宠物用品商品181|麦富迪宠物用品商品699|pidan宠物用品商品955|网易严选宠物用品商品408
2141,U004158,0.1711,0.204212,低意向,珠宝首饰,高性价比优惠池,P000974|P000711|P001945|P000774|P001226,明牌珠宝首饰商品793|老凤祥珠宝首饰商品116|老凤祥珠宝首饰商品246|周大福珠宝首饰商品251|潮宏基珠宝首饰商品314
2142,U004317,0.1711,0.195149,低意向,食品生鲜,高性价比优惠池,P000995|P001113|P000246|P001573|P000063,良品铺子食品生鲜商品230|三只松鼠食品生鲜商品425|蒙牛食品生鲜商品866|百草味食品生鲜商品634|百草味食品生鲜商品504
2143,U003113,0.171,0.203252,低意向,珠宝首饰,高性价比优惠池,P000974|P000711|P001945|P000774|P001226,明牌珠宝首饰商品793|老凤祥珠宝首饰商品116|老凤祥珠宝首饰商品246|周大福珠宝首饰商品251|潮宏基珠宝首饰商品314
2144,U003726,0.1709,0.240408,低意向,运动户外,高性价比优惠池,P001637|P001804|P001967|P000194|P000210,李宁运动户外商品816|李宁运动户外商品353|探路者运动户外商品827|始祖鸟运动户外商品528|安踏运动户外商品113
2145,U002090,0.1708,0.196224,低意向,家用电器,高性价比优惠池,P001338|P000409|P001480|P001850|P001635,苏泊尔家用电器商品596|苏泊尔家用电器商品852|戴森家用电器商品536|戴森家用电器商品883|西门子家用电器商品795
2146,U004935,0.1708,0.207755,低意向,美妆护肤,高性价比优惠池,P001748|P000034|P001010|P000095|P001810,完美日记美妆护肤商品797|雅诗兰黛美妆护肤商品818|雅诗兰黛美妆护肤商品295|欧莱雅美妆护肤商品977|欧莱雅美妆护肤商品587
2147,U000750,0.1706,0.197691,低意向,手机数码,高性价比优惠池,P000518|P000173|P000438|P001705|P000874,一加手机数码商品882|OPPO手机数码商品663|OPPO手机数码商品771|苹果手机数码商品445|苹果手机数码商品704
2148,U000823,0.1705,0.190641,低意向,母婴用品,高性价比优惠池,P001683|P000635|P001865|P000991|P001946,帮宝适母婴用品商品297|贝因美母婴用品商品691|贝因美母婴用品商品921|帮宝适母婴用品商品195|花王母婴用品商品688
2149,U002824,0.1705,0.202763,低意向,运动户外,高性价比优惠池,P001637|P001804|P001967|P000194|P000210,李宁运动户外商品816|李宁运动户外商品353|探路者运动户外商品827|始祖鸟运动户外商品528|安踏运动户外商品113
2150,U000486,0.1704,0.249195,低意向,汽车用品,高性价比优惠池,P001350|P001831|P000932|P001413|P001281,海康威视汽车用品商品339|3M汽车用品商品278|米其林汽车用品商品745|3M汽车用品商品342|卡仕达汽车用品商品144
2151,U003951,0.1702,0.238481,低意向,宠物用品,高性价比优惠池,P000174|P001336|P001123|P000231|P001759,麦富迪宠物用品商品180|比瑞吉宠物用品商品181|麦富迪宠物用品商品699|pidan宠物用品商品955|网易严选宠物用品商品408
2152,U004793,0.1702,0.200455,低意向,宠物用品,高性价比优惠池,P000174|P001336|P001123|P000231|P001759,麦富迪宠物用品商品180|比瑞吉宠物用品商品181|麦富迪宠物用品商品699|pidan宠物用品商品955|网易严选宠物用品商品408
2153,U002476,0.1701,0.19778,低意向,医药保健,高性价比优惠池,P000765|P000827|P001891|P000351|P000793,善存医药保健商品608|Swisse医药保健商品414|Swisse医药保健商品235|汤臣倍健医药保健商品112|九芝堂医药保健商品478
2154,U004404,0.1701,0.22495,低意向,医药保健,高性价比优惠池,P000765|P000827|P001891|P000351|P000793,善存医药保健商品608|Swisse医药保健商品414|Swisse医药保健商品235|汤臣倍健医药保健商品112|九芝堂医药保健商品478
2155,U001244,0.1698,0.186799,低意向,母婴用品,高性价比优惠池,P001683|P000635|P001865|P000991|P001946,帮宝适母婴用品商品297|贝因美母婴用品商品691|贝因美母婴用品商品921|帮宝适母婴用品商品195|花王母婴用品商品688
2156,U002880,0.1698,0.229819,低意向,珠宝首饰,高性价比优惠池,P000974|P000711|P001945|P000774|P001226,明牌珠宝首饰商品793|老凤祥珠宝首饰商品116|老凤祥珠宝首饰商品246|周大福珠宝首饰商品251|潮宏基珠宝首饰商品314
2157,U004369,0.1698,0.251117,低意向,手机数码,高性价比优惠池,P000518|P000173|P000438|P001705|P000874,一加手机数码商品882|OPPO手机数码商品663|OPPO手机数码商品771|苹果手机数码商品445|苹果手机数码商品704
2158,U004516,0.1698,0.210071,低意向,美妆护肤,高性价比优惠池,P001748|P000034|P001010|P000095|P001810,完美日记美妆护肤商品797|雅诗兰黛美妆护肤商品818|雅诗兰黛美妆护肤商品295|欧莱雅美妆护肤商品977|欧莱雅美妆护肤商品587
2159,U001875,0.1696,0.246835,低意向,美妆护肤,高性价比优惠池,P001748|P000034|P001010|P000095|P001810,完美日记美妆护肤商品797|雅诗兰黛美妆护肤商品818|雅诗兰黛美妆护肤商品295|欧莱雅美妆护肤商品977|欧莱雅美妆护肤商品587
2160,U000426,0.1695,0.197357,低意向,家用电器,高性价比优惠池,P001338|P000409|P001480|P001850|P001635,苏泊尔家用电器商品596|苏泊尔家用电器商品852|戴森家用电器商品536|戴森家用电器商品883|西门子家用电器商品795
2161,U000406,0.1694,0.19991,低意向,医药保健,高性价比优惠池,P000765|P000827|P001891|P000351|P000793,善存医药保健商品608|Swisse医药保健商品414|Swisse医药保健商品235|汤臣倍健医药保健商品112|九芝堂医药保健商品478
2162,U003284,0.1694,0.200326,低意向,家用电器,高性价比优惠池,P001338|P000409|P001480|P001850|P001635,苏泊尔家用电器商品596|苏泊尔家用电器商品852|戴森家用电器商品536|戴森家用电器商品883|西门子家用电器商品795
2163,U001054,0.1693,0.202379,低意向,箱包配饰,高性价比优惠池,P000702|P001253|P001930|P000361|P000987,LV箱包配饰商品940|Samsonite箱包配饰商品380|Samsonite箱包配饰商品997|GUCCI箱包配饰商品904|Samsonite箱包配饰商品467
2164,U001781,0.1693,0.196741,低意向,箱包配饰,高性价比优惠池,P000702|P001253|P001930|P000361|P000987,LV箱包配饰商品940|Samsonite箱包配饰商品380|Samsonite箱包配饰商品997|GUCCI箱包配饰商品904|Samsonite箱包配饰商品467
2165,U000093,0.1692,0.207256,低意向,家居家装,高性价比优惠池,P001900|P001343|P000229|P001466|P001151,顾家家居家居家装商品551|曲美家居家装商品469|顾家家居家居家装商品198|马可波罗家居家装商品613|宜家家居家装商品838
2166,U004543,0.1692,0.19898,低意向,美妆护肤,高性价比优惠池,P001748|P000034|P001010|P000095|P001810,完美日记美妆护肤商品797|雅诗兰黛美妆护肤商品818|雅诗兰黛美妆护肤商品295|欧莱雅美妆护肤商品977|欧莱雅美妆护肤商品587
2167,U000582,0.1691,0.194295,低意向,服装鞋包,高性价比优惠池,P001581|P001100|P000662|P001462|P000338,耐克服装鞋包商品711|H&M服装鞋包商品119|海澜之家服装鞋包商品964|耐克服装鞋包商品391|H&M服装鞋包商品587
2168,U003911,0.1691,0.197981,低意向,食品生鲜,高性价比优惠池,P000995|P001113|P000246|P001573|P000063,良品铺子食品生鲜商品230|三只松鼠食品生鲜商品425|蒙牛食品生鲜商品866|百草味食品生鲜商品634|百草味食品生鲜商品504
2169,U001840,0.1689,0.199594,低意向,运动户外,高性价比优惠池,P001637|P001804|P001967|P000194|P000210,李宁运动户外商品816|李宁运动户外商品353|探路者运动户外商品827|始祖鸟运动户外商品528|安踏运动户外商品113
2170,U002555,0.1688,0.197582,低意向,运动户外,高性价比优惠池,P001637|P001804|P001967|P000194|P000210,李宁运动户外商品816|李宁运动户外商品353|探路者运动户外商品827|始祖鸟运动户外商品528|安踏运动户外商品113
2171,U003661,0.1688,0.272382,低意向,母婴用品,高性价比优惠池,P001683|P000635|P001865|P000991|P001946,帮宝适母婴用品商品297|贝因美母婴用品商品691|贝因美母婴用品商品921|帮宝适母婴用品商品195|花王母婴用品商品688
2172,U004981,0.1688,0.203317,低意向,手机数码,高性价比优惠池,P000518|P000173|P000438|P001705|P000874,一加手机数码商品882|OPPO手机数码商品663|OPPO手机数码商品771|苹果手机数码商品445|苹果手机数码商品704
2173,U000598,0.1684,0.194875,低意向,宠物用品,高性价比优惠池,P000174|P001336|P001123|P000231|P001759,麦富迪宠物用品商品180|比瑞吉宠物用品商品181|麦富迪宠物用品商品699|pidan宠物用品商品955|网易严选宠物用品商品408
2174,U004480,0.1684,0.231406,低意向,珠宝首饰,高性价比优惠池,P000974|P000711|P001945|P000774|P001226,明牌珠宝首饰商品793|老凤祥珠宝首饰商品116|老凤祥珠宝首饰商品246|周大福珠宝首饰商品251|潮宏基珠宝首饰商品314
2175,U004874,0.1683,0.204439,低意向,母婴用品,高性价比优惠池,P001683|P000635|P001865|P000991|P001946,帮宝适母婴用品商品297|贝因美母婴用品商品691|贝因美母婴用品商品921|帮宝适母婴用品商品195|花王母婴用品商品688
2176,U001772,0.1682,0.194637,低意向,珠宝首饰,高性价比优惠池,P000974|P000711|P001945|P000774|P001226,明牌珠宝首饰商品793|老凤祥珠宝首饰商品116|老凤祥珠宝首饰商品246|周大福珠宝首饰商品251|潮宏基珠宝首饰商品314
2177,U003365,0.1681,0.206589,低意向,图书音像,高性价比优惠池,P001855|P001112|P000053|P001974|P001212,京东图书图书音像商品377|中信出版社图书音像商品870|京东图书图书音像商品199|博库网图书音像商品353|新华书店图书音像商品518
2178,U004980,0.168,0.200228,低意向,汽车用品,高性价比优惠池,P001350|P001831|P000932|P001413|P001281,海康威视汽车用品商品339|3M汽车用品商品278|米其林汽车用品商品745|3M汽车用品商品342|卡仕达汽车用品商品144
2179,U004734,0.1679,0.201252,低意向,医药保健,高性价比优惠池,P000765|P000827|P001891|P000351|P000793,善存医药保健商品608|Swisse医药保健商品414|Swisse医药保健商品235|汤臣倍健医药保健商品112|九芝堂医药保健商品478
2180,U002939,0.1678,0.186997,低意向,汽车用品,高性价比优惠池,P001350|P001831|P000932|P001413|P001281,海康威视汽车用品商品339|3M汽车用品商品278|米其林汽车用品商品745|3M汽车用品商品342|卡仕达汽车用品商品144
2181,U003434,0.1677,0.270728,低意向,食品生鲜,高性价比优惠池,P000995|P001113|P000246|P001573|P000063,良品铺子食品生鲜商品230|三只松鼠食品生鲜商品425|蒙牛食品生鲜商品866|百草味食品生鲜商品634|百草味食品生鲜商品504
2182,U004245,0.1676,0.192343,低意向,家居家装,高性价比优惠池,P001900|P001343|P000229|P001466|P001151,顾家家居家居家装商品551|曲美家居家装商品469|顾家家居家居家装商品198|马可波罗家居家装商品613|宜家家居家装商品838
2183,U001976,0.1675,0.20723,低意向,医药保健,高性价比优惠池,P000765|P000827|P001891|P000351|P000793,善存医药保健商品608|Swisse医药保健商品414|Swisse医药保健商品235|汤臣倍健医药保健商品112|九芝堂医药保健商品478
2184,U002640,0.1675,0.192444,低意向,母婴用品,高性价比优惠池,P001683|P000635|P001865|P000991|P001946,帮宝适母婴用品商品297|贝因美母婴用品商品691|贝因美母婴用品商品921|帮宝适母婴用品商品195|花王母婴用品商品688
2185,U002900,0.1674,0.202972,低意向,宠物用品,高性价比优惠池,P000174|P001336|P001123|P000231|P001759,麦富迪宠物用品商品180|比瑞吉宠物用品商品181|麦富迪宠物用品商品699|pidan宠物用品商品955|网易严选宠物用品商品408
2186,U003603,0.1674,0.198125,低意向,汽车用品,高性价比优惠池,P001350|P001831|P000932|P001413|P001281,海康威视汽车用品商品339|3M汽车用品商品278|米其林汽车用品商品745|3M汽车用品商品342|卡仕达汽车用品商品144
2187,U004175,0.1674,0.259968,低意向,服装鞋包,高性价比优惠池,P001581|P001100|P000662|P001462|P000338,耐克服装鞋包商品711|H&M服装鞋包商品119|海澜之家服装鞋包商品964|耐克服装鞋包商品391|H&M服装鞋包商品587
2188,U002486,0.1673,0.203977,低意向,母婴用品,高性价比优惠池,P001683|P000635|P001865|P000991|P001946,帮宝适母婴用品商品297|贝因美母婴用品商品691|贝因美母婴用品商品921|帮宝适母婴用品商品195|花王母婴用品商品688
2189,U003566,0.1673,0.195062,低意向,服装鞋包,高性价比优惠池,P001581|P001100|P000662|P001462|P000338,耐克服装鞋包商品711|H&M服装鞋包商品119|海澜之家服装鞋包商品964|耐克服装鞋包商品391|H&M服装鞋包商品587
2190,U000990,0.1672,0.197477,低意向,服装鞋包,高性价比优惠池,P001581|P001100|P000662|P001462|P000338,耐克服装鞋包商品711|H&M服装鞋包商品119|海澜之家服装鞋包商品964|耐克服装鞋包商品391|H&M服装鞋包商品587
2191,U003115,0.1672,0.232904,低意向,美妆护肤,高性价比优惠池,P001748|P000034|P001010|P000095|P001810,完美日记美妆护肤商品797|雅诗兰黛美妆护肤商品818|雅诗兰黛美妆护肤商品295|欧莱雅美妆护肤商品977|欧莱雅美妆护肤商品587
2192,U003162,0.1672,0.225859,低意向,美妆护肤,高性价比优惠池,P001748|P000034|P001010|P000095|P001810,完美日记美妆护肤商品797|雅诗兰黛美妆护肤商品818|雅诗兰黛美妆护肤商品295|欧莱雅美妆护肤商品977|欧莱雅美妆护肤商品587
2193,U000981,0.1671,0.198483,低意向,美妆护肤,高性价比优惠池,P001748|P000034|P001010|P000095|P001810,完美日记美妆护肤商品797|雅诗兰黛美妆护肤商品818|雅诗兰黛美妆护肤商品295|欧莱雅美妆护肤商品977|欧莱雅美妆护肤商品587
2194,U004823,0.167,0.249527,低意向,医药保健,高性价比优惠池,P000765|P000827|P001891|P000351|P000793,善存医药保健商品608|Swisse医药保健商品414|Swisse医药保健商品235|汤臣倍健医药保健商品112|九芝堂医药保健商品478
2195,U000231,0.1668,0.245907,低意向,珠宝首饰,高性价比优惠池,P000974|P000711|P001945|P000774|P001226,明牌珠宝首饰商品793|老凤祥珠宝首饰商品116|老凤祥珠宝首饰商品246|周大福珠宝首饰商品251|潮宏基珠宝首饰商品314
2196,U000283,0.1667,0.201566,低意向,服装鞋包,高性价比优惠池,P001581|P001100|P000662|P001462|P000338,耐克服装鞋包商品711|H&M服装鞋包商品119|海澜之家服装鞋包商品964|耐克服装鞋包商品391|H&M服装鞋包商品587
2197,U000573,0.1666,0.202649,低意向,,高性价比优惠池,P001855|P000765|P000174|P000974|P001112,京东图书图书音像商品377|善存医药保健商品608|麦富迪宠物用品商品180|明牌珠宝首饰商品793|中信出版社图书音像商品870
2198,U000691,0.1666,0.236586,低意向,礼品鲜花,高性价比优惠池,P000831|P000680|P001029|P000319|P000890,Roseonly礼品鲜花商品580|施华洛世奇礼品鲜花商品208|野兽派礼品鲜花商品389|施华洛世奇礼品鲜花商品633|潘多拉礼品鲜花商品586
2199,U003354,0.1666,0.265368,低意向,母婴用品,高性价比优惠池,P001683|P000635|P001865|P000991|P001946,帮宝适母婴用品商品297|贝因美母婴用品商品691|贝因美母婴用品商品921|帮宝适母婴用品商品195|花王母婴用品商品688
2200,U004100,0.1665,0.227241,低意向,美妆护肤,高性价比优惠池,P001748|P000034|P001010|P000095|P001810,完美日记美妆护肤商品797|雅诗兰黛美妆护肤商品818|雅诗兰黛美妆护肤商品295|欧莱雅美妆护肤商品977|欧莱雅美妆护肤商品587
2201,U003388,0.1664,0.205883,低意向,美妆护肤,高性价比优惠池,P001748|P000034|P001010|P000095|P001810,完美日记美妆护肤商品797|雅诗兰黛美妆护肤商品818|雅诗兰黛美妆护肤商品295|欧莱雅美妆护肤商品977|欧莱雅美妆护肤商品587
2202,U003527,0.1664,0.226622,低意向,汽车用品,高性价比优惠池,P001350|P001831|P000932|P001413|P001281,海康威视汽车用品商品339|3M汽车用品商品278|米其林汽车用品商品745|3M汽车用品商品342|卡仕达汽车用品商品144
2203,U004479,0.1664,0.242869,低意向,运动户外,高性价比优惠池,P001637|P001804|P001967|P000194|P000210,李宁运动户外商品816|李宁运动户外商品353|探路者运动户外商品827|始祖鸟运动户外商品528|安踏运动户外商品113
2204,U000909,0.1663,0.188761,低意向,珠宝首饰,高性价比优惠池,P000974|P000711|P001945|P000774|P001226,明牌珠宝首饰商品793|老凤祥珠宝首饰商品116|老凤祥珠宝首饰商品246|周大福珠宝首饰商品251|潮宏基珠宝首饰商品314
2205,U004626,0.1663,0.238438,低意向,礼品鲜花,高性价比优惠池,P000831|P000680|P001029|P000319|P000890,Roseonly礼品鲜花商品580|施华洛世奇礼品鲜花商品208|野兽派礼品鲜花商品389|施华洛世奇礼品鲜花商品633|潘多拉礼品鲜花商品586
2206,U004440,0.1662,0.236973,低意向,服装鞋包,高性价比优惠池,P001581|P001100|P000662|P001462|P000338,耐克服装鞋包商品711|H&M服装鞋包商品119|海澜之家服装鞋包商品964|耐克服装鞋包商品391|H&M服装鞋包商品587
2207,U003180,0.1661,0.21056,低意向,手机数码,高性价比优惠池,P000518|P000173|P000438|P001705|P000874,一加手机数码商品882|OPPO手机数码商品663|OPPO手机数码商品771|苹果手机数码商品445|苹果手机数码商品704
2208,U003331,0.1661,0.191704,低意向,珠宝首饰,高性价比优惠池,P000974|P000711|P001945|P000774|P001226,明牌珠宝首饰商品793|老凤祥珠宝首饰商品116|老凤祥珠宝首饰商品246|周大福珠宝首饰商品251|潮宏基珠宝首饰商品314
2209,U003316,0.1659,0.196955,低意向,母婴用品,高性价比优惠池,P001683|P000635|P001865|P000991|P001946,帮宝适母婴用品商品297|贝因美母婴用品商品691|贝因美母婴用品商品921|帮宝适母婴用品商品195|花王母婴用品商品688
2210,U001819,0.1658,0.228361,低意向,家居家装,高性价比优惠池,P001900|P001343|P000229|P001466|P001151,顾家家居家居家装商品551|曲美家居家装商品469|顾家家居家居家装商品198|马可波罗家居家装商品613|宜家家居家装商品838
2211,U003155,0.1656,0.258986,低意向,母婴用品,高性价比优惠池,P001683|P000635|P001865|P000991|P001946,帮宝适母婴用品商品297|贝因美母婴用品商品691|贝因美母婴用品商品921|帮宝适母婴用品商品195|花王母婴用品商品688
2212,U003713,0.1656,0.188292,低意向,汽车用品,高性价比优惠池,P001350|P001831|P000932|P001413|P001281,海康威视汽车用品商品339|3M汽车用品商品278|米其林汽车用品商品745|3M汽车用品商品342|卡仕达汽车用品商品144
2213,U000117,0.1654,0.199263,低意向,母婴用品,高性价比优惠池,P001683|P000635|P001865|P000991|P001946,帮宝适母婴用品商品297|贝因美母婴用品商品691|贝因美母婴用品商品921|帮宝适母婴用品商品195|花王母婴用品商品688
2214,U002882,0.1653,0.194,低意向,家居家装,高性价比优惠池,P001900|P001343|P000229|P001466|P001151,顾家家居家居家装商品551|曲美家居家装商品469|顾家家居家居家装商品198|马可波罗家居家装商品613|宜家家居家装商品838
2215,U002963,0.1653,0.24168,低意向,图书音像,高性价比优惠池,P001855|P001112|P000053|P001974|P001212,京东图书图书音像商品377|中信出版社图书音像商品870|京东图书图书音像商品199|博库网图书音像商品353|新华书店图书音像商品518
2216,U004688,0.1653,0.214158,低意向,母婴用品,高性价比优惠池,P001683|P000635|P001865|P000991|P001946,帮宝适母婴用品商品297|贝因美母婴用品商品691|贝因美母婴用品商品921|帮宝适母婴用品商品195|花王母婴用品商品688
2217,U003459,0.165,0.196485,低意向,运动户外,高性价比优惠池,P001637|P001804|P001967|P000194|P000210,李宁运动户外商品816|李宁运动户外商品353|探路者运动户外商品827|始祖鸟运动户外商品528|安踏运动户外商品113
2218,U002583,0.1649,0.189882,低意向,宠物用品,高性价比优惠池,P000174|P001336|P001123|P000231|P001759,麦富迪宠物用品商品180|比瑞吉宠物用品商品181|麦富迪宠物用品商品699|pidan宠物用品商品955|网易严选宠物用品商品408
2219,U003246,0.1649,0.236,低意向,医药保健,高性价比优惠池,P000765|P000827|P001891|P000351|P000793,善存医药保健商品608|Swisse医药保健商品414|Swisse医药保健商品235|汤臣倍健医药保健商品112|九芝堂医药保健商品478
2220,U000173,0.1648,0.207316,低意向,礼品鲜花,高性价比优惠池,P000831|P000680|P001029|P000319|P000890,Roseonly礼品鲜花商品580|施华洛世奇礼品鲜花商品208|野兽派礼品鲜花商品389|施华洛世奇礼品鲜花商品633|潘多拉礼品鲜花商品586
2221,U002948,0.1648,0.202369,低意向,珠宝首饰,高性价比优惠池,P000974|P000711|P001945|P000774|P001226,明牌珠宝首饰商品793|老凤祥珠宝首饰商品116|老凤祥珠宝首饰商品246|周大福珠宝首饰商品251|潮宏基珠宝首饰商品314
2222,U000549,0.1647,0.190735,低意向,宠物用品,高性价比优惠池,P000174|P001336|P001123|P000231|P001759,麦富迪宠物用品商品180|比瑞吉宠物用品商品181|麦富迪宠物用品商品699|pidan宠物用品商品955|网易严选宠物用品商品408
2223,U002173,0.1647,0.201818,低意向,美妆护肤,高性价比优惠池,P001748|P000034|P001010|P000095|P001810,完美日记美妆护肤商品797|雅诗兰黛美妆护肤商品818|雅诗兰黛美妆护肤商品295|欧莱雅美妆护肤商品977|欧莱雅美妆护肤商品587
2224,U001755,0.1646,0.193395,低意向,家居家装,高性价比优惠池,P001900|P001343|P000229|P001466|P001151,顾家家居家居家装商品551|曲美家居家装商品469|顾家家居家居家装商品198|马可波罗家居家装商品613|宜家家居家装商品838
2225,U003147,0.1646,0.190861,低意向,医药保健,高性价比优惠池,P000765|P000827|P001891|P000351|P000793,善存医药保健商品608|Swisse医药保健商品414|Swisse医药保健商品235|汤臣倍健医药保健商品112|九芝堂医药保健商品478
2226,U003677,0.1646,0.254735,低意向,宠物用品,高性价比优惠池,P000174|P001336|P001123|P000231|P001759,麦富迪宠物用品商品180|比瑞吉宠物用品商品181|麦富迪宠物用品商品699|pidan宠物用品商品955|网易严选宠物用品商品408
2227,U001119,0.1645,0.201823,低意向,服装鞋包,高性价比优惠池,P001581|P001100|P000662|P001462|P000338,耐克服装鞋包商品711|H&M服装鞋包商品119|海澜之家服装鞋包商品964|耐克服装鞋包商品391|H&M服装鞋包商品587
2228,U001241,0.1644,0.195249,低意向,食品生鲜,高性价比优惠池,P000995|P001113|P000246|P001573|P000063,良品铺子食品生鲜商品230|三只松鼠食品生鲜商品425|蒙牛食品生鲜商品866|百草味食品生鲜商品634|百草味食品生鲜商品504
2229,U002240,0.1644,0.201229,低意向,食品生鲜,高性价比优惠池,P000995|P001113|P000246|P001573|P000063,良品铺子食品生鲜商品230|三只松鼠食品生鲜商品425|蒙牛食品生鲜商品866|百草味食品生鲜商品634|百草味食品生鲜商品504
2230,U001322,0.1642,0.258256,低意向,箱包配饰,高性价比优惠池,P000702|P001253|P001930|P000361|P000987,LV箱包配饰商品940|Samsonite箱包配饰商品380|Samsonite箱包配饰商品997|GUCCI箱包配饰商品904|Samsonite箱包配饰商品467
2231,U002232,0.1642,0.202435,低意向,母婴用品,高性价比优惠池,P001683|P000635|P001865|P000991|P001946,帮宝适母婴用品商品297|贝因美母婴用品商品691|贝因美母婴用品商品921|帮宝适母婴用品商品195|花王母婴用品商品688
2232,U004539,0.1642,0.21674,低意向,美妆护肤,高性价比优惠池,P001748|P000034|P001010|P000095|P001810,完美日记美妆护肤商品797|雅诗兰黛美妆护肤商品818|雅诗兰黛美妆护肤商品295|欧莱雅美妆护肤商品977|欧莱雅美妆护肤商品587
2233,U001796,0.1641,0.205843,低意向,美妆护肤,高性价比优惠池,P001748|P000034|P001010|P000095|P001810,完美日记美妆护肤商品797|雅诗兰黛美妆护肤商品818|雅诗兰黛美妆护肤商品295|欧莱雅美妆护肤商品977|欧莱雅美妆护肤商品587
2234,U000588,0.164,0.19919,低意向,母婴用品,高性价比优惠池,P001683|P000635|P001865|P000991|P001946,帮宝适母婴用品商品297|贝因美母婴用品商品691|贝因美母婴用品商品921|帮宝适母婴用品商品195|花王母婴用品商品688
2235,U002538,0.164,0.199293,低意向,图书音像,高性价比优惠池,P001855|P001112|P000053|P001974|P001212,京东图书图书音像商品377|中信出版社图书音像商品870|京东图书图书音像商品199|博库网图书音像商品353|新华书店图书音像商品518
2236,U003831,0.164,0.28198,低意向,礼品鲜花,高性价比优惠池,P000831|P000680|P001029|P000319|P000890,Roseonly礼品鲜花商品580|施华洛世奇礼品鲜花商品208|野兽派礼品鲜花商品389|施华洛世奇礼品鲜花商品633|潘多拉礼品鲜花商品586
2237,U003228,0.1639,0.263882,低意向,珠宝首饰,高性价比优惠池,P000974|P000711|P001945|P000774|P001226,明牌珠宝首饰商品793|老凤祥珠宝首饰商品116|老凤祥珠宝首饰商品246|周大福珠宝首饰商品251|潮宏基珠宝首饰商品314
2238,U001065,0.1637,0.185845,低意向,医药保健,高性价比优惠池,P000765|P000827|P001891|P000351|P000793,善存医药保健商品608|Swisse医药保健商品414|Swisse医药保健商品235|汤臣倍健医药保健商品112|九芝堂医药保健商品478
2239,U003028,0.1637,0.287184,低意向,食品生鲜,高性价比优惠池,P000995|P001113|P000246|P001573|P000063,良品铺子食品生鲜商品230|三只松鼠食品生鲜商品425|蒙牛食品生鲜商品866|百草味食品生鲜商品634|百草味食品生鲜商品504
2240,U001549,0.1635,0.194908,低意向,宠物用品,高性价比优惠池,P000174|P001336|P001123|P000231|P001759,麦富迪宠物用品商品180|比瑞吉宠物用品商品181|麦富迪宠物用品商品699|pidan宠物用品商品955|网易严选宠物用品商品408
2241,U002736,0.1635,0.192331,低意向,手机数码,高性价比优惠池,P000518|P000173|P000438|P001705|P000874,一加手机数码商品882|OPPO手机数码商品663|OPPO手机数码商品771|苹果手机数码商品445|苹果手机数码商品704
2242,U000292,0.1634,0.283994,低意向,家居家装,高性价比优惠池,P001900|P001343|P000229|P001466|P001151,顾家家居家居家装商品551|曲美家居家装商品469|顾家家居家居家装商品198|马可波罗家居家装商品613|宜家家居家装商品838
2243,U000995,0.1634,0.236888,低意向,家居家装,高性价比优惠池,P001900|P001343|P000229|P001466|P001151,顾家家居家居家装商品551|曲美家居家装商品469|顾家家居家居家装商品198|马可波罗家居家装商品613|宜家家居家装商品838
2244,U002881,0.1634,0.192082,低意向,图书音像,高性价比优惠池,P001855|P001112|P000053|P001974|P001212,京东图书图书音像商品377|中信出版社图书音像商品870|京东图书图书音像商品199|博库网图书音像商品353|新华书店图书音像商品518
2245,U003298,0.1634,0.201452,低意向,服装鞋包,高性价比优惠池,P001581|P001100|P000662|P001462|P000338,耐克服装鞋包商品711|H&M服装鞋包商品119|海澜之家服装鞋包商品964|耐克服装鞋包商品391|H&M服装鞋包商品587
2246,U000546,0.1632,0.196141,低意向,家居家装,高性价比优惠池,P001900|P001343|P000229|P001466|P001151,顾家家居家居家装商品551|曲美家居家装商品469|顾家家居家居家装商品198|马可波罗家居家装商品613|宜家家居家装商品838
2247,U002634,0.1632,0.215192,低意向,家居家装,高性价比优惠池,P001900|P001343|P000229|P001466|P001151,顾家家居家居家装商品551|曲美家居家装商品469|顾家家居家居家装商品198|马可波罗家居家装商品613|宜家家居家装商品838
2248,U004762,0.1632,0.192688,低意向,母婴用品,高性价比优惠池,P001683|P000635|P001865|P000991|P001946,帮宝适母婴用品商品297|贝因美母婴用品商品691|贝因美母婴用品商品921|帮宝适母婴用品商品195|花王母婴用品商品688
2249,U001929,0.1631,0.195631,低意向,手机数码,高性价比优惠池,P000518|P000173|P000438|P001705|P000874,一加手机数码商品882|OPPO手机数码商品663|OPPO手机数码商品771|苹果手机数码商品445|苹果手机数码商品704
2250,U000754,0.163,0.199687,低意向,珠宝首饰,高性价比优惠池,P000974|P000711|P001945|P000774|P001226,明牌珠宝首饰商品793|老凤祥珠宝首饰商品116|老凤祥珠宝首饰商品246|周大福珠宝首饰商品251|潮宏基珠宝首饰商品314
2251,U004732,0.163,0.1999,低意向,母婴用品,高性价比优惠池,P001683|P000635|P001865|P000991|P001946,帮宝适母婴用品商品297|贝因美母婴用品商品691|贝因美母婴用品商品921|帮宝适母婴用品商品195|花王母婴用品商品688
2252,U004887,0.163,0.193582,低意向,母婴用品,高性价比优惠池,P001683|P000635|P001865|P000991|P001946,帮宝适母婴用品商品297|贝因美母婴用品商品691|贝因美母婴用品商品921|帮宝适母婴用品商品195|花王母婴用品商品688
2253,U001788,0.1629,0.19323,低意向,图书音像,高性价比优惠池,P001855|P001112|P000053|P001974|P001212,京东图书图书音像商品377|中信出版社图书音像商品870|京东图书图书音像商品199|博库网图书音像商品353|新华书店图书音像商品518
2254,U000211,0.1627,0.279566,低意向,珠宝首饰,高性价比优惠池,P000974|P000711|P001945|P000774|P001226,明牌珠宝首饰商品793|老凤祥珠宝首饰商品116|老凤祥珠宝首饰商品246|周大福珠宝首饰商品251|潮宏基珠宝首饰商品314
2255,U000776,0.1626,0.198705,低意向,手机数码,高性价比优惠池,P000518|P000173|P000438|P001705|P000874,一加手机数码商品882|OPPO手机数码商品663|OPPO手机数码商品771|苹果手机数码商品445|苹果手机数码商品704
2256,U001866,0.1625,0.186114,低意向,美妆护肤,高性价比优惠池,P001748|P000034|P001010|P000095|P001810,完美日记美妆护肤商品797|雅诗兰黛美妆护肤商品818|雅诗兰黛美妆护肤商品295|欧莱雅美妆护肤商品977|欧莱雅美妆护肤商品587
2257,U001158,0.1624,0.212057,低意向,宠物用品,高性价比优惠池,P000174|P001336|P001123|P000231|P001759,麦富迪宠物用品商品180|比瑞吉宠物用品商品181|麦富迪宠物用品商品699|pidan宠物用品商品955|网易严选宠物用品商品408
2258,U000030,0.1623,0.301475,低意向,箱包配饰,高性价比优惠池,P000702|P001253|P001930|P000361|P000987,LV箱包配饰商品940|Samsonite箱包配饰商品380|Samsonite箱包配饰商品997|GUCCI箱包配饰商品904|Samsonite箱包配饰商品467
2259,U003274,0.1623,0.196911,低意向,母婴用品,高性价比优惠池,P001683|P000635|P001865|P000991|P001946,帮宝适母婴用品商品297|贝因美母婴用品商品691|贝因美母婴用品商品921|帮宝适母婴用品商品195|花王母婴用品商品688
2260,U004453,0.1623,0.189599,低意向,食品生鲜,高性价比优惠池,P000995|P001113|P000246|P001573|P000063,良品铺子食品生鲜商品230|三只松鼠食品生鲜商品425|蒙牛食品生鲜商品866|百草味食品生鲜商品634|百草味食品生鲜商品504
2261,U000269,0.1622,0.196404,低意向,服装鞋包,高性价比优惠池,P001581|P001100|P000662|P001462|P000338,耐克服装鞋包商品711|H&M服装鞋包商品119|海澜之家服装鞋包商品964|耐克服装鞋包商品391|H&M服装鞋包商品587
2262,U000593,0.162,0.194865,低意向,家用电器,高性价比优惠池,P001338|P000409|P001480|P001850|P001635,苏泊尔家用电器商品596|苏泊尔家用电器商品852|戴森家用电器商品536|戴森家用电器商品883|西门子家用电器商品795
2263,U002956,0.162,0.189679,低意向,美妆护肤,高性价比优惠池,P001748|P000034|P001010|P000095|P001810,完美日记美妆护肤商品797|雅诗兰黛美妆护肤商品818|雅诗兰黛美妆护肤商品295|欧莱雅美妆护肤商品977|欧莱雅美妆护肤商品587
2264,U001462,0.1616,0.201298,低意向,宠物用品,高性价比优惠池,P000174|P001336|P001123|P000231|P001759,麦富迪宠物用品商品180|比瑞吉宠物用品商品181|麦富迪宠物用品商品699|pidan宠物用品商品955|网易严选宠物用品商品408
2265,U002629,0.1616,0.198082,低意向,家居家装,高性价比优惠池,P001900|P001343|P000229|P001466|P001151,顾家家居家居家装商品551|曲美家居家装商品469|顾家家居家居家装商品198|马可波罗家居家装商品613|宜家家居家装商品838
2266,U003193,0.1616,0.265913,低意向,礼品鲜花,高性价比优惠池,P000831|P000680|P001029|P000319|P000890,Roseonly礼品鲜花商品580|施华洛世奇礼品鲜花商品208|野兽派礼品鲜花商品389|施华洛世奇礼品鲜花商品633|潘多拉礼品鲜花商品586
2267,U003615,0.1616,0.201111,低意向,医药保健,高性价比优惠池,P000765|P000827|P001891|P000351|P000793,善存医药保健商品608|Swisse医药保健商品414|Swisse医药保健商品235|汤臣倍健医药保健商品112|九芝堂医药保健商品478
2268,U001371,0.1615,0.253343,低意向,汽车用品,高性价比优惠池,P001350|P001831|P000932|P001413|P001281,海康威视汽车用品商品339|3M汽车用品商品278|米其林汽车用品商品745|3M汽车用品商品342|卡仕达汽车用品商品144
2269,U003194,0.1615,0.193696,低意向,宠物用品,高性价比优惠池,P000174|P001336|P001123|P000231|P001759,麦富迪宠物用品商品180|比瑞吉宠物用品商品181|麦富迪宠物用品商品699|pidan宠物用品商品955|网易严选宠物用品商品408
2270,U003741,0.1615,0.197527,低意向,箱包配饰,高性价比优惠池,P000702|P001253|P001930|P000361|P000987,LV箱包配饰商品940|Samsonite箱包配饰商品380|Samsonite箱包配饰商品997|GUCCI箱包配饰商品904|Samsonite箱包配饰商品467
2271,U004081,0.1614,0.186721,低意向,服装鞋包,高性价比优惠池,P001581|P001100|P000662|P001462|P000338,耐克服装鞋包商品711|H&M服装鞋包商品119|海澜之家服装鞋包商品964|耐克服装鞋包商品391|H&M服装鞋包商品587
2272,U004376,0.1614,0.186182,低意向,图书音像,高性价比优惠池,P001855|P001112|P000053|P001974|P001212,京东图书图书音像商品377|中信出版社图书音像商品870|京东图书图书音像商品199|博库网图书音像商品353|新华书店图书音像商品518
2273,U002976,0.1612,0.195607,低意向,箱包配饰,高性价比优惠池,P000702|P001253|P001930|P000361|P000987,LV箱包配饰商品940|Samsonite箱包配饰商品380|Samsonite箱包配饰商品997|GUCCI箱包配饰商品904|Samsonite箱包配饰商品467
2274,U004263,0.1612,0.197002,低意向,食品生鲜,高性价比优惠池,P000995|P001113|P000246|P001573|P000063,良品铺子食品生鲜商品230|三只松鼠食品生鲜商品425|蒙牛食品生鲜商品866|百草味食品生鲜商品634|百草味食品生鲜商品504
2275,U000501,0.1611,0.189714,低意向,医药保健,高性价比优惠池,P000765|P000827|P001891|P000351|P000793,善存医药保健商品608|Swisse医药保健商品414|Swisse医药保健商品235|汤臣倍健医药保健商品112|九芝堂医药保健商品478
2276,U001035,0.161,0.24425,低意向,食品生鲜,高性价比优惠池,P000995|P001113|P000246|P001573|P000063,良品铺子食品生鲜商品230|三只松鼠食品生鲜商品425|蒙牛食品生鲜商品866|百草味食品生鲜商品634|百草味食品生鲜商品504
2277,U004093,0.161,0.277811,低意向,医药保健,高性价比优惠池,P000765|P000827|P001891|P000351|P000793,善存医药保健商品608|Swisse医药保健商品414|Swisse医药保健商品235|汤臣倍健医药保健商品112|九芝堂医药保健商品478
2278,U004161,0.161,0.194459,低意向,医药保健,高性价比优惠池,P000765|P000827|P001891|P000351|P000793,善存医药保健商品608|Swisse医药保健商品414|Swisse医药保健商品235|汤臣倍健医药保健商品112|九芝堂医药保健商品478
2279,U000592,0.1609,0.188924,低意向,宠物用品,高性价比优惠池,P000174|P001336|P001123|P000231|P001759,麦富迪宠物用品商品180|比瑞吉宠物用品商品181|麦富迪宠物用品商品699|pidan宠物用品商品955|网易严选宠物用品商品408
2280,U000642,0.1609,0.183564,低意向,汽车用品,高性价比优惠池,P001350|P001831|P000932|P001413|P001281,海康威视汽车用品商品339|3M汽车用品商品278|米其林汽车用品商品745|3M汽车用品商品342|卡仕达汽车用品商品144
2281,U002437,0.1609,0.219791,低意向,汽车用品,高性价比优惠池,P001350|P001831|P000932|P001413|P001281,海康威视汽车用品商品339|3M汽车用品商品278|米其林汽车用品商品745|3M汽车用品商品342|卡仕达汽车用品商品144
2282,U004031,0.1609,0.190864,低意向,美妆护肤,高性价比优惠池,P001748|P000034|P001010|P000095|P001810,完美日记美妆护肤商品797|雅诗兰黛美妆护肤商品818|雅诗兰黛美妆护肤商品295|欧莱雅美妆护肤商品977|欧莱雅美妆护肤商品587
2283,U002070,0.1608,0.199567,低意向,家居家装,高性价比优惠池,P001900|P001343|P000229|P001466|P001151,顾家家居家居家装商品551|曲美家居家装商品469|顾家家居家居家装商品198|马可波罗家居家装商品613|宜家家居家装商品838
2284,U004119,0.1608,0.244035,低意向,礼品鲜花,高性价比优惠池,P000831|P000680|P001029|P000319|P000890,Roseonly礼品鲜花商品580|施华洛世奇礼品鲜花商品208|野兽派礼品鲜花商品389|施华洛世奇礼品鲜花商品633|潘多拉礼品鲜花商品586
2285,U000789,0.1607,0.199179,低意向,汽车用品,高性价比优惠池,P001350|P001831|P000932|P001413|P001281,海康威视汽车用品商品339|3M汽车用品商品278|米其林汽车用品商品745|3M汽车用品商品342|卡仕达汽车用品商品144
2286,U000666,0.1606,0.182871,低意向,医药保健,高性价比优惠池,P000765|P000827|P001891|P000351|P000793,善存医药保健商品608|Swisse医药保健商品414|Swisse医药保健商品235|汤臣倍健医药保健商品112|九芝堂医药保健商品478
2287,U004052,0.1606,0.201861,低意向,服装鞋包,高性价比优惠池,P001581|P001100|P000662|P001462|P000338,耐克服装鞋包商品711|H&M服装鞋包商品119|海澜之家服装鞋包商品964|耐克服装鞋包商品391|H&M服装鞋包商品587
2288,U002926,0.1604,0.229343,低意向,宠物用品,高性价比优惠池,P000174|P001336|P001123|P000231|P001759,麦富迪宠物用品商品180|比瑞吉宠物用品商品181|麦富迪宠物用品商品699|pidan宠物用品商品955|网易严选宠物用品商品408
2289,U004012,0.1603,0.222492,低意向,服装鞋包,高性价比优惠池,P001581|P001100|P000662|P001462|P000338,耐克服装鞋包商品711|H&M服装鞋包商品119|海澜之家服装鞋包商品964|耐克服装鞋包商品391|H&M服装鞋包商品587
2290,U002235,0.1602,0.19164,低意向,图书音像,高性价比优惠池,P001855|P001112|P000053|P001974|P001212,京东图书图书音像商品377|中信出版社图书音像商品870|京东图书图书音像商品199|博库网图书音像商品353|新华书店图书音像商品518
2291,U002197,0.1601,0.192549,低意向,图书音像,高性价比优惠池,P001855|P001112|P000053|P001974|P001212,京东图书图书音像商品377|中信出版社图书音像商品870|京东图书图书音像商品199|博库网图书音像商品353|新华书店图书音像商品518
2292,U004733,0.1601,0.189285,低意向,箱包配饰,高性价比优惠池,P000702|P001253|P001930|P000361|P000987,LV箱包配饰商品940|Samsonite箱包配饰商品380|Samsonite箱包配饰商品997|GUCCI箱包配饰商品904|Samsonite箱包配饰商品467
2293,U000657,0.16,0.178663,低意向,医药保健,高性价比优惠池,P000765|P000827|P001891|P000351|P000793,善存医药保健商品608|Swisse医药保健商品414|Swisse医药保健商品235|汤臣倍健医药保健商品112|九芝堂医药保健商品478
2294,U001408,0.16,0.193519,低意向,,高性价比优惠池,P001855|P000765|P000174|P000974|P001112,京东图书图书音像商品377|善存医药保健商品608|麦富迪宠物用品商品180|明牌珠宝首饰商品793|中信出版社图书音像商品870
2295,U002222,0.1599,0.266064,低意向,美妆护肤,高性价比优惠池,P001748|P000034|P001010|P000095|P001810,完美日记美妆护肤商品797|雅诗兰黛美妆护肤商品818|雅诗兰黛美妆护肤商品295|欧莱雅美妆护肤商品977|欧莱雅美妆护肤商品587
2296,U003788,0.1599,0.204592,低意向,家居家装,高性价比优惠池,P001900|P001343|P000229|P001466|P001151,顾家家居家居家装商品551|曲美家居家装商品469|顾家家居家居家装商品198|马可波罗家居家装商品613|宜家家居家装商品838
2297,U000440,0.1597,0.194032,低意向,手机数码,高性价比优惠池,P000518|P000173|P000438|P001705|P000874,一加手机数码商品882|OPPO手机数码商品663|OPPO手机数码商品771|苹果手机数码商品445|苹果手机数码商品704
2298,U001254,0.1597,0.261128,低意向,珠宝首饰,高性价比优惠池,P000974|P000711|P001945|P000774|P001226,明牌珠宝首饰商品793|老凤祥珠宝首饰商品116|老凤祥珠宝首饰商品246|周大福珠宝首饰商品251|潮宏基珠宝首饰商品314
2299,U003693,0.1597,0.227726,低意向,箱包配饰,高性价比优惠池,P000702|P001253|P001930|P000361|P000987,LV箱包配饰商品940|Samsonite箱包配饰商品380|Samsonite箱包配饰商品997|GUCCI箱包配饰商品904|Samsonite箱包配饰商品467
2300,U000081,0.1596,0.252703,低意向,运动户外,高性价比优惠池,P001637|P001804|P001967|P000194|P000210,李宁运动户外商品816|李宁运动户外商品353|探路者运动户外商品827|始祖鸟运动户外商品528|安踏运动户外商品113
2301,U003159,0.1596,0.181606,低意向,宠物用品,高性价比优惠池,P000174|P001336|P001123|P000231|P001759,麦富迪宠物用品商品180|比瑞吉宠物用品商品181|麦富迪宠物用品商品699|pidan宠物用品商品955|网易严选宠物用品商品408
2302,U003672,0.1596,0.25175,低意向,珠宝首饰,高性价比优惠池,P000974|P000711|P001945|P000774|P001226,明牌珠宝首饰商品793|老凤祥珠宝首饰商品116|老凤祥珠宝首饰商品246|周大福珠宝首饰商品251|潮宏基珠宝首饰商品314
2303,U000912,0.1595,0.264357,低意向,美妆护肤,高性价比优惠池,P001748|P000034|P001010|P000095|P001810,完美日记美妆护肤商品797|雅诗兰黛美妆护肤商品818|雅诗兰黛美妆护肤商品295|欧莱雅美妆护肤商品977|欧莱雅美妆护肤商品587
2304,U002049,0.1595,0.199792,低意向,美妆护肤,高性价比优惠池,P001748|P000034|P001010|P000095|P001810,完美日记美妆护肤商品797|雅诗兰黛美妆护肤商品818|雅诗兰黛美妆护肤商品295|欧莱雅美妆护肤商品977|欧莱雅美妆护肤商品587
2305,U004332,0.1595,0.187515,低意向,手机数码,高性价比优惠池,P000518|P000173|P000438|P001705|P000874,一加手机数码商品882|OPPO手机数码商品663|OPPO手机数码商品771|苹果手机数码商品445|苹果手机数码商品704
2306,U000842,0.1594,0.23115,低意向,医药保健,高性价比优惠池,P000765|P000827|P001891|P000351|P000793,善存医药保健商品608|Swisse医药保健商品414|Swisse医药保健商品235|汤臣倍健医药保健商品112|九芝堂医药保健商品478
2307,U001153,0.1594,0.181932,低意向,礼品鲜花,高性价比优惠池,P000831|P000680|P001029|P000319|P000890,Roseonly礼品鲜花商品580|施华洛世奇礼品鲜花商品208|野兽派礼品鲜花商品389|施华洛世奇礼品鲜花商品633|潘多拉礼品鲜花商品586
2308,U001879,0.1594,0.176977,低意向,箱包配饰,高性价比优惠池,P000702|P001253|P001930|P000361|P000987,LV箱包配饰商品940|Samsonite箱包配饰商品380|Samsonite箱包配饰商品997|GUCCI箱包配饰商品904|Samsonite箱包配饰商品467
2309,U002889,0.1593,0.194271,低意向,手机数码,高性价比优惠池,P000518|P000173|P000438|P001705|P000874,一加手机数码商品882|OPPO手机数码商品663|OPPO手机数码商品771|苹果手机数码商品445|苹果手机数码商品704
2310,U003753,0.1593,0.236538,低意向,医药保健,高性价比优惠池,P000765|P000827|P001891|P000351|P000793,善存医药保健商品608|Swisse医药保健商品414|Swisse医药保健商品235|汤臣倍健医药保健商品112|九芝堂医药保健商品478
2311,U004058,0.1593,0.188045,低意向,宠物用品,高性价比优惠池,P000174|P001336|P001123|P000231|P001759,麦富迪宠物用品商品180|比瑞吉宠物用品商品181|麦富迪宠物用品商品699|pidan宠物用品商品955|网易严选宠物用品商品408
2312,U001419,0.159,0.202061,低意向,母婴用品,高性价比优惠池,P001683|P000635|P001865|P000991|P001946,帮宝适母婴用品商品297|贝因美母婴用品商品691|贝因美母婴用品商品921|帮宝适母婴用品商品195|花王母婴用品商品688
2313,U001454,0.159,0.177757,低意向,运动户外,高性价比优惠池,P001637|P001804|P001967|P000194|P000210,李宁运动户外商品816|李宁运动户外商品353|探路者运动户外商品827|始祖鸟运动户外商品528|安踏运动户外商品113
2314,U002613,0.159,0.192646,低意向,家用电器,高性价比优惠池,P001338|P000409|P001480|P001850|P001635,苏泊尔家用电器商品596|苏泊尔家用电器商品852|戴森家用电器商品536|戴森家用电器商品883|西门子家用电器商品795
2315,U003156,0.159,0.189424,低意向,家居家装,高性价比优惠池,P001900|P001343|P000229|P001466|P001151,顾家家居家居家装商品551|曲美家居家装商品469|顾家家居家居家装商品198|马可波罗家居家装商品613|宜家家居家装商品838
2316,U004063,0.159,0.232372,低意向,母婴用品,高性价比优惠池,P001683|P000635|P001865|P000991|P001946,帮宝适母婴用品商品297|贝因美母婴用品商品691|贝因美母婴用品商品921|帮宝适母婴用品商品195|花王母婴用品商品688
2317,U001607,0.1589,0.234776,低意向,美妆护肤,高性价比优惠池,P001748|P000034|P001010|P000095|P001810,完美日记美妆护肤商品797|雅诗兰黛美妆护肤商品818|雅诗兰黛美妆护肤商品295|欧莱雅美妆护肤商品977|欧莱雅美妆护肤商品587
2318,U003396,0.1589,0.1957,低意向,手机数码,高性价比优惠池,P000518|P000173|P000438|P001705|P000874,一加手机数码商品882|OPPO手机数码商品663|OPPO手机数码商品771|苹果手机数码商品445|苹果手机数码商品704
2319,U003988,0.1589,0.190357,低意向,家用电器,高性价比优惠池,P001338|P000409|P001480|P001850|P001635,苏泊尔家用电器商品596|苏泊尔家用电器商品852|戴森家用电器商品536|戴森家用电器商品883|西门子家用电器商品795
2320,U000144,0.1588,0.183987,低意向,图书音像,高性价比优惠池,P001855|P001112|P000053|P001974|P001212,京东图书图书音像商品377|中信出版社图书音像商品870|京东图书图书音像商品199|博库网图书音像商品353|新华书店图书音像商品518
2321,U000753,0.1587,0.195261,低意向,食品生鲜,高性价比优惠池,P000995|P001113|P000246|P001573|P000063,良品铺子食品生鲜商品230|三只松鼠食品生鲜商品425|蒙牛食品生鲜商品866|百草味食品生鲜商品634|百草味食品生鲜商品504
2322,U002150,0.1587,0.189314,低意向,手机数码,高性价比优惠池,P000518|P000173|P000438|P001705|P000874,一加手机数码商品882|OPPO手机数码商品663|OPPO手机数码商品771|苹果手机数码商品445|苹果手机数码商品704
2323,U003945,0.1587,0.302208,低意向,食品生鲜,高性价比优惠池,P000995|P001113|P000246|P001573|P000063,良品铺子食品生鲜商品230|三只松鼠食品生鲜商品425|蒙牛食品生鲜商品866|百草味食品生鲜商品634|百草味食品生鲜商品504
2324,U004331,0.1587,0.19178,低意向,家居家装,高性价比优惠池,P001900|P001343|P000229|P001466|P001151,顾家家居家居家装商品551|曲美家居家装商品469|顾家家居家居家装商品198|马可波罗家居家装商品613|宜家家居家装商品838
2325,U002979,0.1586,0.238195,低意向,礼品鲜花,高性价比优惠池,P000831|P000680|P001029|P000319|P000890,Roseonly礼品鲜花商品580|施华洛世奇礼品鲜花商品208|野兽派礼品鲜花商品389|施华洛世奇礼品鲜花商品633|潘多拉礼品鲜花商品586
2326,U004210,0.1586,0.251224,低意向,美妆护肤,高性价比优惠池,P001748|P000034|P001010|P000095|P001810,完美日记美妆护肤商品797|雅诗兰黛美妆护肤商品818|雅诗兰黛美妆护肤商品295|欧莱雅美妆护肤商品977|欧莱雅美妆护肤商品587
2327,U001637,0.1585,0.195582,低意向,汽车用品,高性价比优惠池,P001350|P001831|P000932|P001413|P001281,海康威视汽车用品商品339|3M汽车用品商品278|米其林汽车用品商品745|3M汽车用品商品342|卡仕达汽车用品商品144
2328,U002043,0.1585,0.186202,低意向,礼品鲜花,高性价比优惠池,P000831|P000680|P001029|P000319|P000890,Roseonly礼品鲜花商品580|施华洛世奇礼品鲜花商品208|野兽派礼品鲜花商品389|施华洛世奇礼品鲜花商品633|潘多拉礼品鲜花商品586
2329,U003013,0.1585,0.185305,低意向,汽车用品,高性价比优惠池,P001350|P001831|P000932|P001413|P001281,海康威视汽车用品商品339|3M汽车用品商品278|米其林汽车用品商品745|3M汽车用品商品342|卡仕达汽车用品商品144
2330,U004829,0.1585,0.186281,低意向,宠物用品,高性价比优惠池,P000174|P001336|P001123|P000231|P001759,麦富迪宠物用品商品180|比瑞吉宠物用品商品181|麦富迪宠物用品商品699|pidan宠物用品商品955|网易严选宠物用品商品408
2331,U002580,0.1584,0.188415,低意向,家用电器,高性价比优惠池,P001338|P000409|P001480|P001850|P001635,苏泊尔家用电器商品596|苏泊尔家用电器商品852|戴森家用电器商品536|戴森家用电器商品883|西门子家用电器商品795
2332,U003655,0.1584,0.24229,低意向,食品生鲜,高性价比优惠池,P000995|P001113|P000246|P001573|P000063,良品铺子食品生鲜商品230|三只松鼠食品生鲜商品425|蒙牛食品生鲜商品866|百草味食品生鲜商品634|百草味食品生鲜商品504
2333,U003863,0.1584,0.220831,低意向,母婴用品,高性价比优惠池,P001683|P000635|P001865|P000991|P001946,帮宝适母婴用品商品297|贝因美母婴用品商品691|贝因美母婴用品商品921|帮宝适母婴用品商品195|花王母婴用品商品688
2334,U002608,0.1583,0.189136,低意向,母婴用品,高性价比优惠池,P001683|P000635|P001865|P000991|P001946,帮宝适母婴用品商品297|贝因美母婴用品商品691|贝因美母婴用品商品921|帮宝适母婴用品商品195|花王母婴用品商品688
2335,U002804,0.1583,0.191311,低意向,箱包配饰,高性价比优惠池,P000702|P001253|P001930|P000361|P000987,LV箱包配饰商品940|Samsonite箱包配饰商品380|Samsonite箱包配饰商品997|GUCCI箱包配饰商品904|Samsonite箱包配饰商品467
2336,U003002,0.1583,0.239981,低意向,手机数码,高性价比优惠池,P000518|P000173|P000438|P001705|P000874,一加手机数码商品882|OPPO手机数码商品663|OPPO手机数码商品771|苹果手机数码商品445|苹果手机数码商品704
2337,U003966,0.1583,0.190172,低意向,医药保健,高性价比优惠池,P000765|P000827|P001891|P000351|P000793,善存医药保健商品608|Swisse医药保健商品414|Swisse医药保健商品235|汤臣倍健医药保健商品112|九芝堂医药保健商品478
2338,U000266,0.1582,0.202151,低意向,汽车用品,高性价比优惠池,P001350|P001831|P000932|P001413|P001281,海康威视汽车用品商品339|3M汽车用品商品278|米其林汽车用品商品745|3M汽车用品商品342|卡仕达汽车用品商品144
2339,U000342,0.1582,0.199179,低意向,家居家装,高性价比优惠池,P001900|P001343|P000229|P001466|P001151,顾家家居家居家装商品551|曲美家居家装商品469|顾家家居家居家装商品198|马可波罗家居家装商品613|宜家家居家装商品838
2340,U001631,0.1581,0.252704,低意向,食品生鲜,高性价比优惠池,P000995|P001113|P000246|P001573|P000063,良品铺子食品生鲜商品230|三只松鼠食品生鲜商品425|蒙牛食品生鲜商品866|百草味食品生鲜商品634|百草味食品生鲜商品504
2341,U004867,0.1581,0.254297,低意向,珠宝首饰,高性价比优惠池,P000974|P000711|P001945|P000774|P001226,明牌珠宝首饰商品793|老凤祥珠宝首饰商品116|老凤祥珠宝首饰商品246|周大福珠宝首饰商品251|潮宏基珠宝首饰商品314
2342,U001008,0.1579,0.196768,低意向,珠宝首饰,高性价比优惠池,P000974|P000711|P001945|P000774|P001226,明牌珠宝首饰商品793|老凤祥珠宝首饰商品116|老凤祥珠宝首饰商品246|周大福珠宝首饰商品251|潮宏基珠宝首饰商品314
2343,U001679,0.1579,0.19553,低意向,家用电器,高性价比优惠池,P001338|P000409|P001480|P001850|P001635,苏泊尔家用电器商品596|苏泊尔家用电器商品852|戴森家用电器商品536|戴森家用电器商品883|西门子家用电器商品795
2344,U003541,0.1577,0.203331,低意向,家用电器,高性价比优惠池,P001338|P000409|P001480|P001850|P001635,苏泊尔家用电器商品596|苏泊尔家用电器商品852|戴森家用电器商品536|戴森家用电器商品883|西门子家用电器商品795
2345,U004131,0.1577,0.195166,低意向,手机数码,高性价比优惠池,P000518|P000173|P000438|P001705|P000874,一加手机数码商品882|OPPO手机数码商品663|OPPO手机数码商品771|苹果手机数码商品445|苹果手机数码商品704
2346,U003017,0.1576,0.191597,低意向,医药保健,高性价比优惠池,P000765|P000827|P001891|P000351|P000793,善存医药保健商品608|Swisse医药保健商品414|Swisse医药保健商品235|汤臣倍健医药保健商品112|九芝堂医药保健商品478
2347,U004547,0.1576,0.187102,低意向,汽车用品,高性价比优惠池,P001350|P001831|P000932|P001413|P001281,海康威视汽车用品商品339|3M汽车用品商品278|米其林汽车用品商品745|3M汽车用品商品342|卡仕达汽车用品商品144
2348,U004642,0.1573,0.195568,低意向,家居家装,高性价比优惠池,P001900|P001343|P000229|P001466|P001151,顾家家居家居家装商品551|曲美家居家装商品469|顾家家居家居家装商品198|马可波罗家居家装商品613|宜家家居家装商品838
2349,U000162,0.1572,0.188869,低意向,汽车用品,高性价比优惠池,P001350|P001831|P000932|P001413|P001281,海康威视汽车用品商品339|3M汽车用品商品278|米其林汽车用品商品745|3M汽车用品商品342|卡仕达汽车用品商品144
2350,U001047,0.1572,0.251911,低意向,食品生鲜,高性价比优惠池,P000995|P001113|P000246|P001573|P000063,良品铺子食品生鲜商品230|三只松鼠食品生鲜商品425|蒙牛食品生鲜商品866|百草味食品生鲜商品634|百草味食品生鲜商品504
2351,U001187,0.1572,0.191184,低意向,宠物用品,高性价比优惠池,P000174|P001336|P001123|P000231|P001759,麦富迪宠物用品商品180|比瑞吉宠物用品商品181|麦富迪宠物用品商品699|pidan宠物用品商品955|网易严选宠物用品商品408
2352,U001581,0.1571,0.186009,低意向,服装鞋包,高性价比优惠池,P001581|P001100|P000662|P001462|P000338,耐克服装鞋包商品711|H&M服装鞋包商品119|海澜之家服装鞋包商品964|耐克服装鞋包商品391|H&M服装鞋包商品587
2353,U002856,0.1571,0.208898,低意向,运动户外,高性价比优惠池,P001637|P001804|P001967|P000194|P000210,李宁运动户外商品816|李宁运动户外商品353|探路者运动户外商品827|始祖鸟运动户外商品528|安踏运动户外商品113
2354,U000070,0.157,0.261796,低意向,医药保健,高性价比优惠池,P000765|P000827|P001891|P000351|P000793,善存医药保健商品608|Swisse医药保健商品414|Swisse医药保健商品235|汤臣倍健医药保健商品112|九芝堂医药保健商品478
2355,U003535,0.157,0.187832,低意向,宠物用品,高性价比优惠池,P000174|P001336|P001123|P000231|P001759,麦富迪宠物用品商品180|比瑞吉宠物用品商品181|麦富迪宠物用品商品699|pidan宠物用品商品955|网易严选宠物用品商品408
2356,U003411,0.1569,0.226471,低意向,服装鞋包,高性价比优惠池,P001581|P001100|P000662|P001462|P000338,耐克服装鞋包商品711|H&M服装鞋包商品119|海澜之家服装鞋包商品964|耐克服装鞋包商品391|H&M服装鞋包商品587
2357,U001027,0.1568,0.194512,低意向,医药保健,高性价比优惠池,P000765|P000827|P001891|P000351|P000793,善存医药保健商品608|Swisse医药保健商品414|Swisse医药保健商品235|汤臣倍健医药保健商品112|九芝堂医药保健商品478
2358,U004230,0.1567,0.195079,低意向,箱包配饰,高性价比优惠池,P000702|P001253|P001930|P000361|P000987,LV箱包配饰商品940|Samsonite箱包配饰商品380|Samsonite箱包配饰商品997|GUCCI箱包配饰商品904|Samsonite箱包配饰商品467
2359,U002339,0.1566,0.19476,低意向,家用电器,高性价比优惠池,P001338|P000409|P001480|P001850|P001635,苏泊尔家用电器商品596|苏泊尔家用电器商品852|戴森家用电器商品536|戴森家用电器商品883|西门子家用电器商品795
2360,U003291,0.1566,0.23969,低意向,手机数码,高性价比优惠池,P000518|P000173|P000438|P001705|P000874,一加手机数码商品882|OPPO手机数码商品663|OPPO手机数码商品771|苹果手机数码商品445|苹果手机数码商品704
2361,U001583,0.1565,0.195801,低意向,手机数码,高性价比优惠池,P000518|P000173|P000438|P001705|P000874,一加手机数码商品882|OPPO手机数码商品663|OPPO手机数码商品771|苹果手机数码商品445|苹果手机数码商品704
2362,U003880,0.1565,0.189294,低意向,图书音像,高性价比优惠池,P001855|P001112|P000053|P001974|P001212,京东图书图书音像商品377|中信出版社图书音像商品870|京东图书图书音像商品199|博库网图书音像商品353|新华书店图书音像商品518
2363,U000887,0.1564,0.190023,低意向,家用电器,高性价比优惠池,P001338|P000409|P001480|P001850|P001635,苏泊尔家用电器商品596|苏泊尔家用电器商品852|戴森家用电器商品536|戴森家用电器商品883|西门子家用电器商品795
2364,U002604,0.1564,0.244484,低意向,手机数码,高性价比优惠池,P000518|P000173|P000438|P001705|P000874,一加手机数码商品882|OPPO手机数码商品663|OPPO手机数码商品771|苹果手机数码商品445|苹果手机数码商品704
2365,U003901,0.1564,0.183785,低意向,母婴用品,高性价比优惠池,P001683|P000635|P001865|P000991|P001946,帮宝适母婴用品商品297|贝因美母婴用品商品691|贝因美母婴用品商品921|帮宝适母婴用品商品195|花王母婴用品商品688
2366,U004377,0.1564,0.247176,低意向,礼品鲜花,高性价比优惠池,P000831|P000680|P001029|P000319|P000890,Roseonly礼品鲜花商品580|施华洛世奇礼品鲜花商品208|野兽派礼品鲜花商品389|施华洛世奇礼品鲜花商品633|潘多拉礼品鲜花商品586
2367,U004827,0.1564,0.251001,低意向,箱包配饰,高性价比优惠池,P000702|P001253|P001930|P000361|P000987,LV箱包配饰商品940|Samsonite箱包配饰商品380|Samsonite箱包配饰商品997|GUCCI箱包配饰商品904|Samsonite箱包配饰商品467
2368,U000101,0.1563,0.242657,低意向,服装鞋包,高性价比优惠池,P001581|P001100|P000662|P001462|P000338,耐克服装鞋包商品711|H&M服装鞋包商品119|海澜之家服装鞋包商品964|耐克服装鞋包商品391|H&M服装鞋包商品587
2369,U003213,0.1563,0.19495,低意向,家居家装,高性价比优惠池,P001900|P001343|P000229|P001466|P001151,顾家家居家居家装商品551|曲美家居家装商品469|顾家家居家居家装商品198|马可波罗家居家装商品613|宜家家居家装商品838
2370,U003937,0.1563,0.273982,低意向,图书音像,高性价比优惠池,P001855|P001112|P000053|P001974|P001212,京东图书图书音像商品377|中信出版社图书音像商品870|京东图书图书音像商品199|博库网图书音像商品353|新华书店图书音像商品518
2371,U000208,0.1562,0.18631,低意向,食品生鲜,高性价比优惠池,P000995|P001113|P000246|P001573|P000063,良品铺子食品生鲜商品230|三只松鼠食品生鲜商品425|蒙牛食品生鲜商品866|百草味食品生鲜商品634|百草味食品生鲜商品504
2372,U001394,0.1562,0.192677,低意向,手机数码,高性价比优惠池,P000518|P000173|P000438|P001705|P000874,一加手机数码商品882|OPPO手机数码商品663|OPPO手机数码商品771|苹果手机数码商品445|苹果手机数码商品704
2373,U004606,0.1562,0.266455,低意向,服装鞋包,高性价比优惠池,P001581|P001100|P000662|P001462|P000338,耐克服装鞋包商品711|H&M服装鞋包商品119|海澜之家服装鞋包商品964|耐克服装鞋包商品391|H&M服装鞋包商品587
2374,U002125,0.1561,0.254514,低意向,食品生鲜,高性价比优惠池,P000995|P001113|P000246|P001573|P000063,良品铺子食品生鲜商品230|三只松鼠食品生鲜商品425|蒙牛食品生鲜商品866|百草味食品生鲜商品634|百草味食品生鲜商品504
2375,U003322,0.1561,0.28771,低意向,家用电器,高性价比优惠池,P001338|P000409|P001480|P001850|P001635,苏泊尔家用电器商品596|苏泊尔家用电器商品852|戴森家用电器商品536|戴森家用电器商品883|西门子家用电器商品795
2376,U001263,0.156,0.195603,低意向,运动户外,高性价比优惠池,P001637|P001804|P001967|P000194|P000210,李宁运动户外商品816|李宁运动户外商品353|探路者运动户外商品827|始祖鸟运动户外商品528|安踏运动户外商品113
2377,U004364,0.156,0.196802,低意向,箱包配饰,高性价比优惠池,P000702|P001253|P001930|P000361|P000987,LV箱包配饰商品940|Samsonite箱包配饰商品380|Samsonite箱包配饰商品997|GUCCI箱包配饰商品904|Samsonite箱包配饰商品467
2378,U004398,0.1559,0.229866,低意向,家居家装,高性价比优惠池,P001900|P001343|P000229|P001466|P001151,顾家家居家居家装商品551|曲美家居家装商品469|顾家家居家居家装商品198|马可波罗家居家装商品613|宜家家居家装商品838
2379,U000380,0.1557,0.198002,低意向,医药保健,高性价比优惠池,P000765|P000827|P001891|P000351|P000793,善存医药保健商品608|Swisse医药保健商品414|Swisse医药保健商品235|汤臣倍健医药保健商品112|九芝堂医药保健商品478
2380,U004973,0.1556,0.189968,低意向,箱包配饰,高性价比优惠池,P000702|P001253|P001930|P000361|P000987,LV箱包配饰商品940|Samsonite箱包配饰商品380|Samsonite箱包配饰商品997|GUCCI箱包配饰商品904|Samsonite箱包配饰商品467
2381,U001140,0.1555,0.194603,低意向,珠宝首饰,高性价比优惠池,P000974|P000711|P001945|P000774|P001226,明牌珠宝首饰商品793|老凤祥珠宝首饰商品116|老凤祥珠宝首饰商品246|周大福珠宝首饰商品251|潮宏基珠宝首饰商品314
2382,U002639,0.1555,0.190461,低意向,箱包配饰,高性价比优惠池,P000702|P001253|P001930|P000361|P000987,LV箱包配饰商品940|Samsonite箱包配饰商品380|Samsonite箱包配饰商品997|GUCCI箱包配饰商品904|Samsonite箱包配饰商品467
2383,U002292,0.1554,0.196807,低意向,运动户外,高性价比优惠池,P001637|P001804|P001967|P000194|P000210,李宁运动户外商品816|李宁运动户外商品353|探路者运动户外商品827|始祖鸟运动户外商品528|安踏运动户外商品113
2384,U002616,0.1554,0.183268,低意向,汽车用品,高性价比优惠池,P001350|P001831|P000932|P001413|P001281,海康威视汽车用品商品339|3M汽车用品商品278|米其林汽车用品商品745|3M汽车用品商品342|卡仕达汽车用品商品144
2385,U000785,0.1553,0.185412,低意向,珠宝首饰,高性价比优惠池,P000974|P000711|P001945|P000774|P001226,明牌珠宝首饰商品793|老凤祥珠宝首饰商品116|老凤祥珠宝首饰商品246|周大福珠宝首饰商品251|潮宏基珠宝首饰商品314
2386,U004841,0.1553,0.190429,低意向,手机数码,高性价比优惠池,P000518|P000173|P000438|P001705|P000874,一加手机数码商品882|OPPO手机数码商品663|OPPO手机数码商品771|苹果手机数码商品445|苹果手机数码商品704
2387,U001541,0.1552,0.189736,低意向,母婴用品,高性价比优惠池,P001683|P000635|P001865|P000991|P001946,帮宝适母婴用品商品297|贝因美母婴用品商品691|贝因美母婴用品商品921|帮宝适母婴用品商品195|花王母婴用品商品688
2388,U004465,0.1552,0.17503,低意向,家用电器,高性价比优惠池,P001338|P000409|P001480|P001850|P001635,苏泊尔家用电器商品596|苏泊尔家用电器商品852|戴森家用电器商品536|戴森家用电器商品883|西门子家用电器商品795
2389,U000620,0.1551,0.195594,低意向,家居家装,高性价比优惠池,P001900|P001343|P000229|P001466|P001151,顾家家居家居家装商品551|曲美家居家装商品469|顾家家居家居家装商品198|马可波罗家居家装商品613|宜家家居家装商品838
2390,U004145,0.1551,0.200845,低意向,箱包配饰,高性价比优惠池,P000702|P001253|P001930|P000361|P000987,LV箱包配饰商品940|Samsonite箱包配饰商品380|Samsonite箱包配饰商品997|GUCCI箱包配饰商品904|Samsonite箱包配饰商品467
2391,U002599,0.155,0.173167,低意向,医药保健,高性价比优惠池,P000765|P000827|P001891|P000351|P000793,善存医药保健商品608|Swisse医药保健商品414|Swisse医药保健商品235|汤臣倍健医药保健商品112|九芝堂医药保健商品478
2392,U004423,0.155,0.184346,低意向,服装鞋包,高性价比优惠池,P001581|P001100|P000662|P001462|P000338,耐克服装鞋包商品711|H&M服装鞋包商品119|海澜之家服装鞋包商品964|耐克服装鞋包商品391|H&M服装鞋包商品587
2393,U004749,0.155,0.186485,低意向,医药保健,高性价比优惠池,P000765|P000827|P001891|P000351|P000793,善存医药保健商品608|Swisse医药保健商品414|Swisse医药保健商品235|汤臣倍健医药保健商品112|九芝堂医药保健商品478
2394,U003501,0.1549,0.181436,低意向,箱包配饰,高性价比优惠池,P000702|P001253|P001930|P000361|P000987,LV箱包配饰商品940|Samsonite箱包配饰商品380|Samsonite箱包配饰商品997|GUCCI箱包配饰商品904|Samsonite箱包配饰商品467
2395,U003654,0.1549,0.25853,低意向,美妆护肤,高性价比优惠池,P001748|P000034|P001010|P000095|P001810,完美日记美妆护肤商品797|雅诗兰黛美妆护肤商品818|雅诗兰黛美妆护肤商品295|欧莱雅美妆护肤商品977|欧莱雅美妆护肤商品587
2396,U002199,0.1548,0.191826,低意向,母婴用品,高性价比优惠池,P001683|P000635|P001865|P000991|P001946,帮宝适母婴用品商品297|贝因美母婴用品商品691|贝因美母婴用品商品921|帮宝适母婴用品商品195|花王母婴用品商品688
2397,U002122,0.1547,0.250694,低意向,医药保健,高性价比优惠池,P000765|P000827|P001891|P000351|P000793,善存医药保健商品608|Swisse医药保健商品414|Swisse医药保健商品235|汤臣倍健医药保健商品112|九芝堂医药保健商品478
2398,U002144,0.1546,0.192896,低意向,手机数码,高性价比优惠池,P000518|P000173|P000438|P001705|P000874,一加手机数码商品882|OPPO手机数码商品663|OPPO手机数码商品771|苹果手机数码商品445|苹果手机数码商品704
2399,U004268,0.1545,0.188587,低意向,家用电器,高性价比优惠池,P001338|P000409|P001480|P001850|P001635,苏泊尔家用电器商品596|苏泊尔家用电器商品852|戴森家用电器商品536|戴森家用电器商品883|西门子家用电器商品795
2400,U001279,0.1544,0.209667,低意向,汽车用品,高性价比优惠池,P001350|P001831|P000932|P001413|P001281,海康威视汽车用品商品339|3M汽车用品商品278|米其林汽车用品商品745|3M汽车用品商品342|卡仕达汽车用品商品144
2401,U000085,0.1543,0.2525,低意向,医药保健,高性价比优惠池,P000765|P000827|P001891|P000351|P000793,善存医药保健商品608|Swisse医药保健商品414|Swisse医药保健商品235|汤臣倍健医药保健商品112|九芝堂医药保健商品478
2402,U000294,0.1543,0.232954,低意向,珠宝首饰,高性价比优惠池,P000974|P000711|P001945|P000774|P001226,明牌珠宝首饰商品793|老凤祥珠宝首饰商品116|老凤祥珠宝首饰商品246|周大福珠宝首饰商品251|潮宏基珠宝首饰商品314
2403,U003923,0.1543,0.268309,低意向,服装鞋包,高性价比优惠池,P001581|P001100|P000662|P001462|P000338,耐克服装鞋包商品711|H&M服装鞋包商品119|海澜之家服装鞋包商品964|耐克服装鞋包商品391|H&M服装鞋包商品587
2404,U000272,0.1542,0.191104,低意向,箱包配饰,高性价比优惠池,P000702|P001253|P001930|P000361|P000987,LV箱包配饰商品940|Samsonite箱包配饰商品380|Samsonite箱包配饰商品997|GUCCI箱包配饰商品904|Samsonite箱包配饰商品467
2405,U001551,0.1541,0.245344,低意向,手机数码,高性价比优惠池,P000518|P000173|P000438|P001705|P000874,一加手机数码商品882|OPPO手机数码商品663|OPPO手机数码商品771|苹果手机数码商品445|苹果手机数码商品704
2406,U004419,0.1541,0.187888,低意向,美妆护肤,高性价比优惠池,P001748|P000034|P001010|P000095|P001810,完美日记美妆护肤商品797|雅诗兰黛美妆护肤商品818|雅诗兰黛美妆护肤商品295|欧莱雅美妆护肤商品977|欧莱雅美妆护肤商品587
2407,U004125,0.1538,0.197771,低意向,医药保健,高性价比优惠池,P000765|P000827|P001891|P000351|P000793,善存医药保健商品608|Swisse医药保健商品414|Swisse医药保健商品235|汤臣倍健医药保健商品112|九芝堂医药保健商品478
2408,U004431,0.1538,0.184155,低意向,手机数码,高性价比优惠池,P000518|P000173|P000438|P001705|P000874,一加手机数码商品882|OPPO手机数码商品663|OPPO手机数码商品771|苹果手机数码商品445|苹果手机数码商品704
2409,U000735,0.1536,0.209699,低意向,母婴用品,高性价比优惠池,P001683|P000635|P001865|P000991|P001946,帮宝适母婴用品商品297|贝因美母婴用品商品691|贝因美母婴用品商品921|帮宝适母婴用品商品195|花王母婴用品商品688
2410,U000477,0.1535,0.18402,低意向,母婴用品,高性价比优惠池,P001683|P000635|P001865|P000991|P001946,帮宝适母婴用品商品297|贝因美母婴用品商品691|贝因美母婴用品商品921|帮宝适母婴用品商品195|花王母婴用品商品688
2411,U001745,0.1534,0.223017,低意向,母婴用品,高性价比优惠池,P001683|P000635|P001865|P000991|P001946,帮宝适母婴用品商品297|贝因美母婴用品商品691|贝因美母婴用品商品921|帮宝适母婴用品商品195|花王母婴用品商品688
2412,U003830,0.1534,0.293279,低意向,母婴用品,高性价比优惠池,P001683|P000635|P001865|P000991|P001946,帮宝适母婴用品商品297|贝因美母婴用品商品691|贝因美母婴用品商品921|帮宝适母婴用品商品195|花王母婴用品商品688
2413,U004037,0.1533,0.186628,低意向,礼品鲜花,高性价比优惠池,P000831|P000680|P001029|P000319|P000890,Roseonly礼品鲜花商品580|施华洛世奇礼品鲜花商品208|野兽派礼品鲜花商品389|施华洛世奇礼品鲜花商品633|潘多拉礼品鲜花商品586
2414,U004354,0.1533,0.260778,低意向,医药保健,高性价比优惠池,P000765|P000827|P001891|P000351|P000793,善存医药保健商品608|Swisse医药保健商品414|Swisse医药保健商品235|汤臣倍健医药保健商品112|九芝堂医药保健商品478
2415,U001862,0.1532,0.187645,低意向,家用电器,高性价比优惠池,P001338|P000409|P001480|P001850|P001635,苏泊尔家用电器商品596|苏泊尔家用电器商品852|戴森家用电器商品536|戴森家用电器商品883|西门子家用电器商品795
2416,U000707,0.1531,0.188056,低意向,汽车用品,高性价比优惠池,P001350|P001831|P000932|P001413|P001281,海康威视汽车用品商品339|3M汽车用品商品278|米其林汽车用品商品745|3M汽车用品商品342|卡仕达汽车用品商品144
2417,U004249,0.1531,0.178741,低意向,家用电器,高性价比优惠池,P001338|P000409|P001480|P001850|P001635,苏泊尔家用电器商品596|苏泊尔家用电器商品852|戴森家用电器商品536|戴森家用电器商品883|西门子家用电器商品795
2418,U002349,0.153,0.180752,低意向,美妆护肤,高性价比优惠池,P001748|P000034|P001010|P000095|P001810,完美日记美妆护肤商品797|雅诗兰黛美妆护肤商品818|雅诗兰黛美妆护肤商品295|欧莱雅美妆护肤商品977|欧莱雅美妆护肤商品587
2419,U001963,0.1529,0.23689,低意向,宠物用品,高性价比优惠池,P000174|P001336|P001123|P000231|P001759,麦富迪宠物用品商品180|比瑞吉宠物用品商品181|麦富迪宠物用品商品699|pidan宠物用品商品955|网易严选宠物用品商品408
2420,U003077,0.1529,0.174076,低意向,汽车用品,高性价比优惠池,P001350|P001831|P000932|P001413|P001281,海康威视汽车用品商品339|3M汽车用品商品278|米其林汽车用品商品745|3M汽车用品商品342|卡仕达汽车用品商品144
2421,U001146,0.1528,0.201977,低意向,母婴用品,高性价比优惠池,P001683|P000635|P001865|P000991|P001946,帮宝适母婴用品商品297|贝因美母婴用品商品691|贝因美母婴用品商品921|帮宝适母婴用品商品195|花王母婴用品商品688
2422,U001473,0.1528,0.175404,低意向,食品生鲜,高性价比优惠池,P000995|P001113|P000246|P001573|P000063,良品铺子食品生鲜商品230|三只松鼠食品生鲜商品425|蒙牛食品生鲜商品866|百草味食品生鲜商品634|百草味食品生鲜商品504
2423,U001714,0.1527,0.186055,低意向,食品生鲜,高性价比优惠池,P000995|P001113|P000246|P001573|P000063,良品铺子食品生鲜商品230|三只松鼠食品生鲜商品425|蒙牛食品生鲜商品866|百草味食品生鲜商品634|百草味食品生鲜商品504
2424,U004566,0.1527,0.200492,低意向,母婴用品,高性价比优惠池,P001683|P000635|P001865|P000991|P001946,帮宝适母婴用品商品297|贝因美母婴用品商品691|贝因美母婴用品商品921|帮宝适母婴用品商品195|花王母婴用品商品688
2425,U004868,0.1527,0.172165,低意向,母婴用品,高性价比优惠池,P001683|P000635|P001865|P000991|P001946,帮宝适母婴用品商品297|贝因美母婴用品商品691|贝因美母婴用品商品921|帮宝适母婴用品商品195|花王母婴用品商品688
2426,U000359,0.1525,0.184988,低意向,图书音像,高性价比优惠池,P001855|P001112|P000053|P001974|P001212,京东图书图书音像商品377|中信出版社图书音像商品870|京东图书图书音像商品199|博库网图书音像商品353|新华书店图书音像商品518
2427,U004211,0.1525,0.288048,低意向,美妆护肤,高性价比优惠池,P001748|P000034|P001010|P000095|P001810,完美日记美妆护肤商品797|雅诗兰黛美妆护肤商品818|雅诗兰黛美妆护肤商品295|欧莱雅美妆护肤商品977|欧莱雅美妆护肤商品587
2428,U004587,0.1525,0.207647,低意向,汽车用品,高性价比优惠池,P001350|P001831|P000932|P001413|P001281,海康威视汽车用品商品339|3M汽车用品商品278|米其林汽车用品商品745|3M汽车用品商品342|卡仕达汽车用品商品144
2429,U001251,0.1524,0.192001,低意向,家居家装,高性价比优惠池,P001900|P001343|P000229|P001466|P001151,顾家家居家居家装商品551|曲美家居家装商品469|顾家家居家居家装商品198|马可波罗家居家装商品613|宜家家居家装商品838
2430,U001779,0.1524,0.190034,低意向,图书音像,高性价比优惠池,P001855|P001112|P000053|P001974|P001212,京东图书图书音像商品377|中信出版社图书音像商品870|京东图书图书音像商品199|博库网图书音像商品353|新华书店图书音像商品518
2431,U000042,0.1523,0.177793,低意向,服装鞋包,高性价比优惠池,P001581|P001100|P000662|P001462|P000338,耐克服装鞋包商品711|H&M服装鞋包商品119|海澜之家服装鞋包商品964|耐克服装鞋包商品391|H&M服装鞋包商品587
2432,U004154,0.1523,0.261498,低意向,珠宝首饰,高性价比优惠池,P000974|P000711|P001945|P000774|P001226,明牌珠宝首饰商品793|老凤祥珠宝首饰商品116|老凤祥珠宝首饰商品246|周大福珠宝首饰商品251|潮宏基珠宝首饰商品314
2433,U000071,0.1522,0.251784,低意向,医药保健,高性价比优惠池,P000765|P000827|P001891|P000351|P000793,善存医药保健商品608|Swisse医药保健商品414|Swisse医药保健商品235|汤臣倍健医药保健商品112|九芝堂医药保健商品478
2434,U001386,0.1521,0.191772,低意向,家居家装,高性价比优惠池,P001900|P001343|P000229|P001466|P001151,顾家家居家居家装商品551|曲美家居家装商品469|顾家家居家居家装商品198|马可波罗家居家装商品613|宜家家居家装商品838
2435,U002524,0.1521,0.186269,低意向,医药保健,高性价比优惠池,P000765|P000827|P001891|P000351|P000793,善存医药保健商品608|Swisse医药保健商品414|Swisse医药保健商品235|汤臣倍健医药保健商品112|九芝堂医药保健商品478
2436,U002452,0.152,0.245516,低意向,运动户外,高性价比优惠池,P001637|P001804|P001967|P000194|P000210,李宁运动户外商品816|李宁运动户外商品353|探路者运动户外商品827|始祖鸟运动户外商品528|安踏运动户外商品113
2437,U004067,0.152,0.264308,低意向,珠宝首饰,高性价比优惠池,P000974|P000711|P001945|P000774|P001226,明牌珠宝首饰商品793|老凤祥珠宝首饰商品116|老凤祥珠宝首饰商品246|周大福珠宝首饰商品251|潮宏基珠宝首饰商品314
2438,U004586,0.152,0.18728,低意向,珠宝首饰,高性价比优惠池,P000974|P000711|P001945|P000774|P001226,明牌珠宝首饰商品793|老凤祥珠宝首饰商品116|老凤祥珠宝首饰商品246|周大福珠宝首饰商品251|潮宏基珠宝首饰商品314
2439,U002418,0.1519,0.274296,低意向,图书音像,高性价比优惠池,P001855|P001112|P000053|P001974|P001212,京东图书图书音像商品377|中信出版社图书音像商品870|京东图书图书音像商品199|博库网图书音像商品353|新华书店图书音像商品518
2440,U002479,0.1519,0.24693,低意向,运动户外,高性价比优惠池,P001637|P001804|P001967|P000194|P000210,李宁运动户外商品816|李宁运动户外商品353|探路者运动户外商品827|始祖鸟运动户外商品528|安踏运动户外商品113
2441,U003694,0.1519,0.183487,低意向,食品生鲜,高性价比优惠池,P000995|P001113|P000246|P001573|P000063,良品铺子食品生鲜商品230|三只松鼠食品生鲜商品425|蒙牛食品生鲜商品866|百草味食品生鲜商品634|百草味食品生鲜商品504
2442,U004017,0.1518,0.177172,低意向,珠宝首饰,高性价比优惠池,P000974|P000711|P001945|P000774|P001226,明牌珠宝首饰商品793|老凤祥珠宝首饰商品116|老凤祥珠宝首饰商品246|周大福珠宝首饰商品251|潮宏基珠宝首饰商品314
2443,U001004,0.1517,0.176867,低意向,图书音像,高性价比优惠池,P001855|P001112|P000053|P001974|P001212,京东图书图书音像商品377|中信出版社图书音像商品870|京东图书图书音像商品199|博库网图书音像商品353|新华书店图书音像商品518
2444,U001013,0.1517,0.193782,低意向,汽车用品,高性价比优惠池,P001350|P001831|P000932|P001413|P001281,海康威视汽车用品商品339|3M汽车用品商品278|米其林汽车用品商品745|3M汽车用品商品342|卡仕达汽车用品商品144
2445,U002541,0.1516,0.187997,低意向,礼品鲜花,高性价比优惠池,P000831|P000680|P001029|P000319|P000890,Roseonly礼品鲜花商品580|施华洛世奇礼品鲜花商品208|野兽派礼品鲜花商品389|施华洛世奇礼品鲜花商品633|潘多拉礼品鲜花商品586
2446,U002554,0.1516,0.177401,低意向,家居家装,高性价比优惠池,P001900|P001343|P000229|P001466|P001151,顾家家居家居家装商品551|曲美家居家装商品469|顾家家居家居家装商品198|马可波罗家居家装商品613|宜家家居家装商品838
2447,U002409,0.1515,0.201346,低意向,汽车用品,高性价比优惠池,P001350|P001831|P000932|P001413|P001281,海康威视汽车用品商品339|3M汽车用品商品278|米其林汽车用品商品745|3M汽车用品商品342|卡仕达汽车用品商品144
2448,U003680,0.1515,0.183743,低意向,家居家装,高性价比优惠池,P001900|P001343|P000229|P001466|P001151,顾家家居家居家装商品551|曲美家居家装商品469|顾家家居家居家装商品198|马可波罗家居家装商品613|宜家家居家装商品838
2449,U004701,0.1515,0.184097,低意向,礼品鲜花,高性价比优惠池,P000831|P000680|P001029|P000319|P000890,Roseonly礼品鲜花商品580|施华洛世奇礼品鲜花商品208|野兽派礼品鲜花商品389|施华洛世奇礼品鲜花商品633|潘多拉礼品鲜花商品586
2450,U000610,0.1513,0.183512,低意向,家居家装,高性价比优惠池,P001900|P001343|P000229|P001466|P001151,顾家家居家居家装商品551|曲美家居家装商品469|顾家家居家居家装商品198|马可波罗家居家装商品613|宜家家居家装商品838
2451,U004188,0.1513,0.184608,低意向,宠物用品,高性价比优惠池,P000174|P001336|P001123|P000231|P001759,麦富迪宠物用品商品180|比瑞吉宠物用品商品181|麦富迪宠物用品商品699|pidan宠物用品商品955|网易严选宠物用品商品408
2452,U004226,0.1513,0.237426,低意向,食品生鲜,高性价比优惠池,P000995|P001113|P000246|P001573|P000063,良品铺子食品生鲜商品230|三只松鼠食品生鲜商品425|蒙牛食品生鲜商品866|百草味食品生鲜商品634|百草味食品生鲜商品504
2453,U000451,0.1509,0.267146,低意向,箱包配饰,高性价比优惠池,P000702|P001253|P001930|P000361|P000987,LV箱包配饰商品940|Samsonite箱包配饰商品380|Samsonite箱包配饰商品997|GUCCI箱包配饰商品904|Samsonite箱包配饰商品467
2454,U004865,0.1509,0.199781,低意向,汽车用品,高性价比优惠池,P001350|P001831|P000932|P001413|P001281,海康威视汽车用品商品339|3M汽车用品商品278|米其林汽车用品商品745|3M汽车用品商品342|卡仕达汽车用品商品144
2455,U002870,0.1508,0.183751,低意向,礼品鲜花,高性价比优惠池,P000831|P000680|P001029|P000319|P000890,Roseonly礼品鲜花商品580|施华洛世奇礼品鲜花商品208|野兽派礼品鲜花商品389|施华洛世奇礼品鲜花商品633|潘多拉礼品鲜花商品586
2456,U000494,0.1507,0.197265,低意向,珠宝首饰,高性价比优惠池,P000974|P000711|P001945|P000774|P001226,明牌珠宝首饰商品793|老凤祥珠宝首饰商品116|老凤祥珠宝首饰商品246|周大福珠宝首饰商品251|潮宏基珠宝首饰商品314
2457,U002647,0.1507,0.273773,低意向,家居家装,高性价比优惠池,P001900|P001343|P000229|P001466|P001151,顾家家居家居家装商品551|曲美家居家装商品469|顾家家居家居家装商品198|马可波罗家居家装商品613|宜家家居家装商品838
2458,U003093,0.1506,0.185812,低意向,医药保健,高性价比优惠池,P000765|P000827|P001891|P000351|P000793,善存医药保健商品608|Swisse医药保健商品414|Swisse医药保健商品235|汤臣倍健医药保健商品112|九芝堂医药保健商品478
2459,U001931,0.1505,0.187498,低意向,服装鞋包,高性价比优惠池,P001581|P001100|P000662|P001462|P000338,耐克服装鞋包商品711|H&M服装鞋包商品119|海澜之家服装鞋包商品964|耐克服装鞋包商品391|H&M服装鞋包商品587
2460,U003343,0.1505,0.189414,低意向,运动户外,高性价比优惠池,P001637|P001804|P001967|P000194|P000210,李宁运动户外商品816|李宁运动户外商品353|探路者运动户外商品827|始祖鸟运动户外商品528|安踏运动户外商品113
2461,U002353,0.1504,0.189177,低意向,服装鞋包,高性价比优惠池,P001581|P001100|P000662|P001462|P000338,耐克服装鞋包商品711|H&M服装鞋包商品119|海澜之家服装鞋包商品964|耐克服装鞋包商品391|H&M服装鞋包商品587
2462,U004144,0.1503,0.191046,低意向,家居家装,高性价比优惠池,P001900|P001343|P000229|P001466|P001151,顾家家居家居家装商品551|曲美家居家装商品469|顾家家居家居家装商品198|马可波罗家居家装商品613|宜家家居家装商品838
2463,U001776,0.1502,0.192355,低意向,母婴用品,高性价比优惠池,P001683|P000635|P001865|P000991|P001946,帮宝适母婴用品商品297|贝因美母婴用品商品691|贝因美母婴用品商品921|帮宝适母婴用品商品195|花王母婴用品商品688
2464,U002551,0.1502,0.188278,低意向,家居家装,高性价比优惠池,P001900|P001343|P000229|P001466|P001151,顾家家居家居家装商品551|曲美家居家装商品469|顾家家居家居家装商品198|马可波罗家居家装商品613|宜家家居家装商品838
2465,U001238,0.1501,0.180134,低意向,宠物用品,高性价比优惠池,P000174|P001336|P001123|P000231|P001759,麦富迪宠物用品商品180|比瑞吉宠物用品商品181|麦富迪宠物用品商品699|pidan宠物用品商品955|网易严选宠物用品商品408
2466,U004693,0.1501,0.234123,低意向,宠物用品,高性价比优惠池,P000174|P001336|P001123|P000231|P001759,麦富迪宠物用品商品180|比瑞吉宠物用品商品181|麦富迪宠物用品商品699|pidan宠物用品商品955|网易严选宠物用品商品408
2467,U003833,0.15,0.196643,低意向,美妆护肤,高性价比优惠池,P001748|P000034|P001010|P000095|P001810,完美日记美妆护肤商品797|雅诗兰黛美妆护肤商品818|雅诗兰黛美妆护肤商品295|欧莱雅美妆护肤商品977|欧莱雅美妆护肤商品587
2468,U001070,0.1499,0.19172,低意向,运动户外,高性价比优惠池,P001637|P001804|P001967|P000194|P000210,李宁运动户外商品816|李宁运动户外商品353|探路者运动户外商品827|始祖鸟运动户外商品528|安踏运动户外商品113
2469,U002015,0.1499,0.193785,低意向,图书音像,高性价比优惠池,P001855|P001112|P000053|P001974|P001212,京东图书图书音像商品377|中信出版社图书音像商品870|京东图书图书音像商品199|博库网图书音像商品353|新华书店图书音像商品518
2470,U003878,0.1499,0.193106,低意向,家居家装,高性价比优惠池,P001900|P001343|P000229|P001466|P001151,顾家家居家居家装商品551|曲美家居家装商品469|顾家家居家居家装商品198|马可波罗家居家装商品613|宜家家居家装商品838
2471,U004634,0.1499,0.189911,低意向,图书音像,高性价比优惠池,P001855|P001112|P000053|P001974|P001212,京东图书图书音像商品377|中信出版社图书音像商品870|京东图书图书音像商品199|博库网图书音像商品353|新华书店图书音像商品518
2472,U001068,0.1498,0.186744,低意向,宠物用品,高性价比优惠池,P000174|P001336|P001123|P000231|P001759,麦富迪宠物用品商品180|比瑞吉宠物用品商品181|麦富迪宠物用品商品699|pidan宠物用品商品955|网易严选宠物用品商品408
2473,U000878,0.1497,0.285112,低意向,母婴用品,高性价比优惠池,P001683|P000635|P001865|P000991|P001946,帮宝适母婴用品商品297|贝因美母婴用品商品691|贝因美母婴用品商品921|帮宝适母婴用品商品195|花王母婴用品商品688
2474,U001606,0.1496,0.188831,低意向,医药保健,高性价比优惠池,P000765|P000827|P001891|P000351|P000793,善存医药保健商品608|Swisse医药保健商品414|Swisse医药保健商品235|汤臣倍健医药保健商品112|九芝堂医药保健商品478
2475,U000867,0.1495,0.184406,低意向,箱包配饰,高性价比优惠池,P000702|P001253|P001930|P000361|P000987,LV箱包配饰商品940|Samsonite箱包配饰商品380|Samsonite箱包配饰商品997|GUCCI箱包配饰商品904|Samsonite箱包配饰商品467
2476,U001113,0.1495,0.180997,低意向,食品生鲜,高性价比优惠池,P000995|P001113|P000246|P001573|P000063,良品铺子食品生鲜商品230|三只松鼠食品生鲜商品425|蒙牛食品生鲜商品866|百草味食品生鲜商品634|百草味食品生鲜商品504
2477,U001923,0.1495,0.179335,低意向,家用电器,高性价比优惠池,P001338|P000409|P001480|P001850|P001635,苏泊尔家用电器商品596|苏泊尔家用电器商品852|戴森家用电器商品536|戴森家用电器商品883|西门子家用电器商品795
2478,U001751,0.1494,0.181851,低意向,母婴用品,高性价比优惠池,P001683|P000635|P001865|P000991|P001946,帮宝适母婴用品商品297|贝因美母婴用品商品691|贝因美母婴用品商品921|帮宝适母婴用品商品195|花王母婴用品商品688
2479,U002462,0.1493,0.177713,低意向,图书音像,高性价比优惠池,P001855|P001112|P000053|P001974|P001212,京东图书图书音像商品377|中信出版社图书音像商品870|京东图书图书音像商品199|博库网图书音像商品353|新华书店图书音像商品518
2480,U003526,0.1493,0.262612,低意向,母婴用品,高性价比优惠池,P001683|P000635|P001865|P000991|P001946,帮宝适母婴用品商品297|贝因美母婴用品商品691|贝因美母婴用品商品921|帮宝适母婴用品商品195|花王母婴用品商品688
2481,U004772,0.1493,0.261681,低意向,箱包配饰,高性价比优惠池,P000702|P001253|P001930|P000361|P000987,LV箱包配饰商品940|Samsonite箱包配饰商品380|Samsonite箱包配饰商品997|GUCCI箱包配饰商品904|Samsonite箱包配饰商品467
2482,U000023,0.1492,0.193781,低意向,医药保健,高性价比优惠池,P000765|P000827|P001891|P000351|P000793,善存医药保健商品608|Swisse医药保健商品414|Swisse医药保健商品235|汤臣倍健医药保健商品112|九芝堂医药保健商品478
2483,U002306,0.1492,0.230849,低意向,运动户外,高性价比优惠池,P001637|P001804|P001967|P000194|P000210,李宁运动户外商品816|李宁运动户外商品353|探路者运动户外商品827|始祖鸟运动户外商品528|安踏运动户外商品113
2484,U003248,0.1492,0.283956,低意向,母婴用品,高性价比优惠池,P001683|P000635|P001865|P000991|P001946,帮宝适母婴用品商品297|贝因美母婴用品商品691|贝因美母婴用品商品921|帮宝适母婴用品商品195|花王母婴用品商品688
2485,U003353,0.1491,0.182123,低意向,箱包配饰,高性价比优惠池,P000702|P001253|P001930|P000361|P000987,LV箱包配饰商品940|Samsonite箱包配饰商品380|Samsonite箱包配饰商品997|GUCCI箱包配饰商品904|Samsonite箱包配饰商品467
2486,U004893,0.1491,0.233488,低意向,服装鞋包,高性价比优惠池,P001581|P001100|P000662|P001462|P000338,耐克服装鞋包商品711|H&M服装鞋包商品119|海澜之家服装鞋包商品964|耐克服装鞋包商品391|H&M服装鞋包商品587
2487,U002200,0.1489,0.189748,低意向,美妆护肤,高性价比优惠池,P001748|P000034|P001010|P000095|P001810,完美日记美妆护肤商品797|雅诗兰黛美妆护肤商品818|雅诗兰黛美妆护肤商品295|欧莱雅美妆护肤商品977|欧莱雅美妆护肤商品587
2488,U003740,0.1489,0.18887,低意向,箱包配饰,高性价比优惠池,P000702|P001253|P001930|P000361|P000987,LV箱包配饰商品940|Samsonite箱包配饰商品380|Samsonite箱包配饰商品997|GUCCI箱包配饰商品904|Samsonite箱包配饰商品467
2489,U003384,0.1488,0.1969,低意向,家用电器,高性价比优惠池,P001338|P000409|P001480|P001850|P001635,苏泊尔家用电器商品596|苏泊尔家用电器商品852|戴森家用电器商品536|戴森家用电器商品883|西门子家用电器商品795
2490,U003746,0.1488,0.245962,低意向,手机数码,高性价比优惠池,P000518|P000173|P000438|P001705|P000874,一加手机数码商品882|OPPO手机数码商品663|OPPO手机数码商品771|苹果手机数码商品445|苹果手机数码商品704
2491,U004589,0.1488,0.246156,低意向,医药保健,高性价比优惠池,P000765|P000827|P001891|P000351|P000793,善存医药保健商品608|Swisse医药保健商品414|Swisse医药保健商品235|汤臣倍健医药保健商品112|九芝堂医药保健商品478
2492,U001782,0.1487,0.191514,低意向,家居家装,高性价比优惠池,P001900|P001343|P000229|P001466|P001151,顾家家居家居家装商品551|曲美家居家装商品469|顾家家居家居家装商品198|马可波罗家居家装商品613|宜家家居家装商品838
2493,U000376,0.1486,0.199236,低意向,箱包配饰,高性价比优惠池,P000702|P001253|P001930|P000361|P000987,LV箱包配饰商品940|Samsonite箱包配饰商品380|Samsonite箱包配饰商品997|GUCCI箱包配饰商品904|Samsonite箱包配饰商品467
2494,U003564,0.1486,0.244203,低意向,食品生鲜,高性价比优惠池,P000995|P001113|P000246|P001573|P000063,良品铺子食品生鲜商品230|三只松鼠食品生鲜商品425|蒙牛食品生鲜商品866|百草味食品生鲜商品634|百草味食品生鲜商品504
2495,U004329,0.1486,0.216364,低意向,食品生鲜,高性价比优惠池,P000995|P001113|P000246|P001573|P000063,良品铺子食品生鲜商品230|三只松鼠食品生鲜商品425|蒙牛食品生鲜商品866|百草味食品生鲜商品634|百草味食品生鲜商品504
2496,U000068,0.1485,0.188045,低意向,家居家装,高性价比优惠池,P001900|P001343|P000229|P001466|P001151,顾家家居家居家装商品551|曲美家居家装商品469|顾家家居家居家装商品198|马可波罗家居家装商品613|宜家家居家装商品838
2497,U003009,0.1485,0.261584,低意向,宠物用品,高性价比优惠池,P000174|P001336|P001123|P000231|P001759,麦富迪宠物用品商品180|比瑞吉宠物用品商品181|麦富迪宠物用品商品699|pidan宠物用品商品955|网易严选宠物用品商品408
2498,U003737,0.1485,0.189202,低意向,珠宝首饰,高性价比优惠池,P000974|P000711|P001945|P000774|P001226,明牌珠宝首饰商品793|老凤祥珠宝首饰商品116|老凤祥珠宝首饰商品246|周大福珠宝首饰商品251|潮宏基珠宝首饰商品314
2499,U000696,0.1484,0.197011,低意向,珠宝首饰,高性价比优惠池,P000974|P000711|P001945|P000774|P001226,明牌珠宝首饰商品793|老凤祥珠宝首饰商品116|老凤祥珠宝首饰商品246|周大福珠宝首饰商品251|潮宏基珠宝首饰商品314
2500,U003055,0.1484,0.172923,低意向,汽车用品,高性价比优惠池,P001350|P001831|P000932|P001413|P001281,海康威视汽车用品商品339|3M汽车用品商品278|米其林汽车用品商品745|3M汽车用品商品342|卡仕达汽车用品商品144
2501,U004652,0.1484,0.264032,低意向,美妆护肤,高性价比优惠池,P001748|P000034|P001010|P000095|P001810,完美日记美妆护肤商品797|雅诗兰黛美妆护肤商品818|雅诗兰黛美妆护肤商品295|欧莱雅美妆护肤商品977|欧莱雅美妆护肤商品587
2502,U004993,0.1483,0.197354,低意向,运动户外,高性价比优惠池,P001637|P001804|P001967|P000194|P000210,李宁运动户外商品816|李宁运动户外商品353|探路者运动户外商品827|始祖鸟运动户外商品528|安踏运动户外商品113
2503,U001252,0.1482,0.181222,低意向,礼品鲜花,高性价比优惠池,P000831|P000680|P001029|P000319|P000890,Roseonly礼品鲜花商品580|施华洛世奇礼品鲜花商品208|野兽派礼品鲜花商品389|施华洛世奇礼品鲜花商品633|潘多拉礼品鲜花商品586
2504,U003585,0.1481,0.17394,低意向,家居家装,高性价比优惠池,P001900|P001343|P000229|P001466|P001151,顾家家居家居家装商品551|曲美家居家装商品469|顾家家居家居家装商品198|马可波罗家居家装商品613|宜家家居家装商品838
2505,U004258,0.1479,0.246128,低意向,医药保健,高性价比优惠池,P000765|P000827|P001891|P000351|P000793,善存医药保健商品608|Swisse医药保健商品414|Swisse医药保健商品235|汤臣倍健医药保健商品112|九芝堂医药保健商品478
2506,U001651,0.1478,0.26235,低意向,医药保健,高性价比优惠池,P000765|P000827|P001891|P000351|P000793,善存医药保健商品608|Swisse医药保健商品414|Swisse医药保健商品235|汤臣倍健医药保健商品112|九芝堂医药保健商品478
2507,U002180,0.1478,0.188618,低意向,家居家装,高性价比优惠池,P001900|P001343|P000229|P001466|P001151,顾家家居家居家装商品551|曲美家居家装商品469|顾家家居家居家装商品198|马可波罗家居家装商品613|宜家家居家装商品838
2508,U001729,0.1476,0.254506,低意向,食品生鲜,高性价比优惠池,P000995|P001113|P000246|P001573|P000063,良品铺子食品生鲜商品230|三只松鼠食品生鲜商品425|蒙牛食品生鲜商品866|百草味食品生鲜商品634|百草味食品生鲜商品504
2509,U003507,0.1476,0.182466,低意向,食品生鲜,高性价比优惠池,P000995|P001113|P000246|P001573|P000063,良品铺子食品生鲜商品230|三只松鼠食品生鲜商品425|蒙牛食品生鲜商品866|百草味食品生鲜商品634|百草味食品生鲜商品504
2510,U000476,0.1475,0.189647,低意向,家用电器,高性价比优惠池,P001338|P000409|P001480|P001850|P001635,苏泊尔家用电器商品596|苏泊尔家用电器商品852|戴森家用电器商品536|戴森家用电器商品883|西门子家用电器商品795
2511,U000613,0.1475,0.187937,低意向,家用电器,高性价比优惠池,P001338|P000409|P001480|P001850|P001635,苏泊尔家用电器商品596|苏泊尔家用电器商品852|戴森家用电器商品536|戴森家用电器商品883|西门子家用电器商品795
2512,U001320,0.1475,0.180177,低意向,母婴用品,高性价比优惠池,P001683|P000635|P001865|P000991|P001946,帮宝适母婴用品商品297|贝因美母婴用品商品691|贝因美母婴用品商品921|帮宝适母婴用品商品195|花王母婴用品商品688
2513,U002176,0.1475,0.172615,低意向,珠宝首饰,高性价比优惠池,P000974|P000711|P001945|P000774|P001226,明牌珠宝首饰商品793|老凤祥珠宝首饰商品116|老凤祥珠宝首饰商品246|周大福珠宝首饰商品251|潮宏基珠宝首饰商品314
2514,U003797,0.1475,0.179606,低意向,美妆护肤,高性价比优惠池,P001748|P000034|P001010|P000095|P001810,完美日记美妆护肤商品797|雅诗兰黛美妆护肤商品818|雅诗兰黛美妆护肤商品295|欧莱雅美妆护肤商品977|欧莱雅美妆护肤商品587
2515,U001767,0.1474,0.182912,低意向,家居家装,高性价比优惠池,P001900|P001343|P000229|P001466|P001151,顾家家居家居家装商品551|曲美家居家装商品469|顾家家居家居家装商品198|马可波罗家居家装商品613|宜家家居家装商品838
2516,U001775,0.1473,0.18883,低意向,图书音像,高性价比优惠池,P001855|P001112|P000053|P001974|P001212,京东图书图书音像商品377|中信出版社图书音像商品870|京东图书图书音像商品199|博库网图书音像商品353|新华书店图书音像商品518
2517,U003470,0.1473,0.185343,低意向,汽车用品,高性价比优惠池,P001350|P001831|P000932|P001413|P001281,海康威视汽车用品商品339|3M汽车用品商品278|米其林汽车用品商品745|3M汽车用品商品342|卡仕达汽车用品商品144
2518,U003877,0.1473,0.180378,低意向,图书音像,高性价比优惠池,P001855|P001112|P000053|P001974|P001212,京东图书图书音像商品377|中信出版社图书音像商品870|京东图书图书音像商品199|博库网图书音像商品353|新华书店图书音像商品518
2519,U001764,0.1472,0.19492,低意向,图书音像,高性价比优惠池,P001855|P001112|P000053|P001974|P001212,京东图书图书音像商品377|中信出版社图书音像商品870|京东图书图书音像商品199|博库网图书音像商品353|新华书店图书音像商品518
2520,U003025,0.1472,0.248281,低意向,美妆护肤,高性价比优惠池,P001748|P000034|P001010|P000095|P001810,完美日记美妆护肤商品797|雅诗兰黛美妆护肤商品818|雅诗兰黛美妆护肤商品295|欧莱雅美妆护肤商品977|欧莱雅美妆护肤商品587
2521,U003744,0.1471,0.188259,低意向,箱包配饰,高性价比优惠池,P000702|P001253|P001930|P000361|P000987,LV箱包配饰商品940|Samsonite箱包配饰商品380|Samsonite箱包配饰商品997|GUCCI箱包配饰商品904|Samsonite箱包配饰商品467
2522,U004597,0.147,0.177928,低意向,食品生鲜,高性价比优惠池,P000995|P001113|P000246|P001573|P000063,良品铺子食品生鲜商品230|三只松鼠食品生鲜商品425|蒙牛食品生鲜商品866|百草味食品生鲜商品634|百草味食品生鲜商品504
2523,U000731,0.1469,0.184543,低意向,服装鞋包,高性价比优惠池,P001581|P001100|P000662|P001462|P000338,耐克服装鞋包商品711|H&M服装鞋包商品119|海澜之家服装鞋包商品964|耐克服装鞋包商品391|H&M服装鞋包商品587
2524,U001209,0.1468,0.183175,低意向,礼品鲜花,高性价比优惠池,P000831|P000680|P001029|P000319|P000890,Roseonly礼品鲜花商品580|施华洛世奇礼品鲜花商品208|野兽派礼品鲜花商品389|施华洛世奇礼品鲜花商品633|潘多拉礼品鲜花商品586
2525,U001341,0.1466,0.250805,低意向,医药保健,高性价比优惠池,P000765|P000827|P001891|P000351|P000793,善存医药保健商品608|Swisse医药保健商品414|Swisse医药保健商品235|汤臣倍健医药保健商品112|九芝堂医药保健商品478
2526,U001626,0.1466,0.184194,低意向,母婴用品,高性价比优惠池,P001683|P000635|P001865|P000991|P001946,帮宝适母婴用品商品297|贝因美母婴用品商品691|贝因美母婴用品商品921|帮宝适母婴用品商品195|花王母婴用品商品688
2527,U001521,0.1465,0.174161,低意向,美妆护肤,高性价比优惠池,P001748|P000034|P001010|P000095|P001810,完美日记美妆护肤商品797|雅诗兰黛美妆护肤商品818|雅诗兰黛美妆护肤商品295|欧莱雅美妆护肤商品977|欧莱雅美妆护肤商品587
2528,U000411,0.1464,0.232219,低意向,医药保健,高性价比优惠池,P000765|P000827|P001891|P000351|P000793,善存医药保健商品608|Swisse医药保健商品414|Swisse医药保健商品235|汤臣倍健医药保健商品112|九芝堂医药保健商品478
2529,U002208,0.1464,0.184647,低意向,手机数码,高性价比优惠池,P000518|P000173|P000438|P001705|P000874,一加手机数码商品882|OPPO手机数码商品663|OPPO手机数码商品771|苹果手机数码商品445|苹果手机数码商品704
2530,U002433,0.1463,0.181,低意向,医药保健,高性价比优惠池,P000765|P000827|P001891|P000351|P000793,善存医药保健商品608|Swisse医药保健商品414|Swisse医药保健商品235|汤臣倍健医药保健商品112|九芝堂医药保健商品478
2531,U004097,0.1463,0.169311,低意向,图书音像,高性价比优惠池,P001855|P001112|P000053|P001974|P001212,京东图书图书音像商品377|中信出版社图书音像商品870|京东图书图书音像商品199|博库网图书音像商品353|新华书店图书音像商品518
2532,U001120,0.1461,0.222688,低意向,汽车用品,高性价比优惠池,P001350|P001831|P000932|P001413|P001281,海康威视汽车用品商品339|3M汽车用品商品278|米其林汽车用品商品745|3M汽车用品商品342|卡仕达汽车用品商品144
2533,U003126,0.1461,0.182823,低意向,汽车用品,高性价比优惠池,P001350|P001831|P000932|P001413|P001281,海康威视汽车用品商品339|3M汽车用品商品278|米其林汽车用品商品745|3M汽车用品商品342|卡仕达汽车用品商品144
2534,U003300,0.1461,0.201436,低意向,服装鞋包,高性价比优惠池,P001581|P001100|P000662|P001462|P000338,耐克服装鞋包商品711|H&M服装鞋包商品119|海澜之家服装鞋包商品964|耐克服装鞋包商品391|H&M服装鞋包商品587
2535,U002369,0.1459,0.185703,低意向,母婴用品,高性价比优惠池,P001683|P000635|P001865|P000991|P001946,帮宝适母婴用品商品297|贝因美母婴用品商品691|贝因美母婴用品商品921|帮宝适母婴用品商品195|花王母婴用品商品688
2536,U004098,0.1457,0.191791,低意向,运动户外,高性价比优惠池,P001637|P001804|P001967|P000194|P000210,李宁运动户外商品816|李宁运动户外商品353|探路者运动户外商品827|始祖鸟运动户外商品528|安踏运动户外商品113
2537,U003493,0.1456,0.185857,低意向,美妆护肤,高性价比优惠池,P001748|P000034|P001010|P000095|P001810,完美日记美妆护肤商品797|雅诗兰黛美妆护肤商品818|雅诗兰黛美妆护肤商品295|欧莱雅美妆护肤商品977|欧莱雅美妆护肤商品587
2538,U002298,0.1455,0.253598,低意向,珠宝首饰,高性价比优惠池,P000974|P000711|P001945|P000774|P001226,明牌珠宝首饰商品793|老凤祥珠宝首饰商品116|老凤祥珠宝首饰商品246|周大福珠宝首饰商品251|潮宏基珠宝首饰商品314
2539,U002405,0.1454,0.228379,低意向,宠物用品,高性价比优惠池,P000174|P001336|P001123|P000231|P001759,麦富迪宠物用品商品180|比瑞吉宠物用品商品181|麦富迪宠物用品商品699|pidan宠物用品商品955|网易严选宠物用品商品408
2540,U004095,0.1453,0.28178,低意向,箱包配饰,高性价比优惠池,P000702|P001253|P001930|P000361|P000987,LV箱包配饰商品940|Samsonite箱包配饰商品380|Samsonite箱包配饰商品997|GUCCI箱包配饰商品904|Samsonite箱包配饰商品467
2541,U001697,0.1451,0.186472,低意向,珠宝首饰,高性价比优惠池,P000974|P000711|P001945|P000774|P001226,明牌珠宝首饰商品793|老凤祥珠宝首饰商品116|老凤祥珠宝首饰商品246|周大福珠宝首饰商品251|潮宏基珠宝首饰商品314
2542,U002672,0.1451,0.172449,低意向,运动户外,高性价比优惠池,P001637|P001804|P001967|P000194|P000210,李宁运动户外商品816|李宁运动户外商品353|探路者运动户外商品827|始祖鸟运动户外商品528|安踏运动户外商品113
2543,U001104,0.145,0.246073,低意向,汽车用品,高性价比优惠池,P001350|P001831|P000932|P001413|P001281,海康威视汽车用品商品339|3M汽车用品商品278|米其林汽车用品商品745|3M汽车用品商品342|卡仕达汽车用品商品144
2544,U002970,0.145,0.183526,低意向,运动户外,高性价比优惠池,P001637|P001804|P001967|P000194|P000210,李宁运动户外商品816|李宁运动户外商品353|探路者运动户外商品827|始祖鸟运动户外商品528|安踏运动户外商品113
2545,U000579,0.1449,0.170606,低意向,手机数码,高性价比优惠池,P000518|P000173|P000438|P001705|P000874,一加手机数码商品882|OPPO手机数码商品663|OPPO手机数码商品771|苹果手机数码商品445|苹果手机数码商品704
2546,U001526,0.1449,0.200755,低意向,服装鞋包,高性价比优惠池,P001581|P001100|P000662|P001462|P000338,耐克服装鞋包商品711|H&M服装鞋包商品119|海澜之家服装鞋包商品964|耐克服装鞋包商品391|H&M服装鞋包商品587
2547,U003520,0.1449,0.191174,低意向,图书音像,高性价比优惠池,P001855|P001112|P000053|P001974|P001212,京东图书图书音像商品377|中信出版社图书音像商品870|京东图书图书音像商品199|博库网图书音像商品353|新华书店图书音像商品518
2548,U001017,0.1448,0.182822,低意向,运动户外,高性价比优惠池,P001637|P001804|P001967|P000194|P000210,李宁运动户外商品816|李宁运动户外商品353|探路者运动户外商品827|始祖鸟运动户外商品528|安踏运动户外商品113
2549,U003197,0.1448,0.176802,低意向,图书音像,高性价比优惠池,P001855|P001112|P000053|P001974|P001212,京东图书图书音像商品377|中信出版社图书音像商品870|京东图书图书音像商品199|博库网图书音像商品353|新华书店图书音像商品518
2550,U003492,0.1448,0.18508,低意向,运动户外,高性价比优惠池,P001637|P001804|P001967|P000194|P000210,李宁运动户外商品816|李宁运动户外商品353|探路者运动户外商品827|始祖鸟运动户外商品528|安踏运动户外商品113
2551,U004584,0.1448,0.196846,低意向,食品生鲜,高性价比优惠池,P000995|P001113|P000246|P001573|P000063,良品铺子食品生鲜商品230|三只松鼠食品生鲜商品425|蒙牛食品生鲜商品866|百草味食品生鲜商品634|百草味食品生鲜商品504
2552,U000276,0.1447,0.184213,低意向,医药保健,高性价比优惠池,P000765|P000827|P001891|P000351|P000793,善存医药保健商品608|Swisse医药保健商品414|Swisse医药保健商品235|汤臣倍健医药保健商品112|九芝堂医药保健商品478
2553,U002277,0.1447,0.241962,低意向,服装鞋包,高性价比优惠池,P001581|P001100|P000662|P001462|P000338,耐克服装鞋包商品711|H&M服装鞋包商品119|海澜之家服装鞋包商品964|耐克服装鞋包商品391|H&M服装鞋包商品587
2554,U001323,0.1446,0.247942,低意向,服装鞋包,高性价比优惠池,P001581|P001100|P000662|P001462|P000338,耐克服装鞋包商品711|H&M服装鞋包商品119|海澜之家服装鞋包商品964|耐克服装鞋包商品391|H&M服装鞋包商品587
2555,U003074,0.1446,0.168877,低意向,手机数码,高性价比优惠池,P000518|P000173|P000438|P001705|P000874,一加手机数码商品882|OPPO手机数码商品663|OPPO手机数码商品771|苹果手机数码商品445|苹果手机数码商品704
2556,U000120,0.1445,0.193631,低意向,医药保健,高性价比优惠池,P000765|P000827|P001891|P000351|P000793,善存医药保健商品608|Swisse医药保健商品414|Swisse医药保健商品235|汤臣倍健医药保健商品112|九芝堂医药保健商品478
2557,U001359,0.1445,0.184162,低意向,图书音像,高性价比优惠池,P001855|P001112|P000053|P001974|P001212,京东图书图书音像商品377|中信出版社图书音像商品870|京东图书图书音像商品199|博库网图书音像商品353|新华书店图书音像商品518
2558,U004149,0.1445,0.279435,低意向,图书音像,高性价比优惠池,P001855|P001112|P000053|P001974|P001212,京东图书图书音像商品377|中信出版社图书音像商品870|京东图书图书音像商品199|博库网图书音像商品353|新华书店图书音像商品518
2559,U000648,0.1444,0.185912,低意向,家居家装,高性价比优惠池,P001900|P001343|P000229|P001466|P001151,顾家家居家居家装商品551|曲美家居家装商品469|顾家家居家居家装商品198|马可波罗家居家装商品613|宜家家居家装商品838
2560,U003969,0.1444,0.241516,低意向,箱包配饰,高性价比优惠池,P000702|P001253|P001930|P000361|P000987,LV箱包配饰商品940|Samsonite箱包配饰商品380|Samsonite箱包配饰商品997|GUCCI箱包配饰商品904|Samsonite箱包配饰商品467
2561,U003558,0.1443,0.261797,低意向,宠物用品,高性价比优惠池,P000174|P001336|P001123|P000231|P001759,麦富迪宠物用品商品180|比瑞吉宠物用品商品181|麦富迪宠物用品商品699|pidan宠物用品商品955|网易严选宠物用品商品408
2562,U004588,0.1443,0.240538,低意向,服装鞋包,高性价比优惠池,P001581|P001100|P000662|P001462|P000338,耐克服装鞋包商品711|H&M服装鞋包商品119|海澜之家服装鞋包商品964|耐克服装鞋包商品391|H&M服装鞋包商品587
2563,U004639,0.1443,0.179879,低意向,家用电器,高性价比优惠池,P001338|P000409|P001480|P001850|P001635,苏泊尔家用电器商品596|苏泊尔家用电器商品852|戴森家用电器商品536|戴森家用电器商品883|西门子家用电器商品795
2564,U002377,0.144,0.191489,低意向,宠物用品,高性价比优惠池,P000174|P001336|P001123|P000231|P001759,麦富迪宠物用品商品180|比瑞吉宠物用品商品181|麦富迪宠物用品商品699|pidan宠物用品商品955|网易严选宠物用品商品408
2565,U002567,0.1439,0.188192,低意向,服装鞋包,高性价比优惠池,P001581|P001100|P000662|P001462|P000338,耐克服装鞋包商品711|H&M服装鞋包商品119|海澜之家服装鞋包商品964|耐克服装鞋包商品391|H&M服装鞋包商品587
2566,U000531,0.1438,0.280269,低意向,食品生鲜,高性价比优惠池,P000995|P001113|P000246|P001573|P000063,良品铺子食品生鲜商品230|三只松鼠食品生鲜商品425|蒙牛食品生鲜商品866|百草味食品生鲜商品634|百草味食品生鲜商品504
2567,U002042,0.1438,0.183177,低意向,箱包配饰,高性价比优惠池,P000702|P001253|P001930|P000361|P000987,LV箱包配饰商品940|Samsonite箱包配饰商品380|Samsonite箱包配饰商品997|GUCCI箱包配饰商品904|Samsonite箱包配饰商品467
2568,U001043,0.1437,0.241113,低意向,食品生鲜,高性价比优惠池,P000995|P001113|P000246|P001573|P000063,良品铺子食品生鲜商品230|三只松鼠食品生鲜商品425|蒙牛食品生鲜商品866|百草味食品生鲜商品634|百草味食品生鲜商品504
2569,U001281,0.1436,0.178609,低意向,家用电器,高性价比优惠池,P001338|P000409|P001480|P001850|P001635,苏泊尔家用电器商品596|苏泊尔家用电器商品852|戴森家用电器商品536|戴森家用电器商品883|西门子家用电器商品795
2570,U001141,0.1434,0.19725,低意向,箱包配饰,高性价比优惠池,P000702|P001253|P001930|P000361|P000987,LV箱包配饰商品940|Samsonite箱包配饰商品380|Samsonite箱包配饰商品997|GUCCI箱包配饰商品904|Samsonite箱包配饰商品467
2571,U001532,0.1434,0.195428,低意向,服装鞋包,高性价比优惠池,P001581|P001100|P000662|P001462|P000338,耐克服装鞋包商品711|H&M服装鞋包商品119|海澜之家服装鞋包商品964|耐克服装鞋包商品391|H&M服装鞋包商品587
2572,U002602,0.1434,0.187788,低意向,食品生鲜,高性价比优惠池,P000995|P001113|P000246|P001573|P000063,良品铺子食品生鲜商品230|三只松鼠食品生鲜商品425|蒙牛食品生鲜商品866|百草味食品生鲜商品634|百草味食品生鲜商品504
2573,U003135,0.1434,0.17277,低意向,汽车用品,高性价比优惠池,P001350|P001831|P000932|P001413|P001281,海康威视汽车用品商品339|3M汽车用品商品278|米其林汽车用品商品745|3M汽车用品商品342|卡仕达汽车用品商品144
2574,U003960,0.1434,0.237986,低意向,宠物用品,高性价比优惠池,P000174|P001336|P001123|P000231|P001759,麦富迪宠物用品商品180|比瑞吉宠物用品商品181|麦富迪宠物用品商品699|pidan宠物用品商品955|网易严选宠物用品商品408
2575,U001042,0.1433,0.229481,低意向,食品生鲜,高性价比优惠池,P000995|P001113|P000246|P001573|P000063,良品铺子食品生鲜商品230|三只松鼠食品生鲜商品425|蒙牛食品生鲜商品866|百草味食品生鲜商品634|百草味食品生鲜商品504
2576,U001656,0.1433,0.188416,低意向,医药保健,高性价比优惠池,P000765|P000827|P001891|P000351|P000793,善存医药保健商品608|Swisse医药保健商品414|Swisse医药保健商品235|汤臣倍健医药保健商品112|九芝堂医药保健商品478
2577,U002488,0.1433,0.172633,低意向,服装鞋包,高性价比优惠池,P001581|P001100|P000662|P001462|P000338,耐克服装鞋包商品711|H&M服装鞋包商品119|海澜之家服装鞋包商品964|耐克服装鞋包商品391|H&M服装鞋包商品587
2578,U002899,0.1433,0.183083,低意向,礼品鲜花,高性价比优惠池,P000831|P000680|P001029|P000319|P000890,Roseonly礼品鲜花商品580|施华洛世奇礼品鲜花商品208|野兽派礼品鲜花商品389|施华洛世奇礼品鲜花商品633|潘多拉礼品鲜花商品586
2579,U001914,0.1432,0.18483,低意向,服装鞋包,高性价比优惠池,P001581|P001100|P000662|P001462|P000338,耐克服装鞋包商品711|H&M服装鞋包商品119|海澜之家服装鞋包商品964|耐克服装鞋包商品391|H&M服装鞋包商品587
2580,U000310,0.1431,0.277698,低意向,汽车用品,高性价比优惠池,P001350|P001831|P000932|P001413|P001281,海康威视汽车用品商品339|3M汽车用品商品278|米其林汽车用品商品745|3M汽车用品商品342|卡仕达汽车用品商品144
2581,U002865,0.1431,0.189751,低意向,家用电器,高性价比优惠池,P001338|P000409|P001480|P001850|P001635,苏泊尔家用电器商品596|苏泊尔家用电器商品852|戴森家用电器商品536|戴森家用电器商品883|西门子家用电器商品795
2582,U004472,0.143,0.201873,低意向,母婴用品,高性价比优惠池,P001683|P000635|P001865|P000991|P001946,帮宝适母婴用品商品297|贝因美母婴用品商品691|贝因美母婴用品商品921|帮宝适母婴用品商品195|花王母婴用品商品688
2583,U000062,0.1429,0.267724,低意向,服装鞋包,高性价比优惠池,P001581|P001100|P000662|P001462|P000338,耐克服装鞋包商品711|H&M服装鞋包商品119|海澜之家服装鞋包商品964|耐克服装鞋包商品391|H&M服装鞋包商品587
2584,U000453,0.1429,0.267608,低意向,家用电器,高性价比优惠池,P001338|P000409|P001480|P001850|P001635,苏泊尔家用电器商品596|苏泊尔家用电器商品852|戴森家用电器商品536|戴森家用电器商品883|西门子家用电器商品795
2585,U003370,0.1429,0.184641,低意向,美妆护肤,高性价比优惠池,P001748|P000034|P001010|P000095|P001810,完美日记美妆护肤商品797|雅诗兰黛美妆护肤商品818|雅诗兰黛美妆护肤商品295|欧莱雅美妆护肤商品977|欧莱雅美妆护肤商品587
2586,U003849,0.1429,0.169352,低意向,箱包配饰,高性价比优惠池,P000702|P001253|P001930|P000361|P000987,LV箱包配饰商品940|Samsonite箱包配饰商品380|Samsonite箱包配饰商品997|GUCCI箱包配饰商品904|Samsonite箱包配饰商品467
2587,U001428,0.1428,0.239991,低意向,运动户外,高性价比优惠池,P001637|P001804|P001967|P000194|P000210,李宁运动户外商品816|李宁运动户外商品353|探路者运动户外商品827|始祖鸟运动户外商品528|安踏运动户外商品113
2588,U003075,0.1428,0.194304,低意向,服装鞋包,高性价比优惠池,P001581|P001100|P000662|P001462|P000338,耐克服装鞋包商品711|H&M服装鞋包商品119|海澜之家服装鞋包商品964|耐克服装鞋包商品391|H&M服装鞋包商品587
2589,U003116,0.1426,0.180589,低意向,服装鞋包,高性价比优惠池,P001581|P001100|P000662|P001462|P000338,耐克服装鞋包商品711|H&M服装鞋包商品119|海澜之家服装鞋包商品964|耐克服装鞋包商品391|H&M服装鞋包商品587
2590,U003682,0.1426,0.175125,低意向,家居家装,高性价比优惠池,P001900|P001343|P000229|P001466|P001151,顾家家居家居家装商品551|曲美家居家装商品469|顾家家居家居家装商品198|马可波罗家居家装商品613|宜家家居家装商品838
2591,U003342,0.1425,0.19489,低意向,宠物用品,高性价比优惠池,P000174|P001336|P001123|P000231|P001759,麦富迪宠物用品商品180|比瑞吉宠物用品商品181|麦富迪宠物用品商品699|pidan宠物用品商品955|网易严选宠物用品商品408
2592,U004912,0.1425,0.178603,低意向,医药保健,高性价比优惠池,P000765|P000827|P001891|P000351|P000793,善存医药保健商品608|Swisse医药保健商品414|Swisse医药保健商品235|汤臣倍健医药保健商品112|九芝堂医药保健商品478
2593,U000216,0.1424,0.186044,低意向,食品生鲜,高性价比优惠池,P000995|P001113|P000246|P001573|P000063,良品铺子食品生鲜商品230|三只松鼠食品生鲜商品425|蒙牛食品生鲜商品866|百草味食品生鲜商品634|百草味食品生鲜商品504
2594,U001425,0.1423,0.277204,低意向,宠物用品,高性价比优惠池,P000174|P001336|P001123|P000231|P001759,麦富迪宠物用品商品180|比瑞吉宠物用品商品181|麦富迪宠物用品商品699|pidan宠物用品商品955|网易严选宠物用品商品408
2595,U002450,0.1422,0.177419,低意向,手机数码,高性价比优惠池,P000518|P000173|P000438|P001705|P000874,一加手机数码商品882|OPPO手机数码商品663|OPPO手机数码商品771|苹果手机数码商品445|苹果手机数码商品704
2596,U000915,0.142,0.173014,低意向,医药保健,高性价比优惠池,P000765|P000827|P001891|P000351|P000793,善存医药保健商品608|Swisse医药保健商品414|Swisse医药保健商品235|汤臣倍健医药保健商品112|九芝堂医药保健商品478
2597,U002218,0.142,0.264179,低意向,医药保健,高性价比优惠池,P000765|P000827|P001891|P000351|P000793,善存医药保健商品608|Swisse医药保健商品414|Swisse医药保健商品235|汤臣倍健医药保健商品112|九芝堂医药保健商品478
2598,U003488,0.142,0.175305,低意向,医药保健,高性价比优惠池,P000765|P000827|P001891|P000351|P000793,善存医药保健商品608|Swisse医药保健商品414|Swisse医药保健商品235|汤臣倍健医药保健商品112|九芝堂医药保健商品478
2599,U003380,0.1419,0.225591,低意向,母婴用品,高性价比优惠池,P001683|P000635|P001865|P000991|P001946,帮宝适母婴用品商品297|贝因美母婴用品商品691|贝因美母婴用品商品921|帮宝适母婴用品商品195|花王母婴用品商品688
2600,U004848,0.1419,0.181723,低意向,图书音像,高性价比优惠池,P001855|P001112|P000053|P001974|P001212,京东图书图书音像商品377|中信出版社图书音像商品870|京东图书图书音像商品199|博库网图书音像商品353|新华书店图书音像商品518
2601,U004124,0.1418,0.19289,低意向,食品生鲜,高性价比优惠池,P000995|P001113|P000246|P001573|P000063,良品铺子食品生鲜商品230|三只松鼠食品生鲜商品425|蒙牛食品生鲜商品866|百草味食品生鲜商品634|百草味食品生鲜商品504
2602,U002364,0.1417,0.188076,低意向,母婴用品,高性价比优惠池,P001683|P000635|P001865|P000991|P001946,帮宝适母婴用品商品297|贝因美母婴用品商品691|贝因美母婴用品商品921|帮宝适母婴用品商品195|花王母婴用品商品688
2603,U002247,0.1416,0.172469,低意向,礼品鲜花,高性价比优惠池,P000831|P000680|P001029|P000319|P000890,Roseonly礼品鲜花商品580|施华洛世奇礼品鲜花商品208|野兽派礼品鲜花商品389|施华洛世奇礼品鲜花商品633|潘多拉礼品鲜花商品586
2604,U002628,0.1416,0.177693,低意向,家居家装,高性价比优惠池,P001900|P001343|P000229|P001466|P001151,顾家家居家居家装商品551|曲美家居家装商品469|顾家家居家居家装商品198|马可波罗家居家装商品613|宜家家居家装商品838
2605,U004662,0.1416,0.179586,低意向,母婴用品,高性价比优惠池,P001683|P000635|P001865|P000991|P001946,帮宝适母婴用品商品297|贝因美母婴用品商品691|贝因美母婴用品商品921|帮宝适母婴用品商品195|花王母婴用品商品688
2606,U004961,0.1416,0.189488,低意向,食品生鲜,高性价比优惠池,P000995|P001113|P000246|P001573|P000063,良品铺子食品生鲜商品230|三只松鼠食品生鲜商品425|蒙牛食品生鲜商品866|百草味食品生鲜商品634|百草味食品生鲜商品504
2607,U004267,0.1415,0.176002,低意向,医药保健,高性价比优惠池,P000765|P000827|P001891|P000351|P000793,善存医药保健商品608|Swisse医药保健商品414|Swisse医药保健商品235|汤臣倍健医药保健商品112|九芝堂医药保健商品478
2608,U000330,0.1412,0.17992,低意向,箱包配饰,高性价比优惠池,P000702|P001253|P001930|P000361|P000987,LV箱包配饰商品940|Samsonite箱包配饰商品380|Samsonite箱包配饰商品997|GUCCI箱包配饰商品904|Samsonite箱包配饰商品467
2609,U001854,0.1412,0.173847,低意向,家用电器,高性价比优惠池,P001338|P000409|P001480|P001850|P001635,苏泊尔家用电器商品596|苏泊尔家用电器商品852|戴森家用电器商品536|戴森家用电器商品883|西门子家用电器商品795
2610,U004172,0.1412,0.184481,低意向,礼品鲜花,高性价比优惠池,P000831|P000680|P001029|P000319|P000890,Roseonly礼品鲜花商品580|施华洛世奇礼品鲜花商品208|野兽派礼品鲜花商品389|施华洛世奇礼品鲜花商品633|潘多拉礼品鲜花商品586
2611,U004645,0.1412,0.278598,低意向,母婴用品,高性价比优惠池,P001683|P000635|P001865|P000991|P001946,帮宝适母婴用品商品297|贝因美母婴用品商品691|贝因美母婴用品商品921|帮宝适母婴用品商品195|花王母婴用品商品688
2612,U001300,0.141,0.184371,低意向,珠宝首饰,高性价比优惠池,P000974|P000711|P001945|P000774|P001226,明牌珠宝首饰商品793|老凤祥珠宝首饰商品116|老凤祥珠宝首饰商品246|周大福珠宝首饰商品251|潮宏基珠宝首饰商品314
2613,U001103,0.1409,0.255319,低意向,服装鞋包,高性价比优惠池,P001581|P001100|P000662|P001462|P000338,耐克服装鞋包商品711|H&M服装鞋包商品119|海澜之家服装鞋包商品964|耐克服装鞋包商品391|H&M服装鞋包商品587
2614,U001926,0.1409,0.1779,低意向,宠物用品,高性价比优惠池,P000174|P001336|P001123|P000231|P001759,麦富迪宠物用品商品180|比瑞吉宠物用品商品181|麦富迪宠物用品商品699|pidan宠物用品商品955|网易严选宠物用品商品408
2615,U004253,0.1409,0.230321,低意向,汽车用品,高性价比优惠池,P001350|P001831|P000932|P001413|P001281,海康威视汽车用品商品339|3M汽车用品商品278|米其林汽车用品商品745|3M汽车用品商品342|卡仕达汽车用品商品144
2616,U004664,0.1409,0.236978,低意向,礼品鲜花,高性价比优惠池,P000831|P000680|P001029|P000319|P000890,Roseonly礼品鲜花商品580|施华洛世奇礼品鲜花商品208|野兽派礼品鲜花商品389|施华洛世奇礼品鲜花商品633|潘多拉礼品鲜花商品586
2617,U004786,0.1407,0.255925,低意向,箱包配饰,高性价比优惠池,P000702|P001253|P001930|P000361|P000987,LV箱包配饰商品940|Samsonite箱包配饰商品380|Samsonite箱包配饰商品997|GUCCI箱包配饰商品904|Samsonite箱包配饰商品467
2618,U003385,0.1406,0.188219,低意向,食品生鲜,高性价比优惠池,P000995|P001113|P000246|P001573|P000063,良品铺子食品生鲜商品230|三只松鼠食品生鲜商品425|蒙牛食品生鲜商品866|百草味食品生鲜商品634|百草味食品生鲜商品504
2619,U004361,0.1406,0.180382,低意向,手机数码,高性价比优惠池,P000518|P000173|P000438|P001705|P000874,一加手机数码商品882|OPPO手机数码商品663|OPPO手机数码商品771|苹果手机数码商品445|苹果手机数码商品704
2620,U000007,0.1405,0.18014,低意向,母婴用品,高性价比优惠池,P001683|P000635|P001865|P000991|P001946,帮宝适母婴用品商品297|贝因美母婴用品商品691|贝因美母婴用品商品921|帮宝适母婴用品商品195|花王母婴用品商品688
2621,U000149,0.1405,0.169926,低意向,服装鞋包,高性价比优惠池,P001581|P001100|P000662|P001462|P000338,耐克服装鞋包商品711|H&M服装鞋包商品119|海澜之家服装鞋包商品964|耐克服装鞋包商品391|H&M服装鞋包商品587
2622,U004279,0.1404,0.177886,低意向,美妆护肤,高性价比优惠池,P001748|P000034|P001010|P000095|P001810,完美日记美妆护肤商品797|雅诗兰黛美妆护肤商品818|雅诗兰黛美妆护肤商品295|欧莱雅美妆护肤商品977|欧莱雅美妆护肤商品587
2623,U000373,0.1402,0.179864,低意向,运动户外,高性价比优惠池,P001637|P001804|P001967|P000194|P000210,李宁运动户外商品816|李宁运动户外商品353|探路者运动户外商品827|始祖鸟运动户外商品528|安踏运动户外商品113
2624,U003651,0.1402,0.180493,低意向,食品生鲜,高性价比优惠池,P000995|P001113|P000246|P001573|P000063,良品铺子食品生鲜商品230|三只松鼠食品生鲜商品425|蒙牛食品生鲜商品866|百草味食品生鲜商品634|百草味食品生鲜商品504
2625,U000094,0.14,0.250843,低意向,宠物用品,高性价比优惠池,P000174|P001336|P001123|P000231|P001759,麦富迪宠物用品商品180|比瑞吉宠物用品商品181|麦富迪宠物用品商品699|pidan宠物用品商品955|网易严选宠物用品商品408
2626,U002266,0.14,0.183886,低意向,箱包配饰,高性价比优惠池,P000702|P001253|P001930|P000361|P000987,LV箱包配饰商品940|Samsonite箱包配饰商品380|Samsonite箱包配饰商品997|GUCCI箱包配饰商品904|Samsonite箱包配饰商品467
2627,U003425,0.14,0.168683,低意向,运动户外,高性价比优惠池,P001637|P001804|P001967|P000194|P000210,李宁运动户外商品816|李宁运动户外商品353|探路者运动户外商品827|始祖鸟运动户外商品528|安踏运动户外商品113
2628,U003733,0.14,0.249925,低意向,家居家装,高性价比优惠池,P001900|P001343|P000229|P001466|P001151,顾家家居家居家装商品551|曲美家居家装商品469|顾家家居家居家装商品198|马可波罗家居家装商品613|宜家家居家装商品838
2629,U004078,0.14,0.256447,低意向,箱包配饰,高性价比优惠池,P000702|P001253|P001930|P000361|P000987,LV箱包配饰商品940|Samsonite箱包配饰商品380|Samsonite箱包配饰商品997|GUCCI箱包配饰商品904|Samsonite箱包配饰商品467
2630,U003426,0.1399,0.276286,低意向,服装鞋包,高性价比优惠池,P001581|P001100|P000662|P001462|P000338,耐克服装鞋包商品711|H&M服装鞋包商品119|海澜之家服装鞋包商品964|耐克服装鞋包商品391|H&M服装鞋包商品587
2631,U000510,0.1397,0.182331,低意向,母婴用品,高性价比优惠池,P001683|P000635|P001865|P000991|P001946,帮宝适母婴用品商品297|贝因美母婴用品商品691|贝因美母婴用品商品921|帮宝适母婴用品商品195|花王母婴用品商品688
2632,U001142,0.1396,0.173493,低意向,图书音像,高性价比优惠池,P001855|P001112|P000053|P001974|P001212,京东图书图书音像商品377|中信出版社图书音像商品870|京东图书图书音像商品199|博库网图书音像商品353|新华书店图书音像商品518
2633,U004723,0.1396,0.235195,低意向,母婴用品,高性价比优惠池,P001683|P000635|P001865|P000991|P001946,帮宝适母婴用品商品297|贝因美母婴用品商品691|贝因美母婴用品商品921|帮宝适母婴用品商品195|花王母婴用品商品688
2634,U004410,0.1395,0.180455,低意向,汽车用品,高性价比优惠池,P001350|P001831|P000932|P001413|P001281,海康威视汽车用品商品339|3M汽车用品商品278|米其林汽车用品商品745|3M汽车用品商品342|卡仕达汽车用品商品144
2635,U004218,0.1394,0.171734,低意向,母婴用品,高性价比优惠池,P001683|P000635|P001865|P000991|P001946,帮宝适母婴用品商品297|贝因美母婴用品商品691|贝因美母婴用品商品921|帮宝适母婴用品商品195|花王母婴用品商品688
2636,U001180,0.1393,0.175249,低意向,医药保健,高性价比优惠池,P000765|P000827|P001891|P000351|P000793,善存医药保健商品608|Swisse医药保健商品414|Swisse医药保健商品235|汤臣倍健医药保健商品112|九芝堂医药保健商品478
2637,U003105,0.1393,0.185761,低意向,宠物用品,高性价比优惠池,P000174|P001336|P001123|P000231|P001759,麦富迪宠物用品商品180|比瑞吉宠物用品商品181|麦富迪宠物用品商品699|pidan宠物用品商品955|网易严选宠物用品商品408
2638,U002833,0.1392,0.182717,低意向,汽车用品,高性价比优惠池,P001350|P001831|P000932|P001413|P001281,海康威视汽车用品商品339|3M汽车用品商品278|米其林汽车用品商品745|3M汽车用品商品342|卡仕达汽车用品商品144
2639,U004065,0.1392,0.17473,低意向,,高性价比优惠池,P001855|P000765|P000174|P000974|P001112,京东图书图书音像商品377|善存医药保健商品608|麦富迪宠物用品商品180|明牌珠宝首饰商品793|中信出版社图书音像商品870
2640,U004986,0.1392,0.180916,低意向,礼品鲜花,高性价比优惠池,P000831|P000680|P001029|P000319|P000890,Roseonly礼品鲜花商品580|施华洛世奇礼品鲜花商品208|野兽派礼品鲜花商品389|施华洛世奇礼品鲜花商品633|潘多拉礼品鲜花商品586
2641,U002270,0.1391,0.147269,低意向,礼品鲜花,高性价比优惠池,P000831|P000680|P001029|P000319|P000890,Roseonly礼品鲜花商品580|施华洛世奇礼品鲜花商品208|野兽派礼品鲜花商品389|施华洛世奇礼品鲜花商品633|潘多拉礼品鲜花商品586
2642,U000647,0.139,0.171186,低意向,礼品鲜花,高性价比优惠池,P000831|P000680|P001029|P000319|P000890,Roseonly礼品鲜花商品580|施华洛世奇礼品鲜花商品208|野兽派礼品鲜花商品389|施华洛世奇礼品鲜花商品633|潘多拉礼品鲜花商品586
2643,U000962,0.139,0.179029,低意向,珠宝首饰,高性价比优惠池,P000974|P000711|P001945|P000774|P001226,明牌珠宝首饰商品793|老凤祥珠宝首饰商品116|老凤祥珠宝首饰商品246|周大福珠宝首饰商品251|潮宏基珠宝首饰商品314
2644,U001333,0.139,0.182242,低意向,医药保健,高性价比优惠池,P000765|P000827|P001891|P000351|P000793,善存医药保健商品608|Swisse医药保健商品414|Swisse医药保健商品235|汤臣倍健医药保健商品112|九芝堂医药保健商品478
2645,U002940,0.139,0.251048,低意向,美妆护肤,高性价比优惠池,P001748|P000034|P001010|P000095|P001810,完美日记美妆护肤商品797|雅诗兰黛美妆护肤商品818|雅诗兰黛美妆护肤商品295|欧莱雅美妆护肤商品977|欧莱雅美妆护肤商品587
2646,U000503,0.1389,0.173561,低意向,珠宝首饰,高性价比优惠池,P000974|P000711|P001945|P000774|P001226,明牌珠宝首饰商品793|老凤祥珠宝首饰商品116|老凤祥珠宝首饰商品246|周大福珠宝首饰商品251|潮宏基珠宝首饰商品314
2647,U001185,0.1389,0.178719,低意向,食品生鲜,高性价比优惠池,P000995|P001113|P000246|P001573|P000063,良品铺子食品生鲜商品230|三只松鼠食品生鲜商品425|蒙牛食品生鲜商品866|百草味食品生鲜商品634|百草味食品生鲜商品504
2648,U001886,0.1389,0.186589,低意向,医药保健,高性价比优惠池,P000765|P000827|P001891|P000351|P000793,善存医药保健商品608|Swisse医药保健商品414|Swisse医药保健商品235|汤臣倍健医药保健商品112|九芝堂医药保健商品478
2649,U002190,0.1389,0.176156,低意向,医药保健,高性价比优惠池,P000765|P000827|P001891|P000351|P000793,善存医药保健商品608|Swisse医药保健商品414|Swisse医药保健商品235|汤臣倍健医药保健商品112|九芝堂医药保健商品478
2650,U003570,0.1389,0.183116,低意向,手机数码,高性价比优惠池,P000518|P000173|P000438|P001705|P000874,一加手机数码商品882|OPPO手机数码商品663|OPPO手机数码商品771|苹果手机数码商品445|苹果手机数码商品704
2651,U004294,0.1389,0.181096,低意向,美妆护肤,高性价比优惠池,P001748|P000034|P001010|P000095|P001810,完美日记美妆护肤商品797|雅诗兰黛美妆护肤商品818|雅诗兰黛美妆护肤商品295|欧莱雅美妆护肤商品977|欧莱雅美妆护肤商品587
2652,U004683,0.1389,0.160481,低意向,医药保健,高性价比优惠池,P000765|P000827|P001891|P000351|P000793,善存医药保健商品608|Swisse医药保健商品414|Swisse医药保健商品235|汤臣倍健医药保健商品112|九芝堂医药保健商品478
2653,U003650,0.1388,0.168518,低意向,手机数码,高性价比优惠池,P000518|P000173|P000438|P001705|P000874,一加手机数码商品882|OPPO手机数码商品663|OPPO手机数码商品771|苹果手机数码商品445|苹果手机数码商品704
2654,U001226,0.1387,0.169019,低意向,家居家装,高性价比优惠池,P001900|P001343|P000229|P001466|P001151,顾家家居家居家装商品551|曲美家居家装商品469|顾家家居家居家装商品198|马可波罗家居家装商品613|宜家家居家装商品838
2655,U001363,0.1387,0.240167,低意向,珠宝首饰,高性价比优惠池,P000974|P000711|P001945|P000774|P001226,明牌珠宝首饰商品793|老凤祥珠宝首饰商品116|老凤祥珠宝首饰商品246|周大福珠宝首饰商品251|潮宏基珠宝首饰商品314
2656,U001360,0.1386,0.17775,低意向,珠宝首饰,高性价比优惠池,P000974|P000711|P001945|P000774|P001226,明牌珠宝首饰商品793|老凤祥珠宝首饰商品116|老凤祥珠宝首饰商品246|周大福珠宝首饰商品251|潮宏基珠宝首饰商品314
2657,U002648,0.1385,0.187725,低意向,箱包配饰,高性价比优惠池,P000702|P001253|P001930|P000361|P000987,LV箱包配饰商品940|Samsonite箱包配饰商品380|Samsonite箱包配饰商品997|GUCCI箱包配饰商品904|Samsonite箱包配饰商品467
2658,U000760,0.1384,0.245193,低意向,手机数码,高性价比优惠池,P000518|P000173|P000438|P001705|P000874,一加手机数码商品882|OPPO手机数码商品663|OPPO手机数码商品771|苹果手机数码商品445|苹果手机数码商品704
2659,U003643,0.1384,0.190587,低意向,家居家装,高性价比优惠池,P001900|P001343|P000229|P001466|P001151,顾家家居家居家装商品551|曲美家居家装商品469|顾家家居家居家装商品198|马可波罗家居家装商品613|宜家家居家装商品838
2660,U000254,0.1383,0.179102,低意向,宠物用品,高性价比优惠池,P000174|P001336|P001123|P000231|P001759,麦富迪宠物用品商品180|比瑞吉宠物用品商品181|麦富迪宠物用品商品699|pidan宠物用品商品955|网易严选宠物用品商品408
2661,U004938,0.1382,0.162981,低意向,食品生鲜,高性价比优惠池,P000995|P001113|P000246|P001573|P000063,良品铺子食品生鲜商品230|三只松鼠食品生鲜商品425|蒙牛食品生鲜商品866|百草味食品生鲜商品634|百草味食品生鲜商品504
2662,U001773,0.1381,0.179528,低意向,宠物用品,高性价比优惠池,P000174|P001336|P001123|P000231|P001759,麦富迪宠物用品商品180|比瑞吉宠物用品商品181|麦富迪宠物用品商品699|pidan宠物用品商品955|网易严选宠物用品商品408
2663,U000846,0.138,0.177671,低意向,医药保健,高性价比优惠池,P000765|P000827|P001891|P000351|P000793,善存医药保健商品608|Swisse医药保健商品414|Swisse医药保健商品235|汤臣倍健医药保健商品112|九芝堂医药保健商品478
2664,U001409,0.138,0.168347,低意向,箱包配饰,高性价比优惠池,P000702|P001253|P001930|P000361|P000987,LV箱包配饰商品940|Samsonite箱包配饰商品380|Samsonite箱包配饰商品997|GUCCI箱包配饰商品904|Samsonite箱包配饰商品467
2665,U000001,0.1379,0.176796,低意向,礼品鲜花,高性价比优惠池,P000831|P000680|P001029|P000319|P000890,Roseonly礼品鲜花商品580|施华洛世奇礼品鲜花商品208|野兽派礼品鲜花商品389|施华洛世奇礼品鲜花商品633|潘多拉礼品鲜花商品586
2666,U001823,0.1379,0.280152,低意向,箱包配饰,高性价比优惠池,P000702|P001253|P001930|P000361|P000987,LV箱包配饰商品940|Samsonite箱包配饰商品380|Samsonite箱包配饰商品997|GUCCI箱包配饰商品904|Samsonite箱包配饰商品467
2667,U002109,0.1379,0.184085,低意向,服装鞋包,高性价比优惠池,P001581|P001100|P000662|P001462|P000338,耐克服装鞋包商品711|H&M服装鞋包商品119|海澜之家服装鞋包商品964|耐克服装鞋包商品391|H&M服装鞋包商品587
2668,U002766,0.1379,0.271486,低意向,礼品鲜花,高性价比优惠池,P000831|P000680|P001029|P000319|P000890,Roseonly礼品鲜花商品580|施华洛世奇礼品鲜花商品208|野兽派礼品鲜花商品389|施华洛世奇礼品鲜花商品633|潘多拉礼品鲜花商品586
2669,U004676,0.1379,0.175763,低意向,珠宝首饰,高性价比优惠池,P000974|P000711|P001945|P000774|P001226,明牌珠宝首饰商品793|老凤祥珠宝首饰商品116|老凤祥珠宝首饰商品246|周大福珠宝首饰商品251|潮宏基珠宝首饰商品314
2670,U004703,0.1378,0.170908,低意向,宠物用品,高性价比优惠池,P000174|P001336|P001123|P000231|P001759,麦富迪宠物用品商品180|比瑞吉宠物用品商品181|麦富迪宠物用品商品699|pidan宠物用品商品955|网易严选宠物用品商品408
2671,U001966,0.1376,0.238002,低意向,美妆护肤,高性价比优惠池,P001748|P000034|P001010|P000095|P001810,完美日记美妆护肤商品797|雅诗兰黛美妆护肤商品818|雅诗兰黛美妆护肤商品295|欧莱雅美妆护肤商品977|欧莱雅美妆护肤商品587
2672,U003481,0.1376,0.172347,低意向,珠宝首饰,高性价比优惠池,P000974|P000711|P001945|P000774|P001226,明牌珠宝首饰商品793|老凤祥珠宝首饰商品116|老凤祥珠宝首饰商品246|周大福珠宝首饰商品251|潮宏基珠宝首饰商品314
2673,U000391,0.1375,0.176871,低意向,医药保健,高性价比优惠池,P000765|P000827|P001891|P000351|P000793,善存医药保健商品608|Swisse医药保健商品414|Swisse医药保健商品235|汤臣倍健医药保健商品112|九芝堂医药保健商品478
2674,U003222,0.1375,0.241717,低意向,运动户外,高性价比优惠池,P001637|P001804|P001967|P000194|P000210,李宁运动户外商品816|李宁运动户外商品353|探路者运动户外商品827|始祖鸟运动户外商品528|安踏运动户外商品113
2675,U003894,0.1374,0.182243,低意向,医药保健,高性价比优惠池,P000765|P000827|P001891|P000351|P000793,善存医药保健商品608|Swisse医药保健商品414|Swisse医药保健商品235|汤臣倍健医药保健商品112|九芝堂医药保健商品478
2676,U004241,0.1374,0.167379,低意向,家居家装,高性价比优惠池,P001900|P001343|P000229|P001466|P001151,顾家家居家居家装商品551|曲美家居家装商品469|顾家家居家居家装商品198|马可波罗家居家装商品613|宜家家居家装商品838
2677,U004680,0.1374,0.260603,低意向,家居家装,高性价比优惠池,P001900|P001343|P000229|P001466|P001151,顾家家居家居家装商品551|曲美家居家装商品469|顾家家居家居家装商品198|马可波罗家居家装商品613|宜家家居家装商品838
2678,U000831,0.1373,0.17128,低意向,珠宝首饰,高性价比优惠池,P000974|P000711|P001945|P000774|P001226,明牌珠宝首饰商品793|老凤祥珠宝首饰商品116|老凤祥珠宝首饰商品246|周大福珠宝首饰商品251|潮宏基珠宝首饰商品314
2679,U001588,0.1373,0.179531,低意向,母婴用品,高性价比优惠池,P001683|P000635|P001865|P000991|P001946,帮宝适母婴用品商品297|贝因美母婴用品商品691|贝因美母婴用品商品921|帮宝适母婴用品商品195|花王母婴用品商品688
2680,U002154,0.1373,0.173475,低意向,手机数码,高性价比优惠池,P000518|P000173|P000438|P001705|P000874,一加手机数码商品882|OPPO手机数码商品663|OPPO手机数码商品771|苹果手机数码商品445|苹果手机数码商品704
2681,U001472,0.1371,0.267825,低意向,箱包配饰,高性价比优惠池,P000702|P001253|P001930|P000361|P000987,LV箱包配饰商品940|Samsonite箱包配饰商品380|Samsonite箱包配饰商品997|GUCCI箱包配饰商品904|Samsonite箱包配饰商品467
2682,U000606,0.137,0.241739,低意向,医药保健,高性价比优惠池,P000765|P000827|P001891|P000351|P000793,善存医药保健商品608|Swisse医药保健商品414|Swisse医药保健商品235|汤臣倍健医药保健商品112|九芝堂医药保健商品478
2683,U001493,0.137,0.174985,低意向,医药保健,高性价比优惠池,P000765|P000827|P001891|P000351|P000793,善存医药保健商品608|Swisse医药保健商品414|Swisse医药保健商品235|汤臣倍健医药保健商品112|九芝堂医药保健商品478
2684,U001699,0.137,0.168046,低意向,宠物用品,高性价比优惠池,P000174|P001336|P001123|P000231|P001759,麦富迪宠物用品商品180|比瑞吉宠物用品商品181|麦富迪宠物用品商品699|pidan宠物用品商品955|网易严选宠物用品商品408
2685,U002801,0.137,0.192968,低意向,珠宝首饰,高性价比优惠池,P000974|P000711|P001945|P000774|P001226,明牌珠宝首饰商品793|老凤祥珠宝首饰商品116|老凤祥珠宝首饰商品246|周大福珠宝首饰商品251|潮宏基珠宝首饰商品314
2686,U002183,0.1369,0.177944,低意向,美妆护肤,高性价比优惠池,P001748|P000034|P001010|P000095|P001810,完美日记美妆护肤商品797|雅诗兰黛美妆护肤商品818|雅诗兰黛美妆护肤商品295|欧莱雅美妆护肤商品977|欧莱雅美妆护肤商品587
2687,U001044,0.1368,0.187467,低意向,母婴用品,高性价比优惠池,P001683|P000635|P001865|P000991|P001946,帮宝适母婴用品商品297|贝因美母婴用品商品691|贝因美母婴用品商品921|帮宝适母婴用品商品195|花王母婴用品商品688
2688,U001669,0.1367,0.170987,低意向,运动户外,高性价比优惠池,P001637|P001804|P001967|P000194|P000210,李宁运动户外商品816|李宁运动户外商品353|探路者运动户外商品827|始祖鸟运动户外商品528|安踏运动户外商品113
2689,U004328,0.1367,0.239786,低意向,礼品鲜花,高性价比优惠池,P000831|P000680|P001029|P000319|P000890,Roseonly礼品鲜花商品580|施华洛世奇礼品鲜花商品208|野兽派礼品鲜花商品389|施华洛世奇礼品鲜花商品633|潘多拉礼品鲜花商品586
2690,U000945,0.1366,0.243213,低意向,礼品鲜花,高性价比优惠池,P000831|P000680|P001029|P000319|P000890,Roseonly礼品鲜花商品580|施华洛世奇礼品鲜花商品208|野兽派礼品鲜花商品389|施华洛世奇礼品鲜花商品633|潘多拉礼品鲜花商品586
2691,U002170,0.1365,0.175402,低意向,医药保健,高性价比优惠池,P000765|P000827|P001891|P000351|P000793,善存医药保健商品608|Swisse医药保健商品414|Swisse医药保健商品235|汤臣倍健医药保健商品112|九芝堂医药保健商品478
2692,U002313,0.1364,0.246145,低意向,医药保健,高性价比优惠池,P000765|P000827|P001891|P000351|P000793,善存医药保健商品608|Swisse医药保健商品414|Swisse医药保健商品235|汤臣倍健医药保健商品112|九芝堂医药保健商品478
2693,U000519,0.1363,0.242965,低意向,礼品鲜花,高性价比优惠池,P000831|P000680|P001029|P000319|P000890,Roseonly礼品鲜花商品580|施华洛世奇礼品鲜花商品208|野兽派礼品鲜花商品389|施华洛世奇礼品鲜花商品633|潘多拉礼品鲜花商品586
2694,U002829,0.1362,0.178334,低意向,运动户外,高性价比优惠池,P001637|P001804|P001967|P000194|P000210,李宁运动户外商品816|李宁运动户外商品353|探路者运动户外商品827|始祖鸟运动户外商品528|安踏运动户外商品113
2695,U004277,0.1362,0.195284,低意向,图书音像,高性价比优惠池,P001855|P001112|P000053|P001974|P001212,京东图书图书音像商品377|中信出版社图书音像商品870|京东图书图书音像商品199|博库网图书音像商品353|新华书店图书音像商品518
2696,U000786,0.1361,0.166765,低意向,家居家装,高性价比优惠池,P001900|P001343|P000229|P001466|P001151,顾家家居家居家装商品551|曲美家居家装商品469|顾家家居家居家装商品198|马可波罗家居家装商品613|宜家家居家装商品838
2697,U002159,0.1361,0.180055,低意向,食品生鲜,高性价比优惠池,P000995|P001113|P000246|P001573|P000063,良品铺子食品生鲜商品230|三只松鼠食品生鲜商品425|蒙牛食品生鲜商品866|百草味食品生鲜商品634|百草味食品生鲜商品504
2698,U000202,0.136,0.17366,低意向,箱包配饰,高性价比优惠池,P000702|P001253|P001930|P000361|P000987,LV箱包配饰商品940|Samsonite箱包配饰商品380|Samsonite箱包配饰商品997|GUCCI箱包配饰商品904|Samsonite箱包配饰商品467
2699,U001943,0.136,0.234837,低意向,家用电器,高性价比优惠池,P001338|P000409|P001480|P001850|P001635,苏泊尔家用电器商品596|苏泊尔家用电器商品852|戴森家用电器商品536|戴森家用电器商品883|西门子家用电器商品795
2700,U004126,0.1359,0.191351,低意向,汽车用品,高性价比优惠池,P001350|P001831|P000932|P001413|P001281,海康威视汽车用品商品339|3M汽车用品商品278|米其林汽车用品商品745|3M汽车用品商品342|卡仕达汽车用品商品144
2701,U000638,0.1358,0.168512,低意向,运动户外,高性价比优惠池,P001637|P001804|P001967|P000194|P000210,李宁运动户外商品816|李宁运动户外商品353|探路者运动户外商品827|始祖鸟运动户外商品528|安踏运动户外商品113
2702,U001852,0.1358,0.168715,低意向,礼品鲜花,高性价比优惠池,P000831|P000680|P001029|P000319|P000890,Roseonly礼品鲜花商品580|施华洛世奇礼品鲜花商品208|野兽派礼品鲜花商品389|施华洛世奇礼品鲜花商品633|潘多拉礼品鲜花商品586
2703,U001800,0.1356,0.172316,低意向,医药保健,高性价比优惠池,P000765|P000827|P001891|P000351|P000793,善存医药保健商品608|Swisse医药保健商品414|Swisse医药保健商品235|汤臣倍健医药保健商品112|九芝堂医药保健商品478
2704,U000565,0.1355,0.261002,低意向,医药保健,高性价比优惠池,P000765|P000827|P001891|P000351|P000793,善存医药保健商品608|Swisse医药保健商品414|Swisse医药保健商品235|汤臣倍健医药保健商品112|九芝堂医药保健商品478
2705,U000512,0.1354,0.257986,低意向,家用电器,高性价比优惠池,P001338|P000409|P001480|P001850|P001635,苏泊尔家用电器商品596|苏泊尔家用电器商品852|戴森家用电器商品536|戴森家用电器商品883|西门子家用电器商品795
2706,U001395,0.1354,0.189591,低意向,食品生鲜,高性价比优惠池,P000995|P001113|P000246|P001573|P000063,良品铺子食品生鲜商品230|三只松鼠食品生鲜商品425|蒙牛食品生鲜商品866|百草味食品生鲜商品634|百草味食品生鲜商品504
2707,U001810,0.1353,0.173856,低意向,美妆护肤,高性价比优惠池,P001748|P000034|P001010|P000095|P001810,完美日记美妆护肤商品797|雅诗兰黛美妆护肤商品818|雅诗兰黛美妆护肤商品295|欧莱雅美妆护肤商品977|欧莱雅美妆护肤商品587
2708,U001974,0.1353,0.261713,低意向,母婴用品,高性价比优惠池,P001683|P000635|P001865|P000991|P001946,帮宝适母婴用品商品297|贝因美母婴用品商品691|贝因美母婴用品商品921|帮宝适母婴用品商品195|花王母婴用品商品688
2709,U004497,0.1353,0.177676,低意向,运动户外,高性价比优惠池,P001637|P001804|P001967|P000194|P000210,李宁运动户外商品816|李宁运动户外商品353|探路者运动户外商品827|始祖鸟运动户外商品528|安踏运动户外商品113
2710,U000736,0.1352,0.196042,低意向,食品生鲜,高性价比优惠池,P000995|P001113|P000246|P001573|P000063,良品铺子食品生鲜商品230|三只松鼠食品生鲜商品425|蒙牛食品生鲜商品866|百草味食品生鲜商品634|百草味食品生鲜商品504
2711,U000252,0.1351,0.246225,低意向,美妆护肤,高性价比优惠池,P001748|P000034|P001010|P000095|P001810,完美日记美妆护肤商品797|雅诗兰黛美妆护肤商品818|雅诗兰黛美妆护肤商品295|欧莱雅美妆护肤商品977|欧莱雅美妆护肤商品587
2712,U001763,0.1351,0.174714,低意向,珠宝首饰,高性价比优惠池,P000974|P000711|P001945|P000774|P001226,明牌珠宝首饰商品793|老凤祥珠宝首饰商品116|老凤祥珠宝首饰商品246|周大福珠宝首饰商品251|潮宏基珠宝首饰商品314
2713,U001754,0.135,0.168496,低意向,美妆护肤,高性价比优惠池,P001748|P000034|P001010|P000095|P001810,完美日记美妆护肤商品797|雅诗兰黛美妆护肤商品818|雅诗兰黛美妆护肤商品295|欧莱雅美妆护肤商品977|欧莱雅美妆护肤商品587
2714,U001599,0.1348,0.252066,低意向,图书音像,高性价比优惠池,P001855|P001112|P000053|P001974|P001212,京东图书图书音像商品377|中信出版社图书音像商品870|京东图书图书音像商品199|博库网图书音像商品353|新华书店图书音像商品518
2715,U003465,0.1348,0.226044,低意向,母婴用品,高性价比优惠池,P001683|P000635|P001865|P000991|P001946,帮宝适母婴用品商品297|贝因美母婴用品商品691|贝因美母婴用品商品921|帮宝适母婴用品商品195|花王母婴用品商品688
2716,U003778,0.1348,0.17995,低意向,运动户外,高性价比优惠池,P001637|P001804|P001967|P000194|P000210,李宁运动户外商品816|李宁运动户外商品353|探路者运动户外商品827|始祖鸟运动户外商品528|安踏运动户外商品113
2717,U004244,0.1348,0.171304,低意向,珠宝首饰,高性价比优惠池,P000974|P000711|P001945|P000774|P001226,明牌珠宝首饰商品793|老凤祥珠宝首饰商品116|老凤祥珠宝首饰商品246|周大福珠宝首饰商品251|潮宏基珠宝首饰商品314
2718,U001708,0.1347,0.165318,低意向,汽车用品,高性价比优惠池,P001350|P001831|P000932|P001413|P001281,海康威视汽车用品商品339|3M汽车用品商品278|米其林汽车用品商品745|3M汽车用品商品342|卡仕达汽车用品商品144
2719,U001354,0.1345,0.169016,低意向,家居家装,高性价比优惠池,P001900|P001343|P000229|P001466|P001151,顾家家居家居家装商品551|曲美家居家装商品469|顾家家居家居家装商品198|马可波罗家居家装商品613|宜家家居家装商品838
2720,U001554,0.1345,0.247137,低意向,医药保健,高性价比优惠池,P000765|P000827|P001891|P000351|P000793,善存医药保健商品608|Swisse医药保健商品414|Swisse医药保健商品235|汤臣倍健医药保健商品112|九芝堂医药保健商品478
2721,U001899,0.1345,0.17054,低意向,美妆护肤,高性价比优惠池,P001748|P000034|P001010|P000095|P001810,完美日记美妆护肤商品797|雅诗兰黛美妆护肤商品818|雅诗兰黛美妆护肤商品295|欧莱雅美妆护肤商品977|欧莱雅美妆护肤商品587
2722,U001919,0.1345,0.29049,低意向,礼品鲜花,高性价比优惠池,P000831|P000680|P001029|P000319|P000890,Roseonly礼品鲜花商品580|施华洛世奇礼品鲜花商品208|野兽派礼品鲜花商品389|施华洛世奇礼品鲜花商品633|潘多拉礼品鲜花商品586
2723,U003058,0.1345,0.178909,低意向,宠物用品,高性价比优惠池,P000174|P001336|P001123|P000231|P001759,麦富迪宠物用品商品180|比瑞吉宠物用品商品181|麦富迪宠物用品商品699|pidan宠物用品商品955|网易严选宠物用品商品408
2724,U003349,0.1345,0.173436,低意向,手机数码,高性价比优惠池,P000518|P000173|P000438|P001705|P000874,一加手机数码商品882|OPPO手机数码商品663|OPPO手机数码商品771|苹果手机数码商品445|苹果手机数码商品704
2725,U004135,0.1344,0.180257,低意向,汽车用品,高性价比优惠池,P001350|P001831|P000932|P001413|P001281,海康威视汽车用品商品339|3M汽车用品商品278|米其林汽车用品商品745|3M汽车用品商品342|卡仕达汽车用品商品144
2726,U004948,0.1343,0.177442,低意向,家居家装,高性价比优惠池,P001900|P001343|P000229|P001466|P001151,顾家家居家居家装商品551|曲美家居家装商品469|顾家家居家居家装商品198|马可波罗家居家装商品613|宜家家居家装商品838
2727,U001171,0.1342,0.250429,低意向,箱包配饰,高性价比优惠池,P000702|P001253|P001930|P000361|P000987,LV箱包配饰商品940|Samsonite箱包配饰商品380|Samsonite箱包配饰商品997|GUCCI箱包配饰商品904|Samsonite箱包配饰商品467
2728,U002646,0.1342,0.175688,低意向,家用电器,高性价比优惠池,P001338|P000409|P001480|P001850|P001635,苏泊尔家用电器商品596|苏泊尔家用电器商品852|戴森家用电器商品536|戴森家用电器商品883|西门子家用电器商品795
2729,U004572,0.1342,0.174616,低意向,食品生鲜,高性价比优惠池,P000995|P001113|P000246|P001573|P000063,良品铺子食品生鲜商品230|三只松鼠食品生鲜商品425|蒙牛食品生鲜商品866|百草味食品生鲜商品634|百草味食品生鲜商品504
2730,U004768,0.1342,0.228672,低意向,家用电器,高性价比优惠池,P001338|P000409|P001480|P001850|P001635,苏泊尔家用电器商品596|苏泊尔家用电器商品852|戴森家用电器商品536|戴森家用电器商品883|西门子家用电器商品795
2731,U001006,0.1341,0.173132,低意向,母婴用品,高性价比优惠池,P001683|P000635|P001865|P000991|P001946,帮宝适母婴用品商品297|贝因美母婴用品商品691|贝因美母婴用品商品921|帮宝适母婴用品商品195|花王母婴用品商品688
2732,U000088,0.1339,0.167505,低意向,箱包配饰,高性价比优惠池,P000702|P001253|P001930|P000361|P000987,LV箱包配饰商品940|Samsonite箱包配饰商品380|Samsonite箱包配饰商品997|GUCCI箱包配饰商品904|Samsonite箱包配饰商品467
2733,U004446,0.1339,0.275082,低意向,手机数码,高性价比优惠池,P000518|P000173|P000438|P001705|P000874,一加手机数码商品882|OPPO手机数码商品663|OPPO手机数码商品771|苹果手机数码商品445|苹果手机数码商品704
2734,U004084,0.1338,0.179138,低意向,汽车用品,高性价比优惠池,P001350|P001831|P000932|P001413|P001281,海康威视汽车用品商品339|3M汽车用品商品278|米其林汽车用品商品745|3M汽车用品商品342|卡仕达汽车用品商品144
2735,U004942,0.1338,0.179949,低意向,礼品鲜花,高性价比优惠池,P000831|P000680|P001029|P000319|P000890,Roseonly礼品鲜花商品580|施华洛世奇礼品鲜花商品208|野兽派礼品鲜花商品389|施华洛世奇礼品鲜花商品633|潘多拉礼品鲜花商品586
2736,U004235,0.1336,0.231606,低意向,食品生鲜,高性价比优惠池,P000995|P001113|P000246|P001573|P000063,良品铺子食品生鲜商品230|三只松鼠食品生鲜商品425|蒙牛食品生鲜商品866|百草味食品生鲜商品634|百草味食品生鲜商品504
2737,U001283,0.1335,0.179872,低意向,珠宝首饰,高性价比优惠池,P000974|P000711|P001945|P000774|P001226,明牌珠宝首饰商品793|老凤祥珠宝首饰商品116|老凤祥珠宝首饰商品246|周大福珠宝首饰商品251|潮宏基珠宝首饰商品314
2738,U001173,0.1334,0.24072,低意向,母婴用品,高性价比优惠池,P001683|P000635|P001865|P000991|P001946,帮宝适母婴用品商品297|贝因美母婴用品商品691|贝因美母婴用品商品921|帮宝适母婴用品商品195|花王母婴用品商品688
2739,U002100,0.1334,0.269624,低意向,礼品鲜花,高性价比优惠池,P000831|P000680|P001029|P000319|P000890,Roseonly礼品鲜花商品580|施华洛世奇礼品鲜花商品208|野兽派礼品鲜花商品389|施华洛世奇礼品鲜花商品633|潘多拉礼品鲜花商品586
2740,U003640,0.1334,0.241325,低意向,服装鞋包,高性价比优惠池,P001581|P001100|P000662|P001462|P000338,耐克服装鞋包商品711|H&M服装鞋包商品119|海澜之家服装鞋包商品964|耐克服装鞋包商品391|H&M服装鞋包商品587
2741,U000151,0.1333,0.281163,低意向,美妆护肤,高性价比优惠池,P001748|P000034|P001010|P000095|P001810,完美日记美妆护肤商品797|雅诗兰黛美妆护肤商品818|雅诗兰黛美妆护肤商品295|欧莱雅美妆护肤商品977|欧莱雅美妆护肤商品587
2742,U000954,0.1333,0.183073,低意向,宠物用品,高性价比优惠池,P000174|P001336|P001123|P000231|P001759,麦富迪宠物用品商品180|比瑞吉宠物用品商品181|麦富迪宠物用品商品699|pidan宠物用品商品955|网易严选宠物用品商品408
2743,U001524,0.1333,0.170319,低意向,家居家装,高性价比优惠池,P001900|P001343|P000229|P001466|P001151,顾家家居家居家装商品551|曲美家居家装商品469|顾家家居家居家装商品198|马可波罗家居家装商品613|宜家家居家装商品838
2744,U001883,0.1333,0.179995,低意向,医药保健,高性价比优惠池,P000765|P000827|P001891|P000351|P000793,善存医药保健商品608|Swisse医药保健商品414|Swisse医药保健商品235|汤臣倍健医药保健商品112|九芝堂医药保健商品478
2745,U002467,0.133,0.180154,低意向,宠物用品,高性价比优惠池,P000174|P001336|P001123|P000231|P001759,麦富迪宠物用品商品180|比瑞吉宠物用品商品181|麦富迪宠物用品商品699|pidan宠物用品商品955|网易严选宠物用品商品408
2746,U003995,0.133,0.161291,低意向,运动户外,高性价比优惠池,P001637|P001804|P001967|P000194|P000210,李宁运动户外商品816|李宁运动户外商品353|探路者运动户外商品827|始祖鸟运动户外商品528|安踏运动户外商品113
2747,U002192,0.1328,0.255413,低意向,服装鞋包,高性价比优惠池,P001581|P001100|P000662|P001462|P000338,耐克服装鞋包商品711|H&M服装鞋包商品119|海澜之家服装鞋包商品964|耐克服装鞋包商品391|H&M服装鞋包商品587
2748,U002633,0.1328,0.162966,低意向,食品生鲜,高性价比优惠池,P000995|P001113|P000246|P001573|P000063,良品铺子食品生鲜商品230|三只松鼠食品生鲜商品425|蒙牛食品生鲜商品866|百草味食品生鲜商品634|百草味食品生鲜商品504
2749,U000195,0.1327,0.165111,低意向,珠宝首饰,高性价比优惠池,P000974|P000711|P001945|P000774|P001226,明牌珠宝首饰商品793|老凤祥珠宝首饰商品116|老凤祥珠宝首饰商品246|周大福珠宝首饰商品251|潮宏基珠宝首饰商品314
2750,U001722,0.1326,0.2514,低意向,美妆护肤,高性价比优惠池,P001748|P000034|P001010|P000095|P001810,完美日记美妆护肤商品797|雅诗兰黛美妆护肤商品818|雅诗兰黛美妆护肤商品295|欧莱雅美妆护肤商品977|欧莱雅美妆护肤商品587
2751,U003198,0.1326,0.236032,低意向,母婴用品,高性价比优惠池,P001683|P000635|P001865|P000991|P001946,帮宝适母婴用品商品297|贝因美母婴用品商品691|贝因美母婴用品商品921|帮宝适母婴用品商品195|花王母婴用品商品688
2752,U000176,0.1325,0.240334,低意向,箱包配饰,高性价比优惠池,P000702|P001253|P001930|P000361|P000987,LV箱包配饰商品940|Samsonite箱包配饰商品380|Samsonite箱包配饰商品997|GUCCI箱包配饰商品904|Samsonite箱包配饰商品467
2753,U002191,0.1325,0.164223,低意向,手机数码,高性价比优惠池,P000518|P000173|P000438|P001705|P000874,一加手机数码商品882|OPPO手机数码商品663|OPPO手机数码商品771|苹果手机数码商品445|苹果手机数码商品704
2754,U003095,0.1322,0.178481,低意向,家用电器,高性价比优惠池,P001338|P000409|P001480|P001850|P001635,苏泊尔家用电器商品596|苏泊尔家用电器商品852|戴森家用电器商品536|戴森家用电器商品883|西门子家用电器商品795
2755,U003904,0.1322,0.265602,低意向,服装鞋包,高性价比优惠池,P001581|P001100|P000662|P001462|P000338,耐克服装鞋包商品711|H&M服装鞋包商品119|海澜之家服装鞋包商品964|耐克服装鞋包商品391|H&M服装鞋包商品587
2756,U000764,0.1321,0.237793,低意向,礼品鲜花,高性价比优惠池,P000831|P000680|P001029|P000319|P000890,Roseonly礼品鲜花商品580|施华洛世奇礼品鲜花商品208|野兽派礼品鲜花商品389|施华洛世奇礼品鲜花商品633|潘多拉礼品鲜花商品586
2757,U001978,0.132,0.162894,低意向,母婴用品,高性价比优惠池,P001683|P000635|P001865|P000991|P001946,帮宝适母婴用品商品297|贝因美母婴用品商品691|贝因美母婴用品商品921|帮宝适母婴用品商品195|花王母婴用品商品688
2758,U002427,0.132,0.253204,低意向,宠物用品,高性价比优惠池,P000174|P001336|P001123|P000231|P001759,麦富迪宠物用品商品180|比瑞吉宠物用品商品181|麦富迪宠物用品商品699|pidan宠物用品商品955|网易严选宠物用品商品408
2759,U000139,0.1319,0.164838,低意向,医药保健,高性价比优惠池,P000765|P000827|P001891|P000351|P000793,善存医药保健商品608|Swisse医药保健商品414|Swisse医药保健商品235|汤臣倍健医药保健商品112|九芝堂医药保健商品478
2760,U000313,0.1319,0.164594,低意向,汽车用品,高性价比优惠池,P001350|P001831|P000932|P001413|P001281,海康威视汽车用品商品339|3M汽车用品商品278|米其林汽车用品商品745|3M汽车用品商品342|卡仕达汽车用品商品144
2761,U002808,0.1317,0.269903,低意向,医药保健,高性价比优惠池,P000765|P000827|P001891|P000351|P000793,善存医药保健商品608|Swisse医药保健商品414|Swisse医药保健商品235|汤臣倍健医药保健商品112|九芝堂医药保健商品478
2762,U003858,0.1317,0.25126,低意向,运动户外,高性价比优惠池,P001637|P001804|P001967|P000194|P000210,李宁运动户外商品816|李宁运动户外商品353|探路者运动户外商品827|始祖鸟运动户外商品528|安踏运动户外商品113
2763,U004298,0.1317,0.165654,低意向,手机数码,高性价比优惠池,P000518|P000173|P000438|P001705|P000874,一加手机数码商品882|OPPO手机数码商品663|OPPO手机数码商品771|苹果手机数码商品445|苹果手机数码商品704
2764,U000488,0.1316,0.17483,低意向,汽车用品,高性价比优惠池,P001350|P001831|P000932|P001413|P001281,海康威视汽车用品商品339|3M汽车用品商品278|米其林汽车用品商品745|3M汽车用品商品342|卡仕达汽车用品商品144
2765,U001951,0.1316,0.163201,低意向,珠宝首饰,高性价比优惠池,P000974|P000711|P001945|P000774|P001226,明牌珠宝首饰商品793|老凤祥珠宝首饰商品116|老凤祥珠宝首饰商品246|周大福珠宝首饰商品251|潮宏基珠宝首饰商品314
2766,U000525,0.1314,0.170382,低意向,美妆护肤,高性价比优惠池,P001748|P000034|P001010|P000095|P001810,完美日记美妆护肤商品797|雅诗兰黛美妆护肤商品818|雅诗兰黛美妆护肤商品295|欧莱雅美妆护肤商品977|欧莱雅美妆护肤商品587
2767,U003108,0.1314,0.211546,低意向,箱包配饰,高性价比优惠池,P000702|P001253|P001930|P000361|P000987,LV箱包配饰商品940|Samsonite箱包配饰商品380|Samsonite箱包配饰商品997|GUCCI箱包配饰商品904|Samsonite箱包配饰商品467
2768,U002618,0.1313,0.17556,低意向,宠物用品,高性价比优惠池,P000174|P001336|P001123|P000231|P001759,麦富迪宠物用品商品180|比瑞吉宠物用品商品181|麦富迪宠物用品商品699|pidan宠物用品商品955|网易严选宠物用品商品408
2769,U003327,0.1311,0.173651,低意向,礼品鲜花,高性价比优惠池,P000831|P000680|P001029|P000319|P000890,Roseonly礼品鲜花商品580|施华洛世奇礼品鲜花商品208|野兽派礼品鲜花商品389|施华洛世奇礼品鲜花商品633|潘多拉礼品鲜花商品586
2770,U000485,0.131,0.176121,低意向,服装鞋包,高性价比优惠池,P001581|P001100|P000662|P001462|P000338,耐克服装鞋包商品711|H&M服装鞋包商品119|海澜之家服装鞋包商品964|耐克服装鞋包商品391|H&M服装鞋包商品587
2771,U000079,0.1309,0.17989,低意向,箱包配饰,高性价比优惠池,P000702|P001253|P001930|P000361|P000987,LV箱包配饰商品940|Samsonite箱包配饰商品380|Samsonite箱包配饰商品997|GUCCI箱包配饰商品904|Samsonite箱包配饰商品467
2772,U004416,0.1308,0.243138,低意向,家居家装,高性价比优惠池,P001900|P001343|P000229|P001466|P001151,顾家家居家居家装商品551|曲美家居家装商品469|顾家家居家居家装商品198|马可波罗家居家装商品613|宜家家居家装商品838
2773,U001169,0.1307,0.273616,低意向,珠宝首饰,高性价比优惠池,P000974|P000711|P001945|P000774|P001226,明牌珠宝首饰商品793|老凤祥珠宝首饰商品116|老凤祥珠宝首饰商品246|周大福珠宝首饰商品251|潮宏基珠宝首饰商品314
2774,U002716,0.1307,0.17035,低意向,箱包配饰,高性价比优惠池,P000702|P001253|P001930|P000361|P000987,LV箱包配饰商品940|Samsonite箱包配饰商品380|Samsonite箱包配饰商品997|GUCCI箱包配饰商品904|Samsonite箱包配饰商品467
2775,U004682,0.1307,0.253286,低意向,美妆护肤,高性价比优惠池,P001748|P000034|P001010|P000095|P001810,完美日记美妆护肤商品797|雅诗兰黛美妆护肤商品818|雅诗兰黛美妆护肤商品295|欧莱雅美妆护肤商品977|欧莱雅美妆护肤商品587
2776,U000303,0.1306,0.174211,低意向,手机数码,高性价比优惠池,P000518|P000173|P000438|P001705|P000874,一加手机数码商品882|OPPO手机数码商品663|OPPO手机数码商品771|苹果手机数码商品445|苹果手机数码商品704
2777,U000806,0.1306,0.239735,低意向,图书音像,高性价比优惠池,P001855|P001112|P000053|P001974|P001212,京东图书图书音像商品377|中信出版社图书音像商品870|京东图书图书音像商品199|博库网图书音像商品353|新华书店图书音像商品518
2778,U003724,0.1306,0.179593,低意向,服装鞋包,高性价比优惠池,P001581|P001100|P000662|P001462|P000338,耐克服装鞋包商品711|H&M服装鞋包商品119|海澜之家服装鞋包商品964|耐克服装鞋包商品391|H&M服装鞋包商品587
2779,U004742,0.1306,0.24598,低意向,美妆护肤,高性价比优惠池,P001748|P000034|P001010|P000095|P001810,完美日记美妆护肤商品797|雅诗兰黛美妆护肤商品818|雅诗兰黛美妆护肤商品295|欧莱雅美妆护肤商品977|欧莱雅美妆护肤商品587
2780,U000089,0.1305,0.258631,低意向,食品生鲜,高性价比优惠池,P000995|P001113|P000246|P001573|P000063,良品铺子食品生鲜商品230|三只松鼠食品生鲜商品425|蒙牛食品生鲜商品866|百草味食品生鲜商品634|百草味食品生鲜商品504
2781,U001499,0.1305,0.172672,低意向,运动户外,高性价比优惠池,P001637|P001804|P001967|P000194|P000210,李宁运动户外商品816|李宁运动户外商品353|探路者运动户外商品827|始祖鸟运动户外商品528|安踏运动户外商品113
2782,U000037,0.1304,0.166291,低意向,宠物用品,高性价比优惠池,P000174|P001336|P001123|P000231|P001759,麦富迪宠物用品商品180|比瑞吉宠物用品商品181|麦富迪宠物用品商品699|pidan宠物用品商品955|网易严选宠物用品商品408
2783,U001325,0.1303,0.176079,低意向,服装鞋包,高性价比优惠池,P001581|P001100|P000662|P001462|P000338,耐克服装鞋包商品711|H&M服装鞋包商品119|海澜之家服装鞋包商品964|耐克服装鞋包商品391|H&M服装鞋包商品587
2784,U003967,0.1301,0.181448,低意向,宠物用品,高性价比优惠池,P000174|P001336|P001123|P000231|P001759,麦富迪宠物用品商品180|比瑞吉宠物用品商品181|麦富迪宠物用品商品699|pidan宠物用品商品955|网易严选宠物用品商品408
2785,U004507,0.1301,0.23818,低意向,医药保健,高性价比优惠池,P000765|P000827|P001891|P000351|P000793,善存医药保健商品608|Swisse医药保健商品414|Swisse医药保健商品235|汤臣倍健医药保健商品112|九芝堂医药保健商品478
2786,U003068,0.13,0.171994,低意向,汽车用品,高性价比优惠池,P001350|P001831|P000932|P001413|P001281,海康威视汽车用品商品339|3M汽车用品商品278|米其林汽车用品商品745|3M汽车用品商品342|卡仕达汽车用品商品144
2787,U003627,0.13,0.234444,低意向,家用电器,高性价比优惠池,P001338|P000409|P001480|P001850|P001635,苏泊尔家用电器商品596|苏泊尔家用电器商品852|戴森家用电器商品536|戴森家用电器商品883|西门子家用电器商品795
2788,U004929,0.13,0.231217,低意向,美妆护肤,高性价比优惠池,P001748|P000034|P001010|P000095|P001810,完美日记美妆护肤商品797|雅诗兰黛美妆护肤商品818|雅诗兰黛美妆护肤商品295|欧莱雅美妆护肤商品977|欧莱雅美妆护肤商品587
2789,U001383,0.1299,0.162061,低意向,美妆护肤,高性价比优惠池,P001748|P000034|P001010|P000095|P001810,完美日记美妆护肤商品797|雅诗兰黛美妆护肤商品818|雅诗兰黛美妆护肤商品295|欧莱雅美妆护肤商品977|欧莱雅美妆护肤商品587
2790,U002055,0.1297,0.181912,低意向,珠宝首饰,高性价比优惠池,P000974|P000711|P001945|P000774|P001226,明牌珠宝首饰商品793|老凤祥珠宝首饰商品116|老凤祥珠宝首饰商品246|周大福珠宝首饰商品251|潮宏基珠宝首饰商品314
2791,U003398,0.1297,0.178903,低意向,食品生鲜,高性价比优惠池,P000995|P001113|P000246|P001573|P000063,良品铺子食品生鲜商品230|三只松鼠食品生鲜商品425|蒙牛食品生鲜商品866|百草味食品生鲜商品634|百草味食品生鲜商品504
2792,U004780,0.1297,0.171347,低意向,家用电器,高性价比优惠池,P001338|P000409|P001480|P001850|P001635,苏泊尔家用电器商品596|苏泊尔家用电器商品852|戴森家用电器商品536|戴森家用电器商品883|西门子家用电器商品795
2793,U004869,0.1297,0.282877,低意向,医药保健,高性价比优惠池,P000765|P000827|P001891|P000351|P000793,善存医药保健商品608|Swisse医药保健商品414|Swisse医药保健商品235|汤臣倍健医药保健商品112|九芝堂医药保健商品478
2794,U004990,0.1297,0.174493,低意向,医药保健,高性价比优惠池,P000765|P000827|P001891|P000351|P000793,善存医药保健商品608|Swisse医药保健商品414|Swisse医药保健商品235|汤臣倍健医药保健商品112|九芝堂医药保健商品478
2795,U004834,0.1295,0.190419,低意向,医药保健,高性价比优惠池,P000765|P000827|P001891|P000351|P000793,善存医药保健商品608|Swisse医药保健商品414|Swisse医药保健商品235|汤臣倍健医药保健商品112|九芝堂医药保健商品478
2796,U001001,0.1294,0.175404,低意向,母婴用品,高性价比优惠池,P001683|P000635|P001865|P000991|P001946,帮宝适母婴用品商品297|贝因美母婴用品商品691|贝因美母婴用品商品921|帮宝适母婴用品商品195|花王母婴用品商品688
2797,U004450,0.1294,0.161414,低意向,食品生鲜,高性价比优惠池,P000995|P001113|P000246|P001573|P000063,良品铺子食品生鲜商品230|三只松鼠食品生鲜商品425|蒙牛食品生鲜商品866|百草味食品生鲜商品634|百草味食品生鲜商品504
2798,U004691,0.1294,0.174073,低意向,箱包配饰,高性价比优惠池,P000702|P001253|P001930|P000361|P000987,LV箱包配饰商品940|Samsonite箱包配饰商品380|Samsonite箱包配饰商品997|GUCCI箱包配饰商品904|Samsonite箱包配饰商品467
2799,U002764,0.1293,0.247666,低意向,家用电器,高性价比优惠池,P001338|P000409|P001480|P001850|P001635,苏泊尔家用电器商品596|苏泊尔家用电器商品852|戴森家用电器商品536|戴森家用电器商品883|西门子家用电器商品795
2800,U004510,0.1292,0.180206,低意向,服装鞋包,高性价比优惠池,P001581|P001100|P000662|P001462|P000338,耐克服装鞋包商品711|H&M服装鞋包商品119|海澜之家服装鞋包商品964|耐克服装鞋包商品391|H&M服装鞋包商品587
2801,U001378,0.1291,0.17112,低意向,服装鞋包,高性价比优惠池,P001581|P001100|P000662|P001462|P000338,耐克服装鞋包商品711|H&M服装鞋包商品119|海澜之家服装鞋包商品964|耐克服装鞋包商品391|H&M服装鞋包商品587
2802,U002224,0.1291,0.259619,低意向,手机数码,高性价比优惠池,P000518|P000173|P000438|P001705|P000874,一加手机数码商品882|OPPO手机数码商品663|OPPO手机数码商品771|苹果手机数码商品445|苹果手机数码商品704
2803,U002327,0.129,0.16836,低意向,手机数码,高性价比优惠池,P000518|P000173|P000438|P001705|P000874,一加手机数码商品882|OPPO手机数码商品663|OPPO手机数码商品771|苹果手机数码商品445|苹果手机数码商品704
2804,U000850,0.1289,0.187823,低意向,家居家装,高性价比优惠池,P001900|P001343|P000229|P001466|P001151,顾家家居家居家装商品551|曲美家居家装商品469|顾家家居家居家装商品198|马可波罗家居家装商品613|宜家家居家装商品838
2805,U003452,0.1288,0.168566,低意向,汽车用品,高性价比优惠池,P001350|P001831|P000932|P001413|P001281,海康威视汽车用品商品339|3M汽车用品商品278|米其林汽车用品商品745|3M汽车用品商品342|卡仕达汽车用品商品144
2806,U000545,0.1287,0.256609,低意向,母婴用品,高性价比优惠池,P001683|P000635|P001865|P000991|P001946,帮宝适母婴用品商品297|贝因美母婴用品商品691|贝因美母婴用品商品921|帮宝适母婴用品商品195|花王母婴用品商品688
2807,U000781,0.1287,0.162058,低意向,箱包配饰,高性价比优惠池,P000702|P001253|P001930|P000361|P000987,LV箱包配饰商品940|Samsonite箱包配饰商品380|Samsonite箱包配饰商品997|GUCCI箱包配饰商品904|Samsonite箱包配饰商品467
2808,U003577,0.1287,0.167835,低意向,宠物用品,高性价比优惠池,P000174|P001336|P001123|P000231|P001759,麦富迪宠物用品商品180|比瑞吉宠物用品商品181|麦富迪宠物用品商品699|pidan宠物用品商品955|网易严选宠物用品商品408
2809,U002912,0.1286,0.164723,低意向,汽车用品,高性价比优惠池,P001350|P001831|P000932|P001413|P001281,海康威视汽车用品商品339|3M汽车用品商品278|米其林汽车用品商品745|3M汽车用品商品342|卡仕达汽车用品商品144
2810,U003739,0.1286,0.168053,低意向,家居家装,高性价比优惠池,P001900|P001343|P000229|P001466|P001151,顾家家居家居家装商品551|曲美家居家装商品469|顾家家居家居家装商品198|马可波罗家居家装商品613|宜家家居家装商品838
2811,U004839,0.1286,0.277138,低意向,手机数码,高性价比优惠池,P000518|P000173|P000438|P001705|P000874,一加手机数码商品882|OPPO手机数码商品663|OPPO手机数码商品771|苹果手机数码商品445|苹果手机数码商品704
2812,U002431,0.1285,0.171806,低意向,宠物用品,高性价比优惠池,P000174|P001336|P001123|P000231|P001759,麦富迪宠物用品商品180|比瑞吉宠物用品商品181|麦富迪宠物用品商品699|pidan宠物用品商品955|网易严选宠物用品商品408
2813,U002990,0.1285,0.159659,低意向,食品生鲜,高性价比优惠池,P000995|P001113|P000246|P001573|P000063,良品铺子食品生鲜商品230|三只松鼠食品生鲜商品425|蒙牛食品生鲜商品866|百草味食品生鲜商品634|百草味食品生鲜商品504
2814,U003706,0.1285,0.238508,低意向,美妆护肤,高性价比优惠池,P001748|P000034|P001010|P000095|P001810,完美日记美妆护肤商品797|雅诗兰黛美妆护肤商品818|雅诗兰黛美妆护肤商品295|欧莱雅美妆护肤商品977|欧莱雅美妆护肤商品587
2815,U004971,0.1285,0.181979,低意向,医药保健,高性价比优惠池,P000765|P000827|P001891|P000351|P000793,善存医药保健商品608|Swisse医药保健商品414|Swisse医药保健商品235|汤臣倍健医药保健商品112|九芝堂医药保健商品478
2816,U000035,0.1284,0.16431,低意向,手机数码,高性价比优惠池,P000518|P000173|P000438|P001705|P000874,一加手机数码商品882|OPPO手机数码商品663|OPPO手机数码商品771|苹果手机数码商品445|苹果手机数码商品704
2817,U000014,0.1282,0.166307,低意向,宠物用品,高性价比优惠池,P000174|P001336|P001123|P000231|P001759,麦富迪宠物用品商品180|比瑞吉宠物用品商品181|麦富迪宠物用品商品699|pidan宠物用品商品955|网易严选宠物用品商品408
2818,U001052,0.1282,0.241339,低意向,医药保健,高性价比优惠池,P000765|P000827|P001891|P000351|P000793,善存医药保健商品608|Swisse医药保健商品414|Swisse医药保健商品235|汤臣倍健医药保健商品112|九芝堂医药保健商品478
2819,U001049,0.1281,0.169217,低意向,医药保健,高性价比优惠池,P000765|P000827|P001891|P000351|P000793,善存医药保健商品608|Swisse医药保健商品414|Swisse医药保健商品235|汤臣倍健医药保健商品112|九芝堂医药保健商品478
2820,U001317,0.1281,0.170462,低意向,手机数码,高性价比优惠池,P000518|P000173|P000438|P001705|P000874,一加手机数码商品882|OPPO手机数码商品663|OPPO手机数码商品771|苹果手机数码商品445|苹果手机数码商品704
2821,U000025,0.128,0.161186,低意向,服装鞋包,高性价比优惠池,P001581|P001100|P000662|P001462|P000338,耐克服装鞋包商品711|H&M服装鞋包商品119|海澜之家服装鞋包商品964|耐克服装鞋包商品391|H&M服装鞋包商品587
2822,U000860,0.128,0.240863,低意向,家用电器,高性价比优惠池,P001338|P000409|P001480|P001850|P001635,苏泊尔家用电器商品596|苏泊尔家用电器商品852|戴森家用电器商品536|戴森家用电器商品883|西门子家用电器商品795
2823,U001163,0.128,0.280097,低意向,家用电器,高性价比优惠池,P001338|P000409|P001480|P001850|P001635,苏泊尔家用电器商品596|苏泊尔家用电器商品852|戴森家用电器商品536|戴森家用电器商品883|西门子家用电器商品795
2824,U004612,0.128,0.173171,低意向,家居家装,高性价比优惠池,P001900|P001343|P000229|P001466|P001151,顾家家居家居家装商品551|曲美家居家装商品469|顾家家居家居家装商品198|马可波罗家居家装商品613|宜家家居家装商品838
2825,U003619,0.1279,0.172932,低意向,手机数码,高性价比优惠池,P000518|P000173|P000438|P001705|P000874,一加手机数码商品882|OPPO手机数码商品663|OPPO手机数码商品771|苹果手机数码商品445|苹果手机数码商品704
2826,U002867,0.1276,0.187364,低意向,箱包配饰,高性价比优惠池,P000702|P001253|P001930|P000361|P000987,LV箱包配饰商品940|Samsonite箱包配饰商品380|Samsonite箱包配饰商品997|GUCCI箱包配饰商品904|Samsonite箱包配饰商品467
2827,U004727,0.1276,0.171238,低意向,家居家装,高性价比优惠池,P001900|P001343|P000229|P001466|P001151,顾家家居家居家装商品551|曲美家居家装商品469|顾家家居家居家装商品198|马可波罗家居家装商品613|宜家家居家装商品838
2828,U004997,0.1276,0.230892,低意向,食品生鲜,高性价比优惠池,P000995|P001113|P000246|P001573|P000063,良品铺子食品生鲜商品230|三只松鼠食品生鲜商品425|蒙牛食品生鲜商品866|百草味食品生鲜商品634|百草味食品生鲜商品504
2829,U001349,0.1274,0.166957,低意向,手机数码,高性价比优惠池,P000518|P000173|P000438|P001705|P000874,一加手机数码商品882|OPPO手机数码商品663|OPPO手机数码商品771|苹果手机数码商品445|苹果手机数码商品704
2830,U002588,0.1274,0.184891,低意向,礼品鲜花,高性价比优惠池,P000831|P000680|P001029|P000319|P000890,Roseonly礼品鲜花商品580|施华洛世奇礼品鲜花商品208|野兽派礼品鲜花商品389|施华洛世奇礼品鲜花商品633|潘多拉礼品鲜花商品586
2831,U003361,0.1274,0.250764,低意向,汽车用品,高性价比优惠池,P001350|P001831|P000932|P001413|P001281,海康威视汽车用品商品339|3M汽车用品商品278|米其林汽车用品商品745|3M汽车用品商品342|卡仕达汽车用品商品144
2832,U004836,0.1274,0.163977,低意向,珠宝首饰,高性价比优惠池,P000974|P000711|P001945|P000774|P001226,明牌珠宝首饰商品793|老凤祥珠宝首饰商品116|老凤祥珠宝首饰商品246|周大福珠宝首饰商品251|潮宏基珠宝首饰商品314
2833,U000550,0.1273,0.224709,低意向,珠宝首饰,高性价比优惠池,P000974|P000711|P001945|P000774|P001226,明牌珠宝首饰商品793|老凤祥珠宝首饰商品116|老凤祥珠宝首饰商品246|周大福珠宝首饰商品251|潮宏基珠宝首饰商品314
2834,U001188,0.1273,0.257745,低意向,医药保健,高性价比优惠池,P000765|P000827|P001891|P000351|P000793,善存医药保健商品608|Swisse医药保健商品414|Swisse医药保健商品235|汤臣倍健医药保健商品112|九芝堂医药保健商品478
2835,U001724,0.1273,0.285535,低意向,家居家装,高性价比优惠池,P001900|P001343|P000229|P001466|P001151,顾家家居家居家装商品551|曲美家居家装商品469|顾家家居家居家装商品198|马可波罗家居家装商品613|宜家家居家装商品838
2836,U003596,0.1273,0.167374,低意向,医药保健,高性价比优惠池,P000765|P000827|P001891|P000351|P000793,善存医药保健商品608|Swisse医药保健商品414|Swisse医药保健商品235|汤臣倍健医药保健商品112|九芝堂医药保健商品478
2837,U004601,0.1273,0.168746,低意向,医药保健,高性价比优惠池,P000765|P000827|P001891|P000351|P000793,善存医药保健商品608|Swisse医药保健商品414|Swisse医药保健商品235|汤臣倍健医药保健商品112|九芝堂医药保健商品478
2838,U000201,0.1272,0.18248,低意向,家居家装,高性价比优惠池,P001900|P001343|P000229|P001466|P001151,顾家家居家居家装商品551|曲美家居家装商品469|顾家家居家居家装商品198|马可波罗家居家装商品613|宜家家居家装商品838
2839,U000700,0.1272,0.16858,低意向,运动户外,高性价比优惠池,P001637|P001804|P001967|P000194|P000210,李宁运动户外商品816|李宁运动户外商品353|探路者运动户外商品827|始祖鸟运动户外商品528|安踏运动户外商品113
2840,U003188,0.1272,0.177333,低意向,箱包配饰,高性价比优惠池,P000702|P001253|P001930|P000361|P000987,LV箱包配饰商品940|Samsonite箱包配饰商品380|Samsonite箱包配饰商品997|GUCCI箱包配饰商品904|Samsonite箱包配饰商品467
2841,U003392,0.1272,0.172248,低意向,礼品鲜花,高性价比优惠池,P000831|P000680|P001029|P000319|P000890,Roseonly礼品鲜花商品580|施华洛世奇礼品鲜花商品208|野兽派礼品鲜花商品389|施华洛世奇礼品鲜花商品633|潘多拉礼品鲜花商品586
2842,U003402,0.1272,0.168308,低意向,珠宝首饰,高性价比优惠池,P000974|P000711|P001945|P000774|P001226,明牌珠宝首饰商品793|老凤祥珠宝首饰商品116|老凤祥珠宝首饰商品246|周大福珠宝首饰商品251|潮宏基珠宝首饰商品314
2843,U004359,0.1272,0.176325,低意向,母婴用品,高性价比优惠池,P001683|P000635|P001865|P000991|P001946,帮宝适母婴用品商品297|贝因美母婴用品商品691|贝因美母婴用品商品921|帮宝适母婴用品商品195|花王母婴用品商品688
2844,U004579,0.1272,0.166472,低意向,宠物用品,高性价比优惠池,P000174|P001336|P001123|P000231|P001759,麦富迪宠物用品商品180|比瑞吉宠物用品商品181|麦富迪宠物用品商品699|pidan宠物用品商品955|网易严选宠物用品商品408
2845,U000206,0.1271,0.278503,低意向,食品生鲜,高性价比优惠池,P000995|P001113|P000246|P001573|P000063,良品铺子食品生鲜商品230|三只松鼠食品生鲜商品425|蒙牛食品生鲜商品866|百草味食品生鲜商品634|百草味食品生鲜商品504
2846,U001558,0.1271,0.28597,低意向,箱包配饰,高性价比优惠池,P000702|P001253|P001930|P000361|P000987,LV箱包配饰商品940|Samsonite箱包配饰商品380|Samsonite箱包配饰商品997|GUCCI箱包配饰商品904|Samsonite箱包配饰商品467
2847,U003959,0.127,0.181076,低意向,箱包配饰,高性价比优惠池,P000702|P001253|P001930|P000361|P000987,LV箱包配饰商品940|Samsonite箱包配饰商品380|Samsonite箱包配饰商品997|GUCCI箱包配饰商品904|Samsonite箱包配饰商品467
2848,U003864,0.1269,0.16468,低意向,运动户外,高性价比优惠池,P001637|P001804|P001967|P000194|P000210,李宁运动户外商品816|李宁运动户外商品353|探路者运动户外商品827|始祖鸟运动户外商品528|安踏运动户外商品113
2849,U004669,0.1269,0.174458,低意向,家用电器,高性价比优惠池,P001338|P000409|P001480|P001850|P001635,苏泊尔家用电器商品596|苏泊尔家用电器商品852|戴森家用电器商品536|戴森家用电器商品883|西门子家用电器商品795
2850,U002263,0.1268,0.17279,低意向,家居家装,高性价比优惠池,P001900|P001343|P000229|P001466|P001151,顾家家居家居家装商品551|曲美家居家装商品469|顾家家居家居家装商品198|马可波罗家居家装商品613|宜家家居家装商品838
2851,U004517,0.1268,0.180154,低意向,母婴用品,高性价比优惠池,P001683|P000635|P001865|P000991|P001946,帮宝适母婴用品商品297|贝因美母婴用品商品691|贝因美母婴用品商品921|帮宝适母婴用品商品195|花王母婴用品商品688
2852,U002606,0.1267,0.235168,低意向,礼品鲜花,高性价比优惠池,P000831|P000680|P001029|P000319|P000890,Roseonly礼品鲜花商品580|施华洛世奇礼品鲜花商品208|野兽派礼品鲜花商品389|施华洛世奇礼品鲜花商品633|潘多拉礼品鲜花商品586
2853,U001561,0.1266,0.180049,低意向,母婴用品,高性价比优惠池,P001683|P000635|P001865|P000991|P001946,帮宝适母婴用品商品297|贝因美母婴用品商品691|贝因美母婴用品商品921|帮宝适母婴用品商品195|花王母婴用品商品688
2854,U000315,0.1264,0.268904,低意向,礼品鲜花,高性价比优惠池,P000831|P000680|P001029|P000319|P000890,Roseonly礼品鲜花商品580|施华洛世奇礼品鲜花商品208|野兽派礼品鲜花商品389|施华洛世奇礼品鲜花商品633|潘多拉礼品鲜花商品586
2855,U000466,0.1264,0.239469,低意向,图书音像,高性价比优惠池,P001855|P001112|P000053|P001974|P001212,京东图书图书音像商品377|中信出版社图书音像商品870|京东图书图书音像商品199|博库网图书音像商品353|新华书店图书音像商品518
2856,U001486,0.1264,0.253256,低意向,食品生鲜,高性价比优惠池,P000995|P001113|P000246|P001573|P000063,良品铺子食品生鲜商品230|三只松鼠食品生鲜商品425|蒙牛食品生鲜商品866|百草味食品生鲜商品634|百草味食品生鲜商品504
2857,U002788,0.1264,0.254254,低意向,食品生鲜,高性价比优惠池,P000995|P001113|P000246|P001573|P000063,良品铺子食品生鲜商品230|三只松鼠食品生鲜商品425|蒙牛食品生鲜商品866|百草味食品生鲜商品634|百草味食品生鲜商品504
2858,U000905,0.1263,0.181538,低意向,汽车用品,高性价比优惠池,P001350|P001831|P000932|P001413|P001281,海康威视汽车用品商品339|3M汽车用品商品278|米其林汽车用品商品745|3M汽车用品商品342|卡仕达汽车用品商品144
2859,U002426,0.1263,0.177777,低意向,珠宝首饰,高性价比优惠池,P000974|P000711|P001945|P000774|P001226,明牌珠宝首饰商品793|老凤祥珠宝首饰商品116|老凤祥珠宝首饰商品246|周大福珠宝首饰商品251|潮宏基珠宝首饰商品314
2860,U003023,0.1263,0.265261,低意向,图书音像,高性价比优惠池,P001855|P001112|P000053|P001974|P001212,京东图书图书音像商品377|中信出版社图书音像商品870|京东图书图书音像商品199|博库网图书音像商品353|新华书店图书音像商品518
2861,U003338,0.1263,0.163886,低意向,母婴用品,高性价比优惠池,P001683|P000635|P001865|P000991|P001946,帮宝适母婴用品商品297|贝因美母婴用品商品691|贝因美母婴用品商品921|帮宝适母婴用品商品195|花王母婴用品商品688
2862,U001503,0.1262,0.164482,低意向,食品生鲜,高性价比优惠池,P000995|P001113|P000246|P001573|P000063,良品铺子食品生鲜商品230|三只松鼠食品生鲜商品425|蒙牛食品生鲜商品866|百草味食品生鲜商品634|百草味食品生鲜商品504
2863,U001825,0.1262,0.186125,低意向,运动户外,高性价比优惠池,P001637|P001804|P001967|P000194|P000210,李宁运动户外商品816|李宁运动户外商品353|探路者运动户外商品827|始祖鸟运动户外商品528|安踏运动户外商品113
2864,U002390,0.1262,0.164096,低意向,食品生鲜,高性价比优惠池,P000995|P001113|P000246|P001573|P000063,良品铺子食品生鲜商品230|三只松鼠食品生鲜商品425|蒙牛食品生鲜商品866|百草味食品生鲜商品634|百草味食品生鲜商品504
2865,U003204,0.1262,0.169667,低意向,家用电器,高性价比优惠池,P001338|P000409|P001480|P001850|P001635,苏泊尔家用电器商品596|苏泊尔家用电器商品852|戴森家用电器商品536|戴森家用电器商品883|西门子家用电器商品795
2866,U000723,0.126,0.169184,低意向,手机数码,高性价比优惠池,P000518|P000173|P000438|P001705|P000874,一加手机数码商品882|OPPO手机数码商品663|OPPO手机数码商品771|苹果手机数码商品445|苹果手机数码商品704
2867,U001066,0.126,0.173063,低意向,运动户外,高性价比优惠池,P001637|P001804|P001967|P000194|P000210,李宁运动户外商品816|李宁运动户外商品353|探路者运动户外商品827|始祖鸟运动户外商品528|安踏运动户外商品113
2868,U001997,0.1259,0.177687,低意向,图书音像,高性价比优惠池,P001855|P001112|P000053|P001974|P001212,京东图书图书音像商品377|中信出版社图书音像商品870|京东图书图书音像商品199|博库网图书音像商品353|新华书店图书音像商品518
2869,U003514,0.1259,0.166105,低意向,汽车用品,高性价比优惠池,P001350|P001831|P000932|P001413|P001281,海康威视汽车用品商品339|3M汽车用品商品278|米其林汽车用品商品745|3M汽车用品商品342|卡仕达汽车用品商品144
2870,U002920,0.1258,0.174217,低意向,食品生鲜,高性价比优惠池,P000995|P001113|P000246|P001573|P000063,良品铺子食品生鲜商品230|三只松鼠食品生鲜商品425|蒙牛食品生鲜商品866|百草味食品生鲜商品634|百草味食品生鲜商品504
2871,U003131,0.1258,0.271086,低意向,食品生鲜,高性价比优惠池,P000995|P001113|P000246|P001573|P000063,良品铺子食品生鲜商品230|三只松鼠食品生鲜商品425|蒙牛食品生鲜商品866|百草味食品生鲜商品634|百草味食品生鲜商品504
2872,U000130,0.1257,0.165593,低意向,宠物用品,高性价比优惠池,P000174|P001336|P001123|P000231|P001759,麦富迪宠物用品商品180|比瑞吉宠物用品商品181|麦富迪宠物用品商品699|pidan宠物用品商品955|网易严选宠物用品商品408
2873,U000250,0.1257,0.175567,低意向,家居家装,高性价比优惠池,P001900|P001343|P000229|P001466|P001151,顾家家居家居家装商品551|曲美家居家装商品469|顾家家居家居家装商品198|马可波罗家居家装商品613|宜家家居家装商品838
2874,U004101,0.1257,0.183214,低意向,箱包配饰,高性价比优惠池,P000702|P001253|P001930|P000361|P000987,LV箱包配饰商品940|Samsonite箱包配饰商品380|Samsonite箱包配饰商品997|GUCCI箱包配饰商品904|Samsonite箱包配饰商品467
2875,U000309,0.1256,0.239535,低意向,家用电器,高性价比优惠池,P001338|P000409|P001480|P001850|P001635,苏泊尔家用电器商品596|苏泊尔家用电器商品852|戴森家用电器商品536|戴森家用电器商品883|西门子家用电器商品795
2876,U002772,0.1256,0.167336,低意向,服装鞋包,高性价比优惠池,P001581|P001100|P000662|P001462|P000338,耐克服装鞋包商品711|H&M服装鞋包商品119|海澜之家服装鞋包商品964|耐克服装鞋包商品391|H&M服装鞋包商品587
2877,U000138,0.1254,0.183224,低意向,美妆护肤,高性价比优惠池,P001748|P000034|P001010|P000095|P001810,完美日记美妆护肤商品797|雅诗兰黛美妆护肤商品818|雅诗兰黛美妆护肤商品295|欧莱雅美妆护肤商品977|欧莱雅美妆护肤商品587
2878,U001575,0.1254,0.172259,低意向,医药保健,高性价比优惠池,P000765|P000827|P001891|P000351|P000793,善存医药保健商品608|Swisse医药保健商品414|Swisse医药保健商品235|汤臣倍健医药保健商品112|九芝堂医药保健商品478
2879,U002352,0.1254,0.248778,低意向,医药保健,高性价比优惠池,P000765|P000827|P001891|P000351|P000793,善存医药保健商品608|Swisse医药保健商品414|Swisse医药保健商品235|汤臣倍健医药保健商品112|九芝堂医药保健商品478
2880,U003067,0.1254,0.199321,低意向,家居家装,高性价比优惠池,P001900|P001343|P000229|P001466|P001151,顾家家居家居家装商品551|曲美家居家装商品469|顾家家居家居家装商品198|马可波罗家居家装商品613|宜家家居家装商品838
2881,U004602,0.1252,0.166812,低意向,美妆护肤,高性价比优惠池,P001748|P000034|P001010|P000095|P001810,完美日记美妆护肤商品797|雅诗兰黛美妆护肤商品818|雅诗兰黛美妆护肤商品295|欧莱雅美妆护肤商品977|欧莱雅美妆护肤商品587
2882,U000464,0.1251,0.267773,低意向,箱包配饰,高性价比优惠池,P000702|P001253|P001930|P000361|P000987,LV箱包配饰商品940|Samsonite箱包配饰商品380|Samsonite箱包配饰商品997|GUCCI箱包配饰商品904|Samsonite箱包配饰商品467
2883,U002083,0.1251,0.188651,低意向,图书音像,高性价比优惠池,P001855|P001112|P000053|P001974|P001212,京东图书图书音像商品377|中信出版社图书音像商品870|京东图书图书音像商品199|博库网图书音像商品353|新华书店图书音像商品518
2884,U003546,0.1251,0.260058,低意向,服装鞋包,高性价比优惠池,P001581|P001100|P000662|P001462|P000338,耐克服装鞋包商品711|H&M服装鞋包商品119|海澜之家服装鞋包商品964|耐克服装鞋包商品391|H&M服装鞋包商品587
2885,U001690,0.125,0.176633,低意向,医药保健,高性价比优惠池,P000765|P000827|P001891|P000351|P000793,善存医药保健商品608|Swisse医药保健商品414|Swisse医药保健商品235|汤臣倍健医药保健商品112|九芝堂医药保健商品478
2886,U002131,0.125,0.175827,低意向,家用电器,高性价比优惠池,P001338|P000409|P001480|P001850|P001635,苏泊尔家用电器商品596|苏泊尔家用电器商品852|戴森家用电器商品536|戴森家用电器商品883|西门子家用电器商品795
2887,U000645,0.1249,0.255509,低意向,医药保健,高性价比优惠池,P000765|P000827|P001891|P000351|P000793,善存医药保健商品608|Swisse医药保健商品414|Swisse医药保健商品235|汤臣倍健医药保健商品112|九芝堂医药保健商品478
2888,U001870,0.1249,0.288193,低意向,家用电器,高性价比优惠池,P001338|P000409|P001480|P001850|P001635,苏泊尔家用电器商品596|苏泊尔家用电器商品852|戴森家用电器商品536|戴森家用电器商品883|西门子家用电器商品795
2889,U004918,0.1249,0.278744,低意向,手机数码,高性价比优惠池,P000518|P000173|P000438|P001705|P000874,一加手机数码商品882|OPPO手机数码商品663|OPPO手机数码商品771|苹果手机数码商品445|苹果手机数码商品704
2890,U003335,0.1247,0.161782,低意向,服装鞋包,高性价比优惠池,P001581|P001100|P000662|P001462|P000338,耐克服装鞋包商品711|H&M服装鞋包商品119|海澜之家服装鞋包商品964|耐克服装鞋包商品391|H&M服装鞋包商品587
2891,U000703,0.1245,0.184928,低意向,珠宝首饰,高性价比优惠池,P000974|P000711|P001945|P000774|P001226,明牌珠宝首饰商品793|老凤祥珠宝首饰商品116|老凤祥珠宝首饰商品246|周大福珠宝首饰商品251|潮宏基珠宝首饰商品314
2892,U001911,0.1245,0.157563,低意向,食品生鲜,高性价比优惠池,P000995|P001113|P000246|P001573|P000063,良品铺子食品生鲜商品230|三只松鼠食品生鲜商品425|蒙牛食品生鲜商品866|百草味食品生鲜商品634|百草味食品生鲜商品504
2893,U002167,0.1245,0.172562,低意向,图书音像,高性价比优惠池,P001855|P001112|P000053|P001974|P001212,京东图书图书音像商品377|中信出版社图书音像商品870|京东图书图书音像商品199|博库网图书音像商品353|新华书店图书音像商品518
2894,U002304,0.1245,0.24226,低意向,手机数码,高性价比优惠池,P000518|P000173|P000438|P001705|P000874,一加手机数码商品882|OPPO手机数码商品663|OPPO手机数码商品771|苹果手机数码商品445|苹果手机数码商品704
2895,U000540,0.1244,0.175993,低意向,手机数码,高性价比优惠池,P000518|P000173|P000438|P001705|P000874,一加手机数码商品882|OPPO手机数码商品663|OPPO手机数码商品771|苹果手机数码商品445|苹果手机数码商品704
2896,U003036,0.1243,0.178658,低意向,图书音像,高性价比优惠池,P001855|P001112|P000053|P001974|P001212,京东图书图书音像商品377|中信出版社图书音像商品870|京东图书图书音像商品199|博库网图书音像商品353|新华书店图书音像商品518
2897,U003666,0.1243,0.247953,低意向,宠物用品,高性价比优惠池,P000174|P001336|P001123|P000231|P001759,麦富迪宠物用品商品180|比瑞吉宠物用品商品181|麦富迪宠物用品商品699|pidan宠物用品商品955|网易严选宠物用品商品408
2898,U001164,0.1242,0.166362,低意向,宠物用品,高性价比优惠池,P000174|P001336|P001123|P000231|P001759,麦富迪宠物用品商品180|比瑞吉宠物用品商品181|麦富迪宠物用品商品699|pidan宠物用品商品955|网易严选宠物用品商品408
2899,U001482,0.1242,0.172602,低意向,服装鞋包,高性价比优惠池,P001581|P001100|P000662|P001462|P000338,耐克服装鞋包商品711|H&M服装鞋包商品119|海澜之家服装鞋包商品964|耐克服装鞋包商品391|H&M服装鞋包商品587
2900,U001749,0.1242,0.173264,低意向,珠宝首饰,高性价比优惠池,P000974|P000711|P001945|P000774|P001226,明牌珠宝首饰商品793|老凤祥珠宝首饰商品116|老凤祥珠宝首饰商品246|周大福珠宝首饰商品251|潮宏基珠宝首饰商品314
2901,U003057,0.1242,0.166054,低意向,食品生鲜,高性价比优惠池,P000995|P001113|P000246|P001573|P000063,良品铺子食品生鲜商品230|三只松鼠食品生鲜商品425|蒙牛食品生鲜商品866|百草味食品生鲜商品634|百草味食品生鲜商品504
2902,U003676,0.1242,0.186652,低意向,食品生鲜,高性价比优惠池,P000995|P001113|P000246|P001573|P000063,良品铺子食品生鲜商品230|三只松鼠食品生鲜商品425|蒙牛食品生鲜商品866|百草味食品生鲜商品634|百草味食品生鲜商品504
2903,U003685,0.1241,0.263729,低意向,母婴用品,高性价比优惠池,P001683|P000635|P001865|P000991|P001946,帮宝适母婴用品商品297|贝因美母婴用品商品691|贝因美母婴用品商品921|帮宝适母婴用品商品195|花王母婴用品商品688
2904,U001485,0.124,0.159359,低意向,家居家装,高性价比优惠池,P001900|P001343|P000229|P001466|P001151,顾家家居家居家装商品551|曲美家居家装商品469|顾家家居家居家装商品198|马可波罗家居家装商品613|宜家家居家装商品838
2905,U001592,0.124,0.170691,低意向,图书音像,高性价比优惠池,P001855|P001112|P000053|P001974|P001212,京东图书图书音像商品377|中信出版社图书音像商品870|京东图书图书音像商品199|博库网图书音像商品353|新华书店图书音像商品518
2906,U001828,0.124,0.177076,低意向,服装鞋包,高性价比优惠池,P001581|P001100|P000662|P001462|P000338,耐克服装鞋包商品711|H&M服装鞋包商品119|海澜之家服装鞋包商品964|耐克服装鞋包商品391|H&M服装鞋包商品587
2907,U002480,0.124,0.164795,低意向,食品生鲜,高性价比优惠池,P000995|P001113|P000246|P001573|P000063,良品铺子食品生鲜商品230|三只松鼠食品生鲜商品425|蒙牛食品生鲜商品866|百草味食品生鲜商品634|百草味食品生鲜商品504
2908,U003182,0.124,0.258769,低意向,汽车用品,高性价比优惠池,P001350|P001831|P000932|P001413|P001281,海康威视汽车用品商品339|3M汽车用品商品278|米其林汽车用品商品745|3M汽车用品商品342|卡仕达汽车用品商品144
2909,U004554,0.124,0.216583,低意向,珠宝首饰,高性价比优惠池,P000974|P000711|P001945|P000774|P001226,明牌珠宝首饰商品793|老凤祥珠宝首饰商品116|老凤祥珠宝首饰商品246|周大福珠宝首饰商品251|潮宏基珠宝首饰商品314
2910,U003120,0.1239,0.246355,低意向,美妆护肤,高性价比优惠池,P001748|P000034|P001010|P000095|P001810,完美日记美妆护肤商品797|雅诗兰黛美妆护肤商品818|雅诗兰黛美妆护肤商品295|欧莱雅美妆护肤商品977|欧莱雅美妆护肤商品587
2911,U004425,0.1238,0.267458,低意向,宠物用品,高性价比优惠池,P000174|P001336|P001123|P000231|P001759,麦富迪宠物用品商品180|比瑞吉宠物用品商品181|麦富迪宠物用品商品699|pidan宠物用品商品955|网易严选宠物用品商品408
2912,U000414,0.1237,0.163972,低意向,运动户外,高性价比优惠池,P001637|P001804|P001967|P000194|P000210,李宁运动户外商品816|李宁运动户外商品353|探路者运动户外商品827|始祖鸟运动户外商品528|安踏运动户外商品113
2913,U004710,0.1237,0.161777,低意向,食品生鲜,高性价比优惠池,P000995|P001113|P000246|P001573|P000063,良品铺子食品生鲜商品230|三只松鼠食品生鲜商品425|蒙牛食品生鲜商品866|百草味食品生鲜商品634|百草味食品生鲜商品504
2914,U001801,0.1236,0.170544,低意向,医药保健,高性价比优惠池,P000765|P000827|P001891|P000351|P000793,善存医药保健商品608|Swisse医药保健商品414|Swisse医药保健商品235|汤臣倍健医药保健商品112|九芝堂医药保健商品478
2915,U002776,0.1236,0.239746,低意向,家居家装,高性价比优惠池,P001900|P001343|P000229|P001466|P001151,顾家家居家居家装商品551|曲美家居家装商品469|顾家家居家居家装商品198|马可波罗家居家装商品613|宜家家居家装商品838
2916,U003381,0.1235,0.151502,低意向,宠物用品,高性价比优惠池,P000174|P001336|P001123|P000231|P001759,麦富迪宠物用品商品180|比瑞吉宠物用品商品181|麦富迪宠物用品商品699|pidan宠物用品商品955|网易严选宠物用品商品408
2917,U000241,0.1234,0.264114,低意向,运动户外,高性价比优惠池,P001637|P001804|P001967|P000194|P000210,李宁运动户外商品816|李宁运动户外商品353|探路者运动户外商品827|始祖鸟运动户外商品528|安踏运动户外商品113
2918,U001426,0.1234,0.218445,低意向,手机数码,高性价比优惠池,P000518|P000173|P000438|P001705|P000874,一加手机数码商品882|OPPO手机数码商品663|OPPO手机数码商品771|苹果手机数码商品445|苹果手机数码商品704
2919,U001728,0.1233,0.167266,低意向,美妆护肤,高性价比优惠池,P001748|P000034|P001010|P000095|P001810,完美日记美妆护肤商品797|雅诗兰黛美妆护肤商品818|雅诗兰黛美妆护肤商品295|欧莱雅美妆护肤商品977|欧莱雅美妆护肤商品587
2920,U004555,0.1233,0.162089,低意向,食品生鲜,高性价比优惠池,P000995|P001113|P000246|P001573|P000063,良品铺子食品生鲜商品230|三只松鼠食品生鲜商品425|蒙牛食品生鲜商品866|百草味食品生鲜商品634|百草味食品生鲜商品504
2921,U001525,0.1232,0.175724,低意向,母婴用品,高性价比优惠池,P001683|P000635|P001865|P000991|P001946,帮宝适母婴用品商品297|贝因美母婴用品商品691|贝因美母婴用品商品921|帮宝适母婴用品商品195|花王母婴用品商品688
2922,U003066,0.1232,0.240284,低意向,美妆护肤,高性价比优惠池,P001748|P000034|P001010|P000095|P001810,完美日记美妆护肤商品797|雅诗兰黛美妆护肤商品818|雅诗兰黛美妆护肤商品295|欧莱雅美妆护肤商品977|欧莱雅美妆护肤商品587
2923,U000772,0.1231,0.179288,低意向,美妆护肤,高性价比优惠池,P001748|P000034|P001010|P000095|P001810,完美日记美妆护肤商品797|雅诗兰黛美妆护肤商品818|雅诗兰黛美妆护肤商品295|欧莱雅美妆护肤商品977|欧莱雅美妆护肤商品587
2924,U001442,0.1231,0.162964,低意向,食品生鲜,高性价比优惠池,P000995|P001113|P000246|P001573|P000063,良品铺子食品生鲜商品230|三只松鼠食品生鲜商品425|蒙牛食品生鲜商品866|百草味食品生鲜商品634|百草味食品生鲜商品504
2925,U002149,0.123,0.153611,低意向,图书音像,高性价比优惠池,P001855|P001112|P000053|P001974|P001212,京东图书图书音像商品377|中信出版社图书音像商品870|京东图书图书音像商品199|博库网图书音像商品353|新华书店图书音像商品518
2926,U001995,0.1229,0.179826,低意向,医药保健,高性价比优惠池,P000765|P000827|P001891|P000351|P000793,善存医药保健商品608|Swisse医药保健商品414|Swisse医药保健商品235|汤臣倍健医药保健商品112|九芝堂医药保健商品478
2927,U000559,0.1228,0.168562,低意向,运动户外,高性价比优惠池,P001637|P001804|P001967|P000194|P000210,李宁运动户外商品816|李宁运动户外商品353|探路者运动户外商品827|始祖鸟运动户外商品528|安踏运动户外商品113
2928,U001761,0.1228,0.169674,低意向,家用电器,高性价比优惠池,P001338|P000409|P001480|P001850|P001635,苏泊尔家用电器商品596|苏泊尔家用电器商品852|戴森家用电器商品536|戴森家用电器商品883|西门子家用电器商品795
2929,U002007,0.1228,0.16877,低意向,医药保健,高性价比优惠池,P000765|P000827|P001891|P000351|P000793,善存医药保健商品608|Swisse医药保健商品414|Swisse医药保健商品235|汤臣倍健医药保健商品112|九芝堂医药保健商品478
2930,U002965,0.1228,0.233989,低意向,手机数码,高性价比优惠池,P000518|P000173|P000438|P001705|P000874,一加手机数码商品882|OPPO手机数码商品663|OPPO手机数码商品771|苹果手机数码商品445|苹果手机数码商品704
2931,U002360,0.1227,0.169871,低意向,礼品鲜花,高性价比优惠池,P000831|P000680|P001029|P000319|P000890,Roseonly礼品鲜花商品580|施华洛世奇礼品鲜花商品208|野兽派礼品鲜花商品389|施华洛世奇礼品鲜花商品633|潘多拉礼品鲜花商品586
2932,U000194,0.1226,0.179303,低意向,运动户外,高性价比优惠池,P001637|P001804|P001967|P000194|P000210,李宁运动户外商品816|李宁运动户外商品353|探路者运动户外商品827|始祖鸟运动户外商品528|安踏运动户外商品113
2933,U000621,0.1226,0.276574,低意向,美妆护肤,高性价比优惠池,P001748|P000034|P001010|P000095|P001810,完美日记美妆护肤商品797|雅诗兰黛美妆护肤商品818|雅诗兰黛美妆护肤商品295|欧莱雅美妆护肤商品977|欧莱雅美妆护肤商品587
2934,U002708,0.1224,0.22858,低意向,手机数码,高性价比优惠池,P000518|P000173|P000438|P001705|P000874,一加手机数码商品882|OPPO手机数码商品663|OPPO手机数码商品771|苹果手机数码商品445|苹果手机数码商品704
2935,U000993,0.1223,0.171302,低意向,家居家装,高性价比优惠池,P001900|P001343|P000229|P001466|P001151,顾家家居家居家装商品551|曲美家居家装商品469|顾家家居家居家装商品198|马可波罗家居家装商品613|宜家家居家装商品838
2936,U002256,0.1223,0.169388,低意向,家居家装,高性价比优惠池,P001900|P001343|P000229|P001466|P001151,顾家家居家居家装商品551|曲美家居家装商品469|顾家家居家居家装商品198|马可波罗家居家装商品613|宜家家居家装商品838
2937,U000538,0.1222,0.173077,低意向,美妆护肤,高性价比优惠池,P001748|P000034|P001010|P000095|P001810,完美日记美妆护肤商品797|雅诗兰黛美妆护肤商品818|雅诗兰黛美妆护肤商品295|欧莱雅美妆护肤商品977|欧莱雅美妆护肤商品587
2938,U000892,0.1222,0.168272,低意向,食品生鲜,高性价比优惠池,P000995|P001113|P000246|P001573|P000063,良品铺子食品生鲜商品230|三只松鼠食品生鲜商品425|蒙牛食品生鲜商品866|百草味食品生鲜商品634|百草味食品生鲜商品504
2939,U001434,0.122,0.219359,低意向,宠物用品,高性价比优惠池,P000174|P001336|P001123|P000231|P001759,麦富迪宠物用品商品180|比瑞吉宠物用品商品181|麦富迪宠物用品商品699|pidan宠物用品商品955|网易严选宠物用品商品408
2940,U002062,0.122,0.1593,低意向,图书音像,高性价比优惠池,P001855|P001112|P000053|P001974|P001212,京东图书图书音像商品377|中信出版社图书音像商品870|京东图书图书音像商品199|博库网图书音像商品353|新华书店图书音像商品518
2941,U004541,0.122,0.171012,低意向,家用电器,高性价比优惠池,P001338|P000409|P001480|P001850|P001635,苏泊尔家用电器商品596|苏泊尔家用电器商品852|戴森家用电器商品536|戴森家用电器商品883|西门子家用电器商品795
2942,U004927,0.122,0.173227,低意向,医药保健,高性价比优惠池,P000765|P000827|P001891|P000351|P000793,善存医药保健商品608|Swisse医药保健商品414|Swisse医药保健商品235|汤臣倍健医药保健商品112|九芝堂医药保健商品478
2943,U000949,0.1219,0.171683,低意向,手机数码,高性价比优惠池,P000518|P000173|P000438|P001705|P000874,一加手机数码商品882|OPPO手机数码商品663|OPPO手机数码商品771|苹果手机数码商品445|苹果手机数码商品704
2944,U004287,0.1219,0.16829,低意向,手机数码,高性价比优惠池,P000518|P000173|P000438|P001705|P000874,一加手机数码商品882|OPPO手机数码商品663|OPPO手机数码商品771|苹果手机数码商品445|苹果手机数码商品704
2945,U000237,0.1218,0.177903,低意向,服装鞋包,高性价比优惠池,P001581|P001100|P000662|P001462|P000338,耐克服装鞋包商品711|H&M服装鞋包商品119|海澜之家服装鞋包商品964|耐克服装鞋包商品391|H&M服装鞋包商品587
2946,U000168,0.1217,0.167621,低意向,服装鞋包,高性价比优惠池,P001581|P001100|P000662|P001462|P000338,耐克服装鞋包商品711|H&M服装鞋包商品119|海澜之家服装鞋包商品964|耐克服装鞋包商品391|H&M服装鞋包商品587
2947,U004325,0.1217,0.226365,低意向,家用电器,高性价比优惠池,P001338|P000409|P001480|P001850|P001635,苏泊尔家用电器商品596|苏泊尔家用电器商品852|戴森家用电器商品536|戴森家用电器商品883|西门子家用电器商品795
2948,U004890,0.1217,0.165329,低意向,美妆护肤,高性价比优惠池,P001748|P000034|P001010|P000095|P001810,完美日记美妆护肤商品797|雅诗兰黛美妆护肤商品818|雅诗兰黛美妆护肤商品295|欧莱雅美妆护肤商品977|欧莱雅美妆护肤商品587
2949,U002885,0.1216,0.164719,低意向,礼品鲜花,高性价比优惠池,P000831|P000680|P001029|P000319|P000890,Roseonly礼品鲜花商品580|施华洛世奇礼品鲜花商品208|野兽派礼品鲜花商品389|施华洛世奇礼品鲜花商品633|潘多拉礼品鲜花商品586
2950,U001155,0.1214,0.164001,低意向,母婴用品,高性价比优惠池,P001683|P000635|P001865|P000991|P001946,帮宝适母婴用品商品297|贝因美母婴用品商品691|贝因美母婴用品商品921|帮宝适母婴用品商品195|花王母婴用品商品688
2951,U004754,0.1214,0.175163,低意向,家用电器,高性价比优惠池,P001338|P000409|P001480|P001850|P001635,苏泊尔家用电器商品596|苏泊尔家用电器商品852|戴森家用电器商品536|戴森家用电器商品883|西门子家用电器商品795
2952,U004771,0.1214,0.172329,低意向,手机数码,高性价比优惠池,P000518|P000173|P000438|P001705|P000874,一加手机数码商品882|OPPO手机数码商品663|OPPO手机数码商品771|苹果手机数码商品445|苹果手机数码商品704
2953,U000256,0.1213,0.170505,低意向,医药保健,高性价比优惠池,P000765|P000827|P001891|P000351|P000793,善存医药保健商品608|Swisse医药保健商品414|Swisse医药保健商品235|汤臣倍健医药保健商品112|九芝堂医药保健商品478
2954,U001023,0.1213,0.165695,低意向,家用电器,高性价比优惠池,P001338|P000409|P001480|P001850|P001635,苏泊尔家用电器商品596|苏泊尔家用电器商品852|戴森家用电器商品536|戴森家用电器商品883|西门子家用电器商品795
2955,U004487,0.1213,0.156027,低意向,美妆护肤,高性价比优惠池,P001748|P000034|P001010|P000095|P001810,完美日记美妆护肤商品797|雅诗兰黛美妆护肤商品818|雅诗兰黛美妆护肤商品295|欧莱雅美妆护肤商品977|欧莱雅美妆护肤商品587
2956,U004756,0.1213,0.175997,低意向,运动户外,高性价比优惠池,P001637|P001804|P001967|P000194|P000210,李宁运动户外商品816|李宁运动户外商品353|探路者运动户外商品827|始祖鸟运动户外商品528|安踏运动户外商品113
2957,U000791,0.1212,0.258057,低意向,医药保健,高性价比优惠池,P000765|P000827|P001891|P000351|P000793,善存医药保健商品608|Swisse医药保健商品414|Swisse医药保健商品235|汤臣倍健医药保健商品112|九芝堂医药保健商品478
2958,U003046,0.1212,0.157412,低意向,食品生鲜,高性价比优惠池,P000995|P001113|P000246|P001573|P000063,良品铺子食品生鲜商品230|三只松鼠食品生鲜商品425|蒙牛食品生鲜商品866|百草味食品生鲜商品634|百草味食品生鲜商品504
2959,U000706,0.1211,0.275803,低意向,汽车用品,高性价比优惠池,P001350|P001831|P000932|P001413|P001281,海康威视汽车用品商品339|3M汽车用品商品278|米其林汽车用品商品745|3M汽车用品商品342|卡仕达汽车用品商品144
2960,U003798,0.1211,0.181474,低意向,家用电器,高性价比优惠池,P001338|P000409|P001480|P001850|P001635,苏泊尔家用电器商品596|苏泊尔家用电器商品852|戴森家用电器商品536|戴森家用电器商品883|西门子家用电器商品795
2961,U004743,0.1211,0.180367,低意向,服装鞋包,高性价比优惠池,P001581|P001100|P000662|P001462|P000338,耐克服装鞋包商品711|H&M服装鞋包商品119|海澜之家服装鞋包商品964|耐克服装鞋包商品391|H&M服装鞋包商品587
2962,U004202,0.121,0.159758,低意向,医药保健,高性价比优惠池,P000765|P000827|P001891|P000351|P000793,善存医药保健商品608|Swisse医药保健商品414|Swisse医药保健商品235|汤臣倍健医药保健商品112|九芝堂医药保健商品478
2963,U000148,0.1209,0.170561,低意向,礼品鲜花,高性价比优惠池,P000831|P000680|P001029|P000319|P000890,Roseonly礼品鲜花商品580|施华洛世奇礼品鲜花商品208|野兽派礼品鲜花商品389|施华洛世奇礼品鲜花商品633|潘多拉礼品鲜花商品586
2964,U000427,0.1209,0.269948,低意向,汽车用品,高性价比优惠池,P001350|P001831|P000932|P001413|P001281,海康威视汽车用品商品339|3M汽车用品商品278|米其林汽车用品商品745|3M汽车用品商品342|卡仕达汽车用品商品144
2965,U001123,0.1209,0.16393,低意向,箱包配饰,高性价比优惠池,P000702|P001253|P001930|P000361|P000987,LV箱包配饰商品940|Samsonite箱包配饰商品380|Samsonite箱包配饰商品997|GUCCI箱包配饰商品904|Samsonite箱包配饰商品467
2966,U004968,0.1209,0.163334,低意向,运动户外,高性价比优惠池,P001637|P001804|P001967|P000194|P000210,李宁运动户外商品816|李宁运动户外商品353|探路者运动户外商品827|始祖鸟运动户外商品528|安踏运动户外商品113
2967,U003598,0.1207,0.17857,低意向,运动户外,高性价比优惠池,P001637|P001804|P001967|P000194|P000210,李宁运动户外商品816|李宁运动户外商品353|探路者运动户外商品827|始祖鸟运动户外商品528|安踏运动户外商品113
2968,U004281,0.1207,0.163149,低意向,箱包配饰,高性价比优惠池,P000702|P001253|P001930|P000361|P000987,LV箱包配饰商品940|Samsonite箱包配饰商品380|Samsonite箱包配饰商品997|GUCCI箱包配饰商品904|Samsonite箱包配饰商品467
2969,U000832,0.1206,0.220632,低意向,箱包配饰,高性价比优惠池,P000702|P001253|P001930|P000361|P000987,LV箱包配饰商品940|Samsonite箱包配饰商品380|Samsonite箱包配饰商品997|GUCCI箱包配饰商品904|Samsonite箱包配饰商品467
2970,U004729,0.1206,0.158347,低意向,食品生鲜,高性价比优惠池,P000995|P001113|P000246|P001573|P000063,良品铺子食品生鲜商品230|三只松鼠食品生鲜商品425|蒙牛食品生鲜商品866|百草味食品生鲜商品634|百草味食品生鲜商品504
2971,U000716,0.1205,0.162177,低意向,宠物用品,高性价比优惠池,P000174|P001336|P001123|P000231|P001759,麦富迪宠物用品商品180|比瑞吉宠物用品商品181|麦富迪宠物用品商品699|pidan宠物用品商品955|网易严选宠物用品商品408
2972,U001290,0.1205,0.173707,低意向,家用电器,高性价比优惠池,P001338|P000409|P001480|P001850|P001635,苏泊尔家用电器商品596|苏泊尔家用电器商品852|戴森家用电器商品536|戴森家用电器商品883|西门子家用电器商品795
2973,U003256,0.1205,0.175179,低意向,食品生鲜,高性价比优惠池,P000995|P001113|P000246|P001573|P000063,良品铺子食品生鲜商品230|三只松鼠食品生鲜商品425|蒙牛食品生鲜商品866|百草味食品生鲜商品634|百草味食品生鲜商品504
2974,U002012,0.1204,0.247932,低意向,礼品鲜花,高性价比优惠池,P000831|P000680|P001029|P000319|P000890,Roseonly礼品鲜花商品580|施华洛世奇礼品鲜花商品208|野兽派礼品鲜花商品389|施华洛世奇礼品鲜花商品633|潘多拉礼品鲜花商品586
2975,U004220,0.1204,0.1809,低意向,运动户外,高性价比优惠池,P001637|P001804|P001967|P000194|P000210,李宁运动户外商品816|李宁运动户外商品353|探路者运动户外商品827|始祖鸟运动户外商品528|安踏运动户外商品113
2976,U000156,0.1203,0.165704,低意向,礼品鲜花,高性价比优惠池,P000831|P000680|P001029|P000319|P000890,Roseonly礼品鲜花商品580|施华洛世奇礼品鲜花商品208|野兽派礼品鲜花商品389|施华洛世奇礼品鲜花商品633|潘多拉礼品鲜花商品586
2977,U000375,0.1202,0.168496,低意向,箱包配饰,高性价比优惠池,P000702|P001253|P001930|P000361|P000987,LV箱包配饰商品940|Samsonite箱包配饰商品380|Samsonite箱包配饰商品997|GUCCI箱包配饰商品904|Samsonite箱包配饰商品467
2978,U001231,0.1201,0.167945,低意向,家居家装,高性价比优惠池,P001900|P001343|P000229|P001466|P001151,顾家家居家居家装商品551|曲美家居家装商品469|顾家家居家居家装商品198|马可波罗家居家装商品613|宜家家居家装商品838
2979,U001415,0.12,0.171086,低意向,宠物用品,高性价比优惠池,P000174|P001336|P001123|P000231|P001759,麦富迪宠物用品商品180|比瑞吉宠物用品商品181|麦富迪宠物用品商品699|pidan宠物用品商品955|网易严选宠物用品商品408
2980,U000481,0.1198,0.159947,低意向,箱包配饰,高性价比优惠池,P000702|P001253|P001930|P000361|P000987,LV箱包配饰商品940|Samsonite箱包配饰商品380|Samsonite箱包配饰商品997|GUCCI箱包配饰商品904|Samsonite箱包配饰商品467
2981,U002901,0.1198,0.250328,低意向,图书音像,高性价比优惠池,P001855|P001112|P000053|P001974|P001212,京东图书图书音像商品377|中信出版社图书音像商品870|京东图书图书音像商品199|博库网图书音像商品353|新华书店图书音像商品518
2982,U000991,0.1197,0.228902,低意向,手机数码,高性价比优惠池,P000518|P000173|P000438|P001705|P000874,一加手机数码商品882|OPPO手机数码商品663|OPPO手机数码商品771|苹果手机数码商品445|苹果手机数码商品704
2983,U001273,0.1197,0.256264,低意向,礼品鲜花,高性价比优惠池,P000831|P000680|P001029|P000319|P000890,Roseonly礼品鲜花商品580|施华洛世奇礼品鲜花商品208|野兽派礼品鲜花商品389|施华洛世奇礼品鲜花商品633|潘多拉礼品鲜花商品586
2984,U002166,0.1196,0.179933,低意向,母婴用品,高性价比优惠池,P001683|P000635|P001865|P000991|P001946,帮宝适母婴用品商品297|贝因美母婴用品商品691|贝因美母婴用品商品921|帮宝适母婴用品商品195|花王母婴用品商品688
2985,U001184,0.1195,0.237322,低意向,服装鞋包,高性价比优惠池,P001581|P001100|P000662|P001462|P000338,耐克服装鞋包商品711|H&M服装鞋包商品119|海澜之家服装鞋包商品964|耐克服装鞋包商品391|H&M服装鞋包商品587
2986,U003574,0.1195,0.172987,低意向,礼品鲜花,高性价比优惠池,P000831|P000680|P001029|P000319|P000890,Roseonly礼品鲜花商品580|施华洛世奇礼品鲜花商品208|野兽派礼品鲜花商品389|施华洛世奇礼品鲜花商品633|潘多拉礼品鲜花商品586
2987,U004343,0.1195,0.162401,低意向,手机数码,高性价比优惠池,P000518|P000173|P000438|P001705|P000874,一加手机数码商品882|OPPO手机数码商品663|OPPO手机数码商品771|苹果手机数码商品445|苹果手机数码商品704
2988,U002847,0.1194,0.244752,低意向,家用电器,高性价比优惠池,P001338|P000409|P001480|P001850|P001635,苏泊尔家用电器商品596|苏泊尔家用电器商品852|戴森家用电器商品536|戴森家用电器商品883|西门子家用电器商品795
2989,U000109,0.1193,0.161909,低意向,汽车用品,高性价比优惠池,P001350|P001831|P000932|P001413|P001281,海康威视汽车用品商品339|3M汽车用品商品278|米其林汽车用品商品745|3M汽车用品商品342|卡仕达汽车用品商品144
2990,U000770,0.1193,0.151273,低意向,家用电器,高性价比优惠池,P001338|P000409|P001480|P001850|P001635,苏泊尔家用电器商品596|苏泊尔家用电器商品852|戴森家用电器商品536|戴森家用电器商品883|西门子家用电器商品795
2991,U000209,0.1191,0.259553,低意向,箱包配饰,高性价比优惠池,P000702|P001253|P001930|P000361|P000987,LV箱包配饰商品940|Samsonite箱包配饰商品380|Samsonite箱包配饰商品997|GUCCI箱包配饰商品904|Samsonite箱包配饰商品467
2992,U003393,0.1191,0.258201,低意向,汽车用品,高性价比优惠池,P001350|P001831|P000932|P001413|P001281,海康威视汽车用品商品339|3M汽车用品商品278|米其林汽车用品商品745|3M汽车用品商品342|卡仕达汽车用品商品144
2993,U003870,0.1191,0.153146,低意向,汽车用品,高性价比优惠池,P001350|P001831|P000932|P001413|P001281,海康威视汽车用品商品339|3M汽车用品商品278|米其林汽车用品商品745|3M汽车用品商品342|卡仕达汽车用品商品144
2994,U004474,0.1191,0.182165,低意向,服装鞋包,高性价比优惠池,P001581|P001100|P000662|P001462|P000338,耐克服装鞋包商品711|H&M服装鞋包商品119|海澜之家服装鞋包商品964|耐克服装鞋包商品391|H&M服装鞋包商品587
2995,U001437,0.119,0.246985,低意向,食品生鲜,高性价比优惠池,P000995|P001113|P000246|P001573|P000063,良品铺子食品生鲜商品230|三只松鼠食品生鲜商品425|蒙牛食品生鲜商品866|百草味食品生鲜商品634|百草味食品生鲜商品504
2996,U002249,0.119,0.169812,低意向,珠宝首饰,高性价比优惠池,P000974|P000711|P001945|P000774|P001226,明牌珠宝首饰商品793|老凤祥珠宝首饰商品116|老凤祥珠宝首饰商品246|周大福珠宝首饰商品251|潮宏基珠宝首饰商品314
2997,U002114,0.1189,0.161122,低意向,箱包配饰,高性价比优惠池,P000702|P001253|P001930|P000361|P000987,LV箱包配饰商品940|Samsonite箱包配饰商品380|Samsonite箱包配饰商品997|GUCCI箱包配饰商品904|Samsonite箱包配饰商品467
2998,U003275,0.1189,0.248409,低意向,图书音像,高性价比优惠池,P001855|P001112|P000053|P001974|P001212,京东图书图书音像商品377|中信出版社图书音像商品870|京东图书图书音像商品199|博库网图书音像商品353|新华书店图书音像商品518
2999,U001540,0.1188,0.232846,低意向,箱包配饰,高性价比优惠池,P000702|P001253|P001930|P000361|P000987,LV箱包配饰商品940|Samsonite箱包配饰商品380|Samsonite箱包配饰商品997|GUCCI箱包配饰商品904|Samsonite箱包配饰商品467
3000,U002229,0.1188,0.23918,低意向,服装鞋包,高性价比优惠池,P001581|P001100|P000662|P001462|P000338,耐克服装鞋包商品711|H&M服装鞋包商品119|海澜之家服装鞋包商品964|耐克服装鞋包商品391|H&M服装鞋包商品587
3001,U002536,0.1187,0.168137,低意向,家居家装,高性价比优惠池,P001900|P001343|P000229|P001466|P001151,顾家家居家居家装商品551|曲美家居家装商品469|顾家家居家居家装商品198|马可波罗家居家装商品613|宜家家居家装商品838
3002,U004400,0.1187,0.172066,低意向,美妆护肤,高性价比优惠池,P001748|P000034|P001010|P000095|P001810,完美日记美妆护肤商品797|雅诗兰黛美妆护肤商品818|雅诗兰黛美妆护肤商品295|欧莱雅美妆护肤商品977|欧莱雅美妆护肤商品587
3003,U000729,0.1186,0.167882,低意向,母婴用品,高性价比优惠池,P001683|P000635|P001865|P000991|P001946,帮宝适母婴用品商品297|贝因美母婴用品商品691|贝因美母婴用品商品921|帮宝适母婴用品商品195|花王母婴用品商品688
3004,U003511,0.1186,0.15993,低意向,母婴用品,高性价比优惠池,P001683|P000635|P001865|P000991|P001946,帮宝适母婴用品商品297|贝因美母婴用品商品691|贝因美母婴用品商品921|帮宝适母婴用品商品195|花王母婴用品商品688
3005,U002168,0.1185,0.241938,低意向,医药保健,高性价比优惠池,P000765|P000827|P001891|P000351|P000793,善存医药保健商品608|Swisse医药保健商品414|Swisse医药保健商品235|汤臣倍健医药保健商品112|九芝堂医药保健商品478
3006,U004008,0.1185,0.170288,低意向,服装鞋包,高性价比优惠池,P001581|P001100|P000662|P001462|P000338,耐克服装鞋包商品711|H&M服装鞋包商品119|海澜之家服装鞋包商品964|耐克服装鞋包商品391|H&M服装鞋包商品587
3007,U001178,0.1183,0.160845,低意向,美妆护肤,高性价比优惠池,P001748|P000034|P001010|P000095|P001810,完美日记美妆护肤商品797|雅诗兰黛美妆护肤商品818|雅诗兰黛美妆护肤商品295|欧莱雅美妆护肤商品977|欧莱雅美妆护肤商品587
3008,U002838,0.1183,0.16864,低意向,礼品鲜花,高性价比优惠池,P000831|P000680|P001029|P000319|P000890,Roseonly礼品鲜花商品580|施华洛世奇礼品鲜花商品208|野兽派礼品鲜花商品389|施华洛世奇礼品鲜花商品633|潘多拉礼品鲜花商品586
3009,U000247,0.1182,0.163719,低意向,礼品鲜花,高性价比优惠池,P000831|P000680|P001029|P000319|P000890,Roseonly礼品鲜花商品580|施华洛世奇礼品鲜花商品208|野兽派礼品鲜花商品389|施华洛世奇礼品鲜花商品633|潘多拉礼品鲜花商品586
3010,U000602,0.118,0.173468,低意向,母婴用品,高性价比优惠池,P001683|P000635|P001865|P000991|P001946,帮宝适母婴用品商品297|贝因美母婴用品商品691|贝因美母婴用品商品921|帮宝适母婴用品商品195|花王母婴用品商品688
3011,U000733,0.118,0.163282,低意向,运动户外,高性价比优惠池,P001637|P001804|P001967|P000194|P000210,李宁运动户外商品816|李宁运动户外商品353|探路者运动户外商品827|始祖鸟运动户外商品528|安踏运动户外商品113
3012,U001080,0.118,0.16897,低意向,家居家装,高性价比优惠池,P001900|P001343|P000229|P001466|P001151,顾家家居家居家装商品551|曲美家居家装商品469|顾家家居家居家装商品198|马可波罗家居家装商品613|宜家家居家装商品838
3013,U001723,0.118,0.165735,低意向,珠宝首饰,高性价比优惠池,P000974|P000711|P001945|P000774|P001226,明牌珠宝首饰商品793|老凤祥珠宝首饰商品116|老凤祥珠宝首饰商品246|周大福珠宝首饰商品251|潮宏基珠宝首饰商品314
3014,U001057,0.1178,0.264597,低意向,宠物用品,高性价比优惠池,P000174|P001336|P001123|P000231|P001759,麦富迪宠物用品商品180|比瑞吉宠物用品商品181|麦富迪宠物用品商品699|pidan宠物用品商品955|网易严选宠物用品商品408
3015,U001739,0.1178,0.242346,低意向,礼品鲜花,高性价比优惠池,P000831|P000680|P001029|P000319|P000890,Roseonly礼品鲜花商品580|施华洛世奇礼品鲜花商品208|野兽派礼品鲜花商品389|施华洛世奇礼品鲜花商品633|潘多拉礼品鲜花商品586
3016,U002439,0.1178,0.163566,低意向,食品生鲜,高性价比优惠池,P000995|P001113|P000246|P001573|P000063,良品铺子食品生鲜商品230|三只松鼠食品生鲜商品425|蒙牛食品生鲜商品866|百草味食品生鲜商品634|百草味食品生鲜商品504
3017,U002854,0.1178,0.161688,低意向,宠物用品,高性价比优惠池,P000174|P001336|P001123|P000231|P001759,麦富迪宠物用品商品180|比瑞吉宠物用品商品181|麦富迪宠物用品商品699|pidan宠物用品商品955|网易严选宠物用品商品408
3018,U001295,0.1177,0.16572,低意向,食品生鲜,高性价比优惠池,P000995|P001113|P000246|P001573|P000063,良品铺子食品生鲜商品230|三只松鼠食品生鲜商品425|蒙牛食品生鲜商品866|百草味食品生鲜商品634|百草味食品生鲜商品504
3019,U000016,0.1176,0.167608,低意向,宠物用品,高性价比优惠池,P000174|P001336|P001123|P000231|P001759,麦富迪宠物用品商品180|比瑞吉宠物用品商品181|麦富迪宠物用品商品699|pidan宠物用品商品955|网易严选宠物用品商品408
3020,U000074,0.1176,0.283357,低意向,运动户外,高性价比优惠池,P001637|P001804|P001967|P000194|P000210,李宁运动户外商品816|李宁运动户外商品353|探路者运动户外商品827|始祖鸟运动户外商品528|安踏运动户外商品113
3021,U002858,0.1176,0.173422,低意向,宠物用品,高性价比优惠池,P000174|P001336|P001123|P000231|P001759,麦富迪宠物用品商品180|比瑞吉宠物用品商品181|麦富迪宠物用品商品699|pidan宠物用品商品955|网易严选宠物用品商品408
3022,U000114,0.1175,0.235705,低意向,宠物用品,高性价比优惠池,P000174|P001336|P001123|P000231|P001759,麦富迪宠物用品商品180|比瑞吉宠物用品商品181|麦富迪宠物用品商品699|pidan宠物用品商品955|网易严选宠物用品商品408
3023,U001308,0.1174,0.160906,低意向,家用电器,高性价比优惠池,P001338|P000409|P001480|P001850|P001635,苏泊尔家用电器商品596|苏泊尔家用电器商品852|戴森家用电器商品536|戴森家用电器商品883|西门子家用电器商品795
3024,U001693,0.1173,0.165822,低意向,珠宝首饰,高性价比优惠池,P000974|P000711|P001945|P000774|P001226,明牌珠宝首饰商品793|老凤祥珠宝首饰商品116|老凤祥珠宝首饰商品246|周大福珠宝首饰商品251|潮宏基珠宝首饰商品314
3025,U001706,0.1173,0.172719,低意向,家居家装,高性价比优惠池,P001900|P001343|P000229|P001466|P001151,顾家家居家居家装商品551|曲美家居家装商品469|顾家家居家居家装商品198|马可波罗家居家装商品613|宜家家居家装商品838
3026,U000948,0.1172,0.166482,低意向,运动户外,高性价比优惠池,P001637|P001804|P001967|P000194|P000210,李宁运动户外商品816|李宁运动户外商品353|探路者运动户外商品827|始祖鸟运动户外商品528|安踏运动户外商品113
3027,U001381,0.1172,0.165958,低意向,珠宝首饰,高性价比优惠池,P000974|P000711|P001945|P000774|P001226,明牌珠宝首饰商品793|老凤祥珠宝首饰商品116|老凤祥珠宝首饰商品246|周大福珠宝首饰商品251|潮宏基珠宝首饰商品314
3028,U002971,0.1172,0.229197,低意向,服装鞋包,高性价比优惠池,P001581|P001100|P000662|P001462|P000338,耐克服装鞋包商品711|H&M服装鞋包商品119|海澜之家服装鞋包商品964|耐克服装鞋包商品391|H&M服装鞋包商品587
3029,U004880,0.1172,0.176668,低意向,母婴用品,高性价比优惠池,P001683|P000635|P001865|P000991|P001946,帮宝适母婴用品商品297|贝因美母婴用品商品691|贝因美母婴用品商品921|帮宝适母婴用品商品195|花王母婴用品商品688
3030,U000578,0.117,0.228074,低意向,食品生鲜,高性价比优惠池,P000995|P001113|P000246|P001573|P000063,良品铺子食品生鲜商品230|三只松鼠食品生鲜商品425|蒙牛食品生鲜商品866|百草味食品生鲜商品634|百草味食品生鲜商品504
3031,U000756,0.117,0.208435,低意向,手机数码,高性价比优惠池,P000518|P000173|P000438|P001705|P000874,一加手机数码商品882|OPPO手机数码商品663|OPPO手机数码商品771|苹果手机数码商品445|苹果手机数码商品704
3032,U001460,0.117,0.156378,低意向,家居家装,高性价比优惠池,P001900|P001343|P000229|P001466|P001151,顾家家居家居家装商品551|曲美家居家装商品469|顾家家居家居家装商品198|马可波罗家居家装商品613|宜家家居家装商品838
3033,U004614,0.117,0.253974,低意向,家用电器,高性价比优惠池,P001338|P000409|P001480|P001850|P001635,苏泊尔家用电器商品596|苏泊尔家用电器商品852|戴森家用电器商品536|戴森家用电器商品883|西门子家用电器商品795
3034,U004692,0.117,0.216436,低意向,医药保健,高性价比优惠池,P000765|P000827|P001891|P000351|P000793,善存医药保健商品608|Swisse医药保健商品414|Swisse医药保健商品235|汤臣倍健医药保健商品112|九芝堂医药保健商品478
3035,U004983,0.117,0.163936,低意向,珠宝首饰,高性价比优惠池,P000974|P000711|P001945|P000774|P001226,明牌珠宝首饰商品793|老凤祥珠宝首饰商品116|老凤祥珠宝首饰商品246|周大福珠宝首饰商品251|潮宏基珠宝首饰商品314
3036,U001129,0.1169,0.265163,低意向,宠物用品,高性价比优惠池,P000174|P001336|P001123|P000231|P001759,麦富迪宠物用品商品180|比瑞吉宠物用品商品181|麦富迪宠物用品商品699|pidan宠物用品商品955|网易严选宠物用品商品408
3037,U001858,0.1169,0.16322,低意向,医药保健,高性价比优惠池,P000765|P000827|P001891|P000351|P000793,善存医药保健商品608|Swisse医药保健商品414|Swisse医药保健商品235|汤臣倍健医药保健商品112|九芝堂医药保健商品478
3038,U002121,0.1169,0.151012,低意向,家居家装,高性价比优惠池,P001900|P001343|P000229|P001466|P001151,顾家家居家居家装商品551|曲美家居家装商品469|顾家家居家居家装商品198|马可波罗家居家装商品613|宜家家居家装商品838
3039,U002483,0.1169,0.157772,低意向,食品生鲜,高性价比优惠池,P000995|P001113|P000246|P001573|P000063,良品铺子食品生鲜商品230|三只松鼠食品生鲜商品425|蒙牛食品生鲜商品866|百草味食品生鲜商品634|百草味食品生鲜商品504
3040,U001294,0.1168,0.251078,低意向,家居家装,高性价比优惠池,P001900|P001343|P000229|P001466|P001151,顾家家居家居家装商品551|曲美家居家装商品469|顾家家居家居家装商品198|马可波罗家居家装商品613|宜家家居家装商品838
3041,U004295,0.1168,0.157053,低意向,母婴用品,高性价比优惠池,P001683|P000635|P001865|P000991|P001946,帮宝适母婴用品商品297|贝因美母婴用品商品691|贝因美母婴用品商品921|帮宝适母婴用品商品195|花王母婴用品商品688
3042,U000203,0.1167,0.174257,低意向,宠物用品,高性价比优惠池,P000174|P001336|P001123|P000231|P001759,麦富迪宠物用品商品180|比瑞吉宠物用品商品181|麦富迪宠物用品商品699|pidan宠物用品商品955|网易严选宠物用品商品408
3043,U004104,0.1167,0.165917,低意向,箱包配饰,高性价比优惠池,P000702|P001253|P001930|P000361|P000987,LV箱包配饰商品940|Samsonite箱包配饰商品380|Samsonite箱包配饰商品997|GUCCI箱包配饰商品904|Samsonite箱包配饰商品467
3044,U000516,0.1166,0.167138,低意向,食品生鲜,高性价比优惠池,P000995|P001113|P000246|P001573|P000063,良品铺子食品生鲜商品230|三只松鼠食品生鲜商品425|蒙牛食品生鲜商品866|百草味食品生鲜商品634|百草味食品生鲜商品504
3045,U002676,0.1166,0.160148,低意向,服装鞋包,高性价比优惠池,P001581|P001100|P000662|P001462|P000338,耐克服装鞋包商品711|H&M服装鞋包商品119|海澜之家服装鞋包商品964|耐克服装鞋包商品391|H&M服装鞋包商品587
3046,U003809,0.1166,0.151832,低意向,母婴用品,高性价比优惠池,P001683|P000635|P001865|P000991|P001946,帮宝适母婴用品商品297|贝因美母婴用品商品691|贝因美母婴用品商品921|帮宝适母婴用品商品195|花王母婴用品商品688
3047,U001844,0.1165,0.171285,低意向,宠物用品,高性价比优惠池,P000174|P001336|P001123|P000231|P001759,麦富迪宠物用品商品180|比瑞吉宠物用品商品181|麦富迪宠物用品商品699|pidan宠物用品商品955|网易严选宠物用品商品408
3048,U000748,0.1164,0.164673,低意向,图书音像,高性价比优惠池,P001855|P001112|P000053|P001974|P001212,京东图书图书音像商品377|中信出版社图书音像商品870|京东图书图书音像商品199|博库网图书音像商品353|新华书店图书音像商品518
3049,U003630,0.1164,0.168378,低意向,运动户外,高性价比优惠池,P001637|P001804|P001967|P000194|P000210,李宁运动户外商品816|李宁运动户外商品353|探路者运动户外商品827|始祖鸟运动户外商品528|安踏运动户外商品113
3050,U002752,0.1163,0.151873,低意向,服装鞋包,高性价比优惠池,P001581|P001100|P000662|P001462|P000338,耐克服装鞋包商品711|H&M服装鞋包商品119|海澜之家服装鞋包商品964|耐克服装鞋包商品391|H&M服装鞋包商品587
3051,U004337,0.1163,0.203692,低意向,运动户外,高性价比优惠池,P001637|P001804|P001967|P000194|P000210,李宁运动户外商品816|李宁运动户外商品353|探路者运动户外商品827|始祖鸟运动户外商品528|安踏运动户外商品113
3052,U000667,0.1162,0.171948,低意向,箱包配饰,高性价比优惠池,P000702|P001253|P001930|P000361|P000987,LV箱包配饰商品940|Samsonite箱包配饰商品380|Samsonite箱包配饰商品997|GUCCI箱包配饰商品904|Samsonite箱包配饰商品467
3053,U003037,0.1162,0.267478,低意向,图书音像,高性价比优惠池,P001855|P001112|P000053|P001974|P001212,京东图书图书音像商品377|中信出版社图书音像商品870|京东图书图书音像商品199|博库网图书音像商品353|新华书店图书音像商品518
3054,U000618,0.1161,0.164468,低意向,宠物用品,高性价比优惠池,P000174|P001336|P001123|P000231|P001759,麦富迪宠物用品商品180|比瑞吉宠物用品商品181|麦富迪宠物用品商品699|pidan宠物用品商品955|网易严选宠物用品商品408
3055,U002254,0.1159,0.163936,低意向,箱包配饰,高性价比优惠池,P000702|P001253|P001930|P000361|P000987,LV箱包配饰商品940|Samsonite箱包配饰商品380|Samsonite箱包配饰商品997|GUCCI箱包配饰商品904|Samsonite箱包配饰商品467
3056,U002802,0.1159,0.262874,低意向,服装鞋包,高性价比优惠池,P001581|P001100|P000662|P001462|P000338,耐克服装鞋包商品711|H&M服装鞋包商品119|海澜之家服装鞋包商品964|耐克服装鞋包商品391|H&M服装鞋包商品587
3057,U004648,0.1158,0.232025,低意向,图书音像,高性价比优惠池,P001855|P001112|P000053|P001974|P001212,京东图书图书音像商品377|中信出版社图书音像商品870|京东图书图书音像商品199|博库网图书音像商品353|新华书店图书音像商品518
3058,U003866,0.1157,0.160545,低意向,图书音像,高性价比优惠池,P001855|P001112|P000053|P001974|P001212,京东图书图书音像商品377|中信出版社图书音像商品870|京东图书图书音像商品199|博库网图书音像商品353|新华书店图书音像商品518
3059,U004604,0.1157,0.159459,低意向,汽车用品,高性价比优惠池,P001350|P001831|P000932|P001413|P001281,海康威视汽车用品商品339|3M汽车用品商品278|米其林汽车用品商品745|3M汽车用品商品342|卡仕达汽车用品商品144
3060,U003763,0.1156,0.171705,低意向,箱包配饰,高性价比优惠池,P000702|P001253|P001930|P000361|P000987,LV箱包配饰商品940|Samsonite箱包配饰商品380|Samsonite箱包配饰商品997|GUCCI箱包配饰商品904|Samsonite箱包配饰商品467
3061,U004697,0.1155,0.261022,低意向,汽车用品,高性价比优惠池,P001350|P001831|P000932|P001413|P001281,海康威视汽车用品商品339|3M汽车用品商品278|米其林汽车用品商品745|3M汽车用品商品342|卡仕达汽车用品商品144
3062,U000312,0.1154,0.166668,低意向,食品生鲜,高性价比优惠池,P000995|P001113|P000246|P001573|P000063,良品铺子食品生鲜商品230|三只松鼠食品生鲜商品425|蒙牛食品生鲜商品866|百草味食品生鲜商品634|百草味食品生鲜商品504
3063,U000124,0.1153,0.154805,低意向,手机数码,高性价比优惠池,P000518|P000173|P000438|P001705|P000874,一加手机数码商品882|OPPO手机数码商品663|OPPO手机数码商品771|苹果手机数码商品445|苹果手机数码商品704
3064,U000931,0.1153,0.169006,低意向,服装鞋包,高性价比优惠池,P001581|P001100|P000662|P001462|P000338,耐克服装鞋包商品711|H&M服装鞋包商品119|海澜之家服装鞋包商品964|耐克服装鞋包商品391|H&M服装鞋包商品587
3065,U003047,0.1153,0.172473,低意向,手机数码,高性价比优惠池,P000518|P000173|P000438|P001705|P000874,一加手机数码商品882|OPPO手机数码商品663|OPPO手机数码商品771|苹果手机数码商品445|苹果手机数码商品704
3066,U003924,0.115,0.169463,低意向,食品生鲜,高性价比优惠池,P000995|P001113|P000246|P001573|P000063,良品铺子食品生鲜商品230|三只松鼠食品生鲜商品425|蒙牛食品生鲜商品866|百草味食品生鲜商品634|百草味食品生鲜商品504
3067,U004812,0.115,0.270527,低意向,运动户外,高性价比优惠池,P001637|P001804|P001967|P000194|P000210,李宁运动户外商品816|李宁运动户外商品353|探路者运动户外商品827|始祖鸟运动户外商品528|安踏运动户外商品113
3068,U002876,0.1148,0.167361,低意向,家居家装,高性价比优惠池,P001900|P001343|P000229|P001466|P001151,顾家家居家居家装商品551|曲美家居家装商品469|顾家家居家居家装商品198|马可波罗家居家装商品613|宜家家居家装商品838
3069,U000045,0.1146,0.164446,低意向,图书音像,高性价比优惠池,P001855|P001112|P000053|P001974|P001212,京东图书图书音像商品377|中信出版社图书音像商品870|京东图书图书音像商品199|博库网图书音像商品353|新华书店图书音像商品518
3070,U000840,0.1146,0.170443,低意向,家用电器,高性价比优惠池,P001338|P000409|P001480|P001850|P001635,苏泊尔家用电器商品596|苏泊尔家用电器商品852|戴森家用电器商品536|戴森家用电器商品883|西门子家用电器商品795
3071,U004895,0.1146,0.171624,低意向,食品生鲜,高性价比优惠池,P000995|P001113|P000246|P001573|P000063,良品铺子食品生鲜商品230|三只松鼠食品生鲜商品425|蒙牛食品生鲜商品866|百草味食品生鲜商品634|百草味食品生鲜商品504
3072,U001406,0.1145,0.239936,低意向,医药保健,高性价比优惠池,P000765|P000827|P001891|P000351|P000793,善存医药保健商品608|Swisse医药保健商品414|Swisse医药保健商品235|汤臣倍健医药保健商品112|九芝堂医药保健商品478
3073,U001601,0.1145,0.254225,低意向,箱包配饰,高性价比优惠池,P000702|P001253|P001930|P000361|P000987,LV箱包配饰商品940|Samsonite箱包配饰商品380|Samsonite箱包配饰商品997|GUCCI箱包配饰商品904|Samsonite箱包配饰商品467
3074,U001786,0.1145,0.167928,低意向,医药保健,高性价比优惠池,P000765|P000827|P001891|P000351|P000793,善存医药保健商品608|Swisse医药保健商品414|Swisse医药保健商品235|汤臣倍健医药保健商品112|九芝堂医药保健商品478
3075,U003100,0.1145,0.159274,低意向,家用电器,高性价比优惠池,P001338|P000409|P001480|P001850|P001635,苏泊尔家用电器商品596|苏泊尔家用电器商品852|戴森家用电器商品536|戴森家用电器商品883|西门子家用电器商品795
3076,U003537,0.1145,0.162469,低意向,珠宝首饰,高性价比优惠池,P000974|P000711|P001945|P000774|P001226,明牌珠宝首饰商品793|老凤祥珠宝首饰商品116|老凤祥珠宝首饰商品246|周大福珠宝首饰商品251|潮宏基珠宝首饰商品314
3077,U004373,0.1145,0.15927,低意向,服装鞋包,高性价比优惠池,P001581|P001100|P000662|P001462|P000338,耐克服装鞋包商品711|H&M服装鞋包商品119|海澜之家服装鞋包商品964|耐克服装鞋包商品391|H&M服装鞋包商品587
3078,U000249,0.1144,0.232984,低意向,医药保健,高性价比优惠池,P000765|P000827|P001891|P000351|P000793,善存医药保健商品608|Swisse医药保健商品414|Swisse医药保健商品235|汤臣倍健医药保健商品112|九芝堂医药保健商品478
3079,U002056,0.1143,0.157152,低意向,图书音像,高性价比优惠池,P001855|P001112|P000053|P001974|P001212,京东图书图书音像商品377|中信出版社图书音像商品870|京东图书图书音像商品199|博库网图书音像商品353|新华书店图书音像商品518
3080,U000668,0.1142,0.160348,低意向,服装鞋包,高性价比优惠池,P001581|P001100|P000662|P001462|P000338,耐克服装鞋包商品711|H&M服装鞋包商品119|海澜之家服装鞋包商品964|耐克服装鞋包商品391|H&M服装鞋包商品587
3081,U000365,0.1141,0.164227,低意向,箱包配饰,高性价比优惠池,P000702|P001253|P001930|P000361|P000987,LV箱包配饰商品940|Samsonite箱包配饰商品380|Samsonite箱包配饰商品997|GUCCI箱包配饰商品904|Samsonite箱包配饰商品467
3082,U001982,0.1141,0.1596,低意向,图书音像,高性价比优惠池,P001855|P001112|P000053|P001974|P001212,京东图书图书音像商品377|中信出版社图书音像商品870|京东图书图书音像商品199|博库网图书音像商品353|新华书店图书音像商品518
3083,U001400,0.114,0.152264,低意向,食品生鲜,高性价比优惠池,P000995|P001113|P000246|P001573|P000063,良品铺子食品生鲜商品230|三只松鼠食品生鲜商品425|蒙牛食品生鲜商品866|百草味食品生鲜商品634|百草味食品生鲜商品504
3084,U002999,0.114,0.170786,低意向,母婴用品,高性价比优惠池,P001683|P000635|P001865|P000991|P001946,帮宝适母婴用品商品297|贝因美母婴用品商品691|贝因美母婴用品商品921|帮宝适母婴用品商品195|花王母婴用品商品688
3085,U003097,0.114,0.161305,低意向,宠物用品,高性价比优惠池,P000174|P001336|P001123|P000231|P001759,麦富迪宠物用品商品180|比瑞吉宠物用品商品181|麦富迪宠物用品商品699|pidan宠物用品商品955|网易严选宠物用品商品408
3086,U003865,0.1139,0.260188,低意向,家居家装,高性价比优惠池,P001900|P001343|P000229|P001466|P001151,顾家家居家居家装商品551|曲美家居家装商品469|顾家家居家居家装商品198|马可波罗家居家装商品613|宜家家居家装商品838
3087,U004020,0.1139,0.168858,低意向,图书音像,高性价比优惠池,P001855|P001112|P000053|P001974|P001212,京东图书图书音像商品377|中信出版社图书音像商品870|京东图书图书音像商品199|博库网图书音像商品353|新华书店图书音像商品518
3088,U000654,0.1138,0.243117,低意向,家居家装,高性价比优惠池,P001900|P001343|P000229|P001466|P001151,顾家家居家居家装商品551|曲美家居家装商品469|顾家家居家居家装商品198|马可波罗家居家装商品613|宜家家居家装商品838
3089,U001118,0.1138,0.229942,低意向,服装鞋包,高性价比优惠池,P001581|P001100|P000662|P001462|P000338,耐克服装鞋包商品711|H&M服装鞋包商品119|海澜之家服装鞋包商品964|耐克服装鞋包商品391|H&M服装鞋包商品587
3090,U000460,0.1137,0.149696,低意向,服装鞋包,高性价比优惠池,P001581|P001100|P000662|P001462|P000338,耐克服装鞋包商品711|H&M服装鞋包商品119|海澜之家服装鞋包商品964|耐克服装鞋包商品391|H&M服装鞋包商品587
3091,U003345,0.1136,0.160845,低意向,宠物用品,高性价比优惠池,P000174|P001336|P001123|P000231|P001759,麦富迪宠物用品商品180|比瑞吉宠物用品商品181|麦富迪宠物用品商品699|pidan宠物用品商品955|网易严选宠物用品商品408
3092,U002086,0.1135,0.165394,低意向,母婴用品,高性价比优惠池,P001683|P000635|P001865|P000991|P001946,帮宝适母婴用品商品297|贝因美母婴用品商品691|贝因美母婴用品商品921|帮宝适母婴用品商品195|花王母婴用品商品688
3093,U003550,0.1135,0.160045,低意向,手机数码,高性价比优惠池,P000518|P000173|P000438|P001705|P000874,一加手机数码商品882|OPPO手机数码商品663|OPPO手机数码商品771|苹果手机数码商品445|苹果手机数码商品704
3094,U000179,0.1134,0.172433,低意向,礼品鲜花,高性价比优惠池,P000831|P000680|P001029|P000319|P000890,Roseonly礼品鲜花商品580|施华洛世奇礼品鲜花商品208|野兽派礼品鲜花商品389|施华洛世奇礼品鲜花商品633|潘多拉礼品鲜花商品586
3095,U003374,0.1134,0.163803,低意向,宠物用品,高性价比优惠池,P000174|P001336|P001123|P000231|P001759,麦富迪宠物用品商品180|比瑞吉宠物用品商品181|麦富迪宠物用品商品699|pidan宠物用品商品955|网易严选宠物用品商品408
3096,U004406,0.1134,0.269463,低意向,宠物用品,高性价比优惠池,P000174|P001336|P001123|P000231|P001759,麦富迪宠物用品商品180|比瑞吉宠物用品商品181|麦富迪宠物用品商品699|pidan宠物用品商品955|网易严选宠物用品商品408
3097,U000967,0.1133,0.166148,低意向,箱包配饰,高性价比优惠池,P000702|P001253|P001930|P000361|P000987,LV箱包配饰商品940|Samsonite箱包配饰商品380|Samsonite箱包配饰商品997|GUCCI箱包配饰商品904|Samsonite箱包配饰商品467
3098,U003774,0.1133,0.26221,低意向,宠物用品,高性价比优惠池,P000174|P001336|P001123|P000231|P001759,麦富迪宠物用品商品180|比瑞吉宠物用品商品181|麦富迪宠物用品商品699|pidan宠物用品商品955|网易严选宠物用品商品408
3099,U004048,0.1133,0.158825,低意向,母婴用品,高性价比优惠池,P001683|P000635|P001865|P000991|P001946,帮宝适母婴用品商品297|贝因美母婴用品商品691|贝因美母婴用品商品921|帮宝适母婴用品商品195|花王母婴用品商品688
3100,U004685,0.1133,0.233369,低意向,宠物用品,高性价比优惠池,P000174|P001336|P001123|P000231|P001759,麦富迪宠物用品商品180|比瑞吉宠物用品商品181|麦富迪宠物用品商品699|pidan宠物用品商品955|网易严选宠物用品商品408
3101,U000644,0.1132,0.257544,低意向,医药保健,高性价比优惠池,P000765|P000827|P001891|P000351|P000793,善存医药保健商品608|Swisse医药保健商品414|Swisse医药保健商品235|汤臣倍健医药保健商品112|九芝堂医药保健商品478
3102,U000122,0.1131,0.166333,低意向,食品生鲜,高性价比优惠池,P000995|P001113|P000246|P001573|P000063,良品铺子食品生鲜商品230|三只松鼠食品生鲜商品425|蒙牛食品生鲜商品866|百草味食品生鲜商品634|百草味食品生鲜商品504
3103,U000863,0.1131,0.259843,低意向,美妆护肤,高性价比优惠池,P001748|P000034|P001010|P000095|P001810,完美日记美妆护肤商品797|雅诗兰黛美妆护肤商品818|雅诗兰黛美妆护肤商品295|欧莱雅美妆护肤商品977|欧莱雅美妆护肤商品587
3104,U001038,0.1131,0.16196,低意向,美妆护肤,高性价比优惠池,P001748|P000034|P001010|P000095|P001810,完美日记美妆护肤商品797|雅诗兰黛美妆护肤商品818|雅诗兰黛美妆护肤商品295|欧莱雅美妆护肤商品977|欧莱雅美妆护肤商品587
3105,U000898,0.1129,0.26016,低意向,家居家装,高性价比优惠池,P001900|P001343|P000229|P001466|P001151,顾家家居家居家装商品551|曲美家居家装商品469|顾家家居家居家装商品198|马可波罗家居家装商品613|宜家家居家装商品838
3106,U000245,0.1128,0.16262,低意向,汽车用品,高性价比优惠池,P001350|P001831|P000932|P001413|P001281,海康威视汽车用品商品339|3M汽车用品商品278|米其林汽车用品商品745|3M汽车用品商品342|卡仕达汽车用品商品144
3107,U002442,0.1127,0.158081,低意向,箱包配饰,高性价比优惠池,P000702|P001253|P001930|P000361|P000987,LV箱包配饰商品940|Samsonite箱包配饰商品380|Samsonite箱包配饰商品997|GUCCI箱包配饰商品904|Samsonite箱包配饰商品467
3108,U002457,0.1127,0.263859,低意向,家居家装,高性价比优惠池,P001900|P001343|P000229|P001466|P001151,顾家家居家居家装商品551|曲美家居家装商品469|顾家家居家居家装商品198|马可波罗家居家装商品613|宜家家居家装商品838
3109,U002902,0.1127,0.174862,低意向,手机数码,高性价比优惠池,P000518|P000173|P000438|P001705|P000874,一加手机数码商品882|OPPO手机数码商品663|OPPO手机数码商品771|苹果手机数码商品445|苹果手机数码商品704
3110,U003404,0.1127,0.266162,低意向,箱包配饰,高性价比优惠池,P000702|P001253|P001930|P000361|P000987,LV箱包配饰商品940|Samsonite箱包配饰商品380|Samsonite箱包配饰商品997|GUCCI箱包配饰商品904|Samsonite箱包配饰商品467
3111,U000682,0.1126,0.261676,低意向,服装鞋包,高性价比优惠池,P001581|P001100|P000662|P001462|P000338,耐克服装鞋包商品711|H&M服装鞋包商品119|海澜之家服装鞋包商品964|耐克服装鞋包商品391|H&M服装鞋包商品587
3112,U000732,0.1125,0.249231,低意向,图书音像,高性价比优惠池,P001855|P001112|P000053|P001974|P001212,京东图书图书音像商品377|中信出版社图书音像商品870|京东图书图书音像商品199|博库网图书音像商品353|新华书店图书音像商品518
3113,U001431,0.1125,0.153166,低意向,食品生鲜,高性价比优惠池,P000995|P001113|P000246|P001573|P000063,良品铺子食品生鲜商品230|三只松鼠食品生鲜商品425|蒙牛食品生鲜商品866|百草味食品生鲜商品634|百草味食品生鲜商品504
3114,U001969,0.1125,0.175807,低意向,手机数码,高性价比优惠池,P000518|P000173|P000438|P001705|P000874,一加手机数码商品882|OPPO手机数码商品663|OPPO手机数码商品771|苹果手机数码商品445|苹果手机数码商品704
3115,U001615,0.1124,0.230031,低意向,家用电器,高性价比优惠池,P001338|P000409|P001480|P001850|P001635,苏泊尔家用电器商品596|苏泊尔家用电器商品852|戴森家用电器商品536|戴森家用电器商品883|西门子家用电器商品795
3116,U004174,0.1124,0.284391,低意向,珠宝首饰,高性价比优惠池,P000974|P000711|P001945|P000774|P001226,明牌珠宝首饰商品793|老凤祥珠宝首饰商品116|老凤祥珠宝首饰商品246|周大福珠宝首饰商品251|潮宏基珠宝首饰商品314
3117,U004647,0.1124,0.175266,低意向,家居家装,高性价比优惠池,P001900|P001343|P000229|P001466|P001151,顾家家居家居家装商品551|曲美家居家装商品469|顾家家居家居家装商品198|马可波罗家居家装商品613|宜家家居家装商品838
3118,U000293,0.1123,0.165427,低意向,箱包配饰,高性价比优惠池,P000702|P001253|P001930|P000361|P000987,LV箱包配饰商品940|Samsonite箱包配饰商品380|Samsonite箱包配饰商品997|GUCCI箱包配饰商品904|Samsonite箱包配饰商品467
3119,U000452,0.1123,0.15603,低意向,宠物用品,高性价比优惠池,P000174|P001336|P001123|P000231|P001759,麦富迪宠物用品商品180|比瑞吉宠物用品商品181|麦富迪宠物用品商品699|pidan宠物用品商品955|网易严选宠物用品商品408
3120,U002935,0.1122,0.278127,低意向,汽车用品,高性价比优惠池,P001350|P001831|P000932|P001413|P001281,海康威视汽车用品商品339|3M汽车用品商品278|米其林汽车用品商品745|3M汽车用品商品342|卡仕达汽车用品商品144
3121,U004444,0.1122,0.256819,低意向,箱包配饰,高性价比优惠池,P000702|P001253|P001930|P000361|P000987,LV箱包配饰商品940|Samsonite箱包配饰商品380|Samsonite箱包配饰商品997|GUCCI箱包配饰商品904|Samsonite箱包配饰商品467
3122,U001440,0.1121,0.147691,低意向,家居家装,高性价比优惠池,P001900|P001343|P000229|P001466|P001151,顾家家居家居家装商品551|曲美家居家装商品469|顾家家居家居家装商品198|马可波罗家居家装商品613|宜家家居家装商品838
3123,U002053,0.1121,0.250954,低意向,美妆护肤,高性价比优惠池,P001748|P000034|P001010|P000095|P001810,完美日记美妆护肤商品797|雅诗兰黛美妆护肤商品818|雅诗兰黛美妆护肤商品295|欧莱雅美妆护肤商品977|欧莱雅美妆护肤商品587
3124,U002679,0.1119,0.167103,低意向,珠宝首饰,高性价比优惠池,P000974|P000711|P001945|P000774|P001226,明牌珠宝首饰商品793|老凤祥珠宝首饰商品116|老凤祥珠宝首饰商品246|周大福珠宝首饰商品251|潮宏基珠宝首饰商品314
3125,U001361,0.1117,0.257693,低意向,宠物用品,高性价比优惠池,P000174|P001336|P001123|P000231|P001759,麦富迪宠物用品商品180|比瑞吉宠物用品商品181|麦富迪宠物用品商品699|pidan宠物用品商品955|网易严选宠物用品商品408
3126,U004851,0.1117,0.16347,低意向,汽车用品,高性价比优惠池,P001350|P001831|P000932|P001413|P001281,海康威视汽车用品商品339|3M汽车用品商品278|米其林汽车用品商品745|3M汽车用品商品342|卡仕达汽车用品商品144
3127,U000693,0.1116,0.162264,低意向,箱包配饰,高性价比优惠池,P000702|P001253|P001930|P000361|P000987,LV箱包配饰商品940|Samsonite箱包配饰商品380|Samsonite箱包配饰商品997|GUCCI箱包配饰商品904|Samsonite箱包配饰商品467
3128,U002560,0.1116,0.243722,低意向,美妆护肤,高性价比优惠池,P001748|P000034|P001010|P000095|P001810,完美日记美妆护肤商品797|雅诗兰黛美妆护肤商品818|雅诗兰黛美妆护肤商品295|欧莱雅美妆护肤商品977|欧莱雅美妆护肤商品587
3129,U004237,0.1116,0.153634,低意向,箱包配饰,高性价比优惠池,P000702|P001253|P001930|P000361|P000987,LV箱包配饰商品940|Samsonite箱包配饰商品380|Samsonite箱包配饰商品997|GUCCI箱包配饰商品904|Samsonite箱包配饰商品467
3130,U000994,0.1115,0.169315,低意向,图书音像,高性价比优惠池,P001855|P001112|P000053|P001974|P001212,京东图书图书音像商品377|中信出版社图书音像商品870|京东图书图书音像商品199|博库网图书音像商品353|新华书店图书音像商品518
3131,U001079,0.1115,0.153416,低意向,礼品鲜花,高性价比优惠池,P000831|P000680|P001029|P000319|P000890,Roseonly礼品鲜花商品580|施华洛世奇礼品鲜花商品208|野兽派礼品鲜花商品389|施华洛世奇礼品鲜花商品633|潘多拉礼品鲜花商品586
3132,U002851,0.1115,0.242383,低意向,服装鞋包,高性价比优惠池,P001581|P001100|P000662|P001462|P000338,耐克服装鞋包商品711|H&M服装鞋包商品119|海澜之家服装鞋包商品964|耐克服装鞋包商品391|H&M服装鞋包商品587
3133,U001713,0.1114,0.148591,低意向,医药保健,高性价比优惠池,P000765|P000827|P001891|P000351|P000793,善存医药保健商品608|Swisse医药保健商品414|Swisse医药保健商品235|汤臣倍健医药保健商品112|九芝堂医药保健商品478
3134,U001946,0.1114,0.253439,低意向,运动户外,高性价比优惠池,P001637|P001804|P001967|P000194|P000210,李宁运动户外商品816|李宁运动户外商品353|探路者运动户外商品827|始祖鸟运动户外商品528|安踏运动户外商品113
3135,U003022,0.1113,0.232225,低意向,美妆护肤,高性价比优惠池,P001748|P000034|P001010|P000095|P001810,完美日记美妆护肤商品797|雅诗兰黛美妆护肤商品818|雅诗兰黛美妆护肤商品295|欧莱雅美妆护肤商品977|欧莱雅美妆护肤商品587
3136,U003089,0.1113,0.149825,低意向,汽车用品,高性价比优惠池,P001350|P001831|P000932|P001413|P001281,海康威视汽车用品商品339|3M汽车用品商品278|米其林汽车用品商品745|3M汽车用品商品342|卡仕达汽车用品商品144
3137,U004616,0.1111,0.244119,低意向,母婴用品,高性价比优惠池,P001683|P000635|P001865|P000991|P001946,帮宝适母婴用品商品297|贝因美母婴用品商品691|贝因美母婴用品商品921|帮宝适母婴用品商品195|花王母婴用品商品688
3138,U001508,0.111,0.262698,低意向,家居家装,高性价比优惠池,P001900|P001343|P000229|P001466|P001151,顾家家居家居家装商品551|曲美家居家装商品469|顾家家居家居家装商品198|马可波罗家居家装商品613|宜家家居家装商品838
3139,U002074,0.111,0.261376,低意向,珠宝首饰,高性价比优惠池,P000974|P000711|P001945|P000774|P001226,明牌珠宝首饰商品793|老凤祥珠宝首饰商品116|老凤祥珠宝首饰商品246|周大福珠宝首饰商品251|潮宏基珠宝首饰商品314
3140,U002725,0.111,0.153603,低意向,母婴用品,高性价比优惠池,P001683|P000635|P001865|P000991|P001946,帮宝适母婴用品商品297|贝因美母婴用品商品691|贝因美母婴用品商品921|帮宝适母婴用品商品195|花王母婴用品商品688
3141,U000374,0.1109,0.257348,低意向,食品生鲜,高性价比优惠池,P000995|P001113|P000246|P001573|P000063,良品铺子食品生鲜商品230|三只松鼠食品生鲜商品425|蒙牛食品生鲜商品866|百草味食品生鲜商品634|百草味食品生鲜商品504
3142,U004699,0.1109,0.148216,低意向,宠物用品,高性价比优惠池,P000174|P001336|P001123|P000231|P001759,麦富迪宠物用品商品180|比瑞吉宠物用品商品181|麦富迪宠物用品商品699|pidan宠物用品商品955|网易严选宠物用品商品408
3143,U002094,0.1108,0.248278,低意向,家用电器,高性价比优惠池,P001338|P000409|P001480|P001850|P001635,苏泊尔家用电器商品596|苏泊尔家用电器商品852|戴森家用电器商品536|戴森家用电器商品883|西门子家用电器商品795
3144,U002783,0.1106,0.157235,低意向,家居家装,高性价比优惠池,P001900|P001343|P000229|P001466|P001151,顾家家居家居家装商品551|曲美家居家装商品469|顾家家居家居家装商品198|马可波罗家居家装商品613|宜家家居家装商品838
3145,U002622,0.1105,0.156191,低意向,礼品鲜花,高性价比优惠池,P000831|P000680|P001029|P000319|P000890,Roseonly礼品鲜花商品580|施华洛世奇礼品鲜花商品208|野兽派礼品鲜花商品389|施华洛世奇礼品鲜花商品633|潘多拉礼品鲜花商品586
3146,U000474,0.1104,0.16008,低意向,食品生鲜,高性价比优惠池,P000995|P001113|P000246|P001573|P000063,良品铺子食品生鲜商品230|三只松鼠食品生鲜商品425|蒙牛食品生鲜商品866|百草味食品生鲜商品634|百草味食品生鲜商品504
3147,U002415,0.1104,0.271012,低意向,母婴用品,高性价比优惠池,P001683|P000635|P001865|P000991|P001946,帮宝适母婴用品商品297|贝因美母婴用品商品691|贝因美母婴用品商品921|帮宝适母婴用品商品195|花王母婴用品商品688
3148,U000260,0.1103,0.246603,低意向,汽车用品,高性价比优惠池,P001350|P001831|P000932|P001413|P001281,海康威视汽车用品商品339|3M汽车用品商品278|米其林汽车用品商品745|3M汽车用品商品342|卡仕达汽车用品商品144
3149,U000848,0.1103,0.14899,低意向,家用电器,高性价比优惠池,P001338|P000409|P001480|P001850|P001635,苏泊尔家用电器商品596|苏泊尔家用电器商品852|戴森家用电器商品536|戴森家用电器商品883|西门子家用电器商品795
3150,U002869,0.1103,0.157253,低意向,美妆护肤,高性价比优惠池,P001748|P000034|P001010|P000095|P001810,完美日记美妆护肤商品797|雅诗兰黛美妆护肤商品818|雅诗兰黛美妆护肤商品295|欧莱雅美妆护肤商品977|欧莱雅美妆护肤商品587
3151,U001327,0.1101,0.168767,低意向,家用电器,高性价比优惠池,P001338|P000409|P001480|P001850|P001635,苏泊尔家用电器商品596|苏泊尔家用电器商品852|戴森家用电器商品536|戴森家用电器商品883|西门子家用电器商品795
3152,U003024,0.1101,0.153084,低意向,珠宝首饰,高性价比优惠池,P000974|P000711|P001945|P000774|P001226,明牌珠宝首饰商品793|老凤祥珠宝首饰商品116|老凤祥珠宝首饰商品246|周大福珠宝首饰商品251|潮宏基珠宝首饰商品314
3153,U003707,0.11,0.162639,低意向,母婴用品,高性价比优惠池,P001683|P000635|P001865|P000991|P001946,帮宝适母婴用品商品297|贝因美母婴用品商品691|贝因美母婴用品商品921|帮宝适母婴用品商品195|花王母婴用品商品688
3154,U002929,0.1098,0.156967,低意向,图书音像,高性价比优惠池,P001855|P001112|P000053|P001974|P001212,京东图书图书音像商品377|中信出版社图书音像商品870|京东图书图书音像商品199|博库网图书音像商品353|新华书店图书音像商品518
3155,U004011,0.1098,0.162131,低意向,箱包配饰,高性价比优惠池,P000702|P001253|P001930|P000361|P000987,LV箱包配饰商品940|Samsonite箱包配饰商品380|Samsonite箱包配饰商品997|GUCCI箱包配饰商品904|Samsonite箱包配饰商品467
3156,U004344,0.1097,0.162698,低意向,医药保健,高性价比优惠池,P000765|P000827|P001891|P000351|P000793,善存医药保健商品608|Swisse医药保健商品414|Swisse医药保健商品235|汤臣倍健医药保健商品112|九芝堂医药保健商品478
3157,U003346,0.1096,0.157786,低意向,箱包配饰,高性价比优惠池,P000702|P001253|P001930|P000361|P000987,LV箱包配饰商品940|Samsonite箱包配饰商品380|Samsonite箱包配饰商品997|GUCCI箱包配饰商品904|Samsonite箱包配饰商品467
3158,U004496,0.1096,0.168979,低意向,家居家装,高性价比优惠池,P001900|P001343|P000229|P001466|P001151,顾家家居家居家装商品551|曲美家居家装商品469|顾家家居家居家装商品198|马可波罗家居家装商品613|宜家家居家装商品838
3159,U000862,0.1095,0.151191,低意向,医药保健,高性价比优惠池,P000765|P000827|P001891|P000351|P000793,善存医药保健商品608|Swisse医药保健商品414|Swisse医药保健商品235|汤臣倍健医药保健商品112|九芝堂医药保健商品478
3160,U001302,0.1095,0.160644,低意向,医药保健,高性价比优惠池,P000765|P000827|P001891|P000351|P000793,善存医药保健商品608|Swisse医药保健商品414|Swisse医药保健商品235|汤臣倍健医药保健商品112|九芝堂医药保健商品478
3161,U003515,0.1095,0.160836,低意向,宠物用品,高性价比优惠池,P000174|P001336|P001123|P000231|P001759,麦富迪宠物用品商品180|比瑞吉宠物用品商品181|麦富迪宠物用品商品699|pidan宠物用品商品955|网易严选宠物用品商品408
3162,U000055,0.1094,0.149686,低意向,礼品鲜花,高性价比优惠池,P000831|P000680|P001029|P000319|P000890,Roseonly礼品鲜花商品580|施华洛世奇礼品鲜花商品208|野兽派礼品鲜花商品389|施华洛世奇礼品鲜花商品633|潘多拉礼品鲜花商品586
3163,U001257,0.1094,0.137864,低意向,服装鞋包,高性价比优惠池,P001581|P001100|P000662|P001462|P000338,耐克服装鞋包商品711|H&M服装鞋包商品119|海澜之家服装鞋包商品964|耐克服装鞋包商品391|H&M服装鞋包商品587
3164,U001859,0.1094,0.156051,低意向,服装鞋包,高性价比优惠池,P001581|P001100|P000662|P001462|P000338,耐克服装鞋包商品711|H&M服装鞋包商品119|海澜之家服装鞋包商品964|耐克服装鞋包商品391|H&M服装鞋包商品587
3165,U004694,0.1094,0.249211,低意向,运动户外,高性价比优惠池,P001637|P001804|P001967|P000194|P000210,李宁运动户外商品816|李宁运动户外商品353|探路者运动户外商品827|始祖鸟运动户外商品528|安踏运动户外商品113
3166,U002057,0.1093,0.17817,低意向,母婴用品,高性价比优惠池,P001683|P000635|P001865|P000991|P001946,帮宝适母婴用品商品297|贝因美母婴用品商品691|贝因美母婴用品商品921|帮宝适母婴用品商品195|花王母婴用品商品688
3167,U004952,0.1093,0.177437,低意向,箱包配饰,高性价比优惠池,P000702|P001253|P001930|P000361|P000987,LV箱包配饰商品940|Samsonite箱包配饰商品380|Samsonite箱包配饰商品997|GUCCI箱包配饰商品904|Samsonite箱包配饰商品467
3168,U000432,0.1092,0.161289,低意向,家用电器,高性价比优惠池,P001338|P000409|P001480|P001850|P001635,苏泊尔家用电器商品596|苏泊尔家用电器商品852|戴森家用电器商品536|戴森家用电器商品883|西门子家用电器商品795
3169,U001672,0.1092,0.15955,低意向,宠物用品,高性价比优惠池,P000174|P001336|P001123|P000231|P001759,麦富迪宠物用品商品180|比瑞吉宠物用品商品181|麦富迪宠物用品商品699|pidan宠物用品商品955|网易严选宠物用品商品408
3170,U003078,0.1092,0.165914,低意向,手机数码,高性价比优惠池,P000518|P000173|P000438|P001705|P000874,一加手机数码商品882|OPPO手机数码商品663|OPPO手机数码商品771|苹果手机数码商品445|苹果手机数码商品704
3171,U003475,0.1091,0.161527,低意向,母婴用品,高性价比优惠池,P001683|P000635|P001865|P000991|P001946,帮宝适母婴用品商品297|贝因美母婴用品商品691|贝因美母婴用品商品921|帮宝适母婴用品商品195|花王母婴用品商品688
3172,U004849,0.1091,0.163282,低意向,服装鞋包,高性价比优惠池,P001581|P001100|P000662|P001462|P000338,耐克服装鞋包商品711|H&M服装鞋包商品119|海澜之家服装鞋包商品964|耐克服装鞋包商品391|H&M服装鞋包商品587
3173,U003921,0.109,0.151614,低意向,箱包配饰,高性价比优惠池,P000702|P001253|P001930|P000361|P000987,LV箱包配饰商品940|Samsonite箱包配饰商品380|Samsonite箱包配饰商品997|GUCCI箱包配饰商品904|Samsonite箱包配饰商品467
3174,U004991,0.109,0.236891,低意向,母婴用品,高性价比优惠池,P001683|P000635|P001865|P000991|P001946,帮宝适母婴用品商品297|贝因美母婴用品商品691|贝因美母婴用品商品921|帮宝适母婴用品商品195|花王母婴用品商品688
3175,U000187,0.1089,0.154184,低意向,手机数码,高性价比优惠池,P000518|P000173|P000438|P001705|P000874,一加手机数码商品882|OPPO手机数码商品663|OPPO手机数码商品771|苹果手机数码商品445|苹果手机数码商品704
3176,U000314,0.1089,0.168459,低意向,宠物用品,高性价比优惠池,P000174|P001336|P001123|P000231|P001759,麦富迪宠物用品商品180|比瑞吉宠物用品商品181|麦富迪宠物用品商品699|pidan宠物用品商品955|网易严选宠物用品商品408
3177,U001293,0.1089,0.243775,低意向,母婴用品,高性价比优惠池,P001683|P000635|P001865|P000991|P001946,帮宝适母婴用品商品297|贝因美母婴用品商品691|贝因美母婴用品商品921|帮宝适母婴用品商品195|花王母婴用品商品688
3178,U003152,0.1089,0.152318,低意向,汽车用品,高性价比优惠池,P001350|P001831|P000932|P001413|P001281,海康威视汽车用品商品339|3M汽车用品商品278|米其林汽车用品商品745|3M汽车用品商品342|卡仕达汽车用品商品144
3179,U003304,0.1089,0.170069,低意向,图书音像,高性价比优惠池,P001855|P001112|P000053|P001974|P001212,京东图书图书音像商品377|中信出版社图书音像商品870|京东图书图书音像商品199|博库网图书音像商品353|新华书店图书音像商品518
3180,U004996,0.1089,0.229936,低意向,服装鞋包,高性价比优惠池,P001581|P001100|P000662|P001462|P000338,耐克服装鞋包商品711|H&M服装鞋包商品119|海澜之家服装鞋包商品964|耐克服装鞋包商品391|H&M服装鞋包商品587
3181,U000809,0.1088,0.159482,低意向,母婴用品,高性价比优惠池,P001683|P000635|P001865|P000991|P001946,帮宝适母婴用品商品297|贝因美母婴用品商品691|贝因美母婴用品商品921|帮宝适母婴用品商品195|花王母婴用品商品688
3182,U002680,0.1088,0.169421,低意向,美妆护肤,高性价比优惠池,P001748|P000034|P001010|P000095|P001810,完美日记美妆护肤商品797|雅诗兰黛美妆护肤商品818|雅诗兰黛美妆护肤商品295|欧莱雅美妆护肤商品977|欧莱雅美妆护肤商品587
3183,U002617,0.1087,0.161512,低意向,家居家装,高性价比优惠池,P001900|P001343|P000229|P001466|P001151,顾家家居家居家装商品551|曲美家居家装商品469|顾家家居家居家装商品198|马可波罗家居家装商品613|宜家家居家装商品838
3184,U000024,0.1085,0.262736,低意向,箱包配饰,高性价比优惠池,P000702|P001253|P001930|P000361|P000987,LV箱包配饰商品940|Samsonite箱包配饰商品380|Samsonite箱包配饰商品997|GUCCI箱包配饰商品904|Samsonite箱包配饰商品467
3185,U001412,0.1085,0.151956,低意向,母婴用品,高性价比优惠池,P001683|P000635|P001865|P000991|P001946,帮宝适母婴用品商品297|贝因美母婴用品商品691|贝因美母婴用品商品921|帮宝适母婴用品商品195|花王母婴用品商品688
3186,U001507,0.1085,0.166568,低意向,服装鞋包,高性价比优惠池,P001581|P001100|P000662|P001462|P000338,耐克服装鞋包商品711|H&M服装鞋包商品119|海澜之家服装鞋包商品964|耐克服装鞋包商品391|H&M服装鞋包商品587
3187,U003754,0.1084,0.150257,低意向,美妆护肤,高性价比优惠池,P001748|P000034|P001010|P000095|P001810,完美日记美妆护肤商品797|雅诗兰黛美妆护肤商品818|雅诗兰黛美妆护肤商品295|欧莱雅美妆护肤商品977|欧莱雅美妆护肤商品587
3188,U000584,0.1083,0.161347,低意向,食品生鲜,高性价比优惠池,P000995|P001113|P000246|P001573|P000063,良品铺子食品生鲜商品230|三只松鼠食品生鲜商品425|蒙牛食品生鲜商品866|百草味食品生鲜商品634|百草味食品生鲜商品504
3189,U003827,0.1082,0.161711,低意向,汽车用品,高性价比优惠池,P001350|P001831|P000932|P001413|P001281,海康威视汽车用品商品339|3M汽车用品商品278|米其林汽车用品商品745|3M汽车用品商品342|卡仕达汽车用品商品144
3190,U003898,0.1082,0.151592,低意向,图书音像,高性价比优惠池,P001855|P001112|P000053|P001974|P001212,京东图书图书音像商品377|中信出版社图书音像商品870|京东图书图书音像商品199|博库网图书音像商品353|新华书店图书音像商品518
3191,U000901,0.108,0.158415,低意向,食品生鲜,高性价比优惠池,P000995|P001113|P000246|P001573|P000063,良品铺子食品生鲜商品230|三只松鼠食品生鲜商品425|蒙牛食品生鲜商品866|百草味食品生鲜商品634|百草味食品生鲜商品504
3192,U000107,0.1078,0.230891,低意向,宠物用品,高性价比优惠池,P000174|P001336|P001123|P000231|P001759,麦富迪宠物用品商品180|比瑞吉宠物用品商品181|麦富迪宠物用品商品699|pidan宠物用品商品955|网易严选宠物用品商品408
3193,U002237,0.1078,0.250204,低意向,母婴用品,高性价比优惠池,P001683|P000635|P001865|P000991|P001946,帮宝适母婴用品商品297|贝因美母婴用品商品691|贝因美母婴用品商品921|帮宝适母婴用品商品195|花王母婴用品商品688
3194,U003332,0.1077,0.241542,低意向,手机数码,高性价比优惠池,P000518|P000173|P000438|P001705|P000874,一加手机数码商品882|OPPO手机数码商品663|OPPO手机数码商品771|苹果手机数码商品445|苹果手机数码商品704
3195,U002658,0.1076,0.168308,低意向,家用电器,高性价比优惠池,P001338|P000409|P001480|P001850|P001635,苏泊尔家用电器商品596|苏泊尔家用电器商品852|戴森家用电器商品536|戴森家用电器商品883|西门子家用电器商品795
3196,U001539,0.1075,0.234399,低意向,汽车用品,高性价比优惠池,P001350|P001831|P000932|P001413|P001281,海康威视汽车用品商品339|3M汽车用品商品278|米其林汽车用品商品745|3M汽车用品商品342|卡仕达汽车用品商品144
3197,U002111,0.1075,0.252324,低意向,美妆护肤,高性价比优惠池,P001748|P000034|P001010|P000095|P001810,完美日记美妆护肤商品797|雅诗兰黛美妆护肤商品818|雅诗兰黛美妆护肤商品295|欧莱雅美妆护肤商品977|欧莱雅美妆护肤商品587
3198,U003715,0.1075,0.162735,低意向,运动户外,高性价比优惠池,P001637|P001804|P001967|P000194|P000210,李宁运动户外商品816|李宁运动户外商品353|探路者运动户外商品827|始祖鸟运动户外商品528|安踏运动户外商品113
3199,U004684,0.1075,0.240489,低意向,食品生鲜,高性价比优惠池,P000995|P001113|P000246|P001573|P000063,良品铺子食品生鲜商品230|三只松鼠食品生鲜商品425|蒙牛食品生鲜商品866|百草味食品生鲜商品634|百草味食品生鲜商品504
3200,U004515,0.1073,0.16999,低意向,家用电器,高性价比优惠池,P001338|P000409|P001480|P001850|P001635,苏泊尔家用电器商品596|苏泊尔家用电器商品852|戴森家用电器商品536|戴森家用电器商品883|西门子家用电器商品795
3201,U000938,0.1072,0.269703,低意向,手机数码,高性价比优惠池,P000518|P000173|P000438|P001705|P000874,一加手机数码商品882|OPPO手机数码商品663|OPPO手机数码商品771|苹果手机数码商品445|苹果手机数码商品704
3202,U003364,0.1071,0.170052,低意向,珠宝首饰,高性价比优惠池,P000974|P000711|P001945|P000774|P001226,明牌珠宝首饰商品793|老凤祥珠宝首饰商品116|老凤祥珠宝首饰商品246|周大福珠宝首饰商品251|潮宏基珠宝首饰商品314
3203,U001910,0.107,0.250274,低意向,医药保健,高性价比优惠池,P000765|P000827|P001891|P000351|P000793,善存医药保健商品608|Swisse医药保健商品414|Swisse医药保健商品235|汤臣倍健医药保健商品112|九芝堂医药保健商品478
3204,U004943,0.1068,0.251245,低意向,服装鞋包,高性价比优惠池,P001581|P001100|P000662|P001462|P000338,耐克服装鞋包商品711|H&M服装鞋包商品119|海澜之家服装鞋包商品964|耐克服装鞋包商品391|H&M服装鞋包商品587
3205,U001695,0.1066,0.247835,低意向,手机数码,高性价比优惠池,P000518|P000173|P000438|P001705|P000874,一加手机数码商品882|OPPO手机数码商品663|OPPO手机数码商品771|苹果手机数码商品445|苹果手机数码商品704
3206,U001496,0.1065,0.160025,低意向,美妆护肤,高性价比优惠池,P001748|P000034|P001010|P000095|P001810,完美日记美妆护肤商品797|雅诗兰黛美妆护肤商品818|雅诗兰黛美妆护肤商品295|欧莱雅美妆护肤商品977|欧莱雅美妆护肤商品587
3207,U001422,0.1063,0.22749,低意向,手机数码,高性价比优惠池,P000518|P000173|P000438|P001705|P000874,一加手机数码商品882|OPPO手机数码商品663|OPPO手机数码商品771|苹果手机数码商品445|苹果手机数码商品704
3208,U001609,0.1063,0.159337,低意向,箱包配饰,高性价比优惠池,P000702|P001253|P001930|P000361|P000987,LV箱包配饰商品940|Samsonite箱包配饰商品380|Samsonite箱包配饰商品997|GUCCI箱包配饰商品904|Samsonite箱包配饰商品467
3209,U002968,0.1063,0.161435,低意向,家居家装,高性价比优惠池,P001900|P001343|P000229|P001466|P001151,顾家家居家居家装商品551|曲美家居家装商品469|顾家家居家居家装商品198|马可波罗家居家装商品613|宜家家居家装商品838
3210,U000022,0.1062,0.152988,低意向,食品生鲜,高性价比优惠池,P000995|P001113|P000246|P001573|P000063,良品铺子食品生鲜商品230|三只松鼠食品生鲜商品425|蒙牛食品生鲜商品866|百草味食品生鲜商品634|百草味食品生鲜商品504
3211,U003190,0.1062,0.147052,低意向,图书音像,高性价比优惠池,P001855|P001112|P000053|P001974|P001212,京东图书图书音像商品377|中信出版社图书音像商品870|京东图书图书音像商品199|博库网图书音像商品353|新华书店图书音像商品518
3212,U003320,0.1062,0.245552,低意向,运动户外,高性价比优惠池,P001637|P001804|P001967|P000194|P000210,李宁运动户外商品816|李宁运动户外商品353|探路者运动户外商品827|始祖鸟运动户外商品528|安踏运动户外商品113
3213,U001461,0.1061,0.173538,低意向,食品生鲜,高性价比优惠池,P000995|P001113|P000246|P001573|P000063,良品铺子食品生鲜商品230|三只松鼠食品生鲜商品425|蒙牛食品生鲜商品866|百草味食品生鲜商品634|百草味食品生鲜商品504
3214,U004166,0.1061,0.156697,低意向,宠物用品,高性价比优惠池,P000174|P001336|P001123|P000231|P001759,麦富迪宠物用品商品180|比瑞吉宠物用品商品181|麦富迪宠物用品商品699|pidan宠物用品商品955|网易严选宠物用品商品408
3215,U000103,0.1059,0.157879,低意向,运动户外,高性价比优惠池,P001637|P001804|P001967|P000194|P000210,李宁运动户外商品816|李宁运动户外商品353|探路者运动户外商品827|始祖鸟运动户外商品528|安踏运动户外商品113
3216,U002408,0.1059,0.172528,低意向,家用电器,高性价比优惠池,P001338|P000409|P001480|P001850|P001635,苏泊尔家用电器商品596|苏泊尔家用电器商品852|戴森家用电器商品536|戴森家用电器商品883|西门子家用电器商品795
3217,U003660,0.1059,0.143897,低意向,汽车用品,高性价比优惠池,P001350|P001831|P000932|P001413|P001281,海康威视汽车用品商品339|3M汽车用品商品278|米其林汽车用品商品745|3M汽车用品商品342|卡仕达汽车用品商品144
3218,U004038,0.1059,0.150465,低意向,医药保健,高性价比优惠池,P000765|P000827|P001891|P000351|P000793,善存医药保健商品608|Swisse医药保健商品414|Swisse医药保健商品235|汤臣倍健医药保健商品112|九芝堂医药保健商品478
3219,U002255,0.1057,0.237225,低意向,手机数码,高性价比优惠池,P000518|P000173|P000438|P001705|P000874,一加手机数码商品882|OPPO手机数码商品663|OPPO手机数码商品771|苹果手机数码商品445|苹果手机数码商品704
3220,U003980,0.1057,0.249198,低意向,食品生鲜,高性价比优惠池,P000995|P001113|P000246|P001573|P000063,良品铺子食品生鲜商品230|三只松鼠食品生鲜商品425|蒙牛食品生鲜商品866|百草味食品生鲜商品634|百草味食品生鲜商品504
3221,U004250,0.1057,0.167316,低意向,宠物用品,高性价比优惠池,P000174|P001336|P001123|P000231|P001759,麦富迪宠物用品商品180|比瑞吉宠物用品商品181|麦富迪宠物用品商品699|pidan宠物用品商品955|网易严选宠物用品商品408
3222,U004442,0.1057,0.155613,低意向,服装鞋包,高性价比优惠池,P001581|P001100|P000662|P001462|P000338,耐克服装鞋包商品711|H&M服装鞋包商品119|海澜之家服装鞋包商品964|耐克服装鞋包商品391|H&M服装鞋包商品587
3223,U003962,0.1056,0.151186,低意向,食品生鲜,高性价比优惠池,P000995|P001113|P000246|P001573|P000063,良品铺子食品生鲜商品230|三只松鼠食品生鲜商品425|蒙牛食品生鲜商品866|百草味食品生鲜商品634|百草味食品生鲜商品504
3224,U004422,0.1056,0.167101,低意向,珠宝首饰,高性价比优惠池,P000974|P000711|P001945|P000774|P001226,明牌珠宝首饰商品793|老凤祥珠宝首饰商品116|老凤祥珠宝首饰商品246|周大福珠宝首饰商品251|潮宏基珠宝首饰商品314
3225,U004913,0.1055,0.174904,低意向,宠物用品,高性价比优惠池,P000174|P001336|P001123|P000231|P001759,麦富迪宠物用品商品180|比瑞吉宠物用品商品181|麦富迪宠物用品商品699|pidan宠物用品商品955|网易严选宠物用品商品408
3226,U002478,0.1054,0.151974,低意向,珠宝首饰,高性价比优惠池,P000974|P000711|P001945|P000774|P001226,明牌珠宝首饰商品793|老凤祥珠宝首饰商品116|老凤祥珠宝首饰商品246|周大福珠宝首饰商品251|潮宏基珠宝首饰商品314
3227,U002732,0.1054,0.165325,低意向,服装鞋包,高性价比优惠池,P001581|P001100|P000662|P001462|P000338,耐克服装鞋包商品711|H&M服装鞋包商品119|海澜之家服装鞋包商品964|耐克服装鞋包商品391|H&M服装鞋包商品587
3228,U003638,0.1054,0.156073,低意向,医药保健,高性价比优惠池,P000765|P000827|P001891|P000351|P000793,善存医药保健商品608|Swisse医药保健商品414|Swisse医药保健商品235|汤臣倍健医药保健商品112|九芝堂医药保健商品478
3229,U000065,0.1053,0.154177,低意向,图书音像,高性价比优惠池,P001855|P001112|P000053|P001974|P001212,京东图书图书音像商品377|中信出版社图书音像商品870|京东图书图书音像商品199|博库网图书音像商品353|新华书店图书音像商品518
3230,U001939,0.1053,0.152059,低意向,汽车用品,高性价比优惠池,P001350|P001831|P000932|P001413|P001281,海康威视汽车用品商品339|3M汽车用品商品278|米其林汽车用品商品745|3M汽车用品商品342|卡仕达汽车用品商品144
3231,U003626,0.1053,0.251634,低意向,运动户外,高性价比优惠池,P001637|P001804|P001967|P000194|P000210,李宁运动户外商品816|李宁运动户外商品353|探路者运动户外商品827|始祖鸟运动户外商品528|安踏运动户外商品113
3232,U001896,0.1052,0.160931,低意向,母婴用品,高性价比优惠池,P001683|P000635|P001865|P000991|P001946,帮宝适母婴用品商品297|贝因美母婴用品商品691|贝因美母婴用品商品921|帮宝适母婴用品商品195|花王母婴用品商品688
3233,U002845,0.1052,0.160574,低意向,食品生鲜,高性价比优惠池,P000995|P001113|P000246|P001573|P000063,良品铺子食品生鲜商品230|三只松鼠食品生鲜商品425|蒙牛食品生鲜商品866|百草味食品生鲜商品634|百草味食品生鲜商品504
3234,U003819,0.1051,0.163284,低意向,母婴用品,高性价比优惠池,P001683|P000635|P001865|P000991|P001946,帮宝适母婴用品商品297|贝因美母婴用品商品691|贝因美母婴用品商品921|帮宝适母婴用品商品195|花王母婴用品商品688
3235,U003474,0.105,0.247197,低意向,图书音像,高性价比优惠池,P001855|P001112|P000053|P001974|P001212,京东图书图书音像商品377|中信出版社图书音像商品870|京东图书图书音像商品199|博库网图书音像商品353|新华书店图书音像商品518
3236,U004748,0.105,0.157404,低意向,手机数码,高性价比优惠池,P000518|P000173|P000438|P001705|P000874,一加手机数码商品882|OPPO手机数码商品663|OPPO手机数码商品771|苹果手机数码商品445|苹果手机数码商品704
3237,U001350,0.1049,0.160046,低意向,箱包配饰,高性价比优惠池,P000702|P001253|P001930|P000361|P000987,LV箱包配饰商品940|Samsonite箱包配饰商品380|Samsonite箱包配饰商品997|GUCCI箱包配饰商品904|Samsonite箱包配饰商品467
3238,U004056,0.1049,0.151624,低意向,母婴用品,高性价比优惠池,P001683|P000635|P001865|P000991|P001946,帮宝适母婴用品商品297|贝因美母婴用品商品691|贝因美母婴用品商品921|帮宝适母婴用品商品195|花王母婴用品商品688
3239,U001384,0.1048,0.154593,低意向,汽车用品,高性价比优惠池,P001350|P001831|P000932|P001413|P001281,海康威视汽车用品商品339|3M汽车用品商品278|米其林汽车用品商品745|3M汽车用品商品342|卡仕达汽车用品商品144
3240,U001608,0.1048,0.16398,低意向,家用电器,高性价比优惠池,P001338|P000409|P001480|P001850|P001635,苏泊尔家用电器商品596|苏泊尔家用电器商品852|戴森家用电器商品536|戴森家用电器商品883|西门子家用电器商品795
3241,U002169,0.1048,0.259759,低意向,珠宝首饰,高性价比优惠池,P000974|P000711|P001945|P000774|P001226,明牌珠宝首饰商品793|老凤祥珠宝首饰商品116|老凤祥珠宝首饰商品246|周大福珠宝首饰商品251|潮宏基珠宝首饰商品314
3242,U002903,0.1048,0.164812,低意向,汽车用品,高性价比优惠池,P001350|P001831|P000932|P001413|P001281,海康威视汽车用品商品339|3M汽车用品商品278|米其林汽车用品商品745|3M汽车用品商品342|卡仕达汽车用品商品144
3243,U000324,0.1047,0.148513,低意向,食品生鲜,高性价比优惠池,P000995|P001113|P000246|P001573|P000063,良品铺子食品生鲜商品230|三只松鼠食品生鲜商品425|蒙牛食品生鲜商品866|百草味食品生鲜商品634|百草味食品生鲜商品504
3244,U002857,0.1046,0.171694,低意向,服装鞋包,高性价比优惠池,P001581|P001100|P000662|P001462|P000338,耐克服装鞋包商品711|H&M服装鞋包商品119|海澜之家服装鞋包商品964|耐克服装鞋包商品391|H&M服装鞋包商品587
3245,U002931,0.1046,0.14383,低意向,汽车用品,高性价比优惠池,P001350|P001831|P000932|P001413|P001281,海康威视汽车用品商品339|3M汽车用品商品278|米其林汽车用品商品745|3M汽车用品商品342|卡仕达汽车用品商品144
3246,U003704,0.1046,0.164285,低意向,礼品鲜花,高性价比优惠池,P000831|P000680|P001029|P000319|P000890,Roseonly礼品鲜花商品580|施华洛世奇礼品鲜花商品208|野兽派礼品鲜花商品389|施华洛世奇礼品鲜花商品633|潘多拉礼品鲜花商品586
3247,U004278,0.1046,0.25804,低意向,礼品鲜花,高性价比优惠池,P000831|P000680|P001029|P000319|P000890,Roseonly礼品鲜花商品580|施华洛世奇礼品鲜花商品208|野兽派礼品鲜花商品389|施华洛世奇礼品鲜花商品633|潘多拉礼品鲜花商品586
3248,U002835,0.1044,0.253774,低意向,珠宝首饰,高性价比优惠池,P000974|P000711|P001945|P000774|P001226,明牌珠宝首饰商品793|老凤祥珠宝首饰商品116|老凤祥珠宝首饰商品246|周大福珠宝首饰商品251|潮宏基珠宝首饰商品314
3249,U004021,0.1044,0.156999,低意向,母婴用品,高性价比优惠池,P001683|P000635|P001865|P000991|P001946,帮宝适母婴用品商品297|贝因美母婴用品商品691|贝因美母婴用品商品921|帮宝适母婴用品商品195|花王母婴用品商品688
3250,U001447,0.1043,0.1427,低意向,食品生鲜,高性价比优惠池,P000995|P001113|P000246|P001573|P000063,良品铺子食品生鲜商品230|三只松鼠食品生鲜商品425|蒙牛食品生鲜商品866|百草味食品生鲜商品634|百草味食品生鲜商品504
3251,U003528,0.1043,0.15081,低意向,汽车用品,高性价比优惠池,P001350|P001831|P000932|P001413|P001281,海康威视汽车用品商品339|3M汽车用品商品278|米其林汽车用品商品745|3M汽车用品商品342|卡仕达汽车用品商品144
3252,U004432,0.1042,0.149988,低意向,家居家装,高性价比优惠池,P001900|P001343|P000229|P001466|P001151,顾家家居家居家装商品551|曲美家居家装商品469|顾家家居家居家装商品198|马可波罗家居家装商品613|宜家家居家装商品838
3253,U002923,0.1041,0.23421,低意向,服装鞋包,高性价比优惠池,P001581|P001100|P000662|P001462|P000338,耐克服装鞋包商品711|H&M服装鞋包商品119|海澜之家服装鞋包商品964|耐克服装鞋包商品391|H&M服装鞋包商品587
3254,U003519,0.1041,0.23647,低意向,医药保健,高性价比优惠池,P000765|P000827|P001891|P000351|P000793,善存医药保健商品608|Swisse医药保健商品414|Swisse医药保健商品235|汤臣倍健医药保健商品112|九芝堂医药保健商品478
3255,U001380,0.104,0.155479,低意向,家居家装,高性价比优惠池,P001900|P001343|P000229|P001466|P001151,顾家家居家居家装商品551|曲美家居家装商品469|顾家家居家居家装商品198|马可波罗家居家装商品613|宜家家居家装商品838
3256,U001993,0.104,0.153435,低意向,手机数码,高性价比优惠池,P000518|P000173|P000438|P001705|P000874,一加手机数码商品882|OPPO手机数码商品663|OPPO手机数码商品771|苹果手机数码商品445|苹果手机数码商品704
3257,U003727,0.1039,0.155715,低意向,运动户外,高性价比优惠池,P001637|P001804|P001967|P000194|P000210,李宁运动户外商品816|李宁运动户外商品353|探路者运动户外商品827|始祖鸟运动户外商品528|安踏运动户外商品113
3258,U002883,0.1038,0.224699,低意向,图书音像,高性价比优惠池,P001855|P001112|P000053|P001974|P001212,京东图书图书音像商品377|中信出版社图书音像商品870|京东图书图书音像商品199|博库网图书音像商品353|新华书店图书音像商品518
3259,U000534,0.1037,0.251506,低意向,医药保健,高性价比优惠池,P000765|P000827|P001891|P000351|P000793,善存医药保健商品608|Swisse医药保健商品414|Swisse医药保健商品235|汤臣倍健医药保健商品112|九芝堂医药保健商品478
3260,U000663,0.1037,0.155554,低意向,运动户外,高性价比优惠池,P001637|P001804|P001967|P000194|P000210,李宁运动户外商品816|李宁运动户外商品353|探路者运动户外商品827|始祖鸟运动户外商品528|安踏运动户外商品113
3261,U001081,0.1036,0.147596,低意向,医药保健,高性价比优惠池,P000765|P000827|P001891|P000351|P000793,善存医药保健商品608|Swisse医药保健商品414|Swisse医药保健商品235|汤臣倍健医药保健商品112|九芝堂医药保健商品478
3262,U004121,0.1036,0.272238,低意向,运动户外,高性价比优惠池,P001637|P001804|P001967|P000194|P000210,李宁运动户外商品816|李宁运动户外商品353|探路者运动户外商品827|始祖鸟运动户外商品528|安踏运动户外商品113
3263,U000284,0.1035,0.265584,低意向,图书音像,高性价比优惠池,P001855|P001112|P000053|P001974|P001212,京东图书图书音像商品377|中信出版社图书音像商品870|京东图书图书音像商品199|博库网图书音像商品353|新华书店图书音像商品518
3264,U001094,0.1035,0.151985,低意向,宠物用品,高性价比优惠池,P000174|P001336|P001123|P000231|P001759,麦富迪宠物用品商品180|比瑞吉宠物用品商品181|麦富迪宠物用品商品699|pidan宠物用品商品955|网易严选宠物用品商品408
3265,U002102,0.1034,0.264428,低意向,手机数码,高性价比优惠池,P000518|P000173|P000438|P001705|P000874,一加手机数码商品882|OPPO手机数码商品663|OPPO手机数码商品771|苹果手机数码商品445|苹果手机数码商品704
3266,U004778,0.1034,0.166858,低意向,珠宝首饰,高性价比优惠池,P000974|P000711|P001945|P000774|P001226,明牌珠宝首饰商品793|老凤祥珠宝首饰商品116|老凤祥珠宝首饰商品246|周大福珠宝首饰商品251|潮宏基珠宝首饰商品314
3267,U004192,0.1033,0.156773,低意向,美妆护肤,高性价比优惠池,P001748|P000034|P001010|P000095|P001810,完美日记美妆护肤商品797|雅诗兰黛美妆护肤商品818|雅诗兰黛美妆护肤商品295|欧莱雅美妆护肤商品977|欧莱雅美妆护肤商品587
3268,U002319,0.1032,0.172301,低意向,美妆护肤,高性价比优惠池,P001748|P000034|P001010|P000095|P001810,完美日记美妆护肤商品797|雅诗兰黛美妆护肤商品818|雅诗兰黛美妆护肤商品295|欧莱雅美妆护肤商品977|欧莱雅美妆护肤商品587
3269,U003215,0.1032,0.236552,低意向,家居家装,高性价比优惠池,P001900|P001343|P000229|P001466|P001151,顾家家居家居家装商品551|曲美家居家装商品469|顾家家居家居家装商品198|马可波罗家居家装商品613|宜家家居家装商品838
3270,U004213,0.1032,0.261293,低意向,母婴用品,高性价比优惠池,P001683|P000635|P001865|P000991|P001946,帮宝适母婴用品商品297|贝因美母婴用品商品691|贝因美母婴用品商品921|帮宝适母婴用品商品195|花王母婴用品商品688
3271,U001498,0.1029,0.236888,低意向,箱包配饰,高性价比优惠池,P000702|P001253|P001930|P000361|P000987,LV箱包配饰商品940|Samsonite箱包配饰商品380|Samsonite箱包配饰商品997|GUCCI箱包配饰商品904|Samsonite箱包配饰商品467
3272,U001654,0.1028,0.159577,低意向,礼品鲜花,高性价比优惠池,P000831|P000680|P001029|P000319|P000890,Roseonly礼品鲜花商品580|施华洛世奇礼品鲜花商品208|野兽派礼品鲜花商品389|施华洛世奇礼品鲜花商品633|潘多拉礼品鲜花商品586
3273,U001659,0.1027,0.166485,低意向,食品生鲜,高性价比优惠池,P000995|P001113|P000246|P001573|P000063,良品铺子食品生鲜商品230|三只松鼠食品生鲜商品425|蒙牛食品生鲜商品866|百草味食品生鲜商品634|百草味食品生鲜商品504
3274,U002145,0.1027,0.167586,低意向,服装鞋包,高性价比优惠池,P001581|P001100|P000662|P001462|P000338,耐克服装鞋包商品711|H&M服装鞋包商品119|海澜之家服装鞋包商品964|耐克服装鞋包商品391|H&M服装鞋包商品587
3275,U003414,0.1027,0.156494,低意向,家用电器,高性价比优惠池,P001338|P000409|P001480|P001850|P001635,苏泊尔家用电器商品596|苏泊尔家用电器商品852|戴森家用电器商品536|戴森家用电器商品883|西门子家用电器商品795
3276,U001501,0.1026,0.154142,低意向,服装鞋包,高性价比优惠池,P001581|P001100|P000662|P001462|P000338,耐克服装鞋包商品711|H&M服装鞋包商品119|海澜之家服装鞋包商品964|耐克服装鞋包商品391|H&M服装鞋包商品587
3277,U002079,0.1026,0.281205,低意向,医药保健,高性价比优惠池,P000765|P000827|P001891|P000351|P000793,善存医药保健商品608|Swisse医药保健商品414|Swisse医药保健商品235|汤臣倍健医药保健商品112|九芝堂医药保健商品478
3278,U001237,0.1025,0.152787,低意向,箱包配饰,高性价比优惠池,P000702|P001253|P001930|P000361|P000987,LV箱包配饰商品940|Samsonite箱包配饰商品380|Samsonite箱包配饰商品997|GUCCI箱包配饰商品904|Samsonite箱包配饰商品467
3279,U002101,0.1025,0.23706,低意向,美妆护肤,高性价比优惠池,P001748|P000034|P001010|P000095|P001810,完美日记美妆护肤商品797|雅诗兰黛美妆护肤商品818|雅诗兰黛美妆护肤商品295|欧莱雅美妆护肤商品977|欧莱雅美妆护肤商品587
3280,U003455,0.1025,0.145439,低意向,珠宝首饰,高性价比优惠池,P000974|P000711|P001945|P000774|P001226,明牌珠宝首饰商品793|老凤祥珠宝首饰商品116|老凤祥珠宝首饰商品246|周大福珠宝首饰商品251|潮宏基珠宝首饰商品314
3281,U004033,0.1024,0.150464,低意向,家用电器,高性价比优惠池,P001338|P000409|P001480|P001850|P001635,苏泊尔家用电器商品596|苏泊尔家用电器商品852|戴森家用电器商品536|戴森家用电器商品883|西门子家用电器商品795
3282,U004039,0.1024,0.256412,低意向,图书音像,高性价比优惠池,P001855|P001112|P000053|P001974|P001212,京东图书图书音像商品377|中信出版社图书音像商品870|京东图书图书音像商品199|博库网图书音像商品353|新华书店图书音像商品518
3283,U002586,0.1023,0.157577,低意向,食品生鲜,高性价比优惠池,P000995|P001113|P000246|P001573|P000063,良品铺子食品生鲜商品230|三只松鼠食品生鲜商品425|蒙牛食品生鲜商品866|百草味食品生鲜商品634|百草味食品生鲜商品504
3284,U002641,0.1023,0.146461,低意向,母婴用品,高性价比优惠池,P001683|P000635|P001865|P000991|P001946,帮宝适母婴用品商品297|贝因美母婴用品商品691|贝因美母婴用品商品921|帮宝适母婴用品商品195|花王母婴用品商品688
3285,U003725,0.1023,0.150862,低意向,图书音像,高性价比优惠池,P001855|P001112|P000053|P001974|P001212,京东图书图书音像商品377|中信出版社图书音像商品870|京东图书图书音像商品199|博库网图书音像商品353|新华书店图书音像商品518
3286,U001313,0.1022,0.151379,低意向,母婴用品,高性价比优惠池,P001683|P000635|P001865|P000991|P001946,帮宝适母婴用品商品297|贝因美母婴用品商品691|贝因美母婴用品商品921|帮宝适母婴用品商品195|花王母婴用品商品688
3287,U002545,0.1022,0.148602,低意向,箱包配饰,高性价比优惠池,P000702|P001253|P001930|P000361|P000987,LV箱包配饰商品940|Samsonite箱包配饰商品380|Samsonite箱包配饰商品997|GUCCI箱包配饰商品904|Samsonite箱包配饰商品467
3288,U002561,0.1022,0.161052,低意向,美妆护肤,高性价比优惠池,P001748|P000034|P001010|P000095|P001810,完美日记美妆护肤商品797|雅诗兰黛美妆护肤商品818|雅诗兰黛美妆护肤商品295|欧莱雅美妆护肤商品977|欧莱雅美妆护肤商品587
3289,U003175,0.1022,0.157913,低意向,母婴用品,高性价比优惠池,P001683|P000635|P001865|P000991|P001946,帮宝适母婴用品商品297|贝因美母婴用品商品691|贝因美母婴用品商品921|帮宝适母婴用品商品195|花王母婴用品商品688
3290,U003719,0.1022,0.152154,低意向,食品生鲜,高性价比优惠池,P000995|P001113|P000246|P001573|P000063,良品铺子食品生鲜商品230|三只松鼠食品生鲜商品425|蒙牛食品生鲜商品866|百草味食品生鲜商品634|百草味食品生鲜商品504
3291,U004527,0.1022,0.14648,低意向,手机数码,高性价比优惠池,P000518|P000173|P000438|P001705|P000874,一加手机数码商品882|OPPO手机数码商品663|OPPO手机数码商品771|苹果手机数码商品445|苹果手机数码商品704
3292,U000702,0.1021,0.157011,低意向,,高性价比优惠池,P001855|P000765|P000174|P000974|P001112,京东图书图书音像商品377|善存医药保健商品608|麦富迪宠物用品商品180|明牌珠宝首饰商品793|中信出版社图书音像商品870
3293,U001618,0.1021,0.241424,低意向,医药保健,高性价比优惠池,P000765|P000827|P001891|P000351|P000793,善存医药保健商品608|Swisse医药保健商品414|Swisse医药保健商品235|汤臣倍健医药保健商品112|九芝堂医药保健商品478
3294,U001777,0.1021,0.164984,低意向,珠宝首饰,高性价比优惠池,P000974|P000711|P001945|P000774|P001226,明牌珠宝首饰商品793|老凤祥珠宝首饰商品116|老凤祥珠宝首饰商品246|周大福珠宝首饰商品251|潮宏基珠宝首饰商品314
3295,U003533,0.1021,0.151568,低意向,美妆护肤,高性价比优惠池,P001748|P000034|P001010|P000095|P001810,完美日记美妆护肤商品797|雅诗兰黛美妆护肤商品818|雅诗兰黛美妆护肤商品295|欧莱雅美妆护肤商品977|欧莱雅美妆护肤商品587
3296,U001861,0.102,0.256236,低意向,汽车用品,高性价比优惠池,P001350|P001831|P000932|P001413|P001281,海康威视汽车用品商品339|3M汽车用品商品278|米其林汽车用品商品745|3M汽车用品商品342|卡仕达汽车用品商品144
3297,U003179,0.1019,0.161081,低意向,服装鞋包,高性价比优惠池,P001581|P001100|P000662|P001462|P000338,耐克服装鞋包商品711|H&M服装鞋包商品119|海澜之家服装鞋包商品964|耐克服装鞋包商品391|H&M服装鞋包商品587
3298,U000354,0.1018,0.262589,低意向,手机数码,高性价比优惠池,P000518|P000173|P000438|P001705|P000874,一加手机数码商品882|OPPO手机数码商品663|OPPO手机数码商品771|苹果手机数码商品445|苹果手机数码商品704
3299,U002091,0.1018,0.162327,低意向,家用电器,高性价比优惠池,P001338|P000409|P001480|P001850|P001635,苏泊尔家用电器商品596|苏泊尔家用电器商品852|戴森家用电器商品536|戴森家用电器商品883|西门子家用电器商品795
3300,U000739,0.1017,0.153321,低意向,母婴用品,高性价比优惠池,P001683|P000635|P001865|P000991|P001946,帮宝适母婴用品商品297|贝因美母婴用品商品691|贝因美母婴用品商品921|帮宝适母婴用品商品195|花王母婴用品商品688
3301,U003149,0.1017,0.20378,低意向,母婴用品,高性价比优惠池,P001683|P000635|P001865|P000991|P001946,帮宝适母婴用品商品297|贝因美母婴用品商品691|贝因美母婴用品商品921|帮宝适母婴用品商品195|花王母婴用品商品688
3302,U004379,0.1017,0.164095,低意向,家居家装,高性价比优惠池,P001900|P001343|P000229|P001466|P001151,顾家家居家居家装商品551|曲美家居家装商品469|顾家家居家居家装商品198|马可波罗家居家装商品613|宜家家居家装商品838
3303,U001346,0.1016,0.269666,低意向,汽车用品,高性价比优惠池,P001350|P001831|P000932|P001413|P001281,海康威视汽车用品商品339|3M汽车用品商品278|米其林汽车用品商品745|3M汽车用品商品342|卡仕达汽车用品商品144
3304,U002021,0.1016,0.158866,低意向,家居家装,高性价比优惠池,P001900|P001343|P000229|P001466|P001151,顾家家居家居家装商品551|曲美家居家装商品469|顾家家居家居家装商品198|马可波罗家居家装商品613|宜家家居家装商品838
3305,U003071,0.1016,0.158898,低意向,美妆护肤,高性价比优惠池,P001748|P000034|P001010|P000095|P001810,完美日记美妆护肤商品797|雅诗兰黛美妆护肤商品818|雅诗兰黛美妆护肤商品295|欧莱雅美妆护肤商品977|欧莱雅美妆护肤商品587
3306,U003428,0.1016,0.146577,低意向,图书音像,高性价比优惠池,P001855|P001112|P000053|P001974|P001212,京东图书图书音像商品377|中信出版社图书音像商品870|京东图书图书音像商品199|博库网图书音像商品353|新华书店图书音像商品518
3307,U000980,0.1015,0.15335,低意向,宠物用品,高性价比优惠池,P000174|P001336|P001123|P000231|P001759,麦富迪宠物用品商品180|比瑞吉宠物用品商品181|麦富迪宠物用品商品699|pidan宠物用品商品955|网易严选宠物用品商品408
3308,U004292,0.1014,0.249177,低意向,宠物用品,高性价比优惠池,P000174|P001336|P001123|P000231|P001759,麦富迪宠物用品商品180|比瑞吉宠物用品商品181|麦富迪宠物用品商品699|pidan宠物用品商品955|网易严选宠物用品商品408
3309,U000207,0.1013,0.164864,低意向,汽车用品,高性价比优惠池,P001350|P001831|P000932|P001413|P001281,海康威视汽车用品商品339|3M汽车用品商品278|米其林汽车用品商品745|3M汽车用品商品342|卡仕达汽车用品商品144
3310,U000590,0.1011,0.239252,低意向,运动户外,高性价比优惠池,P001637|P001804|P001967|P000194|P000210,李宁运动户外商品816|李宁运动户外商品353|探路者运动户外商品827|始祖鸟运动户外商品528|安踏运动户外商品113
3311,U001576,0.1011,0.15648,低意向,图书音像,高性价比优惠池,P001855|P001112|P000053|P001974|P001212,京东图书图书音像商品377|中信出版社图书音像商品870|京东图书图书音像商品199|博库网图书音像商品353|新华书店图书音像商品518
3312,U003670,0.1011,0.14712,低意向,家居家装,高性价比优惠池,P001900|P001343|P000229|P001466|P001151,顾家家居家居家装商品551|曲美家居家装商品469|顾家家居家居家装商品198|马可波罗家居家装商品613|宜家家居家装商品838
3313,U000320,0.101,0.147471,低意向,家用电器,高性价比优惠池,P001338|P000409|P001480|P001850|P001635,苏泊尔家用电器商品596|苏泊尔家用电器商品852|戴森家用电器商品536|戴森家用电器商品883|西门子家用电器商品795
3314,U001205,0.101,0.263881,低意向,服装鞋包,高性价比优惠池,P001581|P001100|P000662|P001462|P000338,耐克服装鞋包商品711|H&M服装鞋包商品119|海澜之家服装鞋包商品964|耐克服装鞋包商品391|H&M服装鞋包商品587
3315,U001961,0.101,0.16588,低意向,运动户外,高性价比优惠池,P001637|P001804|P001967|P000194|P000210,李宁运动户外商品816|李宁运动户外商品353|探路者运动户外商品827|始祖鸟运动户外商品528|安踏运动户外商品113
3316,U003595,0.101,0.164022,低意向,家居家装,高性价比优惠池,P001900|P001343|P000229|P001466|P001151,顾家家居家居家装商品551|曲美家居家装商品469|顾家家居家居家装商品198|马可波罗家居家装商品613|宜家家居家装商品838
3317,U004184,0.1009,0.233003,低意向,美妆护肤,高性价比优惠池,P001748|P000034|P001010|P000095|P001810,完美日记美妆护肤商品797|雅诗兰黛美妆护肤商品818|雅诗兰黛美妆护肤商品295|欧莱雅美妆护肤商品977|欧莱雅美妆护肤商品587
3318,U004672,0.1008,0.143151,低意向,礼品鲜花,高性价比优惠池,P000831|P000680|P001029|P000319|P000890,Roseonly礼品鲜花商品580|施华洛世奇礼品鲜花商品208|野兽派礼品鲜花商品389|施华洛世奇礼品鲜花商品633|潘多拉礼品鲜花商品586
3319,U000039,0.1007,0.160702,低意向,珠宝首饰,高性价比优惠池,P000974|P000711|P001945|P000774|P001226,明牌珠宝首饰商品793|老凤祥珠宝首饰商品116|老凤祥珠宝首饰商品246|周大福珠宝首饰商品251|潮宏基珠宝首饰商品314
3320,U000212,0.1007,0.229333,低意向,汽车用品,高性价比优惠池,P001350|P001831|P000932|P001413|P001281,海康威视汽车用品商品339|3M汽车用品商品278|米其林汽车用品商品745|3M汽车用品商品342|卡仕达汽车用品商品144
3321,U000204,0.1006,0.265402,低意向,图书音像,高性价比优惠池,P001855|P001112|P000053|P001974|P001212,京东图书图书音像商品377|中信出版社图书音像商品870|京东图书图书音像商品199|博库网图书音像商品353|新华书店图书音像商品518
3322,U003378,0.1006,0.170412,低意向,家居家装,高性价比优惠池,P001900|P001343|P000229|P001466|P001151,顾家家居家居家装商品551|曲美家居家装商品469|顾家家居家居家装商品198|马可波罗家居家装商品613|宜家家居家装商品838
3323,U004844,0.1006,0.152456,低意向,手机数码,高性价比优惠池,P000518|P000173|P000438|P001705|P000874,一加手机数码商品882|OPPO手机数码商品663|OPPO手机数码商品771|苹果手机数码商品445|苹果手机数码商品704
3324,U000664,0.1005,0.152806,低意向,图书音像,高性价比优惠池,P001855|P001112|P000053|P001974|P001212,京东图书图书音像商品377|中信出版社图书音像商品870|京东图书图书音像商品199|博库网图书音像商品353|新华书店图书音像商品518
3325,U001891,0.1002,0.156105,低意向,家居家装,高性价比优惠池,P001900|P001343|P000229|P001466|P001151,顾家家居家居家装商品551|曲美家居家装商品469|顾家家居家居家装商品198|马可波罗家居家装商品613|宜家家居家装商品838
3326,U003237,0.1002,0.145937,低意向,家居家装,高性价比优惠池,P001900|P001343|P000229|P001466|P001151,顾家家居家居家装商品551|曲美家居家装商品469|顾家家居家居家装商品198|马可波罗家居家装商品613|宜家家居家装商品838
3327,U001063,0.1001,0.149264,低意向,运动户外,高性价比优惠池,P001637|P001804|P001967|P000194|P000210,李宁运动户外商品816|李宁运动户外商品353|探路者运动户外商品827|始祖鸟运动户外商品528|安踏运动户外商品113
3328,U004193,0.1001,0.234611,低意向,家居家装,高性价比优惠池,P001900|P001343|P000229|P001466|P001151,顾家家居家居家装商品551|曲美家居家装商品469|顾家家居家居家装商品198|马可波罗家居家装商品613|宜家家居家装商品838
3329,U004795,0.1001,0.154381,低意向,礼品鲜花,高性价比优惠池,P000831|P000680|P001029|P000319|P000890,Roseonly礼品鲜花商品580|施华洛世奇礼品鲜花商品208|野兽派礼品鲜花商品389|施华洛世奇礼品鲜花商品633|潘多拉礼品鲜花商品586
3330,U002157,0.1,0.135886,低意向,食品生鲜,高性价比优惠池,P000995|P001113|P000246|P001573|P000063,良品铺子食品生鲜商品230|三只松鼠食品生鲜商品425|蒙牛食品生鲜商品866|百草味食品生鲜商品634|百草味食品生鲜商品504
3331,U004755,0.1,0.148869,低意向,手机数码,高性价比优惠池,P000518|P000173|P000438|P001705|P000874,一加手机数码商品882|OPPO手机数码商品663|OPPO手机数码商品771|苹果手机数码商品445|苹果手机数码商品704
3332,U001151,0.3,0.286681,中意向,运动户外,高性价比优惠池,P001637|P001804|P001967|P000194|P000210,李宁运动户外商品816|李宁运动户外商品353|探路者运动户外商品827|始祖鸟运动户外商品528|安踏运动户外商品113
3333,U001470,0.3,0.296625,中意向,宠物用品,高性价比优惠池,P000174|P001336|P001123|P000231|P001759,麦富迪宠物用品商品180|比瑞吉宠物用品商品181|麦富迪宠物用品商品699|pidan宠物用品商品955|网易严选宠物用品商品408
3334,U003461,0.3,0.262228,中意向,美妆护肤,高性价比优惠池,P001748|P000034|P001010|P000095|P001810,完美日记美妆护肤商品797|雅诗兰黛美妆护肤商品818|雅诗兰黛美妆护肤商品295|欧莱雅美妆护肤商品977|欧莱雅美妆护肤商品587
3335,U000205,0.2999,0.287707,中意向,箱包配饰,高性价比优惠池,P000702|P001253|P001930|P000361|P000987,LV箱包配饰商品940|Samsonite箱包配饰商品380|Samsonite箱包配饰商品997|GUCCI箱包配饰商品904|Samsonite箱包配饰商品467
3336,U004430,0.2999,0.288128,中意向,汽车用品,高性价比优惠池,P001350|P001831|P000932|P001413|P001281,海康威视汽车用品商品339|3M汽车用品商品278|米其林汽车用品商品745|3M汽车用品商品342|卡仕达汽车用品商品144
3337,U002162,0.2998,0.290934,中意向,母婴用品,高性价比优惠池,P001683|P000635|P001865|P000991|P001946,帮宝适母婴用品商品297|贝因美母婴用品商品691|贝因美母婴用品商品921|帮宝适母婴用品商品195|花王母婴用品商品688
3338,U000692,0.2997,0.260976,中意向,医药保健,高性价比优惠池,P000765|P000827|P001891|P000351|P000793,善存医药保健商品608|Swisse医药保健商品414|Swisse医药保健商品235|汤臣倍健医药保健商品112|九芝堂医药保健商品478
3339,U002720,0.2997,0.289095,中意向,箱包配饰,高性价比优惠池,P000702|P001253|P001930|P000361|P000987,LV箱包配饰商品940|Samsonite箱包配饰商品380|Samsonite箱包配饰商品997|GUCCI箱包配饰商品904|Samsonite箱包配饰商品467
3340,U003843,0.2997,0.269188,中意向,图书音像,高性价比优惠池,P001855|P001112|P000053|P001974|P001212,京东图书图书音像商品377|中信出版社图书音像商品870|京东图书图书音像商品199|博库网图书音像商品353|新华书店图书音像商品518
3341,U004549,0.2997,0.278508,中意向,宠物用品,高性价比优惠池,P000174|P001336|P001123|P000231|P001759,麦富迪宠物用品商品180|比瑞吉宠物用品商品181|麦富迪宠物用品商品699|pidan宠物用品商品955|网易严选宠物用品商品408
3342,U000922,0.2995,0.274411,中意向,食品生鲜,高性价比优惠池,P000995|P001113|P000246|P001573|P000063,良品铺子食品生鲜商品230|三只松鼠食品生鲜商品425|蒙牛食品生鲜商品866|百草味食品生鲜商品634|百草味食品生鲜商品504
3343,U001579,0.2995,0.262177,中意向,母婴用品,高性价比优惠池,P001683|P000635|P001865|P000991|P001946,帮宝适母婴用品商品297|贝因美母婴用品商品691|贝因美母婴用品商品921|帮宝适母婴用品商品195|花王母婴用品商品688
3344,U002036,0.2995,0.284574,中意向,礼品鲜花,高性价比优惠池,P000831|P000680|P001029|P000319|P000890,Roseonly礼品鲜花商品580|施华洛世奇礼品鲜花商品208|野兽派礼品鲜花商品389|施华洛世奇礼品鲜花商品633|潘多拉礼品鲜花商品586
3345,U004632,0.2995,0.28938,中意向,食品生鲜,高性价比优惠池,P000995|P001113|P000246|P001573|P000063,良品铺子食品生鲜商品230|三只松鼠食品生鲜商品425|蒙牛食品生鲜商品866|百草味食品生鲜商品634|百草味食品生鲜商品504
3346,U003709,0.2994,0.272955,中意向,箱包配饰,高性价比优惠池,P000702|P001253|P001930|P000361|P000987,LV箱包配饰商品940|Samsonite箱包配饰商品380|Samsonite箱包配饰商品997|GUCCI箱包配饰商品904|Samsonite箱包配饰商品467
3347,U000782,0.2993,0.283481,中意向,美妆护肤,高性价比优惠池,P001748|P000034|P001010|P000095|P001810,完美日记美妆护肤商品797|雅诗兰黛美妆护肤商品818|雅诗兰黛美妆护肤商品295|欧莱雅美妆护肤商品977|欧莱雅美妆护肤商品587
3348,U000543,0.2992,0.285335,中意向,食品生鲜,高性价比优惠池,P000995|P001113|P000246|P001573|P000063,良品铺子食品生鲜商品230|三只松鼠食品生鲜商品425|蒙牛食品生鲜商品866|百草味食品生鲜商品634|百草味食品生鲜商品504
3349,U003906,0.2991,0.284341,中意向,食品生鲜,高性价比优惠池,P000995|P001113|P000246|P001573|P000063,良品铺子食品生鲜商品230|三只松鼠食品生鲜商品425|蒙牛食品生鲜商品866|百草味食品生鲜商品634|百草味食品生鲜商品504
3350,U003299,0.299,0.277118,中意向,图书音像,高性价比优惠池,P001855|P001112|P000053|P001974|P001212,京东图书图书音像商品377|中信出版社图书音像商品870|京东图书图书音像商品199|博库网图书音像商品353|新华书店图书音像商品518
3351,U001235,0.2988,0.285576,中意向,美妆护肤,高性价比优惠池,P001748|P000034|P001010|P000095|P001810,完美日记美妆护肤商品797|雅诗兰黛美妆护肤商品818|雅诗兰黛美妆护肤商品295|欧莱雅美妆护肤商品977|欧莱雅美妆护肤商品587
3352,U002458,0.2988,0.28302,中意向,美妆护肤,高性价比优惠池,P001748|P000034|P001010|P000095|P001810,完美日记美妆护肤商品797|雅诗兰黛美妆护肤商品818|雅诗兰黛美妆护肤商品295|欧莱雅美妆护肤商品977|欧莱雅美妆护肤商品587
3353,U002577,0.2988,0.273106,中意向,服装鞋包,高性价比优惠池,P001581|P001100|P000662|P001462|P000338,耐克服装鞋包商品711|H&M服装鞋包商品119|海澜之家服装鞋包商品964|耐克服装鞋包商品391|H&M服装鞋包商品587
3354,U004635,0.2988,0.277464,中意向,手机数码,高性价比优惠池,P000518|P000173|P000438|P001705|P000874,一加手机数码商品882|OPPO手机数码商品663|OPPO手机数码商品771|苹果手机数码商品445|苹果手机数码商品704
3355,U000223,0.2987,0.276524,中意向,食品生鲜,高性价比优惠池,P000995|P001113|P000246|P001573|P000063,良品铺子食品生鲜商品230|三只松鼠食品生鲜商品425|蒙牛食品生鲜商品866|百草味食品生鲜商品634|百草味食品生鲜商品504
3356,U001662,0.2987,0.26798,中意向,家居家装,高性价比优惠池,P001900|P001343|P000229|P001466|P001151,顾家家居家居家装商品551|曲美家居家装商品469|顾家家居家居家装商品198|马可波罗家居家装商品613|宜家家居家装商品838
3357,U001337,0.2986,0.281549,中意向,珠宝首饰,高性价比优惠池,P000974|P000711|P001945|P000774|P001226,明牌珠宝首饰商品793|老凤祥珠宝首饰商品116|老凤祥珠宝首饰商品246|周大福珠宝首饰商品251|潮宏基珠宝首饰商品314
3358,U003835,0.2986,0.289462,中意向,食品生鲜,高性价比优惠池,P000995|P001113|P000246|P001573|P000063,良品铺子食品生鲜商品230|三只松鼠食品生鲜商品425|蒙牛食品生鲜商品866|百草味食品生鲜商品634|百草味食品生鲜商品504
3359,U002186,0.2985,0.277644,中意向,美妆护肤,高性价比优惠池,P001748|P000034|P001010|P000095|P001810,完美日记美妆护肤商品797|雅诗兰黛美妆护肤商品818|雅诗兰黛美妆护肤商品295|欧莱雅美妆护肤商品977|欧莱雅美妆护肤商品587
3360,U003234,0.2984,0.273802,中意向,宠物用品,高性价比优惠池,P000174|P001336|P001123|P000231|P001759,麦富迪宠物用品商品180|比瑞吉宠物用品商品181|麦富迪宠物用品商品699|pidan宠物用品商品955|网易严选宠物用品商品408
3361,U003846,0.2984,0.297416,中意向,家居家装,高性价比优惠池,P001900|P001343|P000229|P001466|P001151,顾家家居家居家装商品551|曲美家居家装商品469|顾家家居家居家装商品198|马可波罗家居家装商品613|宜家家居家装商品838
3362,U003881,0.2984,0.280426,中意向,汽车用品,高性价比优惠池,P001350|P001831|P000932|P001413|P001281,海康威视汽车用品商品339|3M汽车用品商品278|米其林汽车用品商品745|3M汽车用品商品342|卡仕达汽车用品商品144
3363,U004139,0.2984,0.285204,中意向,家用电器,高性价比优惠池,P001338|P000409|P001480|P001850|P001635,苏泊尔家用电器商品596|苏泊尔家用电器商品852|戴森家用电器商品536|戴森家用电器商品883|西门子家用电器商品795
3364,U000712,0.2983,0.271879,中意向,运动户外,高性价比优惠池,P001637|P001804|P001967|P000194|P000210,李宁运动户外商品816|李宁运动户外商品353|探路者运动户外商品827|始祖鸟运动户外商品528|安踏运动户外商品113
3365,U002544,0.2983,0.290236,中意向,宠物用品,高性价比优惠池,P000174|P001336|P001123|P000231|P001759,麦富迪宠物用品商品180|比瑞吉宠物用品商品181|麦富迪宠物用品商品699|pidan宠物用品商品955|网易严选宠物用品商品408
3366,U004928,0.2983,0.291978,中意向,汽车用品,高性价比优惠池,P001350|P001831|P000932|P001413|P001281,海康威视汽车用品商品339|3M汽车用品商品278|米其林汽车用品商品745|3M汽车用品商品342|卡仕达汽车用品商品144
3367,U000165,0.2982,0.282438,中意向,母婴用品,高性价比优惠池,P001683|P000635|P001865|P000991|P001946,帮宝适母婴用品商品297|贝因美母婴用品商品691|贝因美母婴用品商品921|帮宝适母婴用品商品195|花王母婴用品商品688
3368,U002127,0.2982,0.292453,中意向,运动户外,高性价比优惠池,P001637|P001804|P001967|P000194|P000210,李宁运动户外商品816|李宁运动户外商品353|探路者运动户外商品827|始祖鸟运动户外商品528|安踏运动户外商品113
3369,U003829,0.2982,0.256393,中意向,医药保健,高性价比优惠池,P000765|P000827|P001891|P000351|P000793,善存医药保健商品608|Swisse医药保健商品414|Swisse医药保健商品235|汤臣倍健医药保健商品112|九芝堂医药保健商品478
3370,U000240,0.2981,0.228133,中意向,手机数码,高性价比优惠池,P000518|P000173|P000438|P001705|P000874,一加手机数码商品882|OPPO手机数码商品663|OPPO手机数码商品771|苹果手机数码商品445|苹果手机数码商品704
3371,U000214,0.298,0.281849,中意向,宠物用品,高性价比优惠池,P000174|P001336|P001123|P000231|P001759,麦富迪宠物用品商品180|比瑞吉宠物用品商品181|麦富迪宠物用品商品699|pidan宠物用品商品955|网易严选宠物用品商品408
3372,U002877,0.298,0.254932,中意向,珠宝首饰,高性价比优惠池,P000974|P000711|P001945|P000774|P001226,明牌珠宝首饰商品793|老凤祥珠宝首饰商品116|老凤祥珠宝首饰商品246|周大福珠宝首饰商品251|潮宏基珠宝首饰商品314
3373,U001893,0.2979,0.289212,中意向,医药保健,高性价比优惠池,P000765|P000827|P001891|P000351|P000793,善存医药保健商品608|Swisse医药保健商品414|Swisse医药保健商品235|汤臣倍健医药保健商品112|九芝堂医药保健商品478
3374,U002543,0.2979,0.282937,中意向,运动户外,高性价比优惠池,P001637|P001804|P001967|P000194|P000210,李宁运动户外商品816|李宁运动户外商品353|探路者运动户外商品827|始祖鸟运动户外商品528|安踏运动户外商品113
3375,U002988,0.2979,0.275887,中意向,医药保健,高性价比优惠池,P000765|P000827|P001891|P000351|P000793,善存医药保健商品608|Swisse医药保健商品414|Swisse医药保健商品235|汤臣倍健医药保健商品112|九芝堂医药保健商品478
3376,U003646,0.2977,0.276147,中意向,图书音像,高性价比优惠池,P001855|P001112|P000053|P001974|P001212,京东图书图书音像商品377|中信出版社图书音像商品870|京东图书图书音像商品199|博库网图书音像商品353|新华书店图书音像商品518
3377,U004763,0.2977,0.220915,中意向,母婴用品,高性价比优惠池,P001683|P000635|P001865|P000991|P001946,帮宝适母婴用品商品297|贝因美母婴用品商品691|贝因美母婴用品商品921|帮宝适母婴用品商品195|花王母婴用品商品688
3378,U001727,0.2975,0.275705,中意向,汽车用品,高性价比优惠池,P001350|P001831|P000932|P001413|P001281,海康威视汽车用品商品339|3M汽车用品商品278|米其林汽车用品商品745|3M汽车用品商品342|卡仕达汽车用品商品144
3379,U002280,0.2975,0.273752,中意向,美妆护肤,高性价比优惠池,P001748|P000034|P001010|P000095|P001810,完美日记美妆护肤商品797|雅诗兰黛美妆护肤商品818|雅诗兰黛美妆护肤商品295|欧莱雅美妆护肤商品977|欧莱雅美妆护肤商品587
3380,U002481,0.2975,0.237955,中意向,图书音像,高性价比优惠池,P001855|P001112|P000053|P001974|P001212,京东图书图书音像商品377|中信出版社图书音像商品870|京东图书图书音像商品199|博库网图书音像商品353|新华书店图书音像商品518
3381,U004608,0.2975,0.227872,中意向,食品生鲜,高性价比优惠池,P000995|P001113|P000246|P001573|P000063,良品铺子食品生鲜商品230|三只松鼠食品生鲜商品425|蒙牛食品生鲜商品866|百草味食品生鲜商品634|百草味食品生鲜商品504
3382,U001829,0.2974,0.28856,中意向,箱包配饰,高性价比优惠池,P000702|P001253|P001930|P000361|P000987,LV箱包配饰商品940|Samsonite箱包配饰商品380|Samsonite箱包配饰商品997|GUCCI箱包配饰商品904|Samsonite箱包配饰商品467
3383,U003045,0.2973,0.249332,中意向,医药保健,高性价比优惠池,P000765|P000827|P001891|P000351|P000793,善存医药保健商品608|Swisse医药保健商品414|Swisse医药保健商品235|汤臣倍健医药保健商品112|九芝堂医药保健商品478
3384,U003142,0.2972,0.286507,中意向,母婴用品,高性价比优惠池,P001683|P000635|P001865|P000991|P001946,帮宝适母婴用品商品297|贝因美母婴用品商品691|贝因美母婴用品商品921|帮宝适母婴用品商品195|花王母婴用品商品688
3385,U002196,0.2971,0.273659,中意向,宠物用品,高性价比优惠池,P000174|P001336|P001123|P000231|P001759,麦富迪宠物用品商品180|比瑞吉宠物用品商品181|麦富迪宠物用品商品699|pidan宠物用品商品955|网易严选宠物用品商品408
3386,U002773,0.2971,0.268951,中意向,宠物用品,高性价比优惠池,P000174|P001336|P001123|P000231|P001759,麦富迪宠物用品商品180|比瑞吉宠物用品商品181|麦富迪宠物用品商品699|pidan宠物用品商品955|网易严选宠物用品商品408
3387,U002348,0.297,0.219049,中意向,美妆护肤,高性价比优惠池,P001748|P000034|P001010|P000095|P001810,完美日记美妆护肤商品797|雅诗兰黛美妆护肤商品818|雅诗兰黛美妆护肤商品295|欧莱雅美妆护肤商品977|欧莱雅美妆护肤商品587
3388,U000649,0.2969,0.237352,中意向,家居家装,高性价比优惠池,P001900|P001343|P000229|P001466|P001151,顾家家居家居家装商品551|曲美家居家装商品469|顾家家居家居家装商品198|马可波罗家居家装商品613|宜家家居家装商品838
3389,U003273,0.2968,0.277015,中意向,母婴用品,高性价比优惠池,P001683|P000635|P001865|P000991|P001946,帮宝适母婴用品商品297|贝因美母婴用品商品691|贝因美母婴用品商品921|帮宝适母婴用品商品195|花王母婴用品商品688
3390,U003897,0.2968,0.282682,中意向,手机数码,高性价比优惠池,P000518|P000173|P000438|P001705|P000874,一加手机数码商品882|OPPO手机数码商品663|OPPO手机数码商品771|苹果手机数码商品445|苹果手机数码商品704
3391,U000596,0.2967,0.283866,中意向,美妆护肤,高性价比优惠池,P001748|P000034|P001010|P000095|P001810,完美日记美妆护肤商品797|雅诗兰黛美妆护肤商品818|雅诗兰黛美妆护肤商品295|欧莱雅美妆护肤商品977|欧莱雅美妆护肤商品587
3392,U003243,0.2967,0.271762,中意向,手机数码,高性价比优惠池,P000518|P000173|P000438|P001705|P000874,一加手机数码商品882|OPPO手机数码商品663|OPPO手机数码商品771|苹果手机数码商品445|苹果手机数码商品704
3393,U003695,0.2967,0.237373,中意向,汽车用品,高性价比优惠池,P001350|P001831|P000932|P001413|P001281,海康威视汽车用品商品339|3M汽车用品商品278|米其林汽车用品商品745|3M汽车用品商品342|卡仕达汽车用品商品144
3394,U001678,0.2966,0.282525,中意向,家用电器,高性价比优惠池,P001338|P000409|P001480|P001850|P001635,苏泊尔家用电器商品596|苏泊尔家用电器商品852|戴森家用电器商品536|戴森家用电器商品883|西门子家用电器商品795
3395,U002919,0.2966,0.281137,中意向,图书音像,高性价比优惠池,P001855|P001112|P000053|P001974|P001212,京东图书图书音像商品377|中信出版社图书音像商品870|京东图书图书音像商品199|博库网图书音像商品353|新华书店图书音像商品518
3396,U002762,0.2964,0.284301,中意向,食品生鲜,高性价比优惠池,P000995|P001113|P000246|P001573|P000063,良品铺子食品生鲜商品230|三只松鼠食品生鲜商品425|蒙牛食品生鲜商品866|百草味食品生鲜商品634|百草味食品生鲜商品504
3397,U000325,0.2963,0.282724,中意向,医药保健,高性价比优惠池,P000765|P000827|P001891|P000351|P000793,善存医药保健商品608|Swisse医药保健商品414|Swisse医药保健商品235|汤臣倍健医药保健商品112|九芝堂医药保健商品478
3398,U001085,0.2963,0.255313,中意向,汽车用品,高性价比优惠池,P001350|P001831|P000932|P001413|P001281,海康威视汽车用品商品339|3M汽车用品商品278|米其林汽车用品商品745|3M汽车用品商品342|卡仕达汽车用品商品144
3399,U003983,0.2963,0.277403,中意向,美妆护肤,高性价比优惠池,P001748|P000034|P001010|P000095|P001810,完美日记美妆护肤商品797|雅诗兰黛美妆护肤商品818|雅诗兰黛美妆护肤商品295|欧莱雅美妆护肤商品977|欧莱雅美妆护肤商品587
3400,U000899,0.2962,0.275417,中意向,家居家装,高性价比优惠池,P001900|P001343|P000229|P001466|P001151,顾家家居家居家装商品551|曲美家居家装商品469|顾家家居家居家装商品198|马可波罗家居家装商品613|宜家家居家装商品838
3401,U001698,0.2962,0.242524,中意向,运动户外,高性价比优惠池,P001637|P001804|P001967|P000194|P000210,李宁运动户外商品816|李宁运动户外商品353|探路者运动户外商品827|始祖鸟运动户外商品528|安踏运动户外商品113
3402,U002245,0.2962,0.244131,中意向,家居家装,高性价比优惠池,P001900|P001343|P000229|P001466|P001151,顾家家居家居家装商品551|曲美家居家装商品469|顾家家居家居家装商品198|马可波罗家居家装商品613|宜家家居家装商品838
3403,U003956,0.2962,0.244958,中意向,箱包配饰,高性价比优惠池,P000702|P001253|P001930|P000361|P000987,LV箱包配饰商品940|Samsonite箱包配饰商品380|Samsonite箱包配饰商品997|GUCCI箱包配饰商品904|Samsonite箱包配饰商品467
3404,U000186,0.2961,0.278695,中意向,手机数码,高性价比优惠池,P000518|P000173|P000438|P001705|P000874,一加手机数码商品882|OPPO手机数码商品663|OPPO手机数码商品771|苹果手机数码商品445|苹果手机数码商品704
3405,U001973,0.2961,0.247065,中意向,珠宝首饰,高性价比优惠池,P000974|P000711|P001945|P000774|P001226,明牌珠宝首饰商品793|老凤祥珠宝首饰商品116|老凤祥珠宝首饰商品246|周大福珠宝首饰商品251|潮宏基珠宝首饰商品314
3406,U002016,0.2961,0.275241,中意向,图书音像,高性价比优惠池,P001855|P001112|P000053|P001974|P001212,京东图书图书音像商品377|中信出版社图书音像商品870|京东图书图书音像商品199|博库网图书音像商品353|新华书店图书音像商品518
3407,U001565,0.296,0.247804,中意向,美妆护肤,高性价比优惠池,P001748|P000034|P001010|P000095|P001810,完美日记美妆护肤商品797|雅诗兰黛美妆护肤商品818|雅诗兰黛美妆护肤商品295|欧莱雅美妆护肤商品977|欧莱雅美妆护肤商品587
3408,U003211,0.296,0.282483,中意向,箱包配饰,高性价比优惠池,P000702|P001253|P001930|P000361|P000987,LV箱包配饰商品940|Samsonite箱包配饰商品380|Samsonite箱包配饰商品997|GUCCI箱包配饰商品904|Samsonite箱包配饰商品467
3409,U002338,0.2959,0.280688,中意向,食品生鲜,高性价比优惠池,P000995|P001113|P000246|P001573|P000063,良品铺子食品生鲜商品230|三只松鼠食品生鲜商品425|蒙牛食品生鲜商品866|百草味食品生鲜商品634|百草味食品生鲜商品504
3410,U002460,0.2959,0.283332,中意向,服装鞋包,高性价比优惠池,P001581|P001100|P000662|P001462|P000338,耐克服装鞋包商品711|H&M服装鞋包商品119|海澜之家服装鞋包商品964|耐克服装鞋包商品391|H&M服装鞋包商品587
3411,U004284,0.2956,0.28349,中意向,食品生鲜,高性价比优惠池,P000995|P001113|P000246|P001573|P000063,良品铺子食品生鲜商品230|三只松鼠食品生鲜商品425|蒙牛食品生鲜商品866|百草味食品生鲜商品634|百草味食品生鲜商品504
3412,U003181,0.2955,0.294496,中意向,服装鞋包,高性价比优惠池,P001581|P001100|P000662|P001462|P000338,耐克服装鞋包商品711|H&M服装鞋包商品119|海澜之家服装鞋包商品964|耐克服装鞋包商品391|H&M服装鞋包商品587
3413,U004306,0.2955,0.278207,中意向,家居家装,高性价比优惠池,P001900|P001343|P000229|P001466|P001151,顾家家居家居家装商品551|曲美家居家装商品469|顾家家居家居家装商品198|马可波罗家居家装商品613|宜家家居家装商品838
3414,U002153,0.2954,0.280399,中意向,礼品鲜花,高性价比优惠池,P000831|P000680|P001029|P000319|P000890,Roseonly礼品鲜花商品580|施华洛世奇礼品鲜花商品208|野兽派礼品鲜花商品389|施华洛世奇礼品鲜花商品633|潘多拉礼品鲜花商品586
3415,U003387,0.2954,0.266521,中意向,宠物用品,高性价比优惠池,P000174|P001336|P001123|P000231|P001759,麦富迪宠物用品商品180|比瑞吉宠物用品商品181|麦富迪宠物用品商品699|pidan宠物用品商品955|网易严选宠物用品商品408
3416,U000363,0.2952,0.281326,中意向,食品生鲜,高性价比优惠池,P000995|P001113|P000246|P001573|P000063,良品铺子食品生鲜商品230|三只松鼠食品生鲜商品425|蒙牛食品生鲜商品866|百草味食品生鲜商品634|百草味食品生鲜商品504
3417,U004366,0.2952,0.267776,中意向,汽车用品,高性价比优惠池,P001350|P001831|P000932|P001413|P001281,海康威视汽车用品商品339|3M汽车用品商品278|米其林汽车用品商品745|3M汽车用品商品342|卡仕达汽车用品商品144
3418,U000561,0.2951,0.269998,中意向,家用电器,高性价比优惠池,P001338|P000409|P001480|P001850|P001635,苏泊尔家用电器商品596|苏泊尔家用电器商品852|戴森家用电器商品536|戴森家用电器商品883|西门子家用电器商品795
3419,U001533,0.2951,0.259423,中意向,箱包配饰,高性价比优惠池,P000702|P001253|P001930|P000361|P000987,LV箱包配饰商品940|Samsonite箱包配饰商品380|Samsonite箱包配饰商品997|GUCCI箱包配饰商品904|Samsonite箱包配饰商品467
3420,U001816,0.295,0.259943,中意向,箱包配饰,高性价比优惠池,P000702|P001253|P001930|P000361|P000987,LV箱包配饰商品940|Samsonite箱包配饰商品380|Samsonite箱包配饰商品997|GUCCI箱包配饰商品904|Samsonite箱包配饰商品467
3421,U004931,0.2948,0.272965,中意向,食品生鲜,高性价比优惠池,P000995|P001113|P000246|P001573|P000063,良品铺子食品生鲜商品230|三只松鼠食品生鲜商品425|蒙牛食品生鲜商品866|百草味食品生鲜商品634|百草味食品生鲜商品504
3422,U000705,0.2947,0.271271,中意向,服装鞋包,高性价比优惠池,P001581|P001100|P000662|P001462|P000338,耐克服装鞋包商品711|H&M服装鞋包商品119|海澜之家服装鞋包商品964|耐克服装鞋包商品391|H&M服装鞋包商品587
3423,U004978,0.2947,0.270016,中意向,运动户外,高性价比优惠池,P001637|P001804|P001967|P000194|P000210,李宁运动户外商品816|李宁运动户外商品353|探路者运动户外商品827|始祖鸟运动户外商品528|安踏运动户外商品113
3424,U000683,0.2946,0.274997,中意向,珠宝首饰,高性价比优惠池,P000974|P000711|P001945|P000774|P001226,明牌珠宝首饰商品793|老凤祥珠宝首饰商品116|老凤祥珠宝首饰商品246|周大福珠宝首饰商品251|潮宏基珠宝首饰商品314
3425,U001924,0.2946,0.27142,中意向,图书音像,高性价比优惠池,P001855|P001112|P000053|P001974|P001212,京东图书图书音像商品377|中信出版社图书音像商品870|京东图书图书音像商品199|博库网图书音像商品353|新华书店图书音像商品518
3426,U004501,0.2946,0.281165,中意向,美妆护肤,高性价比优惠池,P001748|P000034|P001010|P000095|P001810,完美日记美妆护肤商品797|雅诗兰黛美妆护肤商品818|雅诗兰黛美妆护肤商品295|欧莱雅美妆护肤商品977|欧莱雅美妆护肤商品587
3427,U002627,0.2945,0.288403,中意向,家用电器,高性价比优惠池,P001338|P000409|P001480|P001850|P001635,苏泊尔家用电器商品596|苏泊尔家用电器商品852|戴森家用电器商品536|戴森家用电器商品883|西门子家用电器商品795
3428,U003163,0.2945,0.288925,中意向,图书音像,高性价比优惠池,P001855|P001112|P000053|P001974|P001212,京东图书图书音像商品377|中信出版社图书音像商品870|京东图书图书音像商品199|博库网图书音像商品353|新华书店图书音像商品518
3429,U001824,0.2944,0.28931,中意向,美妆护肤,高性价比优惠池,P001748|P000034|P001010|P000095|P001810,完美日记美妆护肤商品797|雅诗兰黛美妆护肤商品818|雅诗兰黛美妆护肤商品295|欧莱雅美妆护肤商品977|欧莱雅美妆护肤商品587
3430,U002355,0.2943,0.272496,中意向,手机数码,高性价比优惠池,P000518|P000173|P000438|P001705|P000874,一加手机数码商品882|OPPO手机数码商品663|OPPO手机数码商品771|苹果手机数码商品445|苹果手机数码商品704
3431,U002492,0.2943,0.280977,中意向,母婴用品,高性价比优惠池,P001683|P000635|P001865|P000991|P001946,帮宝适母婴用品商品297|贝因美母婴用品商品691|贝因美母婴用品商品921|帮宝适母婴用品商品195|花王母婴用品商品688
3432,U001297,0.2942,0.271497,中意向,珠宝首饰,高性价比优惠池,P000974|P000711|P001945|P000774|P001226,明牌珠宝首饰商品793|老凤祥珠宝首饰商品116|老凤祥珠宝首饰商品246|周大福珠宝首饰商品251|潮宏基珠宝首饰商品314
3433,U001397,0.2942,0.285095,中意向,家用电器,高性价比优惠池,P001338|P000409|P001480|P001850|P001635,苏泊尔家用电器商品596|苏泊尔家用电器商品852|戴森家用电器商品536|戴森家用电器商品883|西门子家用电器商品795
3434,U002013,0.2941,0.282728,中意向,珠宝首饰,高性价比优惠池,P000974|P000711|P001945|P000774|P001226,明牌珠宝首饰商品793|老凤祥珠宝首饰商品116|老凤祥珠宝首饰商品246|周大福珠宝首饰商品251|潮宏基珠宝首饰商品314
3435,U003824,0.294,0.276091,中意向,美妆护肤,高性价比优惠池,P001748|P000034|P001010|P000095|P001810,完美日记美妆护肤商品797|雅诗兰黛美妆护肤商品818|雅诗兰黛美妆护肤商品295|欧莱雅美妆护肤商品977|欧莱雅美妆护肤商品587
3436,U001736,0.2938,0.28978,中意向,食品生鲜,高性价比优惠池,P000995|P001113|P000246|P001573|P000063,良品铺子食品生鲜商品230|三只松鼠食品生鲜商品425|蒙牛食品生鲜商品866|百草味食品生鲜商品634|百草味食品生鲜商品504
3437,U003242,0.2936,0.265266,中意向,运动户外,高性价比优惠池,P001637|P001804|P001967|P000194|P000210,李宁运动户外商品816|李宁运动户外商品353|探路者运动户外商品827|始祖鸟运动户外商品528|安踏运动户外商品113
3438,U004384,0.2936,0.283879,中意向,宠物用品,高性价比优惠池,P000174|P001336|P001123|P000231|P001759,麦富迪宠物用品商品180|比瑞吉宠物用品商品181|麦富迪宠物用品商品699|pidan宠物用品商品955|网易严选宠物用品商品408
3439,U000755,0.2934,0.280279,中意向,服装鞋包,高性价比优惠池,P001581|P001100|P000662|P001462|P000338,耐克服装鞋包商品711|H&M服装鞋包商品119|海澜之家服装鞋包商品964|耐克服装鞋包商品391|H&M服装鞋包商品587
3440,U001847,0.2934,0.279068,中意向,食品生鲜,高性价比优惠池,P000995|P001113|P000246|P001573|P000063,良品铺子食品生鲜商品230|三只松鼠食品生鲜商品425|蒙牛食品生鲜商品866|百草味食品生鲜商品634|百草味食品生鲜商品504
3441,U001519,0.2933,0.268119,中意向,家居家装,高性价比优惠池,P001900|P001343|P000229|P001466|P001151,顾家家居家居家装商品551|曲美家居家装商品469|顾家家居家居家装商品198|马可波罗家居家装商品613|宜家家居家装商品838
3442,U004315,0.2933,0.275503,中意向,家居家装,高性价比优惠池,P001900|P001343|P000229|P001466|P001151,顾家家居家居家装商品551|曲美家居家装商品469|顾家家居家居家装商品198|马可波罗家居家装商品613|宜家家居家装商品838
3443,U003118,0.2932,0.273506,中意向,箱包配饰,高性价比优惠池,P000702|P001253|P001930|P000361|P000987,LV箱包配饰商品940|Samsonite箱包配饰商品380|Samsonite箱包配饰商品997|GUCCI箱包配饰商品904|Samsonite箱包配饰商品467
3444,U003466,0.2932,0.275091,中意向,服装鞋包,高性价比优惠池,P001581|P001100|P000662|P001462|P000338,耐克服装鞋包商品711|H&M服装鞋包商品119|海澜之家服装鞋包商品964|耐克服装鞋包商品391|H&M服装鞋包商品587
3445,U002523,0.2931,0.285796,中意向,家居家装,高性价比优惠池,P001900|P001343|P000229|P001466|P001151,顾家家居家居家装商品551|曲美家居家装商品469|顾家家居家居家装商品198|马可波罗家居家装商品613|宜家家居家装商品838
3446,U002959,0.2931,0.282744,中意向,汽车用品,高性价比优惠池,P001350|P001831|P000932|P001413|P001281,海康威视汽车用品商品339|3M汽车用品商品278|米其林汽车用品商品745|3M汽车用品商品342|卡仕达汽车用品商品144
3447,U004557,0.2931,0.278822,中意向,服装鞋包,高性价比优惠池,P001581|P001100|P000662|P001462|P000338,耐克服装鞋包商品711|H&M服装鞋包商品119|海澜之家服装鞋包商品964|耐克服装鞋包商品391|H&M服装鞋包商品587
3448,U000804,0.293,0.252609,中意向,服装鞋包,高性价比优惠池,P001581|P001100|P000662|P001462|P000338,耐克服装鞋包商品711|H&M服装鞋包商品119|海澜之家服装鞋包商品964|耐克服装鞋包商品391|H&M服装鞋包商品587
3449,U003231,0.293,0.25755,中意向,家用电器,高性价比优惠池,P001338|P000409|P001480|P001850|P001635,苏泊尔家用电器商品596|苏泊尔家用电器商品852|戴森家用电器商品536|戴森家用电器商品883|西门子家用电器商品795
3450,U003697,0.293,0.266643,中意向,,高性价比优惠池,P001855|P000765|P000174|P000974|P001112,京东图书图书音像商品377|善存医药保健商品608|麦富迪宠物用品商品180|明牌珠宝首饰商品793|中信出版社图书音像商品870
3451,U001160,0.2929,0.27344,中意向,汽车用品,高性价比优惠池,P001350|P001831|P000932|P001413|P001281,海康威视汽车用品商品339|3M汽车用品商品278|米其林汽车用品商品745|3M汽车用品商品342|卡仕达汽车用品商品144
3452,U002995,0.2929,0.283614,中意向,食品生鲜,高性价比优惠池,P000995|P001113|P000246|P001573|P000063,良品铺子食品生鲜商品230|三只松鼠食品生鲜商品425|蒙牛食品生鲜商品866|百草味食品生鲜商品634|百草味食品生鲜商品504
3453,U004504,0.2929,0.276386,中意向,运动户外,高性价比优惠池,P001637|P001804|P001967|P000194|P000210,李宁运动户外商品816|李宁运动户外商品353|探路者运动户外商品827|始祖鸟运动户外商品528|安踏运动户外商品113
3454,U003588,0.2928,0.280454,中意向,美妆护肤,高性价比优惠池,P001748|P000034|P001010|P000095|P001810,完美日记美妆护肤商品797|雅诗兰黛美妆护肤商品818|雅诗兰黛美妆护肤商品295|欧莱雅美妆护肤商品977|欧莱雅美妆护肤商品587
3455,U003624,0.2928,0.282761,中意向,医药保健,高性价比优惠池,P000765|P000827|P001891|P000351|P000793,善存医药保健商品608|Swisse医药保健商品414|Swisse医药保健商品235|汤臣倍健医药保健商品112|九芝堂医药保健商品478
3456,U002610,0.2925,0.239148,中意向,母婴用品,高性价比优惠池,P001683|P000635|P001865|P000991|P001946,帮宝适母婴用品商品297|贝因美母婴用品商品691|贝因美母婴用品商品921|帮宝适母婴用品商品195|花王母婴用品商品688
3457,U000886,0.2924,0.280691,中意向,医药保健,高性价比优惠池,P000765|P000827|P001891|P000351|P000793,善存医药保健商品608|Swisse医药保健商品414|Swisse医药保健商品235|汤臣倍健医药保健商品112|九芝堂医药保健商品478
3458,U001092,0.2923,0.278452,中意向,汽车用品,高性价比优惠池,P001350|P001831|P000932|P001413|P001281,海康威视汽车用品商品339|3M汽车用品商品278|米其林汽车用品商品745|3M汽车用品商品342|卡仕达汽车用品商品144
3459,U000334,0.2921,0.203631,中意向,手机数码,高性价比优惠池,P000518|P000173|P000438|P001705|P000874,一加手机数码商品882|OPPO手机数码商品663|OPPO手机数码商品771|苹果手机数码商品445|苹果手机数码商品704
3460,U001335,0.292,0.270275,中意向,运动户外,高性价比优惠池,P001637|P001804|P001967|P000194|P000210,李宁运动户外商品816|李宁运动户外商品353|探路者运动户外商品827|始祖鸟运动户外商品528|安踏运动户外商品113
3461,U001494,0.292,0.272834,中意向,汽车用品,高性价比优惠池,P001350|P001831|P000932|P001413|P001281,海康威视汽车用品商品339|3M汽车用品商品278|米其林汽车用品商品745|3M汽车用品商品342|卡仕达汽车用品商品144
3462,U001230,0.2919,0.269231,中意向,运动户外,高性价比优惠池,P001637|P001804|P001967|P000194|P000210,李宁运动户外商品816|李宁运动户外商品353|探路者运动户外商品827|始祖鸟运动户外商品528|安踏运动户外商品113
3463,U001547,0.2918,0.276581,中意向,运动户外,高性价比优惠池,P001637|P001804|P001967|P000194|P000210,李宁运动户外商品816|李宁运动户外商品353|探路者运动户外商品827|始祖鸟运动户外商品528|安踏运动户外商品113
3464,U000027,0.2917,0.254705,中意向,手机数码,高性价比优惠池,P000518|P000173|P000438|P001705|P000874,一加手机数码商品882|OPPO手机数码商品663|OPPO手机数码商品771|苹果手机数码商品445|苹果手机数码商品704
3465,U000297,0.2916,0.245646,中意向,家居家装,高性价比优惠池,P001900|P001343|P000229|P001466|P001151,顾家家居家居家装商品551|曲美家居家装商品469|顾家家居家居家装商品198|马可波罗家居家装商品613|宜家家居家装商品838
3466,U001567,0.2916,0.236794,中意向,手机数码,高性价比优惠池,P000518|P000173|P000438|P001705|P000874,一加手机数码商品882|OPPO手机数码商品663|OPPO手机数码商品771|苹果手机数码商品445|苹果手机数码商品704
3467,U004690,0.2916,0.285078,中意向,箱包配饰,高性价比优惠池,P000702|P001253|P001930|P000361|P000987,LV箱包配饰商品940|Samsonite箱包配饰商品380|Samsonite箱包配饰商品997|GUCCI箱包配饰商品904|Samsonite箱包配饰商品467
3468,U001527,0.2915,0.272261,中意向,医药保健,高性价比优惠池,P000765|P000827|P001891|P000351|P000793,善存医药保健商品608|Swisse医药保健商品414|Swisse医药保健商品235|汤臣倍健医药保健商品112|九芝堂医药保健商品478
3469,U001711,0.2915,0.275256,中意向,手机数码,高性价比优惠池,P000518|P000173|P000438|P001705|P000874,一加手机数码商品882|OPPO手机数码商品663|OPPO手机数码商品771|苹果手机数码商品445|苹果手机数码商品704
3470,U002540,0.2915,0.271659,中意向,手机数码,高性价比优惠池,P000518|P000173|P000438|P001705|P000874,一加手机数码商品882|OPPO手机数码商品663|OPPO手机数码商品771|苹果手机数码商品445|苹果手机数码商品704
3471,U001296,0.2914,0.241778,中意向,运动户外,高性价比优惠池,P001637|P001804|P001967|P000194|P000210,李宁运动户外商品816|李宁运动户外商品353|探路者运动户外商品827|始祖鸟运动户外商品528|安踏运动户外商品113
3472,U002136,0.2914,0.279829,中意向,服装鞋包,高性价比优惠池,P001581|P001100|P000662|P001462|P000338,耐克服装鞋包商品711|H&M服装鞋包商品119|海澜之家服装鞋包商品964|耐克服装鞋包商品391|H&M服装鞋包商品587
3473,U002934,0.2914,0.285126,中意向,母婴用品,高性价比优惠池,P001683|P000635|P001865|P000991|P001946,帮宝适母婴用品商品297|贝因美母婴用品商品691|贝因美母婴用品商品921|帮宝适母婴用品商品195|花王母婴用品商品688
3474,U003400,0.2914,0.282907,中意向,汽车用品,高性价比优惠池,P001350|P001831|P000932|P001413|P001281,海康威视汽车用品商品339|3M汽车用品商品278|米其林汽车用品商品745|3M汽车用品商品342|卡仕达汽车用品商品144
3475,U004333,0.2914,0.279695,中意向,服装鞋包,高性价比优惠池,P001581|P001100|P000662|P001462|P000338,耐克服装鞋包商品711|H&M服装鞋包商品119|海澜之家服装鞋包商品964|耐克服装鞋包商品391|H&M服装鞋包商品587
3476,U000955,0.2912,0.278081,中意向,服装鞋包,高性价比优惠池,P001581|P001100|P000662|P001462|P000338,耐克服装鞋包商品711|H&M服装鞋包商品119|海澜之家服装鞋包商品964|耐克服装鞋包商品391|H&M服装鞋包商品587
3477,U001421,0.2912,0.22711,中意向,服装鞋包,高性价比优惠池,P001581|P001100|P000662|P001462|P000338,耐克服装鞋包商品711|H&M服装鞋包商品119|海澜之家服装鞋包商品964|耐克服装鞋包商品391|H&M服装鞋包商品587
3478,U002282,0.2911,0.275128,中意向,医药保健,高性价比优惠池,P000765|P000827|P001891|P000351|P000793,善存医药保健商品608|Swisse医药保健商品414|Swisse医药保健商品235|汤臣倍健医药保健商品112|九芝堂医药保健商品478
3479,U004533,0.2911,0.269955,中意向,服装鞋包,高性价比优惠池,P001581|P001100|P000662|P001462|P000338,耐克服装鞋包商品711|H&M服装鞋包商品119|海澜之家服装鞋包商品964|耐克服装鞋包商品391|H&M服装鞋包商品587
3480,U000080,0.291,0.202972,中意向,家居家装,高性价比优惠池,P001900|P001343|P000229|P001466|P001151,顾家家居家居家装商品551|曲美家居家装商品469|顾家家居家居家装商品198|马可波罗家居家装商品613|宜家家居家装商品838
3481,U001469,0.291,0.276929,中意向,母婴用品,高性价比优惠池,P001683|P000635|P001865|P000991|P001946,帮宝适母婴用品商品297|贝因美母婴用品商品691|贝因美母婴用品商品921|帮宝适母婴用品商品195|花王母婴用品商品688
3482,U001846,0.291,0.289357,中意向,家居家装,高性价比优惠池,P001900|P001343|P000229|P001466|P001151,顾家家居家居家装商品551|曲美家居家装商品469|顾家家居家居家装商品198|马可波罗家居家装商品613|宜家家居家装商品838
3483,U002895,0.291,0.210613,中意向,美妆护肤,高性价比优惠池,P001748|P000034|P001010|P000095|P001810,完美日记美妆护肤商品797|雅诗兰黛美妆护肤商品818|雅诗兰黛美妆护肤商品295|欧莱雅美妆护肤商品977|欧莱雅美妆护肤商品587
3484,U003170,0.291,0.271999,中意向,手机数码,高性价比优惠池,P000518|P000173|P000438|P001705|P000874,一加手机数码商品882|OPPO手机数码商品663|OPPO手机数码商品771|苹果手机数码商品445|苹果手机数码商品704
3485,U004118,0.291,0.277312,中意向,手机数码,高性价比优惠池,P000518|P000173|P000438|P001705|P000874,一加手机数码商品882|OPPO手机数码商品663|OPPO手机数码商品771|苹果手机数码商品445|苹果手机数码商品704
3486,U000225,0.2909,0.277243,中意向,汽车用品,高性价比优惠池,P001350|P001831|P000932|P001413|P001281,海康威视汽车用品商品339|3M汽车用品商品278|米其林汽车用品商品745|3M汽车用品商品342|卡仕达汽车用品商品144
3487,U001495,0.2909,0.270965,中意向,母婴用品,高性价比优惠池,P001683|P000635|P001865|P000991|P001946,帮宝适母婴用品商品297|贝因美母婴用品商品691|贝因美母婴用品商品921|帮宝适母婴用品商品195|花王母婴用品商品688
3488,U004310,0.2908,0.275791,中意向,家用电器,高性价比优惠池,P001338|P000409|P001480|P001850|P001635,苏泊尔家用电器商品596|苏泊尔家用电器商品852|戴森家用电器商品536|戴森家用电器商品883|西门子家用电器商品795
3489,U001885,0.2907,0.275264,中意向,珠宝首饰,高性价比优惠池,P000974|P000711|P001945|P000774|P001226,明牌珠宝首饰商品793|老凤祥珠宝首饰商品116|老凤祥珠宝首饰商品246|周大福珠宝首饰商品251|潮宏基珠宝首饰商品314
3490,U001836,0.2905,0.25524,中意向,美妆护肤,高性价比优惠池,P001748|P000034|P001010|P000095|P001810,完美日记美妆护肤商品797|雅诗兰黛美妆护肤商品818|雅诗兰黛美妆护肤商品295|欧莱雅美妆护肤商品977|欧莱雅美妆护肤商品587
3491,U001856,0.2905,0.279346,中意向,医药保健,高性价比优惠池,P000765|P000827|P001891|P000351|P000793,善存医药保健商品608|Swisse医药保健商品414|Swisse医药保健商品235|汤臣倍健医药保健商品112|九芝堂医药保健商品478
3492,U002089,0.2905,0.270514,中意向,礼品鲜花,高性价比优惠池,P000831|P000680|P001029|P000319|P000890,Roseonly礼品鲜花商品580|施华洛世奇礼品鲜花商品208|野兽派礼品鲜花商品389|施华洛世奇礼品鲜花商品633|潘多拉礼品鲜花商品586
3493,U002598,0.2904,0.283475,中意向,运动户外,高性价比优惠池,P001637|P001804|P001967|P000194|P000210,李宁运动户外商品816|李宁运动户外商品353|探路者运动户外商品827|始祖鸟运动户外商品528|安踏运动户外商品113
3494,U000556,0.2903,0.245089,中意向,汽车用品,高性价比优惠池,P001350|P001831|P000932|P001413|P001281,海康威视汽车用品商品339|3M汽车用品商品278|米其林汽车用品商品745|3M汽车用品商品342|卡仕达汽车用品商品144
3495,U001053,0.2903,0.263209,中意向,箱包配饰,高性价比优惠池,P000702|P001253|P001930|P000361|P000987,LV箱包配饰商品940|Samsonite箱包配饰商品380|Samsonite箱包配饰商品997|GUCCI箱包配饰商品904|Samsonite箱包配饰商品467
3496,U003732,0.2902,0.282579,中意向,家居家装,高性价比优惠池,P001900|P001343|P000229|P001466|P001151,顾家家居家居家装商品551|曲美家居家装商品469|顾家家居家居家装商品198|马可波罗家居家装商品613|宜家家居家装商品838
3497,U000408,0.29,0.265873,中意向,服装鞋包,高性价比优惠池,P001581|P001100|P000662|P001462|P000338,耐克服装鞋包商品711|H&M服装鞋包商品119|海澜之家服装鞋包商品964|耐克服装鞋包商品391|H&M服装鞋包商品587
3498,U004022,0.2899,0.274401,中意向,服装鞋包,高性价比优惠池,P001581|P001100|P000662|P001462|P000338,耐克服装鞋包商品711|H&M服装鞋包商品119|海澜之家服装鞋包商品964|耐克服装鞋包商品391|H&M服装鞋包商品587
3499,U003221,0.2898,0.244069,中意向,医药保健,高性价比优惠池,P000765|P000827|P001891|P000351|P000793,善存医药保健商品608|Swisse医药保健商品414|Swisse医药保健商品235|汤臣倍健医药保健商品112|九芝堂医药保健商品478
3500,U003260,0.2898,0.221682,中意向,家居家装,高性价比优惠池,P001900|P001343|P000229|P001466|P001151,顾家家居家居家装商品551|曲美家居家装商品469|顾家家居家居家装商品198|马可波罗家居家装商品613|宜家家居家装商品838
3501,U004792,0.2898,0.241936,中意向,医药保健,高性价比优惠池,P000765|P000827|P001891|P000351|P000793,善存医药保健商品608|Swisse医药保健商品414|Swisse医药保健商品235|汤臣倍健医药保健商品112|九芝堂医药保健商品478
3502,U000386,0.2897,0.272283,中意向,服装鞋包,高性价比优惠池,P001581|P001100|P000662|P001462|P000338,耐克服装鞋包商品711|H&M服装鞋包商品119|海澜之家服装鞋包商品964|耐克服装鞋包商品391|H&M服装鞋包商品587
3503,U002921,0.2897,0.267186,中意向,食品生鲜,高性价比优惠池,P000995|P001113|P000246|P001573|P000063,良品铺子食品生鲜商品230|三只松鼠食品生鲜商品425|蒙牛食品生鲜商品866|百草味食品生鲜商品634|百草味食品生鲜商品504
3504,U004185,0.2897,0.270174,中意向,食品生鲜,高性价比优惠池,P000995|P001113|P000246|P001573|P000063,良品铺子食品生鲜商品230|三只松鼠食品生鲜商品425|蒙牛食品生鲜商品866|百草味食品生鲜商品634|百草味食品生鲜商品504
3505,U001362,0.2896,0.240448,中意向,礼品鲜花,高性价比优惠池,P000831|P000680|P001029|P000319|P000890,Roseonly礼品鲜花商品580|施华洛世奇礼品鲜花商品208|野兽派礼品鲜花商品389|施华洛世奇礼品鲜花商品633|潘多拉礼品鲜花商品586
3506,U001769,0.2895,0.279737,中意向,汽车用品,高性价比优惠池,P001350|P001831|P000932|P001413|P001281,海康威视汽车用品商品339|3M汽车用品商品278|米其林汽车用品商品745|3M汽车用品商品342|卡仕达汽车用品商品144
3507,U004451,0.2895,0.280041,中意向,礼品鲜花,高性价比优惠池,P000831|P000680|P001029|P000319|P000890,Roseonly礼品鲜花商品580|施华洛世奇礼品鲜花商品208|野兽派礼品鲜花商品389|施华洛世奇礼品鲜花商品633|潘多拉礼品鲜花商品586
3508,U004481,0.2895,0.275316,中意向,箱包配饰,高性价比优惠池,P000702|P001253|P001930|P000361|P000987,LV箱包配饰商品940|Samsonite箱包配饰商品380|Samsonite箱包配饰商品997|GUCCI箱包配饰商品904|Samsonite箱包配饰商品467
3509,U004493,0.2895,0.273771,中意向,医药保健,高性价比优惠池,P000765|P000827|P001891|P000351|P000793,善存医药保健商品608|Swisse医药保健商品414|Swisse医药保健商品235|汤臣倍健医药保健商品112|九芝堂医药保健商品478
3510,U002745,0.2893,0.261146,中意向,箱包配饰,高性价比优惠池,P000702|P001253|P001930|P000361|P000987,LV箱包配饰商品940|Samsonite箱包配饰商品380|Samsonite箱包配饰商品997|GUCCI箱包配饰商品904|Samsonite箱包配饰商品467
3511,U003973,0.2893,0.275051,中意向,医药保健,高性价比优惠池,P000765|P000827|P001891|P000351|P000793,善存医药保健商品608|Swisse医药保健商品414|Swisse医药保健商品235|汤臣倍健医药保健商品112|九芝堂医药保健商品478
3512,U003415,0.2892,0.235547,中意向,医药保健,高性价比优惠池,P000765|P000827|P001891|P000351|P000793,善存医药保健商品608|Swisse医药保健商品414|Swisse医药保健商品235|汤臣倍健医药保健商品112|九芝堂医药保健商品478
3513,U002557,0.2891,0.274255,中意向,服装鞋包,高性价比优惠池,P001581|P001100|P000662|P001462|P000338,耐克服装鞋包商品711|H&M服装鞋包商品119|海澜之家服装鞋包商品964|耐克服装鞋包商品391|H&M服装鞋包商品587
3514,U003336,0.2891,0.278485,中意向,家居家装,高性价比优惠池,P001900|P001343|P000229|P001466|P001151,顾家家居家居家装商品551|曲美家居家装商品469|顾家家居家居家装商品198|马可波罗家居家装商品613|宜家家居家装商品838
3515,U003606,0.2891,0.279358,中意向,箱包配饰,高性价比优惠池,P000702|P001253|P001930|P000361|P000987,LV箱包配饰商品940|Samsonite箱包配饰商品380|Samsonite箱包配饰商品997|GUCCI箱包配饰商品904|Samsonite箱包配饰商品467
3516,U004883,0.2891,0.266444,中意向,礼品鲜花,高性价比优惠池,P000831|P000680|P001029|P000319|P000890,Roseonly礼品鲜花商品580|施华洛世奇礼品鲜花商品208|野兽派礼品鲜花商品389|施华洛世奇礼品鲜花商品633|潘多拉礼品鲜花商品586
3517,U002137,0.289,0.281036,中意向,家用电器,高性价比优惠池,P001338|P000409|P001480|P001850|P001635,苏泊尔家用电器商品596|苏泊尔家用电器商品852|戴森家用电器商品536|戴森家用电器商品883|西门子家用电器商品795
3518,U003098,0.289,0.271432,中意向,家用电器,高性价比优惠池,P001338|P000409|P001480|P001850|P001635,苏泊尔家用电器商品596|苏泊尔家用电器商品852|戴森家用电器商品536|戴森家用电器商品883|西门子家用电器商品795
3519,U003950,0.2888,0.285277,中意向,宠物用品,高性价比优惠池,P000174|P001336|P001123|P000231|P001759,麦富迪宠物用品商品180|比瑞吉宠物用品商品181|麦富迪宠物用品商品699|pidan宠物用品商品955|网易严选宠物用品商品408
3520,U002987,0.2887,0.267993,中意向,家居家装,高性价比优惠池,P001900|P001343|P000229|P001466|P001151,顾家家居家居家装商品551|曲美家居家装商品469|顾家家居家居家装商品198|马可波罗家居家装商品613|宜家家居家装商品838
3521,U002644,0.2886,0.274059,中意向,家用电器,高性价比优惠池,P001338|P000409|P001480|P001850|P001635,苏泊尔家用电器商品596|苏泊尔家用电器商品852|戴森家用电器商品536|戴森家用电器商品883|西门子家用电器商品795
3522,U004196,0.2885,0.270124,中意向,箱包配饰,高性价比优惠池,P000702|P001253|P001930|P000361|P000987,LV箱包配饰商品940|Samsonite箱包配饰商品380|Samsonite箱包配饰商品997|GUCCI箱包配饰商品904|Samsonite箱包配饰商品467
3523,U001285,0.2884,0.271193,中意向,美妆护肤,高性价比优惠池,P001748|P000034|P001010|P000095|P001810,完美日记美妆护肤商品797|雅诗兰黛美妆护肤商品818|雅诗兰黛美妆护肤商品295|欧莱雅美妆护肤商品977|欧莱雅美妆护肤商品587
3524,U002687,0.2884,0.272427,中意向,图书音像,高性价比优惠池,P001855|P001112|P000053|P001974|P001212,京东图书图书音像商品377|中信出版社图书音像商品870|京东图书图书音像商品199|博库网图书音像商品353|新华书店图书音像商品518
3525,U003173,0.2884,0.270646,中意向,家用电器,高性价比优惠池,P001338|P000409|P001480|P001850|P001635,苏泊尔家用电器商品596|苏泊尔家用电器商品852|戴森家用电器商品536|戴森家用电器商品883|西门子家用电器商品795
3526,U001663,0.2882,0.235511,中意向,医药保健,高性价比优惠池,P000765|P000827|P001891|P000351|P000793,善存医药保健商品608|Swisse医药保健商品414|Swisse医药保健商品235|汤臣倍健医药保健商品112|九芝堂医药保健商品478
3527,U001700,0.2882,0.299137,中意向,医药保健,高性价比优惠池,P000765|P000827|P001891|P000351|P000793,善存医药保健商品608|Swisse医药保健商品414|Swisse医药保健商品235|汤臣倍健医药保健商品112|九芝堂医药保健商品478
3528,U002980,0.2882,0.279103,中意向,礼品鲜花,高性价比优惠池,P000831|P000680|P001029|P000319|P000890,Roseonly礼品鲜花商品580|施华洛世奇礼品鲜花商品208|野兽派礼品鲜花商品389|施华洛世奇礼品鲜花商品633|潘多拉礼品鲜花商品586
3529,U000458,0.2881,0.26316,中意向,服装鞋包,高性价比优惠池,P001581|P001100|P000662|P001462|P000338,耐克服装鞋包商品711|H&M服装鞋包商品119|海澜之家服装鞋包商品964|耐克服装鞋包商品391|H&M服装鞋包商品587
3530,U001156,0.288,0.279013,中意向,汽车用品,高性价比优惠池,P001350|P001831|P000932|P001413|P001281,海康威视汽车用品商品339|3M汽车用品商品278|米其林汽车用品商品745|3M汽车用品商品342|卡仕达汽车用品商品144
3531,U001577,0.288,0.275286,中意向,医药保健,高性价比优惠池,P000765|P000827|P001891|P000351|P000793,善存医药保健商品608|Swisse医药保健商品414|Swisse医药保健商品235|汤臣倍健医药保健商品112|九芝堂医药保健商品478
3532,U002932,0.288,0.271222,中意向,手机数码,高性价比优惠池,P000518|P000173|P000438|P001705|P000874,一加手机数码商品882|OPPO手机数码商品663|OPPO手机数码商品771|苹果手机数码商品445|苹果手机数码商品704
3533,U002315,0.2879,0.273996,中意向,礼品鲜花,高性价比优惠池,P000831|P000680|P001029|P000319|P000890,Roseonly礼品鲜花商品580|施华洛世奇礼品鲜花商品208|野兽派礼品鲜花商品389|施华洛世奇礼品鲜花商品633|潘多拉礼品鲜花商品586
3534,U003472,0.2879,0.278501,中意向,食品生鲜,高性价比优惠池,P000995|P001113|P000246|P001573|P000063,良品铺子食品生鲜商品230|三只松鼠食品生鲜商品425|蒙牛食品生鲜商品866|百草味食品生鲜商品634|百草味食品生鲜商品504
3535,U004629,0.2878,0.250911,中意向,食品生鲜,高性价比优惠池,P000995|P001113|P000246|P001573|P000063,良品铺子食品生鲜商品230|三只松鼠食品生鲜商品425|蒙牛食品生鲜商品866|百草味食品生鲜商品634|百草味食品生鲜商品504
3536,U001157,0.2877,0.278216,中意向,食品生鲜,高性价比优惠池,P000995|P001113|P000246|P001573|P000063,良品铺子食品生鲜商品230|三只松鼠食品生鲜商品425|蒙牛食品生鲜商品866|百草味食品生鲜商品634|百草味食品生鲜商品504
3537,U003822,0.2877,0.240089,中意向,箱包配饰,高性价比优惠池,P000702|P001253|P001930|P000361|P000987,LV箱包配饰商品940|Samsonite箱包配饰商品380|Samsonite箱包配饰商品997|GUCCI箱包配饰商品904|Samsonite箱包配饰商品467
3538,U004705,0.2877,0.281232,中意向,礼品鲜花,高性价比优惠池,P000831|P000680|P001029|P000319|P000890,Roseonly礼品鲜花商品580|施华洛世奇礼品鲜花商品208|野兽派礼品鲜花商品389|施华洛世奇礼品鲜花商品633|潘多拉礼品鲜花商品586
3539,U000758,0.2876,0.282053,中意向,图书音像,高性价比优惠池,P001855|P001112|P000053|P001974|P001212,京东图书图书音像商品377|中信出版社图书音像商品870|京东图书图书音像商品199|博库网图书音像商品353|新华书店图书音像商品518
3540,U002961,0.2876,0.256378,中意向,运动户外,高性价比优惠池,P001637|P001804|P001967|P000194|P000210,李宁运动户外商品816|李宁运动户外商品353|探路者运动户外商品827|始祖鸟运动户外商品528|安踏运动户外商品113
3541,U001868,0.2875,0.236134,中意向,礼品鲜花,高性价比优惠池,P000831|P000680|P001029|P000319|P000890,Roseonly礼品鲜花商品580|施华洛世奇礼品鲜花商品208|野兽派礼品鲜花商品389|施华洛世奇礼品鲜花商品633|潘多拉礼品鲜花商品586
3542,U001918,0.2875,0.284342,中意向,手机数码,高性价比优惠池,P000518|P000173|P000438|P001705|P000874,一加手机数码商品882|OPPO手机数码商品663|OPPO手机数码商品771|苹果手机数码商品445|苹果手机数码商品704
3543,U000257,0.2874,0.276415,中意向,手机数码,高性价比优惠池,P000518|P000173|P000438|P001705|P000874,一加手机数码商品882|OPPO手机数码商品663|OPPO手机数码商品771|苹果手机数码商品445|苹果手机数码商品704
3544,U003249,0.2874,0.256712,中意向,家居家装,高性价比优惠池,P001900|P001343|P000229|P001466|P001151,顾家家居家居家装商品551|曲美家居家装商品469|顾家家居家居家装商品198|马可波罗家居家装商品613|宜家家居家装商品838
3545,U001542,0.2871,0.20914,中意向,家用电器,高性价比优惠池,P001338|P000409|P001480|P001850|P001635,苏泊尔家用电器商品596|苏泊尔家用电器商品852|戴森家用电器商品536|戴森家用电器商品883|西门子家用电器商品795
3546,U002340,0.2871,0.252454,中意向,食品生鲜,高性价比优惠池,P000995|P001113|P000246|P001573|P000063,良品铺子食品生鲜商品230|三只松鼠食品生鲜商品425|蒙牛食品生鲜商品866|百草味食品生鲜商品634|百草味食品生鲜商品504
3547,U003094,0.2871,0.268083,中意向,医药保健,高性价比优惠池,P000765|P000827|P001891|P000351|P000793,善存医药保健商品608|Swisse医药保健商品414|Swisse医药保健商品235|汤臣倍健医药保健商品112|九芝堂医药保健商品478
3548,U001797,0.2867,0.278636,中意向,箱包配饰,高性价比优惠池,P000702|P001253|P001930|P000361|P000987,LV箱包配饰商品940|Samsonite箱包配饰商品380|Samsonite箱包配饰商品997|GUCCI箱包配饰商品904|Samsonite箱包配饰商品467
3549,U001964,0.2867,0.279077,中意向,美妆护肤,高性价比优惠池,P001748|P000034|P001010|P000095|P001810,完美日记美妆护肤商品797|雅诗兰黛美妆护肤商品818|雅诗兰黛美妆护肤商品295|欧莱雅美妆护肤商品977|欧莱雅美妆护肤商品587
3550,U004987,0.2867,0.26576,中意向,服装鞋包,高性价比优惠池,P001581|P001100|P000662|P001462|P000338,耐克服装鞋包商品711|H&M服装鞋包商品119|海澜之家服装鞋包商品964|耐克服装鞋包商品391|H&M服装鞋包商品587
3551,U001177,0.2865,0.26615,中意向,汽车用品,高性价比优惠池,P001350|P001831|P000932|P001413|P001281,海康威视汽车用品商品339|3M汽车用品商品278|米其林汽车用品商品745|3M汽车用品商品342|卡仕达汽车用品商品144
3552,U001423,0.2865,0.281534,中意向,美妆护肤,高性价比优惠池,P001748|P000034|P001010|P000095|P001810,完美日记美妆护肤商品797|雅诗兰黛美妆护肤商品818|雅诗兰黛美妆护肤商品295|欧莱雅美妆护肤商品977|欧莱雅美妆护肤商品587
3553,U002067,0.2865,0.273965,中意向,家居家装,高性价比优惠池,P001900|P001343|P000229|P001466|P001151,顾家家居家居家装商品551|曲美家居家装商品469|顾家家居家居家装商品198|马可波罗家居家装商品613|宜家家居家装商品838
3554,U003403,0.2865,0.275794,中意向,手机数码,高性价比优惠池,P000518|P000173|P000438|P001705|P000874,一加手机数码商品882|OPPO手机数码商品663|OPPO手机数码商品771|苹果手机数码商品445|苹果手机数码商品704
3555,U000816,0.2864,0.28147,中意向,家用电器,高性价比优惠池,P001338|P000409|P001480|P001850|P001635,苏泊尔家用电器商品596|苏泊尔家用电器商品852|戴森家用电器商品536|戴森家用电器商品883|西门子家用电器商品795
3556,U002827,0.2864,0.225406,中意向,手机数码,高性价比优惠池,P000518|P000173|P000438|P001705|P000874,一加手机数码商品882|OPPO手机数码商品663|OPPO手机数码商品771|苹果手机数码商品445|苹果手机数码商品704
3557,U004075,0.2864,0.257826,中意向,箱包配饰,高性价比优惠池,P000702|P001253|P001930|P000361|P000987,LV箱包配饰商品940|Samsonite箱包配饰商品380|Samsonite箱包配饰商品997|GUCCI箱包配饰商品904|Samsonite箱包配饰商品467
3558,U000947,0.2863,0.264998,中意向,家居家装,高性价比优惠池,P001900|P001343|P000229|P001466|P001151,顾家家居家居家装商品551|曲美家居家装商品469|顾家家居家居家装商品198|马可波罗家居家装商品613|宜家家居家装商品838
3559,U001945,0.2863,0.266953,中意向,手机数码,高性价比优惠池,P000518|P000173|P000438|P001705|P000874,一加手机数码商品882|OPPO手机数码商品663|OPPO手机数码商品771|苹果手机数码商品445|苹果手机数码商品704
3560,U004739,0.2863,0.280945,中意向,手机数码,高性价比优惠池,P000518|P000173|P000438|P001705|P000874,一加手机数码商品882|OPPO手机数码商品663|OPPO手机数码商品771|苹果手机数码商品445|苹果手机数码商品704
3561,U001449,0.2861,0.2607,中意向,手机数码,高性价比优惠池,P000518|P000173|P000438|P001705|P000874,一加手机数码商品882|OPPO手机数码商品663|OPPO手机数码商品771|苹果手机数码商品445|苹果手机数码商品704
3562,U002799,0.2861,0.268344,中意向,美妆护肤,高性价比优惠池,P001748|P000034|P001010|P000095|P001810,完美日记美妆护肤商品797|雅诗兰黛美妆护肤商品818|雅诗兰黛美妆护肤商品295|欧莱雅美妆护肤商品977|欧莱雅美妆护肤商品587
3563,U004233,0.2861,0.276392,中意向,,高性价比优惠池,P001855|P000765|P000174|P000974|P001112,京东图书图书音像商品377|善存医药保健商品608|麦富迪宠物用品商品180|明牌珠宝首饰商品793|中信出版社图书音像商品870
3564,U002253,0.286,0.274304,中意向,服装鞋包,高性价比优惠池,P001581|P001100|P000662|P001462|P000338,耐克服装鞋包商品711|H&M服装鞋包商品119|海澜之家服装鞋包商品964|耐克服装鞋包商品391|H&M服装鞋包商品587
3565,U000392,0.2859,0.267117,中意向,手机数码,高性价比优惠池,P000518|P000173|P000438|P001705|P000874,一加手机数码商品882|OPPO手机数码商品663|OPPO手机数码商品771|苹果手机数码商品445|苹果手机数码商品704
3566,U002986,0.2859,0.272556,中意向,食品生鲜,高性价比优惠池,P000995|P001113|P000246|P001573|P000063,良品铺子食品生鲜商品230|三只松鼠食品生鲜商品425|蒙牛食品生鲜商品866|百草味食品生鲜商品634|百草味食品生鲜商品504
3567,U003905,0.2859,0.267465,中意向,食品生鲜,高性价比优惠池,P000995|P001113|P000246|P001573|P000063,良品铺子食品生鲜商品230|三只松鼠食品生鲜商品425|蒙牛食品生鲜商品866|百草味食品生鲜商品634|百草味食品生鲜商品504
3568,U001674,0.2858,0.280764,中意向,汽车用品,高性价比优惠池,P001350|P001831|P000932|P001413|P001281,海康威视汽车用品商品339|3M汽车用品商品278|米其林汽车用品商品745|3M汽车用品商品342|卡仕达汽车用品商品144
3569,U000504,0.2857,0.270576,中意向,箱包配饰,高性价比优惠池,P000702|P001253|P001930|P000361|P000987,LV箱包配饰商品940|Samsonite箱包配饰商品380|Samsonite箱包配饰商品997|GUCCI箱包配饰商品904|Samsonite箱包配饰商品467
3570,U000919,0.2857,0.277784,中意向,汽车用品,高性价比优惠池,P001350|P001831|P000932|P001413|P001281,海康威视汽车用品商品339|3M汽车用品商品278|米其林汽车用品商品745|3M汽车用品商品342|卡仕达汽车用品商品144
3571,U004035,0.2856,0.265205,中意向,美妆护肤,高性价比优惠池,P001748|P000034|P001010|P000095|P001810,完美日记美妆护肤商品797|雅诗兰黛美妆护肤商品818|雅诗兰黛美妆护肤商品295|欧莱雅美妆护肤商品977|欧莱雅美妆护肤商品587
3572,U004896,0.2856,0.243704,中意向,手机数码,高性价比优惠池,P000518|P000173|P000438|P001705|P000874,一加手机数码商品882|OPPO手机数码商品663|OPPO手机数码商品771|苹果手机数码商品445|苹果手机数码商品704
3573,U000436,0.2855,0.27739,中意向,服装鞋包,高性价比优惠池,P001581|P001100|P000662|P001462|P000338,耐克服装鞋包商品711|H&M服装鞋包商品119|海澜之家服装鞋包商品964|耐克服装鞋包商品391|H&M服装鞋包商品587
3574,U001999,0.2855,0.298721,中意向,家居家装,高性价比优惠池,P001900|P001343|P000229|P001466|P001151,顾家家居家居家装商品551|曲美家居家装商品469|顾家家居家居家装商品198|马可波罗家居家装商品613|宜家家居家装商品838
3575,U004214,0.2854,0.268015,中意向,珠宝首饰,高性价比优惠池,P000974|P000711|P001945|P000774|P001226,明牌珠宝首饰商品793|老凤祥珠宝首饰商品116|老凤祥珠宝首饰商品246|周大福珠宝首饰商品251|潮宏基珠宝首饰商品314
3576,U002172,0.2853,0.27651,中意向,珠宝首饰,高性价比优惠池,P000974|P000711|P001945|P000774|P001226,明牌珠宝首饰商品793|老凤祥珠宝首饰商品116|老凤祥珠宝首饰商品246|周大福珠宝首饰商品251|潮宏基珠宝首饰商品314
3577,U001366,0.2852,0.267505,中意向,母婴用品,高性价比优惠池,P001683|P000635|P001865|P000991|P001946,帮宝适母婴用品商品297|贝因美母婴用品商品691|贝因美母婴用品商品921|帮宝适母婴用品商品195|花王母婴用品商品688
3578,U004484,0.2852,0.250485,中意向,母婴用品,高性价比优惠池,P001683|P000635|P001865|P000991|P001946,帮宝适母婴用品商品297|贝因美母婴用品商品691|贝因美母婴用品商品921|帮宝适母婴用品商品195|花王母婴用品商品688
3579,U004689,0.2852,0.257295,中意向,宠物用品,高性价比优惠池,P000174|P001336|P001123|P000231|P001759,麦富迪宠物用品商品180|比瑞吉宠物用品商品181|麦富迪宠物用品商品699|pidan宠物用品商品955|网易严选宠物用品商品408
3580,U000818,0.285,0.244342,中意向,医药保健,高性价比优惠池,P000765|P000827|P001891|P000351|P000793,善存医药保健商品608|Swisse医药保健商品414|Swisse医药保健商品235|汤臣倍健医药保健商品112|九芝堂医药保健商品478
3581,U003942,0.285,0.268957,中意向,礼品鲜花,高性价比优惠池,P000831|P000680|P001029|P000319|P000890,Roseonly礼品鲜花商品580|施华洛世奇礼品鲜花商品208|野兽派礼品鲜花商品389|施华洛世奇礼品鲜花商品633|潘多拉礼品鲜花商品586
3582,U004477,0.2848,0.267538,中意向,医药保健,高性价比优惠池,P000765|P000827|P001891|P000351|P000793,善存医药保健商品608|Swisse医药保健商品414|Swisse医药保健商品235|汤臣倍健医药保健商品112|九芝堂医药保健商品478
3583,U001975,0.2847,0.278241,中意向,手机数码,高性价比优惠池,P000518|P000173|P000438|P001705|P000874,一加手机数码商品882|OPPO手机数码商品663|OPPO手机数码商品771|苹果手机数码商品445|苹果手机数码商品704
3584,U004783,0.2847,0.259226,中意向,食品生鲜,高性价比优惠池,P000995|P001113|P000246|P001573|P000063,良品铺子食品生鲜商品230|三只松鼠食品生鲜商品425|蒙牛食品生鲜商品866|百草味食品生鲜商品634|百草味食品生鲜商品504
3585,U000814,0.2846,0.273086,中意向,母婴用品,高性价比优惠池,P001683|P000635|P001865|P000991|P001946,帮宝适母婴用品商品297|贝因美母婴用品商品691|贝因美母婴用品商品921|帮宝适母婴用品商品195|花王母婴用品商品688
3586,U002841,0.2846,0.279646,中意向,医药保健,高性价比优惠池,P000765|P000827|P001891|P000351|P000793,善存医药保健商品608|Swisse医药保健商品414|Swisse医药保健商品235|汤臣倍健医药保健商品112|九芝堂医药保健商品478
3587,U001287,0.2845,0.272148,中意向,箱包配饰,高性价比优惠池,P000702|P001253|P001930|P000361|P000987,LV箱包配饰商品940|Samsonite箱包配饰商品380|Samsonite箱包配饰商品997|GUCCI箱包配饰商品904|Samsonite箱包配饰商品467
3588,U001463,0.2845,0.268893,中意向,手机数码,高性价比优惠池,P000518|P000173|P000438|P001705|P000874,一加手机数码商品882|OPPO手机数码商品663|OPPO手机数码商品771|苹果手机数码商品445|苹果手机数码商品704
3589,U002668,0.2843,0.275296,中意向,食品生鲜,高性价比优惠池,P000995|P001113|P000246|P001573|P000063,良品铺子食品生鲜商品230|三只松鼠食品生鲜商品425|蒙牛食品生鲜商品866|百草味食品生鲜商品634|百草味食品生鲜商品504
3590,U004495,0.2843,0.271594,中意向,食品生鲜,高性价比优惠池,P000995|P001113|P000246|P001573|P000063,良品铺子食品生鲜商品230|三只松鼠食品生鲜商品425|蒙牛食品生鲜商品866|百草味食品生鲜商品634|百草味食品生鲜商品504
3591,U003060,0.2842,0.292338,中意向,箱包配饰,高性价比优惠池,P000702|P001253|P001930|P000361|P000987,LV箱包配饰商品940|Samsonite箱包配饰商品380|Samsonite箱包配饰商品997|GUCCI箱包配饰商品904|Samsonite箱包配饰商品467
3592,U003689,0.2842,0.223614,中意向,服装鞋包,高性价比优惠池,P001581|P001100|P000662|P001462|P000338,耐克服装鞋包商品711|H&M服装鞋包商品119|海澜之家服装鞋包商品964|耐克服装鞋包商品391|H&M服装鞋包商品587
3593,U003758,0.2842,0.26609,中意向,汽车用品,高性价比优惠池,P001350|P001831|P000932|P001413|P001281,海康威视汽车用品商品339|3M汽车用品商品278|米其林汽车用品商品745|3M汽车用品商品342|卡仕达汽车用品商品144
3594,U001161,0.2841,0.284595,中意向,美妆护肤,高性价比优惠池,P001748|P000034|P001010|P000095|P001810,完美日记美妆护肤商品797|雅诗兰黛美妆护肤商品818|雅诗兰黛美妆护肤商品295|欧莱雅美妆护肤商品977|欧莱雅美妆护肤商品587
3595,U003696,0.2841,0.262327,中意向,手机数码,高性价比优惠池,P000518|P000173|P000438|P001705|P000874,一加手机数码商品882|OPPO手机数码商品663|OPPO手机数码商品771|苹果手机数码商品445|苹果手机数码商品704
3596,U000350,0.284,0.275165,中意向,珠宝首饰,高性价比优惠池,P000974|P000711|P001945|P000774|P001226,明牌珠宝首饰商品793|老凤祥珠宝首饰商品116|老凤祥珠宝首饰商品246|周大福珠宝首饰商品251|潮宏基珠宝首饰商品314
3597,U001270,0.284,0.262194,中意向,汽车用品,高性价比优惠池,P001350|P001831|P000932|P001413|P001281,海康威视汽车用品商品339|3M汽车用品商品278|米其林汽车用品商品745|3M汽车用品商品342|卡仕达汽车用品商品144
3598,U003230,0.2839,0.268844,中意向,礼品鲜花,高性价比优惠池,P000831|P000680|P001029|P000319|P000890,Roseonly礼品鲜花商品580|施华洛世奇礼品鲜花商品208|野兽派礼品鲜花商品389|施华洛世奇礼品鲜花商品633|潘多拉礼品鲜花商品586
3599,U003859,0.2836,0.234567,中意向,宠物用品,高性价比优惠池,P000174|P001336|P001123|P000231|P001759,麦富迪宠物用品商品180|比瑞吉宠物用品商品181|麦富迪宠物用品商品699|pidan宠物用品商品955|网易严选宠物用品商品408
3600,U004132,0.2836,0.275825,中意向,手机数码,高性价比优惠池,P000518|P000173|P000438|P001705|P000874,一加手机数码商品882|OPPO手机数码商品663|OPPO手机数码商品771|苹果手机数码商品445|苹果手机数码商品704
3601,U000438,0.2835,0.282926,中意向,服装鞋包,高性价比优惠池,P001581|P001100|P000662|P001462|P000338,耐克服装鞋包商品711|H&M服装鞋包商品119|海澜之家服装鞋包商品964|耐克服装鞋包商品391|H&M服装鞋包商品587
3602,U003371,0.2835,0.272212,中意向,汽车用品,高性价比优惠池,P001350|P001831|P000932|P001413|P001281,海康威视汽车用品商品339|3M汽车用品商品278|米其林汽车用品商品745|3M汽车用品商品342|卡仕达汽车用品商品144
3603,U000329,0.2834,0.231365,中意向,汽车用品,高性价比优惠池,P001350|P001831|P000932|P001413|P001281,海康威视汽车用品商品339|3M汽车用品商品278|米其林汽车用品商品745|3M汽车用品商品342|卡仕达汽车用品商品144
3604,U000885,0.2833,0.270509,中意向,手机数码,高性价比优惠池,P000518|P000173|P000438|P001705|P000874,一加手机数码商品882|OPPO手机数码商品663|OPPO手机数码商品771|苹果手机数码商品445|苹果手机数码商品704
3605,U002495,0.2833,0.282571,中意向,手机数码,高性价比优惠池,P000518|P000173|P000438|P001705|P000874,一加手机数码商品882|OPPO手机数码商品663|OPPO手机数码商品771|苹果手机数码商品445|苹果手机数码商品704
3606,U000416,0.2832,0.260605,中意向,汽车用品,高性价比优惠池,P001350|P001831|P000932|P001413|P001281,海康威视汽车用品商品339|3M汽车用品商品278|米其林汽车用品商品745|3M汽车用品商品342|卡仕达汽车用品商品144
3607,U001642,0.2832,0.256836,中意向,食品生鲜,高性价比优惠池,P000995|P001113|P000246|P001573|P000063,良品铺子食品生鲜商品230|三只松鼠食品生鲜商品425|蒙牛食品生鲜商品866|百草味食品生鲜商品634|百草味食品生鲜商品504
3608,U004338,0.2832,0.28623,中意向,服装鞋包,高性价比优惠池,P001581|P001100|P000662|P001462|P000338,耐克服装鞋包商品711|H&M服装鞋包商品119|海澜之家服装鞋包商品964|耐克服装鞋包商品391|H&M服装鞋包商品587
3609,U003164,0.2831,0.273165,中意向,汽车用品,高性价比优惠池,P001350|P001831|P000932|P001413|P001281,海康威视汽车用品商品339|3M汽车用品商品278|米其林汽车用品商品745|3M汽车用品商品342|卡仕达汽车用品商品144
3610,U001243,0.2829,0.236976,中意向,礼品鲜花,高性价比优惠池,P000831|P000680|P001029|P000319|P000890,Roseonly礼品鲜花商品580|施华洛世奇礼品鲜花商品208|野兽派礼品鲜花商品389|施华洛世奇礼品鲜花商品633|潘多拉礼品鲜花商品586
3611,U000548,0.2828,0.265602,中意向,图书音像,高性价比优惠池,P001855|P001112|P000053|P001974|P001212,京东图书图书音像商品377|中信出版社图书音像商品870|京东图书图书音像商品199|博库网图书音像商品353|新华书店图书音像商品518
3612,U003064,0.2828,0.269747,中意向,箱包配饰,高性价比优惠池,P000702|P001253|P001930|P000361|P000987,LV箱包配饰商品940|Samsonite箱包配饰商品380|Samsonite箱包配饰商品997|GUCCI箱包配饰商品904|Samsonite箱包配饰商品467
3613,U004348,0.2827,0.262911,中意向,箱包配饰,高性价比优惠池,P000702|P001253|P001930|P000361|P000987,LV箱包配饰商品940|Samsonite箱包配饰商品380|Samsonite箱包配饰商品997|GUCCI箱包配饰商品904|Samsonite箱包配饰商品467
3614,U000837,0.2826,0.267321,中意向,汽车用品,高性价比优惠池,P001350|P001831|P000932|P001413|P001281,海康威视汽车用品商品339|3M汽车用品商品278|米其林汽车用品商品745|3M汽车用品商品342|卡仕达汽车用品商品144
3615,U002663,0.2825,0.231803,中意向,汽车用品,高性价比优惠池,P001350|P001831|P000932|P001413|P001281,海康威视汽车用品商品339|3M汽车用品商品278|米其林汽车用品商品745|3M汽车用品商品342|卡仕达汽车用品商品144
3616,U004186,0.2825,0.293641,中意向,家居家装,高性价比优惠池,P001900|P001343|P000229|P001466|P001151,顾家家居家居家装商品551|曲美家居家装商品469|顾家家居家居家装商品198|马可波罗家居家装商品613|宜家家居家装商品838
3617,U002333,0.2824,0.271637,中意向,礼品鲜花,高性价比优惠池,P000831|P000680|P001029|P000319|P000890,Roseonly礼品鲜花商品580|施华洛世奇礼品鲜花商品208|野兽派礼品鲜花商品389|施华洛世奇礼品鲜花商品633|潘多拉礼品鲜花商品586
3618,U000891,0.2823,0.280447,中意向,家用电器,高性价比优惠池,P001338|P000409|P001480|P001850|P001635,苏泊尔家用电器商品596|苏泊尔家用电器商品852|戴森家用电器商品536|戴森家用电器商品883|西门子家用电器商品795
3619,U002346,0.2823,0.266889,中意向,食品生鲜,高性价比优惠池,P000995|P001113|P000246|P001573|P000063,良品铺子食品生鲜商品230|三只松鼠食品生鲜商品425|蒙牛食品生鲜商品866|百草味食品生鲜商品634|百草味食品生鲜商品504
3620,U004615,0.2823,0.268176,中意向,食品生鲜,高性价比优惠池,P000995|P001113|P000246|P001573|P000063,良品铺子食品生鲜商品230|三只松鼠食品生鲜商品425|蒙牛食品生鲜商品866|百草味食品生鲜商品634|百草味食品生鲜商品504
3621,U000361,0.2821,0.231079,中意向,食品生鲜,高性价比优惠池,P000995|P001113|P000246|P001573|P000063,良品铺子食品生鲜商品230|三只松鼠食品生鲜商品425|蒙牛食品生鲜商品866|百草味食品生鲜商品634|百草味食品生鲜商品504
3622,U001491,0.2821,0.26196,中意向,家居家装,高性价比优惠池,P001900|P001343|P000229|P001466|P001151,顾家家居家居家装商品551|曲美家居家装商品469|顾家家居家居家装商品198|马可波罗家居家装商品613|宜家家居家装商品838
3623,U002272,0.2821,0.269176,中意向,医药保健,高性价比优惠池,P000765|P000827|P001891|P000351|P000793,善存医药保健商品608|Swisse医药保健商品414|Swisse医药保健商品235|汤臣倍健医药保健商品112|九芝堂医药保健商品478
3624,U002034,0.2819,0.268788,中意向,家居家装,高性价比优惠池,P001900|P001343|P000229|P001466|P001151,顾家家居家居家装商品551|曲美家居家装商品469|顾家家居家居家装商品198|马可波罗家居家装商品613|宜家家居家装商品838
3625,U003286,0.2819,0.266066,中意向,医药保健,高性价比优惠池,P000765|P000827|P001891|P000351|P000793,善存医药保健商品608|Swisse医药保健商品414|Swisse医药保健商品235|汤臣倍健医药保健商品112|九芝堂医药保健商品478
3626,U000824,0.2818,0.264872,中意向,母婴用品,高性价比优惠池,P001683|P000635|P001865|P000991|P001946,帮宝适母婴用品商品297|贝因美母婴用品商品691|贝因美母婴用品商品921|帮宝适母婴用品商品195|花王母婴用品商品688
3627,U003992,0.2818,0.277425,中意向,汽车用品,高性价比优惠池,P001350|P001831|P000932|P001413|P001281,海康威视汽车用品商品339|3M汽车用品商品278|米其林汽车用品商品745|3M汽车用品商品342|卡仕达汽车用品商品144
3628,U002322,0.2817,0.271581,中意向,服装鞋包,高性价比优惠池,P001581|P001100|P000662|P001462|P000338,耐克服装鞋包商品711|H&M服装鞋包商品119|海澜之家服装鞋包商品964|耐克服装鞋包商品391|H&M服装鞋包商品587
3629,U003935,0.2817,0.275062,中意向,美妆护肤,高性价比优惠池,P001748|P000034|P001010|P000095|P001810,完美日记美妆护肤商品797|雅诗兰黛美妆护肤商品818|雅诗兰黛美妆护肤商品295|欧莱雅美妆护肤商品977|欧莱雅美妆护肤商品587
3630,U000041,0.2816,0.268924,中意向,礼品鲜花,高性价比优惠池,P000831|P000680|P001029|P000319|P000890,Roseonly礼品鲜花商品580|施华洛世奇礼品鲜花商品208|野兽派礼品鲜花商品389|施华洛世奇礼品鲜花商品633|潘多拉礼品鲜花商品586
3631,U001330,0.2816,0.27059,中意向,礼品鲜花,高性价比优惠池,P000831|P000680|P001029|P000319|P000890,Roseonly礼品鲜花商品580|施华洛世奇礼品鲜花商品208|野兽派礼品鲜花商品389|施华洛世奇礼品鲜花商品633|潘多拉礼品鲜花商品586
3632,U002800,0.2816,0.262263,中意向,母婴用品,高性价比优惠池,P001683|P000635|P001865|P000991|P001946,帮宝适母婴用品商品297|贝因美母婴用品商品691|贝因美母婴用品商品921|帮宝适母婴用品商品195|花王母婴用品商品688
3633,U004110,0.2816,0.273898,中意向,宠物用品,高性价比优惠池,P000174|P001336|P001123|P000231|P001759,麦富迪宠物用品商品180|比瑞吉宠物用品商品181|麦富迪宠物用品商品699|pidan宠物用品商品955|网易严选宠物用品商品408
3634,U003949,0.2815,0.239938,中意向,汽车用品,高性价比优惠池,P001350|P001831|P000932|P001413|P001281,海康威视汽车用品商品339|3M汽车用品商品278|米其林汽车用品商品745|3M汽车用品商品342|卡仕达汽车用品商品144
3635,U003121,0.2814,0.267616,中意向,食品生鲜,高性价比优惠池,P000995|P001113|P000246|P001573|P000063,良品铺子食品生鲜商品230|三只松鼠食品生鲜商品425|蒙牛食品生鲜商品866|百草味食品生鲜商品634|百草味食品生鲜商品504
3636,U003963,0.2814,0.263941,中意向,手机数码,高性价比优惠池,P000518|P000173|P000438|P001705|P000874,一加手机数码商品882|OPPO手机数码商品663|OPPO手机数码商品771|苹果手机数码商品445|苹果手机数码商品704
3637,U004794,0.2814,0.235202,中意向,母婴用品,高性价比优惠池,P001683|P000635|P001865|P000991|P001946,帮宝适母婴用品商品297|贝因美母婴用品商品691|贝因美母婴用品商品921|帮宝适母婴用品商品195|花王母婴用品商品688
3638,U001991,0.2809,0.268539,中意向,母婴用品,高性价比优惠池,P001683|P000635|P001865|P000991|P001946,帮宝适母婴用品商品297|贝因美母婴用品商品691|贝因美母婴用品商品921|帮宝适母婴用品商品195|花王母婴用品商品688
3639,U004336,0.2807,0.269844,中意向,母婴用品,高性价比优惠池,P001683|P000635|P001865|P000991|P001946,帮宝适母婴用品商品297|贝因美母婴用品商品691|贝因美母婴用品商品921|帮宝适母婴用品商品195|花王母婴用品商品688
3640,U004882,0.2807,0.268754,中意向,珠宝首饰,高性价比优惠池,P000974|P000711|P001945|P000774|P001226,明牌珠宝首饰商品793|老凤祥珠宝首饰商品116|老凤祥珠宝首饰商品246|周大福珠宝首饰商品251|潮宏基珠宝首饰商品314
3641,U002023,0.2806,0.229611,中意向,服装鞋包,高性价比优惠池,P001581|P001100|P000662|P001462|P000338,耐克服装鞋包商品711|H&M服装鞋包商品119|海澜之家服装鞋包商品964|耐克服装鞋包商品391|H&M服装鞋包商品587
3642,U002456,0.2806,0.263454,中意向,礼品鲜花,高性价比优惠池,P000831|P000680|P001029|P000319|P000890,Roseonly礼品鲜花商品580|施华洛世奇礼品鲜花商品208|野兽派礼品鲜花商品389|施华洛世奇礼品鲜花商品633|潘多拉礼品鲜花商品586
3643,U001692,0.2805,0.27502,中意向,家用电器,高性价比优惠池,P001338|P000409|P001480|P001850|P001635,苏泊尔家用电器商品596|苏泊尔家用电器商品852|戴森家用电器商品536|戴森家用电器商品883|西门子家用电器商品795
3644,U002504,0.2805,0.26895,中意向,母婴用品,高性价比优惠池,P001683|P000635|P001865|P000991|P001946,帮宝适母婴用品商品297|贝因美母婴用品商品691|贝因美母婴用品商品921|帮宝适母婴用品商品195|花王母婴用品商品688
3645,U000687,0.2804,0.270375,中意向,母婴用品,高性价比优惠池,P001683|P000635|P001865|P000991|P001946,帮宝适母婴用品商品297|贝因美母婴用品商品691|贝因美母婴用品商品921|帮宝适母婴用品商品195|花王母婴用品商品688
3646,U001416,0.2804,0.263672,中意向,宠物用品,高性价比优惠池,P000174|P001336|P001123|P000231|P001759,麦富迪宠物用品商品180|比瑞吉宠物用品商品181|麦富迪宠物用品商品699|pidan宠物用品商品955|网易严选宠物用品商品408
3647,U001812,0.2804,0.270186,中意向,美妆护肤,高性价比优惠池,P001748|P000034|P001010|P000095|P001810,完美日记美妆护肤商品797|雅诗兰黛美妆护肤商品818|雅诗兰黛美妆护肤商品295|欧莱雅美妆护肤商品977|欧莱雅美妆护肤商品587
3648,U000958,0.2802,0.272184,中意向,美妆护肤,高性价比优惠池,P001748|P000034|P001010|P000095|P001810,完美日记美妆护肤商品797|雅诗兰黛美妆护肤商品818|雅诗兰黛美妆护肤商品295|欧莱雅美妆护肤商品977|欧莱雅美妆护肤商品587
3649,U002767,0.2802,0.266814,中意向,母婴用品,高性价比优惠池,P001683|P000635|P001865|P000991|P001946,帮宝适母婴用品商品297|贝因美母婴用品商品691|贝因美母婴用品商品921|帮宝适母婴用品商品195|花王母婴用品商品688
3650,U003356,0.2802,0.271429,中意向,运动户外,高性价比优惠池,P001637|P001804|P001967|P000194|P000210,李宁运动户外商品816|李宁运动户外商品353|探路者运动户外商品827|始祖鸟运动户外商品528|安踏运动户外商品113
3651,U001629,0.2801,0.258863,中意向,食品生鲜,高性价比优惠池,P000995|P001113|P000246|P001573|P000063,良品铺子食品生鲜商品230|三只松鼠食品生鲜商品425|蒙牛食品生鲜商品866|百草味食品生鲜商品634|百草味食品生鲜商品504
3652,U002758,0.2801,0.262618,中意向,家用电器,高性价比优惠池,P001338|P000409|P001480|P001850|P001635,苏泊尔家用电器商品596|苏泊尔家用电器商品852|戴森家用电器商品536|戴森家用电器商品883|西门子家用电器商品795
3653,U003107,0.2801,0.238477,中意向,美妆护肤,高性价比优惠池,P001748|P000034|P001010|P000095|P001810,完美日记美妆护肤商品797|雅诗兰黛美妆护肤商品818|雅诗兰黛美妆护肤商品295|欧莱雅美妆护肤商品977|欧莱雅美妆护肤商品587
3654,U001799,0.28,0.281848,中意向,母婴用品,高性价比优惠池,P001683|P000635|P001865|P000991|P001946,帮宝适母婴用品商品297|贝因美母婴用品商品691|贝因美母婴用品商品921|帮宝适母婴用品商品195|花王母婴用品商品688
3655,U003510,0.28,0.268471,中意向,手机数码,高性价比优惠池,P000518|P000173|P000438|P001705|P000874,一加手机数码商品882|OPPO手机数码商品663|OPPO手机数码商品771|苹果手机数码商品445|苹果手机数码商品704
3656,U004123,0.28,0.262697,中意向,图书音像,高性价比优惠池,P001855|P001112|P000053|P001974|P001212,京东图书图书音像商品377|中信出版社图书音像商品870|京东图书图书音像商品199|博库网图书音像商品353|新华书店图书音像商品518
3657,U003133,0.2799,0.267015,中意向,医药保健,高性价比优惠池,P000765|P000827|P001891|P000351|P000793,善存医药保健商品608|Swisse医药保健商品414|Swisse医药保健商品235|汤臣倍健医药保健商品112|九芝堂医药保健商品478
3658,U002661,0.2798,0.285572,中意向,箱包配饰,高性价比优惠池,P000702|P001253|P001930|P000361|P000987,LV箱包配饰商品940|Samsonite箱包配饰商品380|Samsonite箱包配饰商品997|GUCCI箱包配饰商品904|Samsonite箱包配饰商品467
3659,U002818,0.2798,0.259024,中意向,家用电器,高性价比优惠池,P001338|P000409|P001480|P001850|P001635,苏泊尔家用电器商品596|苏泊尔家用电器商品852|戴森家用电器商品536|戴森家用电器商品883|西门子家用电器商品795
3660,U000105,0.2797,0.281783,中意向,礼品鲜花,高性价比优惠池,P000831|P000680|P001029|P000319|P000890,Roseonly礼品鲜花商品580|施华洛世奇礼品鲜花商品208|野兽派礼品鲜花商品389|施华洛世奇礼品鲜花商品633|潘多拉礼品鲜花商品586
3661,U002537,0.2796,0.239191,中意向,珠宝首饰,高性价比优惠池,P000974|P000711|P001945|P000774|P001226,明牌珠宝首饰商品793|老凤祥珠宝首饰商品116|老凤祥珠宝首饰商品246|周大福珠宝首饰商品251|潮宏基珠宝首饰商品314
3662,U004538,0.2796,0.281262,中意向,母婴用品,高性价比优惠池,P001683|P000635|P001865|P000991|P001946,帮宝适母婴用品商品297|贝因美母婴用品商品691|贝因美母婴用品商品921|帮宝适母婴用品商品195|花王母婴用品商品688
3663,U004982,0.2791,0.243024,中意向,家用电器,高性价比优惠池,P001338|P000409|P001480|P001850|P001635,苏泊尔家用电器商品596|苏泊尔家用电器商品852|戴森家用电器商品536|戴森家用电器商品883|西门子家用电器商品795
3664,U000191,0.279,0.273049,中意向,运动户外,高性价比优惠池,P001637|P001804|P001967|P000194|P000210,李宁运动户外商品816|李宁运动户外商品353|探路者运动户外商品827|始祖鸟运动户外商品528|安踏运动户外商品113
3665,U000774,0.279,0.273847,中意向,医药保健,高性价比优惠池,P000765|P000827|P001891|P000351|P000793,善存医药保健商品608|Swisse医药保健商品414|Swisse医药保健商品235|汤臣倍健医药保健商品112|九芝堂医药保健商品478
3666,U002316,0.279,0.275765,中意向,珠宝首饰,高性价比优惠池,P000974|P000711|P001945|P000774|P001226,明牌珠宝首饰商品793|老凤祥珠宝首饰商品116|老凤祥珠宝首饰商品246|周大福珠宝首饰商品251|潮宏基珠宝首饰商品314
3667,U003953,0.2789,0.259702,中意向,汽车用品,高性价比优惠池,P001350|P001831|P000932|P001413|P001281,海康威视汽车用品商品339|3M汽车用品商品278|米其林汽车用品商品745|3M汽车用品商品342|卡仕达汽车用品商品144
3668,U004926,0.2789,0.257751,中意向,图书音像,高性价比优惠池,P001855|P001112|P000053|P001974|P001212,京东图书图书音像商品377|中信出版社图书音像商品870|京东图书图书音像商品199|博库网图书音像商品353|新华书店图书音像商品518
3669,U001225,0.2788,0.269134,中意向,家用电器,高性价比优惠池,P001338|P000409|P001480|P001850|P001635,苏泊尔家用电器商品596|苏泊尔家用电器商品852|戴森家用电器商品536|戴森家用电器商品883|西门子家用电器商品795
3670,U003457,0.2788,0.286291,中意向,家居家装,高性价比优惠池,P001900|P001343|P000229|P001466|P001151,顾家家居家居家装商品551|曲美家居家装商品469|顾家家居家居家装商品198|马可波罗家居家装商品613|宜家家居家装商品838
3671,U003505,0.2788,0.260855,中意向,医药保健,高性价比优惠池,P000765|P000827|P001891|P000351|P000793,善存医药保健商品608|Swisse医药保健商品414|Swisse医药保健商品235|汤臣倍健医药保健商品112|九芝堂医药保健商品478
3672,U000605,0.2787,0.264587,中意向,运动户外,高性价比优惠池,P001637|P001804|P001967|P000194|P000210,李宁运动户外商品816|李宁运动户外商品353|探路者运动户外商品827|始祖鸟运动户外商品528|安踏运动户外商品113
3673,U001730,0.2787,0.26619,中意向,礼品鲜花,高性价比优惠池,P000831|P000680|P001029|P000319|P000890,Roseonly礼品鲜花商品580|施华洛世奇礼品鲜花商品208|野兽派礼品鲜花商品389|施华洛世奇礼品鲜花商品633|潘多拉礼品鲜花商品586
3674,U004443,0.2787,0.257519,中意向,手机数码,高性价比优惠池,P000518|P000173|P000438|P001705|P000874,一加手机数码商品882|OPPO手机数码商品663|OPPO手机数码商品771|苹果手机数码商品445|苹果手机数码商品704
3675,U004576,0.2787,0.245574,中意向,礼品鲜花,高性价比优惠池,P000831|P000680|P001029|P000319|P000890,Roseonly礼品鲜花商品580|施华洛世奇礼品鲜花商品208|野兽派礼品鲜花商品389|施华洛世奇礼品鲜花商品633|潘多拉礼品鲜花商品586
3676,U004972,0.2787,0.268111,中意向,箱包配饰,高性价比优惠池,P000702|P001253|P001930|P000361|P000987,LV箱包配饰商品940|Samsonite箱包配饰商品380|Samsonite箱包配饰商品997|GUCCI箱包配饰商品904|Samsonite箱包配饰商品467
3677,U000483,0.2786,0.266017,中意向,食品生鲜,高性价比优惠池,P000995|P001113|P000246|P001573|P000063,良品铺子食品生鲜商品230|三只松鼠食品生鲜商品425|蒙牛食品生鲜商品866|百草味食品生鲜商品634|百草味食品生鲜商品504
3678,U000811,0.2785,0.241584,中意向,汽车用品,高性价比优惠池,P001350|P001831|P000932|P001413|P001281,海康威视汽车用品商品339|3M汽车用品商品278|米其林汽车用品商品745|3M汽车用品商品342|卡仕达汽车用品商品144
3679,U001069,0.2785,0.252265,中意向,家居家装,高性价比优惠池,P001900|P001343|P000229|P001466|P001151,顾家家居家居家装商品551|曲美家居家装商品469|顾家家居家居家装商品198|马可波罗家居家装商品613|宜家家居家装商品838
3680,U001433,0.2785,0.243866,中意向,图书音像,高性价比优惠池,P001855|P001112|P000053|P001974|P001212,京东图书图书音像商品377|中信出版社图书音像商品870|京东图书图书音像商品199|博库网图书音像商品353|新华书店图书音像商品518
3681,U003326,0.2785,0.27079,中意向,珠宝首饰,高性价比优惠池,P000974|P000711|P001945|P000774|P001226,明牌珠宝首饰商品793|老凤祥珠宝首饰商品116|老凤祥珠宝首饰商品246|周大福珠宝首饰商品251|潮宏基珠宝首饰商品314
3682,U000499,0.2783,0.266139,中意向,礼品鲜花,高性价比优惠池,P000831|P000680|P001029|P000319|P000890,Roseonly礼品鲜花商品580|施华洛世奇礼品鲜花商品208|野兽派礼品鲜花商品389|施华洛世奇礼品鲜花商品633|潘多拉礼品鲜花商品586
3683,U000599,0.2783,0.258626,中意向,礼品鲜花,高性价比优惠池,P000831|P000680|P001029|P000319|P000890,Roseonly礼品鲜花商品580|施华洛世奇礼品鲜花商品208|野兽派礼品鲜花商品389|施华洛世奇礼品鲜花商品633|潘多拉礼品鲜花商品586
3684,U001248,0.2783,0.261968,中意向,礼品鲜花,高性价比优惠池,P000831|P000680|P001029|P000319|P000890,Roseonly礼品鲜花商品580|施华洛世奇礼品鲜花商品208|野兽派礼品鲜花商品389|施华洛世奇礼品鲜花商品633|潘多拉礼品鲜花商品586
3685,U001292,0.2782,0.244509,中意向,美妆护肤,高性价比优惠池,P001748|P000034|P001010|P000095|P001810,完美日记美妆护肤商品797|雅诗兰黛美妆护肤商品818|雅诗兰黛美妆护肤商品295|欧莱雅美妆护肤商品977|欧莱雅美妆护肤商品587
3686,U002815,0.2782,0.259919,中意向,运动户外,高性价比优惠池,P001637|P001804|P001967|P000194|P000210,李宁运动户外商品816|李宁运动户外商品353|探路者运动户外商品827|始祖鸟运动户外商品528|安踏运动户外商品113
3687,U003836,0.2782,0.265316,中意向,服装鞋包,高性价比优惠池,P001581|P001100|P000662|P001462|P000338,耐克服装鞋包商品711|H&M服装鞋包商品119|海澜之家服装鞋包商品964|耐克服装鞋包商品391|H&M服装鞋包商品587
3688,U003473,0.278,0.268134,中意向,美妆护肤,高性价比优惠池,P001748|P000034|P001010|P000095|P001810,完美日记美妆护肤商品797|雅诗兰黛美妆护肤商品818|雅诗兰黛美妆护肤商品295|欧莱雅美妆护肤商品977|欧莱雅美妆护肤商品587
3689,U004408,0.278,0.269257,中意向,美妆护肤,高性价比优惠池,P001748|P000034|P001010|P000095|P001810,完美日记美妆护肤商品797|雅诗兰黛美妆护肤商品818|雅诗兰黛美妆护肤商品295|欧莱雅美妆护肤商品977|欧莱雅美妆护肤商品587
3690,U002099,0.2779,0.268854,中意向,母婴用品,高性价比优惠池,P001683|P000635|P001865|P000991|P001946,帮宝适母婴用品商品297|贝因美母婴用品商品691|贝因美母婴用品商品921|帮宝适母婴用品商品195|花王母婴用品商品688
3691,U002342,0.2778,0.261044,中意向,运动户外,高性价比优惠池,P001637|P001804|P001967|P000194|P000210,李宁运动户外商品816|李宁运动户外商品353|探路者运动户外商品827|始祖鸟运动户外商品528|安踏运动户外商品113
3692,U003418,0.2778,0.266257,中意向,医药保健,高性价比优惠池,P000765|P000827|P001891|P000351|P000793,善存医药保健商品608|Swisse医药保健商品414|Swisse医药保健商品235|汤臣倍健医药保健商品112|九芝堂医药保健商品478
3693,U003910,0.2777,0.260602,中意向,服装鞋包,高性价比优惠池,P001581|P001100|P000662|P001462|P000338,耐克服装鞋包商品711|H&M服装鞋包商品119|海澜之家服装鞋包商品964|耐克服装鞋包商品391|H&M服装鞋包商品587
3694,U000338,0.2776,0.264992,中意向,礼品鲜花,高性价比优惠池,P000831|P000680|P001029|P000319|P000890,Roseonly礼品鲜花商品580|施华洛世奇礼品鲜花商品208|野兽派礼品鲜花商品389|施华洛世奇礼品鲜花商品633|潘多拉礼品鲜花商品586
3695,U001691,0.2776,0.271452,中意向,手机数码,高性价比优惠池,P000518|P000173|P000438|P001705|P000874,一加手机数码商品882|OPPO手机数码商品663|OPPO手机数码商品771|苹果手机数码商品445|苹果手机数码商品704
3696,U003189,0.2776,0.208647,中意向,医药保健,高性价比优惠池,P000765|P000827|P001891|P000351|P000793,善存医药保健商品608|Swisse医药保健商品414|Swisse医药保健商品235|汤臣倍健医药保健商品112|九芝堂医药保健商品478
3697,U004099,0.2775,0.261537,中意向,箱包配饰,高性价比优惠池,P000702|P001253|P001930|P000361|P000987,LV箱包配饰商品940|Samsonite箱包配饰商品380|Samsonite箱包配饰商品997|GUCCI箱包配饰商品904|Samsonite箱包配饰商品467
3698,U002565,0.2774,0.264496,中意向,礼品鲜花,高性价比优惠池,P000831|P000680|P001029|P000319|P000890,Roseonly礼品鲜花商品580|施华洛世奇礼品鲜花商品208|野兽派礼品鲜花商品389|施华洛世奇礼品鲜花商品633|潘多拉礼品鲜花商品586
3699,U004505,0.2774,0.258358,中意向,图书音像,高性价比优惠池,P001855|P001112|P000053|P001974|P001212,京东图书图书音像商品377|中信出版社图书音像商品870|京东图书图书音像商品199|博库网图书音像商品353|新华书店图书音像商品518
3700,U003484,0.2773,0.280095,中意向,汽车用品,高性价比优惠池,P001350|P001831|P000932|P001413|P001281,海康威视汽车用品商品339|3M汽车用品商品278|米其林汽车用品商品745|3M汽车用品商品342|卡仕达汽车用品商品144
3701,U000435,0.2772,0.279462,中意向,食品生鲜,高性价比优惠池,P000995|P001113|P000246|P001573|P000063,良品铺子食品生鲜商品230|三只松鼠食品生鲜商品425|蒙牛食品生鲜商品866|百草味食品生鲜商品634|百草味食品生鲜商品504
3702,U001216,0.2772,0.241962,中意向,家用电器,高性价比优惠池,P001338|P000409|P001480|P001850|P001635,苏泊尔家用电器商品596|苏泊尔家用电器商品852|戴森家用电器商品536|戴森家用电器商品883|西门子家用电器商品795
3703,U000653,0.2771,0.26404,中意向,手机数码,高性价比优惠池,P000518|P000173|P000438|P001705|P000874,一加手机数码商品882|OPPO手机数码商品663|OPPO手机数码商品771|苹果手机数码商品445|苹果手机数码商品704
3704,U000662,0.2771,0.26804,中意向,母婴用品,高性价比优惠池,P001683|P000635|P001865|P000991|P001946,帮宝适母婴用品商品297|贝因美母婴用品商品691|贝因美母婴用品商品921|帮宝适母婴用品商品195|花王母婴用品商品688
3705,U000383,0.277,0.264845,中意向,手机数码,高性价比优惠池,P000518|P000173|P000438|P001705|P000874,一加手机数码商品882|OPPO手机数码商品663|OPPO手机数码商品771|苹果手机数码商品445|苹果手机数码商品704
3706,U001143,0.277,0.267618,中意向,服装鞋包,高性价比优惠池,P001581|P001100|P000662|P001462|P000338,耐克服装鞋包商品711|H&M服装鞋包商品119|海澜之家服装鞋包商品964|耐克服装鞋包商品391|H&M服装鞋包商品587
3707,U003032,0.277,0.265859,中意向,家用电器,高性价比优惠池,P001338|P000409|P001480|P001850|P001635,苏泊尔家用电器商品596|苏泊尔家用电器商品852|戴森家用电器商品536|戴森家用电器商品883|西门子家用电器商品795
3708,U002214,0.2769,0.252253,中意向,箱包配饰,高性价比优惠池,P000702|P001253|P001930|P000361|P000987,LV箱包配饰商品940|Samsonite箱包配饰商品380|Samsonite箱包配饰商品997|GUCCI箱包配饰商品904|Samsonite箱包配饰商品467
3709,U002686,0.2769,0.24818,中意向,图书音像,高性价比优惠池,P001855|P001112|P000053|P001974|P001212,京东图书图书音像商品377|中信出版社图书音像商品870|京东图书图书音像商品199|博库网图书音像商品353|新华书店图书音像商品518
3710,U003876,0.2769,0.267935,中意向,手机数码,高性价比优惠池,P000518|P000173|P000438|P001705|P000874,一加手机数码商品882|OPPO手机数码商品663|OPPO手机数码商品771|苹果手机数码商品445|苹果手机数码商品704
3711,U000819,0.2768,0.267754,中意向,母婴用品,高性价比优惠池,P001683|P000635|P001865|P000991|P001946,帮宝适母婴用品商品297|贝因美母婴用品商品691|贝因美母婴用品商品921|帮宝适母婴用品商品195|花王母婴用品商品688
3712,U001717,0.2768,0.265864,中意向,服装鞋包,高性价比优惠池,P001581|P001100|P000662|P001462|P000338,耐克服装鞋包商品711|H&M服装鞋包商品119|海澜之家服装鞋包商品964|耐克服装鞋包商品391|H&M服装鞋包商品587
3713,U003567,0.2768,0.26504,中意向,礼品鲜花,高性价比优惠池,P000831|P000680|P001029|P000319|P000890,Roseonly礼品鲜花商品580|施华洛世奇礼品鲜花商品208|野兽派礼品鲜花商品389|施华洛世奇礼品鲜花商品633|潘多拉礼品鲜花商品586
3714,U004461,0.2768,0.267942,中意向,服装鞋包,高性价比优惠池,P001581|P001100|P000662|P001462|P000338,耐克服装鞋包商品711|H&M服装鞋包商品119|海澜之家服装鞋包商品964|耐克服装鞋包商品391|H&M服装鞋包商品587
3715,U001315,0.2767,0.266112,中意向,手机数码,高性价比优惠池,P000518|P000173|P000438|P001705|P000874,一加手机数码商品882|OPPO手机数码商品663|OPPO手机数码商品771|苹果手机数码商品445|苹果手机数码商品704
3716,U004380,0.2765,0.273126,中意向,运动户外,高性价比优惠池,P001637|P001804|P001967|P000194|P000210,李宁运动户外商品816|李宁运动户外商品353|探路者运动户外商品827|始祖鸟运动户外商品528|安踏运动户外商品113
3717,U004585,0.2765,0.276459,中意向,家用电器,高性价比优惠池,P001338|P000409|P001480|P001850|P001635,苏泊尔家用电器商品596|苏泊尔家用电器商品852|戴森家用电器商品536|戴森家用电器商品883|西门子家用电器商品795
3718,U000646,0.2764,0.261002,中意向,箱包配饰,高性价比优惠池,P000702|P001253|P001930|P000361|P000987,LV箱包配饰商品940|Samsonite箱包配饰商品380|Samsonite箱包配饰商品997|GUCCI箱包配饰商品904|Samsonite箱包配饰商品467
3719,U001981,0.2764,0.275231,中意向,珠宝首饰,高性价比优惠池,P000974|P000711|P001945|P000774|P001226,明牌珠宝首饰商品793|老凤祥珠宝首饰商品116|老凤祥珠宝首饰商品246|周大福珠宝首饰商品251|潮宏基珠宝首饰商品314
3720,U002434,0.2764,0.270649,中意向,宠物用品,高性价比优惠池,P000174|P001336|P001123|P000231|P001759,麦富迪宠物用品商品180|比瑞吉宠物用品商品181|麦富迪宠物用品商品699|pidan宠物用品商品955|网易严选宠物用品商品408
3721,U004090,0.2764,0.267544,中意向,珠宝首饰,高性价比优惠池,P000974|P000711|P001945|P000774|P001226,明牌珠宝首饰商品793|老凤祥珠宝首饰商品116|老凤祥珠宝首饰商品246|周大福珠宝首饰商品251|潮宏基珠宝首饰商品314
3722,U002226,0.2763,0.281667,中意向,食品生鲜,高性价比优惠池,P000995|P001113|P000246|P001573|P000063,良品铺子食品生鲜商品230|三只松鼠食品生鲜商品425|蒙牛食品生鲜商品866|百草味食品生鲜商品634|百草味食品生鲜商品504
3723,U002264,0.2763,0.25876,中意向,服装鞋包,高性价比优惠池,P001581|P001100|P000662|P001462|P000338,耐克服装鞋包商品711|H&M服装鞋包商品119|海澜之家服装鞋包商品964|耐克服装鞋包商品391|H&M服装鞋包商品587
3724,U002383,0.2762,0.270605,中意向,汽车用品,高性价比优惠池,P001350|P001831|P000932|P001413|P001281,海康威视汽车用品商品339|3M汽车用品商品278|米其林汽车用品商品745|3M汽车用品商品342|卡仕达汽车用品商品144
3725,U000077,0.2761,0.268396,中意向,美妆护肤,高性价比优惠池,P001748|P000034|P001010|P000095|P001810,完美日记美妆护肤商品797|雅诗兰黛美妆护肤商品818|雅诗兰黛美妆护肤商品295|欧莱雅美妆护肤商品977|欧莱雅美妆护肤商品587
3726,U000457,0.2761,0.257471,中意向,珠宝首饰,高性价比优惠池,P000974|P000711|P001945|P000774|P001226,明牌珠宝首饰商品793|老凤祥珠宝首饰商品116|老凤祥珠宝首饰商品246|周大福珠宝首饰商品251|潮宏基珠宝首饰商品314
3727,U001562,0.2761,0.259505,中意向,汽车用品,高性价比优惠池,P001350|P001831|P000932|P001413|P001281,海康威视汽车用品商品339|3M汽车用品商品278|米其林汽车用品商品745|3M汽车用品商品342|卡仕达汽车用品商品144
3728,U002188,0.2761,0.249191,中意向,手机数码,高性价比优惠池,P000518|P000173|P000438|P001705|P000874,一加手机数码商品882|OPPO手机数码商品663|OPPO手机数码商品771|苹果手机数码商品445|苹果手机数码商品704
3729,U000086,0.276,0.278221,中意向,礼品鲜花,高性价比优惠池,P000831|P000680|P001029|P000319|P000890,Roseonly礼品鲜花商品580|施华洛世奇礼品鲜花商品208|野兽派礼品鲜花商品389|施华洛世奇礼品鲜花商品633|潘多拉礼品鲜花商品586
3730,U004094,0.276,0.264375,中意向,食品生鲜,高性价比优惠池,P000995|P001113|P000246|P001573|P000063,良品铺子食品生鲜商品230|三只松鼠食品生鲜商品425|蒙牛食品生鲜商品866|百草味食品生鲜商品634|百草味食品生鲜商品504
3731,U002210,0.2759,0.261094,中意向,箱包配饰,高性价比优惠池,P000702|P001253|P001930|P000361|P000987,LV箱包配饰商品940|Samsonite箱包配饰商品380|Samsonite箱包配饰商品997|GUCCI箱包配饰商品904|Samsonite箱包配饰商品467
3732,U000280,0.2758,0.267913,中意向,图书音像,高性价比优惠池,P001855|P001112|P000053|P001974|P001212,京东图书图书音像商品377|中信出版社图书音像商品870|京东图书图书音像商品199|博库网图书音像商品353|新华书店图书音像商品518
3733,U000336,0.2758,0.269404,中意向,母婴用品,高性价比优惠池,P001683|P000635|P001865|P000991|P001946,帮宝适母婴用品商品297|贝因美母婴用品商品691|贝因美母婴用品商品921|帮宝适母婴用品商品195|花王母婴用品商品688
3734,U004463,0.2758,0.203312,中意向,图书音像,高性价比优惠池,P001855|P001112|P000053|P001974|P001212,京东图书图书音像商品377|中信出版社图书音像商品870|京东图书图书音像商品199|博库网图书音像商品353|新华书店图书音像商品518
3735,U001388,0.2755,0.274187,中意向,医药保健,高性价比优惠池,P000765|P000827|P001891|P000351|P000793,善存医药保健商品608|Swisse医药保健商品414|Swisse医药保健商品235|汤臣倍健医药保健商品112|九芝堂医药保健商品478
3736,U003218,0.2755,0.265938,中意向,运动户外,高性价比优惠池,P001637|P001804|P001967|P000194|P000210,李宁运动户外商品816|李宁运动户外商品353|探路者运动户外商品827|始祖鸟运动户外商品528|安踏运动户外商品113
3737,U004950,0.2755,0.277,中意向,珠宝首饰,高性价比优惠池,P000974|P000711|P001945|P000774|P001226,明牌珠宝首饰商品793|老凤祥珠宝首饰商品116|老凤祥珠宝首饰商品246|周大福珠宝首饰商品251|潮宏基珠宝首饰商品314
3738,U003012,0.2754,0.265904,中意向,图书音像,高性价比优惠池,P001855|P001112|P000053|P001974|P001212,京东图书图书音像商品377|中信出版社图书音像商品870|京东图书图书音像商品199|博库网图书音像商品353|新华书店图书音像商品518
3739,U003154,0.2754,0.279836,中意向,手机数码,高性价比优惠池,P000518|P000173|P000438|P001705|P000874,一加手机数码商品882|OPPO手机数码商品663|OPPO手机数码商品771|苹果手机数码商品445|苹果手机数码商品704
3740,U004105,0.2754,0.230843,中意向,母婴用品,高性价比优惠池,P001683|P000635|P001865|P000991|P001946,帮宝适母婴用品商品297|贝因美母婴用品商品691|贝因美母婴用品商品921|帮宝适母婴用品商品195|花王母婴用品商品688
3741,U004916,0.2754,0.275421,中意向,箱包配饰,高性价比优惠池,P000702|P001253|P001930|P000361|P000987,LV箱包配饰商品940|Samsonite箱包配饰商品380|Samsonite箱包配饰商品997|GUCCI箱包配饰商品904|Samsonite箱包配饰商品467
3742,U004311,0.2753,0.257252,中意向,汽车用品,高性价比优惠池,P001350|P001831|P000932|P001413|P001281,海康威视汽车用品商品339|3M汽车用品商品278|米其林汽车用品商品745|3M汽车用品商品342|卡仕达汽车用品商品144
3743,U003165,0.2752,0.260591,中意向,运动户外,高性价比优惠池,P001637|P001804|P001967|P000194|P000210,李宁运动户外商品816|李宁运动户外商品353|探路者运动户外商品827|始祖鸟运动户外商品528|安踏运动户外商品113
3744,U002107,0.2751,0.257218,中意向,服装鞋包,高性价比优惠池,P001581|P001100|P000662|P001462|P000338,耐克服装鞋包商品711|H&M服装鞋包商品119|海澜之家服装鞋包商品964|耐克服装鞋包商品391|H&M服装鞋包商品587
3745,U002810,0.2751,0.258068,中意向,汽车用品,高性价比优惠池,P001350|P001831|P000932|P001413|P001281,海康威视汽车用品商品339|3M汽车用品商品278|米其林汽车用品商品745|3M汽车用品商品342|卡仕达汽车用品商品144
3746,U003143,0.2751,0.260076,中意向,家用电器,高性价比优惠池,P001338|P000409|P001480|P001850|P001635,苏泊尔家用电器商品596|苏泊尔家用电器商品852|戴森家用电器商品536|戴森家用电器商品883|西门子家用电器商品795
3747,U004043,0.275,0.267828,中意向,箱包配饰,高性价比优惠池,P000702|P001253|P001930|P000361|P000987,LV箱包配饰商品940|Samsonite箱包配饰商品380|Samsonite箱包配饰商品997|GUCCI箱包配饰商品904|Samsonite箱包配饰商品467
3748,U001523,0.2748,0.269592,中意向,箱包配饰,高性价比优惠池,P000702|P001253|P001930|P000361|P000987,LV箱包配饰商品940|Samsonite箱包配饰商品380|Samsonite箱包配饰商品997|GUCCI箱包配饰商品904|Samsonite箱包配饰商品467
3749,U001958,0.2748,0.252657,中意向,汽车用品,高性价比优惠池,P001350|P001831|P000932|P001413|P001281,海康威视汽车用品商品339|3M汽车用品商品278|米其林汽车用品商品745|3M汽车用品商品342|卡仕达汽车用品商品144
3750,U000028,0.2747,0.259859,中意向,家用电器,高性价比优惠池,P001338|P000409|P001480|P001850|P001635,苏泊尔家用电器商品596|苏泊尔家用电器商品852|戴森家用电器商品536|戴森家用电器商品883|西门子家用电器商品795
3751,U001344,0.2747,0.26368,中意向,汽车用品,高性价比优惠池,P001350|P001831|P000932|P001413|P001281,海康威视汽车用品商品339|3M汽车用品商品278|米其林汽车用品商品745|3M汽车用品商品342|卡仕达汽车用品商品144
3752,U003944,0.2747,0.249603,中意向,宠物用品,高性价比优惠池,P000174|P001336|P001123|P000231|P001759,麦富迪宠物用品商品180|比瑞吉宠物用品商品181|麦富迪宠物用品商品699|pidan宠物用品商品955|网易严选宠物用品商品408
3753,U001666,0.2746,0.24727,中意向,服装鞋包,高性价比优惠池,P001581|P001100|P000662|P001462|P000338,耐克服装鞋包商品711|H&M服装鞋包商品119|海澜之家服装鞋包商品964|耐克服装鞋包商品391|H&M服装鞋包商品587
3754,U003357,0.2746,0.275425,中意向,手机数码,高性价比优惠池,P000518|P000173|P000438|P001705|P000874,一加手机数码商品882|OPPO手机数码商品663|OPPO手机数码商品771|苹果手机数码商品445|苹果手机数码商品704
3755,U000442,0.2745,0.265646,中意向,家居家装,高性价比优惠池,P001900|P001343|P000229|P001466|P001151,顾家家居家居家装商品551|曲美家居家装商品469|顾家家居家居家装商品198|马可波罗家居家装商品613|宜家家居家装商品838
3756,U000469,0.2745,0.248606,中意向,家用电器,高性价比优惠池,P001338|P000409|P001480|P001850|P001635,苏泊尔家用电器商品596|苏泊尔家用电器商品852|戴森家用电器商品536|戴森家用电器商品883|西门子家用电器商品795
3757,U001105,0.2745,0.271904,中意向,医药保健,高性价比优惠池,P000765|P000827|P001891|P000351|P000793,善存医药保健商品608|Swisse医药保健商品414|Swisse医药保健商品235|汤臣倍健医药保健商品112|九芝堂医药保健商品478
3758,U003775,0.2745,0.230834,中意向,家居家装,高性价比优惠池,P001900|P001343|P000229|P001466|P001151,顾家家居家居家装商品551|曲美家居家装商品469|顾家家居家居家装商品198|马可波罗家居家装商品613|宜家家居家装商品838
3759,U003583,0.2744,0.259457,中意向,宠物用品,高性价比优惠池,P000174|P001336|P001123|P000231|P001759,麦富迪宠物用品商品180|比瑞吉宠物用品商品181|麦富迪宠物用品商品699|pidan宠物用品商品955|网易严选宠物用品商品408
3760,U002290,0.2743,0.251213,中意向,汽车用品,高性价比优惠池,P001350|P001831|P000932|P001413|P001281,海康威视汽车用品商品339|3M汽车用品商品278|米其林汽车用品商品745|3M汽车用品商品342|卡仕达汽车用品商品144
3761,U002361,0.2743,0.26223,中意向,珠宝首饰,高性价比优惠池,P000974|P000711|P001945|P000774|P001226,明牌珠宝首饰商品793|老凤祥珠宝首饰商品116|老凤祥珠宝首饰商品246|周大福珠宝首饰商品251|潮宏基珠宝首饰商品314
3762,U001928,0.2742,0.257977,中意向,汽车用品,高性价比优惠池,P001350|P001831|P000932|P001413|P001281,海康威视汽车用品商品339|3M汽车用品商品278|米其林汽车用品商品745|3M汽车用品商品342|卡仕达汽车用品商品144
3763,U004627,0.2742,0.265616,中意向,汽车用品,高性价比优惠池,P001350|P001831|P000932|P001413|P001281,海康威视汽车用品商品339|3M汽车用品商品278|米其林汽车用品商品745|3M汽车用品商品342|卡仕达汽车用品商品144
3764,U001882,0.2741,0.256943,中意向,家居家装,高性价比优惠池,P001900|P001343|P000229|P001466|P001151,顾家家居家居家装商品551|曲美家居家装商品469|顾家家居家居家装商品198|马可波罗家居家装商品613|宜家家居家装商品838
3765,U003205,0.2741,0.263728,中意向,宠物用品,高性价比优惠池,P000174|P001336|P001123|P000231|P001759,麦富迪宠物用品商品180|比瑞吉宠物用品商品181|麦富迪宠物用品商品699|pidan宠物用品商品955|网易严选宠物用品商品408
3766,U004959,0.274,0.267271,中意向,家居家装,高性价比优惠池,P001900|P001343|P000229|P001466|P001151,顾家家居家居家装商品551|曲美家居家装商品469|顾家家居家居家装商品198|马可波罗家居家装商品613|宜家家居家装商品838
3767,U000979,0.2739,0.241991,中意向,宠物用品,高性价比优惠池,P000174|P001336|P001123|P000231|P001759,麦富迪宠物用品商品180|比瑞吉宠物用品商品181|麦富迪宠物用品商品699|pidan宠物用品商品955|网易严选宠物用品商品408
3768,U001202,0.2739,0.280099,中意向,箱包配饰,高性价比优惠池,P000702|P001253|P001930|P000361|P000987,LV箱包配饰商品940|Samsonite箱包配饰商品380|Samsonite箱包配饰商品997|GUCCI箱包配饰商品904|Samsonite箱包配饰商品467
3769,U000135,0.2738,0.230791,中意向,医药保健,高性价比优惠池,P000765|P000827|P001891|P000351|P000793,善存医药保健商品608|Swisse医药保健商品414|Swisse医药保健商品235|汤臣倍健医药保健商品112|九芝堂医药保健商品478
3770,U000577,0.2738,0.244148,中意向,美妆护肤,高性价比优惠池,P001748|P000034|P001010|P000095|P001810,完美日记美妆护肤商品797|雅诗兰黛美妆护肤商品818|雅诗兰黛美妆护肤商品295|欧莱雅美妆护肤商品977|欧莱雅美妆护肤商品587
3771,U000601,0.2738,0.254738,中意向,珠宝首饰,高性价比优惠池,P000974|P000711|P001945|P000774|P001226,明牌珠宝首饰商品793|老凤祥珠宝首饰商品116|老凤祥珠宝首饰商品246|周大福珠宝首饰商品251|潮宏基珠宝首饰商品314
3772,U002261,0.2738,0.272418,中意向,家用电器,高性价比优惠池,P001338|P000409|P001480|P001850|P001635,苏泊尔家用电器商品596|苏泊尔家用电器商品852|戴森家用电器商品536|戴森家用电器商品883|西门子家用电器商品795
3773,U003391,0.2738,0.257868,中意向,服装鞋包,高性价比优惠池,P001581|P001100|P000662|P001462|P000338,耐克服装鞋包商品711|H&M服装鞋包商品119|海澜之家服装鞋包商品964|耐克服装鞋包商品391|H&M服装鞋包商品587
3774,U004138,0.2738,0.264458,中意向,宠物用品,高性价比优惠池,P000174|P001336|P001123|P000231|P001759,麦富迪宠物用品商品180|比瑞吉宠物用品商品181|麦富迪宠物用品商品699|pidan宠物用品商品955|网易严选宠物用品商品408
3775,U004252,0.2738,0.280993,中意向,珠宝首饰,高性价比优惠池,P000974|P000711|P001945|P000774|P001226,明牌珠宝首饰商品793|老凤祥珠宝首饰商品116|老凤祥珠宝首饰商品246|周大福珠宝首饰商品251|潮宏基珠宝首饰商品314
3776,U004686,0.2738,0.260557,中意向,服装鞋包,高性价比优惠池,P001581|P001100|P000662|P001462|P000338,耐克服装鞋包商品711|H&M服装鞋包商品119|海澜之家服装鞋包商品964|耐克服装鞋包商品391|H&M服装鞋包商品587
3777,U001563,0.2737,0.24874,中意向,母婴用品,高性价比优惠池,P001683|P000635|P001865|P000991|P001946,帮宝适母婴用品商品297|贝因美母婴用品商品691|贝因美母婴用品商品921|帮宝适母婴用品商品195|花王母婴用品商品688
3778,U002182,0.2736,0.256536,中意向,珠宝首饰,高性价比优惠池,P000974|P000711|P001945|P000774|P001226,明牌珠宝首饰商品793|老凤祥珠宝首饰商品116|老凤祥珠宝首饰商品246|周大福珠宝首饰商品251|潮宏基珠宝首饰商品314
3779,U003710,0.2736,0.25826,中意向,母婴用品,高性价比优惠池,P001683|P000635|P001865|P000991|P001946,帮宝适母婴用品商品297|贝因美母婴用品商品691|贝因美母婴用品商品921|帮宝适母婴用品商品195|花王母婴用品商品688
3780,U004570,0.2736,0.273886,中意向,手机数码,高性价比优惠池,P000518|P000173|P000438|P001705|P000874,一加手机数码商品882|OPPO手机数码商品663|OPPO手机数码商品771|苹果手机数码商品445|苹果手机数码商品704
3781,U002448,0.2735,0.237002,中意向,箱包配饰,高性价比优惠池,P000702|P001253|P001930|P000361|P000987,LV箱包配饰商品940|Samsonite箱包配饰商品380|Samsonite箱包配饰商品997|GUCCI箱包配饰商品904|Samsonite箱包配饰商品467
3782,U004254,0.2735,0.239742,中意向,礼品鲜花,高性价比优惠池,P000831|P000680|P001029|P000319|P000890,Roseonly礼品鲜花商品580|施华洛世奇礼品鲜花商品208|野兽派礼品鲜花商品389|施华洛世奇礼品鲜花商品633|潘多拉礼品鲜花商品586
3783,U000941,0.2734,0.253541,中意向,汽车用品,高性价比优惠池,P001350|P001831|P000932|P001413|P001281,海康威视汽车用品商品339|3M汽车用品商品278|米其林汽车用品商品745|3M汽车用品商品342|卡仕达汽车用品商品144
3784,U004668,0.2733,0.229904,中意向,手机数码,高性价比优惠池,P000518|P000173|P000438|P001705|P000874,一加手机数码商品882|OPPO手机数码商品663|OPPO手机数码商品771|苹果手机数码商品445|苹果手机数码商品704
3785,U001703,0.2732,0.255992,中意向,汽车用品,高性价比优惠池,P001350|P001831|P000932|P001413|P001281,海康威视汽车用品商品339|3M汽车用品商品278|米其林汽车用品商品745|3M汽车用品商品342|卡仕达汽车用品商品144
3786,U002638,0.2731,0.258263,中意向,汽车用品,高性价比优惠池,P001350|P001831|P000932|P001413|P001281,海康威视汽车用品商品339|3M汽车用品商品278|米其林汽车用品商品745|3M汽车用品商品342|卡仕达汽车用品商品144
3787,U004577,0.2731,0.266445,中意向,服装鞋包,高性价比优惠池,P001581|P001100|P000662|P001462|P000338,耐克服装鞋包商品711|H&M服装鞋包商品119|海澜之家服装鞋包商品964|耐克服装鞋包商品391|H&M服装鞋包商品587
3788,U000858,0.273,0.264405,中意向,家用电器,高性价比优惠池,P001338|P000409|P001480|P001850|P001635,苏泊尔家用电器商品596|苏泊尔家用电器商品852|戴森家用电器商品536|戴森家用电器商品883|西门子家用电器商品795
3789,U001093,0.2729,0.253557,中意向,医药保健,高性价比优惠池,P000765|P000827|P001891|P000351|P000793,善存医药保健商品608|Swisse医药保健商品414|Swisse医药保健商品235|汤臣倍健医药保健商品112|九芝堂医药保健商品478
3790,U004875,0.2729,0.261381,中意向,食品生鲜,高性价比优惠池,P000995|P001113|P000246|P001573|P000063,良品铺子食品生鲜商品230|三只松鼠食品生鲜商品425|蒙牛食品生鲜商品866|百草味食品生鲜商品634|百草味食品生鲜商品504
3791,U001512,0.2728,0.268551,中意向,珠宝首饰,高性价比优惠池,P000974|P000711|P001945|P000774|P001226,明牌珠宝首饰商品793|老凤祥珠宝首饰商品116|老凤祥珠宝首饰商品246|周大福珠宝首饰商品251|潮宏基珠宝首饰商品314
3792,U002710,0.2728,0.255342,中意向,运动户外,高性价比优惠池,P001637|P001804|P001967|P000194|P000210,李宁运动户外商品816|李宁运动户外商品353|探路者运动户外商品827|始祖鸟运动户外商品528|安踏运动户外商品113
3793,U002048,0.2727,0.25663,中意向,家用电器,高性价比优惠池,P001338|P000409|P001480|P001850|P001635,苏泊尔家用电器商品596|苏泊尔家用电器商品852|戴森家用电器商品536|戴森家用电器商品883|西门子家用电器商品795
3794,U000767,0.2724,0.260067,中意向,食品生鲜,高性价比优惠池,P000995|P001113|P000246|P001573|P000063,良品铺子食品生鲜商品230|三只松鼠食品生鲜商品425|蒙牛食品生鲜商品866|百草味食品生鲜商品634|百草味食品生鲜商品504
3795,U000839,0.2724,0.243726,中意向,图书音像,高性价比优惠池,P001855|P001112|P000053|P001974|P001212,京东图书图书音像商品377|中信出版社图书音像商品870|京东图书图书音像商品199|博库网图书音像商品353|新华书店图书音像商品518
3796,U001709,0.2723,0.262427,中意向,图书音像,高性价比优惠池,P001855|P001112|P000053|P001974|P001212,京东图书图书音像商品377|中信出版社图书音像商品870|京东图书图书音像商品199|博库网图书音像商品353|新华书店图书音像商品518
3797,U003420,0.2723,0.266998,中意向,母婴用品,高性价比优惠池,P001683|P000635|P001865|P000991|P001946,帮宝适母婴用品商品297|贝因美母婴用品商品691|贝因美母婴用品商品921|帮宝适母婴用品商品195|花王母婴用品商品688
3798,U002130,0.2722,0.255677,中意向,美妆护肤,高性价比优惠池,P001748|P000034|P001010|P000095|P001810,完美日记美妆护肤商品797|雅诗兰黛美妆护肤商品818|雅诗兰黛美妆护肤商品295|欧莱雅美妆护肤商品977|欧莱雅美妆护肤商品587
3799,U004176,0.2721,0.250427,中意向,箱包配饰,高性价比优惠池,P000702|P001253|P001930|P000361|P000987,LV箱包配饰商品940|Samsonite箱包配饰商品380|Samsonite箱包配饰商品997|GUCCI箱包配饰商品904|Samsonite箱包配饰商品467
3800,U002983,0.2719,0.269988,中意向,礼品鲜花,高性价比优惠池,P000831|P000680|P001029|P000319|P000890,Roseonly礼品鲜花商品580|施华洛世奇礼品鲜花商品208|野兽派礼品鲜花商品389|施华洛世奇礼品鲜花商品633|潘多拉礼品鲜花商品586
3801,U003127,0.2718,0.260307,中意向,服装鞋包,高性价比优惠池,P001581|P001100|P000662|P001462|P000338,耐克服装鞋包商品711|H&M服装鞋包商品119|海澜之家服装鞋包商品964|耐克服装鞋包商品391|H&M服装鞋包商品587
3802,U003172,0.2718,0.269588,中意向,医药保健,高性价比优惠池,P000765|P000827|P001891|P000351|P000793,善存医药保健商品608|Swisse医药保健商品414|Swisse医药保健商品235|汤臣倍健医药保健商品112|九芝堂医药保健商品478
3803,U004421,0.2718,0.259905,中意向,图书音像,高性价比优惠池,P001855|P001112|P000053|P001974|P001212,京东图书图书音像商品377|中信出版社图书音像商品870|京东图书图书音像商品199|博库网图书音像商品353|新华书店图书音像商品518
3804,U004625,0.2717,0.27295,中意向,箱包配饰,高性价比优惠池,P000702|P001253|P001930|P000361|P000987,LV箱包配饰商品940|Samsonite箱包配饰商品380|Samsonite箱包配饰商品997|GUCCI箱包配饰商品904|Samsonite箱包配饰商品467
3805,U002846,0.2716,0.259231,中意向,医药保健,高性价比优惠池,P000765|P000827|P001891|P000351|P000793,善存医药保健商品608|Swisse医药保健商品414|Swisse医药保健商品235|汤臣倍健医药保健商品112|九芝堂医药保健商品478
3806,U003845,0.2715,0.258529,中意向,家居家装,高性价比优惠池,P001900|P001343|P000229|P001466|P001151,顾家家居家居家装商品551|曲美家居家装商品469|顾家家居家居家装商品198|马可波罗家居家装商品613|宜家家居家装商品838
3807,U004347,0.2715,0.246216,中意向,箱包配饰,高性价比优惠池,P000702|P001253|P001930|P000361|P000987,LV箱包配饰商品940|Samsonite箱包配饰商品380|Samsonite箱包配饰商品997|GUCCI箱包配饰商品904|Samsonite箱包配饰商品467
3808,U004428,0.2715,0.256037,中意向,家居家装,高性价比优惠池,P001900|P001343|P000229|P001466|P001151,顾家家居家居家装商品551|曲美家居家装商品469|顾家家居家居家装商品198|马可波罗家居家装商品613|宜家家居家装商品838
3809,U001373,0.2714,0.258075,中意向,手机数码,高性价比优惠池,P000518|P000173|P000438|P001705|P000874,一加手机数码商品882|OPPO手机数码商品663|OPPO手机数码商品771|苹果手机数码商品445|苹果手机数码商品704
3810,U001839,0.2714,0.26443,中意向,服装鞋包,高性价比优惠池,P001581|P001100|P000662|P001462|P000338,耐克服装鞋包商品711|H&M服装鞋包商品119|海澜之家服装鞋包商品964|耐克服装鞋包商品391|H&M服装鞋包商品587
3811,U004802,0.2714,0.259137,中意向,宠物用品,高性价比优惠池,P000174|P001336|P001123|P000231|P001759,麦富迪宠物用品商品180|比瑞吉宠物用品商品181|麦富迪宠物用品商品699|pidan宠物用品商品955|网易严选宠物用品商品408
3812,U000384,0.2713,0.260557,中意向,礼品鲜花,高性价比优惠池,P000831|P000680|P001029|P000319|P000890,Roseonly礼品鲜花商品580|施华洛世奇礼品鲜花商品208|野兽派礼品鲜花商品389|施华洛世奇礼品鲜花商品633|潘多拉礼品鲜花商品586
3813,U000635,0.2713,0.270253,中意向,宠物用品,高性价比优惠池,P000174|P001336|P001123|P000231|P001759,麦富迪宠物用品商品180|比瑞吉宠物用品商品181|麦富迪宠物用品商品699|pidan宠物用品商品955|网易严选宠物用品商品408
3814,U004911,0.2713,0.263901,中意向,汽车用品,高性价比优惠池,P001350|P001831|P000932|P001413|P001281,海康威视汽车用品商品339|3M汽车用品商品278|米其林汽车用品商品745|3M汽车用品商品342|卡仕达汽车用品商品144
3815,U003525,0.2712,0.262078,中意向,图书音像,高性价比优惠池,P001855|P001112|P000053|P001974|P001212,京东图书图书音像商品377|中信出版社图书音像商品870|京东图书图书音像商品199|博库网图书音像商品353|新华书店图书音像商品518
3816,U000126,0.271,0.258397,中意向,礼品鲜花,高性价比优惠池,P000831|P000680|P001029|P000319|P000890,Roseonly礼品鲜花商品580|施华洛世奇礼品鲜花商品208|野兽派礼品鲜花商品389|施华洛世奇礼品鲜花商品633|潘多拉礼品鲜花商品586
3817,U000908,0.271,0.201776,中意向,手机数码,高性价比优惠池,P000518|P000173|P000438|P001705|P000874,一加手机数码商品882|OPPO手机数码商品663|OPPO手机数码商品771|苹果手机数码商品445|苹果手机数码商品704
3818,U001556,0.271,0.25543,中意向,珠宝首饰,高性价比优惠池,P000974|P000711|P001945|P000774|P001226,明牌珠宝首饰商品793|老凤祥珠宝首饰商品116|老凤祥珠宝首饰商品246|周大福珠宝首饰商品251|潮宏基珠宝首饰商品314
3819,U001808,0.271,0.226578,中意向,宠物用品,高性价比优惠池,P000174|P001336|P001123|P000231|P001759,麦富迪宠物用品商品180|比瑞吉宠物用品商品181|麦富迪宠物用品商品699|pidan宠物用品商品955|网易严选宠物用品商品408
3820,U004112,0.271,0.265828,中意向,家居家装,高性价比优惠池,P001900|P001343|P000229|P001466|P001151,顾家家居家居家装商品551|曲美家居家装商品469|顾家家居家居家装商品198|马可波罗家居家装商品613|宜家家居家装商品838
3821,U001483,0.2709,0.24496,中意向,家用电器,高性价比优惠池,P001338|P000409|P001480|P001850|P001635,苏泊尔家用电器商品596|苏泊尔家用电器商品852|戴森家用电器商品536|戴森家用电器商品883|西门子家用电器商品795
3822,U000849,0.2707,0.269266,中意向,医药保健,高性价比优惠池,P000765|P000827|P001891|P000351|P000793,善存医药保健商品608|Swisse医药保健商品414|Swisse医药保健商品235|汤臣倍健医药保健商品112|九芝堂医药保健商品478
3823,U001046,0.2706,0.254377,中意向,家居家装,高性价比优惠池,P001900|P001343|P000229|P001466|P001151,顾家家居家居家装商品551|曲美家居家装商品469|顾家家居家居家装商品198|马可波罗家居家装商品613|宜家家居家装商品838
3824,U003369,0.2706,0.260467,中意向,运动户外,高性价比优惠池,P001637|P001804|P001967|P000194|P000210,李宁运动户外商品816|李宁运动户外商品353|探路者运动户外商品827|始祖鸟运动户外商品528|安踏运动户外商品113
3825,U000197,0.2705,0.241224,中意向,服装鞋包,高性价比优惠池,P001581|P001100|P000662|P001462|P000338,耐克服装鞋包商品711|H&M服装鞋包商品119|海澜之家服装鞋包商品964|耐克服装鞋包商品391|H&M服装鞋包商品587
3826,U004127,0.2705,0.254606,中意向,母婴用品,高性价比优惠池,P001683|P000635|P001865|P000991|P001946,帮宝适母婴用品商品297|贝因美母婴用品商品691|贝因美母婴用品商品921|帮宝适母婴用品商品195|花王母婴用品商品688
3827,U004599,0.2705,0.259425,中意向,服装鞋包,高性价比优惠池,P001581|P001100|P000662|P001462|P000338,耐克服装鞋包商品711|H&M服装鞋包商品119|海澜之家服装鞋包商品964|耐克服装鞋包商品391|H&M服装鞋包商品587
3828,U002380,0.2703,0.271775,中意向,家居家装,高性价比优惠池,P001900|P001343|P000229|P001466|P001151,顾家家居家居家装商品551|曲美家居家装商品469|顾家家居家居家装商品198|马可波罗家居家装商品613|宜家家居家装商品838
3829,U003399,0.2703,0.257999,中意向,宠物用品,高性价比优惠池,P000174|P001336|P001123|P000231|P001759,麦富迪宠物用品商品180|比瑞吉宠物用品商品181|麦富迪宠物用品商品699|pidan宠物用品商品955|网易严选宠物用品商品408
3830,U001011,0.2702,0.259534,中意向,珠宝首饰,高性价比优惠池,P000974|P000711|P001945|P000774|P001226,明牌珠宝首饰商品793|老凤祥珠宝首饰商品116|老凤祥珠宝首饰商品246|周大福珠宝首饰商品251|潮宏基珠宝首饰商品314
3831,U001791,0.2702,0.257593,中意向,家用电器,高性价比优惠池,P001338|P000409|P001480|P001850|P001635,苏泊尔家用电器商品596|苏泊尔家用电器商品852|戴森家用电器商品536|戴森家用电器商品883|西门子家用电器商品795
3832,U004391,0.2702,0.261594,中意向,家用电器,高性价比优惠池,P001338|P000409|P001480|P001850|P001635,苏泊尔家用电器商品596|苏泊尔家用电器商品852|戴森家用电器商品536|戴森家用电器商品883|西门子家用电器商品795
3833,U004969,0.2702,0.23302,中意向,箱包配饰,高性价比优惠池,P000702|P001253|P001930|P000361|P000987,LV箱包配饰商品940|Samsonite箱包配饰商品380|Samsonite箱包配饰商品997|GUCCI箱包配饰商品904|Samsonite箱包配饰商品467
3834,U002674,0.27,0.296259,中意向,美妆护肤,高性价比优惠池,P001748|P000034|P001010|P000095|P001810,完美日记美妆护肤商品797|雅诗兰黛美妆护肤商品818|雅诗兰黛美妆护肤商品295|欧莱雅美妆护肤商品977|欧莱雅美妆护肤商品587
3835,U000273,0.2699,0.262229,中意向,运动户外,高性价比优惠池,P001637|P001804|P001967|P000194|P000210,李宁运动户外商品816|李宁运动户外商品353|探路者运动户外商品827|始祖鸟运动户外商品528|安踏运动户外商品113
3836,U004415,0.2699,0.274607,中意向,图书音像,高性价比优惠池,P001855|P001112|P000053|P001974|P001212,京东图书图书音像商品377|中信出版社图书音像商品870|京东图书图书音像商品199|博库网图书音像商品353|新华书店图书音像商品518
3837,U000032,0.2698,0.243014,中意向,礼品鲜花,高性价比优惠池,P000831|P000680|P001029|P000319|P000890,Roseonly礼品鲜花商品580|施华洛世奇礼品鲜花商品208|野兽派礼品鲜花商品389|施华洛世奇礼品鲜花商品633|潘多拉礼品鲜花商品586
3838,U002009,0.2698,0.262321,中意向,珠宝首饰,高性价比优惠池,P000974|P000711|P001945|P000774|P001226,明牌珠宝首饰商品793|老凤祥珠宝首饰商品116|老凤祥珠宝首饰商品246|周大福珠宝首饰商品251|潮宏基珠宝首饰商品314
3839,U003593,0.2698,0.255053,中意向,服装鞋包,高性价比优惠池,P001581|P001100|P000662|P001462|P000338,耐克服装鞋包商品711|H&M服装鞋包商品119|海澜之家服装鞋包商品964|耐克服装鞋包商品391|H&M服装鞋包商品587
3840,U003882,0.2698,0.260613,中意向,服装鞋包,高性价比优惠池,P001581|P001100|P000662|P001462|P000338,耐克服装鞋包商品711|H&M服装鞋包商品119|海澜之家服装鞋包商品964|耐克服装鞋包商品391|H&M服装鞋包商品587
3841,U004006,0.2698,0.260693,中意向,家用电器,高性价比优惠池,P001338|P000409|P001480|P001850|P001635,苏泊尔家用电器商品596|苏泊尔家用电器商品852|戴森家用电器商品536|戴森家用电器商品883|西门子家用电器商品795
3842,U004041,0.2698,0.274278,中意向,宠物用品,高性价比优惠池,P000174|P001336|P001123|P000231|P001759,麦富迪宠物用品商品180|比瑞吉宠物用品商品181|麦富迪宠物用品商品699|pidan宠物用品商品955|网易严选宠物用品商品408
3843,U000196,0.2697,0.276531,中意向,食品生鲜,高性价比优惠池,P000995|P001113|P000246|P001573|P000063,良品铺子食品生鲜商品230|三只松鼠食品生鲜商品425|蒙牛食品生鲜商品866|百草味食品生鲜商品634|百草味食品生鲜商品504
3844,U001771,0.2697,0.224722,中意向,运动户外,高性价比优惠池,P001637|P001804|P001967|P000194|P000210,李宁运动户外商品816|李宁运动户外商品353|探路者运动户外商品827|始祖鸟运动户外商品528|安踏运动户外商品113
3845,U002033,0.2697,0.270148,中意向,珠宝首饰,高性价比优惠池,P000974|P000711|P001945|P000774|P001226,明牌珠宝首饰商品793|老凤祥珠宝首饰商品116|老凤祥珠宝首饰商品246|周大福珠宝首饰商品251|潮宏基珠宝首饰商品314
3846,U000514,0.2695,0.259681,中意向,美妆护肤,高性价比优惠池,P001748|P000034|P001010|P000095|P001810,完美日记美妆护肤商品797|雅诗兰黛美妆护肤商品818|雅诗兰黛美妆护肤商品295|欧莱雅美妆护肤商品977|欧莱雅美妆护肤商品587
3847,U000883,0.2695,0.257588,中意向,家用电器,高性价比优惠池,P001338|P000409|P001480|P001850|P001635,苏泊尔家用电器商品596|苏泊尔家用电器商品852|戴森家用电器商品536|戴森家用电器商品883|西门子家用电器商品795
3848,U004167,0.2694,0.266435,中意向,美妆护肤,高性价比优惠池,P001748|P000034|P001010|P000095|P001810,完美日记美妆护肤商品797|雅诗兰黛美妆护肤商品818|雅诗兰黛美妆护肤商品295|欧莱雅美妆护肤商品977|欧莱雅美妆护肤商品587
3849,U004183,0.2694,0.253975,中意向,母婴用品,高性价比优惠池,P001683|P000635|P001865|P000991|P001946,帮宝适母婴用品商品297|贝因美母婴用品商品691|贝因美母婴用品商品921|帮宝适母婴用品商品195|花王母婴用品商品688
3850,U000721,0.2693,0.260894,中意向,箱包配饰,高性价比优惠池,P000702|P001253|P001930|P000361|P000987,LV箱包配饰商品940|Samsonite箱包配饰商品380|Samsonite箱包配饰商品997|GUCCI箱包配饰商品904|Samsonite箱包配饰商品467
3851,U003282,0.2692,0.264392,中意向,汽车用品,高性价比优惠池,P001350|P001831|P000932|P001413|P001281,海康威视汽车用品商品339|3M汽车用品商品278|米其林汽车用品商品745|3M汽车用品商品342|卡仕达汽车用品商品144
3852,U002412,0.2691,0.258021,中意向,医药保健,高性价比优惠池,P000765|P000827|P001891|P000351|P000793,善存医药保健商品608|Swisse医药保健商品414|Swisse医药保健商品235|汤臣倍健医药保健商品112|九芝堂医药保健商品478
3853,U003946,0.2691,0.254254,中意向,医药保健,高性价比优惠池,P000765|P000827|P001891|P000351|P000793,善存医药保健商品608|Swisse医药保健商品414|Swisse医药保健商品235|汤臣倍健医药保健商品112|九芝堂医药保健商品478
3854,U001648,0.269,0.247906,中意向,箱包配饰,高性价比优惠池,P000702|P001253|P001930|P000361|P000987,LV箱包配饰商品940|Samsonite箱包配饰商品380|Samsonite箱包配饰商品997|GUCCI箱包配饰商品904|Samsonite箱包配饰商品467
3855,U003043,0.269,0.258838,中意向,服装鞋包,高性价比优惠池,P001581|P001100|P000662|P001462|P000338,耐克服装鞋包商品711|H&M服装鞋包商品119|海澜之家服装鞋包商品964|耐克服装鞋包商品391|H&M服装鞋包商品587
3856,U001393,0.2687,0.224777,中意向,母婴用品,高性价比优惠池,P001683|P000635|P001865|P000991|P001946,帮宝适母婴用品商品297|贝因美母婴用品商品691|贝因美母婴用品商品921|帮宝适母婴用品商品195|花王母婴用品商品688
3857,U003031,0.2685,0.255716,中意向,图书音像,高性价比优惠池,P001855|P001112|P000053|P001974|P001212,京东图书图书音像商品377|中信出版社图书音像商品870|京东图书图书音像商品199|博库网图书音像商品353|新华书店图书音像商品518
3858,U000095,0.2683,0.263484,中意向,母婴用品,高性价比优惠池,P001683|P000635|P001865|P000991|P001946,帮宝适母婴用品商品297|贝因美母婴用品商品691|贝因美母婴用品商品921|帮宝适母婴用品商品195|花王母婴用品商品688
3859,U000132,0.268,0.269337,中意向,箱包配饰,高性价比优惠池,P000702|P001253|P001930|P000361|P000987,LV箱包配饰商品940|Samsonite箱包配饰商品380|Samsonite箱包配饰商品997|GUCCI箱包配饰商品904|Samsonite箱包配饰商品467
3860,U000268,0.2678,0.255359,中意向,箱包配饰,高性价比优惠池,P000702|P001253|P001930|P000361|P000987,LV箱包配饰商品940|Samsonite箱包配饰商品380|Samsonite箱包配饰商品997|GUCCI箱包配饰商品904|Samsonite箱包配饰商品467
3861,U002831,0.2676,0.264024,中意向,图书音像,高性价比优惠池,P001855|P001112|P000053|P001974|P001212,京东图书图书音像商品377|中信出版社图书音像商品870|京东图书图书音像商品199|博库网图书音像商品353|新华书店图书音像商品518
3862,U004205,0.2676,0.25458,中意向,家用电器,高性价比优惠池,P001338|P000409|P001480|P001850|P001635,苏泊尔家用电器商品596|苏泊尔家用电器商品852|戴森家用电器商品536|戴森家用电器商品883|西门子家用电器商品795
3863,U003610,0.2675,0.268844,中意向,医药保健,高性价比优惠池,P000765|P000827|P001891|P000351|P000793,善存医药保健商品608|Swisse医药保健商品414|Swisse医药保健商品235|汤臣倍健医药保健商品112|九芝堂医药保健商品478
3864,U000923,0.2674,0.248532,中意向,图书音像,高性价比优惠池,P001855|P001112|P000053|P001974|P001212,京东图书图书音像商品377|中信出版社图书音像商品870|京东图书图书音像商品199|博库网图书音像商品353|新华书店图书音像商品518
3865,U000897,0.2672,0.255933,中意向,汽车用品,高性价比优惠池,P001350|P001831|P000932|P001413|P001281,海康威视汽车用品商品339|3M汽车用品商品278|米其林汽车用品商品745|3M汽车用品商品342|卡仕达汽车用品商品144
3866,U003874,0.2672,0.26461,中意向,运动户外,高性价比优惠池,P001637|P001804|P001967|P000194|P000210,李宁运动户外商品816|李宁运动户外商品353|探路者运动户外商品827|始祖鸟运动户外商品528|安踏运动户外商品113
3867,U000040,0.2671,0.264616,中意向,手机数码,高性价比优惠池,P000518|P000173|P000438|P001705|P000874,一加手机数码商品882|OPPO手机数码商品663|OPPO手机数码商品771|苹果手机数码商品445|苹果手机数码商品704
3868,U000323,0.2671,0.289667,中意向,手机数码,高性价比优惠池,P000518|P000173|P000438|P001705|P000874,一加手机数码商品882|OPPO手机数码商品663|OPPO手机数码商品771|苹果手机数码商品445|苹果手机数码商品704
3869,U003134,0.2671,0.264126,中意向,服装鞋包,高性价比优惠池,P001581|P001100|P000662|P001462|P000338,耐克服装鞋包商品711|H&M服装鞋包商品119|海澜之家服装鞋包商品964|耐克服装鞋包商品391|H&M服装鞋包商品587
3870,U000143,0.267,0.278985,中意向,手机数码,高性价比优惠池,P000518|P000173|P000438|P001705|P000874,一加手机数码商品882|OPPO手机数码商品663|OPPO手机数码商品771|苹果手机数码商品445|苹果手机数码商品704
3871,U000405,0.2669,0.256439,中意向,服装鞋包,高性价比优惠池,P001581|P001100|P000662|P001462|P000338,耐克服装鞋包商品711|H&M服装鞋包商品119|海澜之家服装鞋包商品964|耐克服装鞋包商品391|H&M服装鞋包商品587
3872,U000790,0.2669,0.236529,中意向,母婴用品,高性价比优惠池,P001683|P000635|P001865|P000991|P001946,帮宝适母婴用品商品297|贝因美母婴用品商品691|贝因美母婴用品商品921|帮宝适母婴用品商品195|花王母婴用品商品688
3873,U002569,0.2669,0.258886,中意向,箱包配饰,高性价比优惠池,P000702|P001253|P001930|P000361|P000987,LV箱包配饰商品940|Samsonite箱包配饰商品380|Samsonite箱包配饰商品997|GUCCI箱包配饰商品904|Samsonite箱包配饰商品467
3874,U000166,0.2667,0.27161,中意向,图书音像,高性价比优惠池,P001855|P001112|P000053|P001974|P001212,京东图书图书音像商品377|中信出版社图书音像商品870|京东图书图书音像商品199|博库网图书音像商品353|新华书店图书音像商品518
3875,U003471,0.2667,0.258541,中意向,美妆护肤,高性价比优惠池,P001748|P000034|P001010|P000095|P001810,完美日记美妆护肤商品797|雅诗兰黛美妆护肤商品818|雅诗兰黛美妆护肤商品295|欧莱雅美妆护肤商品977|欧莱雅美妆护肤商品587
3876,U004116,0.2667,0.258523,中意向,珠宝首饰,高性价比优惠池,P000974|P000711|P001945|P000774|P001226,明牌珠宝首饰商品793|老凤祥珠宝首饰商品116|老凤祥珠宝首饰商品246|周大福珠宝首饰商品251|潮宏基珠宝首饰商品314
3877,U001925,0.2666,0.250915,中意向,服装鞋包,高性价比优惠池,P001581|P001100|P000662|P001462|P000338,耐克服装鞋包商品711|H&M服装鞋包商品119|海澜之家服装鞋包商品964|耐克服装鞋包商品391|H&M服装鞋包商品587
3878,U002129,0.2664,0.250303,中意向,母婴用品,高性价比优惠池,P001683|P000635|P001865|P000991|P001946,帮宝适母婴用品商品297|贝因美母婴用品商品691|贝因美母婴用品商品921|帮宝适母婴用品商品195|花王母婴用品商品688
3879,U002386,0.2664,0.271749,中意向,手机数码,高性价比优惠池,P000518|P000173|P000438|P001705|P000874,一加手机数码商品882|OPPO手机数码商品663|OPPO手机数码商品771|苹果手机数码商品445|苹果手机数码商品704
3880,U003952,0.2664,0.258479,中意向,图书音像,高性价比优惠池,P001855|P001112|P000053|P001974|P001212,京东图书图书音像商品377|中信出版社图书音像商品870|京东图书图书音像商品199|博库网图书音像商品353|新华书店图书音像商品518
3881,U003816,0.2663,0.254288,中意向,宠物用品,高性价比优惠池,P000174|P001336|P001123|P000231|P001759,麦富迪宠物用品商品180|比瑞吉宠物用品商品181|麦富迪宠物用品商品699|pidan宠物用品商品955|网易严选宠物用品商品408
3882,U000286,0.2662,0.268564,中意向,服装鞋包,高性价比优惠池,P001581|P001100|P000662|P001462|P000338,耐克服装鞋包商品711|H&M服装鞋包商品119|海澜之家服装鞋包商品964|耐克服装鞋包商品391|H&M服装鞋包商品587
3883,U001028,0.2662,0.253043,中意向,手机数码,高性价比优惠池,P000518|P000173|P000438|P001705|P000874,一加手机数码商品882|OPPO手机数码商品663|OPPO手机数码商品771|苹果手机数码商品445|苹果手机数码商品704
3884,U003238,0.2662,0.267846,中意向,汽车用品,高性价比优惠池,P001350|P001831|P000932|P001413|P001281,海康威视汽车用品商品339|3M汽车用品商品278|米其林汽车用品商品745|3M汽车用品商品342|卡仕达汽车用品商品144
3885,U003811,0.2662,0.261891,中意向,手机数码,高性价比优惠池,P000518|P000173|P000438|P001705|P000874,一加手机数码商品882|OPPO手机数码商品663|OPPO手机数码商品771|苹果手机数码商品445|苹果手机数码商品704
3886,U000198,0.2661,0.257226,中意向,手机数码,高性价比优惠池,P000518|P000173|P000438|P001705|P000874,一加手机数码商品882|OPPO手机数码商品663|OPPO手机数码商品771|苹果手机数码商品445|苹果手机数码商品704
3887,U001719,0.2661,0.259605,中意向,母婴用品,高性价比优惠池,P001683|P000635|P001865|P000991|P001946,帮宝适母婴用品商品297|贝因美母婴用品商品691|贝因美母婴用品商品921|帮宝适母婴用品商品195|花王母婴用品商品688
3888,U003971,0.2661,0.24943,中意向,礼品鲜花,高性价比优惠池,P000831|P000680|P001029|P000319|P000890,Roseonly礼品鲜花商品580|施华洛世奇礼品鲜花商品208|野兽派礼品鲜花商品389|施华洛世奇礼品鲜花商品633|潘多拉礼品鲜花商品586
3889,U002388,0.2659,0.26709,中意向,母婴用品,高性价比优惠池,P001683|P000635|P001865|P000991|P001946,帮宝适母婴用品商品297|贝因美母婴用品商品691|贝因美母婴用品商品921|帮宝适母婴用品商品195|花王母婴用品商品688
3890,U002413,0.2659,0.269157,中意向,箱包配饰,高性价比优惠池,P000702|P001253|P001930|P000361|P000987,LV箱包配饰商品940|Samsonite箱包配饰商品380|Samsonite箱包配饰商品997|GUCCI箱包配饰商品904|Samsonite箱包配饰商品467
3891,U001790,0.2658,0.254148,中意向,家居家装,高性价比优惠池,P001900|P001343|P000229|P001466|P001151,顾家家居家居家装商品551|曲美家居家装商品469|顾家家居家居家装商品198|马可波罗家居家装商品613|宜家家居家装商品838
3892,U004828,0.2658,0.266002,中意向,医药保健,高性价比优惠池,P000765|P000827|P001891|P000351|P000793,善存医药保健商品608|Swisse医药保健商品414|Swisse医药保健商品235|汤臣倍健医药保健商品112|九芝堂医药保健商品478
3893,U000637,0.2657,0.258972,中意向,运动户外,高性价比优惠池,P001637|P001804|P001967|P000194|P000210,李宁运动户外商品816|李宁运动户外商品353|探路者运动户外商品827|始祖鸟运动户外商品528|安踏运动户外商品113
3894,U004673,0.2657,0.27293,中意向,美妆护肤,高性价比优惠池,P001748|P000034|P001010|P000095|P001810,完美日记美妆护肤商品797|雅诗兰黛美妆护肤商品818|雅诗兰黛美妆护肤商品295|欧莱雅美妆护肤商品977|欧莱雅美妆护肤商品587
3895,U001099,0.2656,0.255056,中意向,服装鞋包,高性价比优惠池,P001581|P001100|P000662|P001462|P000338,耐克服装鞋包商品711|H&M服装鞋包商品119|海澜之家服装鞋包商品964|耐克服装鞋包商品391|H&M服装鞋包商品587
3896,U004858,0.2656,0.255568,中意向,图书音像,高性价比优惠池,P001855|P001112|P000053|P001974|P001212,京东图书图书音像商品377|中信出版社图书音像商品870|京东图书图书音像商品199|博库网图书音像商品353|新华书店图书音像商品518
3897,U001591,0.2655,0.242664,中意向,箱包配饰,高性价比优惠池,P000702|P001253|P001930|P000361|P000987,LV箱包配饰商品940|Samsonite箱包配饰商品380|Samsonite箱包配饰商品997|GUCCI箱包配饰商品904|Samsonite箱包配饰商品467
3898,U001748,0.2655,0.234284,中意向,美妆护肤,高性价比优惠池,P001748|P000034|P001010|P000095|P001810,完美日记美妆护肤商品797|雅诗兰黛美妆护肤商品818|雅诗兰黛美妆护肤商品295|欧莱雅美妆护肤商品977|欧莱雅美妆护肤商品587
3899,U000153,0.2654,0.238356,中意向,医药保健,高性价比优惠池,P000765|P000827|P001891|P000351|P000793,善存医药保健商品608|Swisse医药保健商品414|Swisse医药保健商品235|汤臣倍健医药保健商品112|九芝堂医药保健商品478
3900,U003251,0.2654,0.243771,中意向,医药保健,高性价比优惠池,P000765|P000827|P001891|P000351|P000793,善存医药保健商品608|Swisse医药保健商品414|Swisse医药保健商品235|汤臣倍健医药保健商品112|九芝堂医药保健商品478
3901,U004460,0.2654,0.260773,中意向,美妆护肤,高性价比优惠池,P001748|P000034|P001010|P000095|P001810,完美日记美妆护肤商品797|雅诗兰黛美妆护肤商品818|雅诗兰黛美妆护肤商品295|欧莱雅美妆护肤商品977|欧莱雅美妆护肤商品587
3902,U004551,0.2654,0.262583,中意向,食品生鲜,高性价比优惠池,P000995|P001113|P000246|P001573|P000063,良品铺子食品生鲜商品230|三只松鼠食品生鲜商品425|蒙牛食品生鲜商品866|百草味食品生鲜商品634|百草味食品生鲜商品504
3903,U004591,0.2654,0.258502,中意向,家居家装,高性价比优惠池,P001900|P001343|P000229|P001466|P001151,顾家家居家居家装商品551|曲美家居家装商品469|顾家家居家居家装商品198|马可波罗家居家装商品613|宜家家居家装商品838
3904,U003976,0.2652,0.267788,中意向,运动户外,高性价比优惠池,P001637|P001804|P001967|P000194|P000210,李宁运动户外商品816|李宁运动户外商品353|探路者运动户外商品827|始祖鸟运动户外商品528|安踏运动户外商品113
3905,U003851,0.2651,0.259227,中意向,箱包配饰,高性价比优惠池,P000702|P001253|P001930|P000361|P000987,LV箱包配饰商品940|Samsonite箱包配饰商品380|Samsonite箱包配饰商品997|GUCCI箱包配饰商品904|Samsonite箱包配饰商品467
3906,U000005,0.265,0.252998,中意向,家用电器,高性价比优惠池,P001338|P000409|P001480|P001850|P001635,苏泊尔家用电器商品596|苏泊尔家用电器商品852|戴森家用电器商品536|戴森家用电器商品883|西门子家用电器商品795
3907,U003928,0.2649,0.244118,中意向,母婴用品,高性价比优惠池,P001683|P000635|P001865|P000991|P001946,帮宝适母婴用品商品297|贝因美母婴用品商品691|贝因美母婴用品商品921|帮宝适母婴用品商品195|花王母婴用品商品688
3908,U000301,0.2648,0.254592,中意向,服装鞋包,高性价比优惠池,P001581|P001100|P000662|P001462|P000338,耐克服装鞋包商品711|H&M服装鞋包商品119|海澜之家服装鞋包商品964|耐克服装鞋包商品391|H&M服装鞋包商品587
3909,U001759,0.2648,0.250275,中意向,汽车用品,高性价比优惠池,P001350|P001831|P000932|P001413|P001281,海康威视汽车用品商品339|3M汽车用品商品278|米其林汽车用品商品745|3M汽车用品商品342|卡仕达汽车用品商品144
3910,U002645,0.2647,0.264476,中意向,家用电器,高性价比优惠池,P001338|P000409|P001480|P001850|P001635,苏泊尔家用电器商品596|苏泊尔家用电器商品852|戴森家用电器商品536|戴森家用电器商品883|西门子家用电器商品795
3911,U002706,0.2647,0.259153,中意向,礼品鲜花,高性价比优惠池,P000831|P000680|P001029|P000319|P000890,Roseonly礼品鲜花商品580|施华洛世奇礼品鲜花商品208|野兽派礼品鲜花商品389|施华洛世奇礼品鲜花商品633|潘多拉礼品鲜花商品586
3912,U000401,0.2644,0.257049,中意向,珠宝首饰,高性价比优惠池,P000974|P000711|P001945|P000774|P001226,明牌珠宝首饰商品793|老凤祥珠宝首饰商品116|老凤祥珠宝首饰商品246|周大福珠宝首饰商品251|潮宏基珠宝首饰商品314
3913,U003151,0.2644,0.233438,中意向,服装鞋包,高性价比优惠池,P001581|P001100|P000662|P001462|P000338,耐克服装鞋包商品711|H&M服装鞋包商品119|海澜之家服装鞋包商品964|耐克服装鞋包商品391|H&M服装鞋包商品587
3914,U003438,0.2644,0.264211,中意向,箱包配饰,高性价比优惠池,P000702|P001253|P001930|P000361|P000987,LV箱包配饰商品940|Samsonite箱包配饰商品380|Samsonite箱包配饰商品997|GUCCI箱包配饰商品904|Samsonite箱包配饰商品467
3915,U003496,0.2644,0.255888,中意向,美妆护肤,高性价比优惠池,P001748|P000034|P001010|P000095|P001810,完美日记美妆护肤商品797|雅诗兰黛美妆护肤商品818|雅诗兰黛美妆护肤商品295|欧莱雅美妆护肤商品977|欧莱雅美妆护肤商品587
3916,U000497,0.2643,0.270019,中意向,礼品鲜花,高性价比优惠池,P000831|P000680|P001029|P000319|P000890,Roseonly礼品鲜花商品580|施华洛世奇礼品鲜花商品208|野兽派礼品鲜花商品389|施华洛世奇礼品鲜花商品633|潘多拉礼品鲜花商品586
3917,U004142,0.2643,0.2049,中意向,家用电器,高性价比优惠池,P001338|P000409|P001480|P001850|P001635,苏泊尔家用电器商品596|苏泊尔家用电器商品852|戴森家用电器商品536|戴森家用电器商品883|西门子家用电器商品795
3918,U000769,0.2642,0.264194,中意向,手机数码,高性价比优惠池,P000518|P000173|P000438|P001705|P000874,一加手机数码商品882|OPPO手机数码商品663|OPPO手机数码商品771|苹果手机数码商品445|苹果手机数码商品704
3919,U002665,0.2642,0.256852,中意向,礼品鲜花,高性价比优惠池,P000831|P000680|P001029|P000319|P000890,Roseonly礼品鲜花商品580|施华洛世奇礼品鲜花商品208|野兽派礼品鲜花商品389|施华洛世奇礼品鲜花商品633|潘多拉礼品鲜花商品586
3920,U003847,0.2642,0.241658,中意向,礼品鲜花,高性价比优惠池,P000831|P000680|P001029|P000319|P000890,Roseonly礼品鲜花商品580|施华洛世奇礼品鲜花商品208|野兽派礼品鲜花商品389|施华洛世奇礼品鲜花商品633|潘多拉礼品鲜花商品586
3921,U003993,0.2642,0.249751,中意向,图书音像,高性价比优惠池,P001855|P001112|P000053|P001974|P001212,京东图书图书音像商品377|中信出版社图书音像商品870|京东图书图书音像商品199|博库网图书音像商品353|新华书店图书音像商品518
3922,U004151,0.2642,0.265095,中意向,礼品鲜花,高性价比优惠池,P000831|P000680|P001029|P000319|P000890,Roseonly礼品鲜花商品580|施华洛世奇礼品鲜花商品208|野兽派礼品鲜花商品389|施华洛世奇礼品鲜花商品633|潘多拉礼品鲜花商品586
3923,U004016,0.2641,0.253871,中意向,医药保健,高性价比优惠池,P000765|P000827|P001891|P000351|P000793,善存医药保健商品608|Swisse医药保健商品414|Swisse医药保健商品235|汤臣倍健医药保健商品112|九芝堂医药保健商品478
3924,U004578,0.2641,0.250001,中意向,食品生鲜,高性价比优惠池,P000995|P001113|P000246|P001573|P000063,良品铺子食品生鲜商品230|三只松鼠食品生鲜商品425|蒙牛食品生鲜商品866|百草味食品生鲜商品634|百草味食品生鲜商品504
3925,U004459,0.264,0.269535,中意向,手机数码,高性价比优惠池,P000518|P000173|P000438|P001705|P000874,一加手机数码商品882|OPPO手机数码商品663|OPPO手机数码商品771|苹果手机数码商品445|苹果手机数码商品704
3926,U001686,0.2639,0.257554,中意向,医药保健,高性价比优惠池,P000765|P000827|P001891|P000351|P000793,善存医药保健商品608|Swisse医药保健商品414|Swisse医药保健商品235|汤臣倍健医药保健商品112|九芝堂医药保健商品478
3927,U004259,0.2639,0.244691,中意向,母婴用品,高性价比优惠池,P001683|P000635|P001865|P000991|P001946,帮宝适母婴用品商品297|贝因美母婴用品商品691|贝因美母婴用品商品921|帮宝适母婴用品商品195|花王母婴用品商品688
3928,U000362,0.2638,0.252602,中意向,家用电器,高性价比优惠池,P001338|P000409|P001480|P001850|P001635,苏泊尔家用电器商品596|苏泊尔家用电器商品852|戴森家用电器商品536|戴森家用电器商品883|西门子家用电器商品795
3929,U002749,0.2638,0.257933,中意向,家居家装,高性价比优惠池,P001900|P001343|P000229|P001466|P001151,顾家家居家居家装商品551|曲美家居家装商品469|顾家家居家居家装商品198|马可波罗家居家装商品613|宜家家居家装商品838
3930,U003862,0.2638,0.260547,中意向,汽车用品,高性价比优惠池,P001350|P001831|P000932|P001413|P001281,海康威视汽车用品商品339|3M汽车用品商品278|米其林汽车用品商品745|3M汽车用品商品342|卡仕达汽车用品商品144
3931,U004024,0.2638,0.241486,中意向,礼品鲜花,高性价比优惠池,P000831|P000680|P001029|P000319|P000890,Roseonly礼品鲜花商品580|施华洛世奇礼品鲜花商品208|野兽派礼品鲜花商品389|施华洛世奇礼品鲜花商品633|潘多拉礼品鲜花商品586
3932,U000511,0.2637,0.262585,中意向,汽车用品,高性价比优惠池,P001350|P001831|P000932|P001413|P001281,海康威视汽车用品商品339|3M汽车用品商品278|米其林汽车用品商品745|3M汽车用品商品342|卡仕达汽车用品商品144
3933,U002429,0.2636,0.252917,中意向,美妆护肤,高性价比优惠池,P001748|P000034|P001010|P000095|P001810,完美日记美妆护肤商品797|雅诗兰黛美妆护肤商品818|雅诗兰黛美妆护肤商品295|欧莱雅美妆护肤商品977|欧莱雅美妆护肤商品587
3934,U002526,0.2636,0.248269,中意向,家用电器,高性价比优惠池,P001338|P000409|P001480|P001850|P001635,苏泊尔家用电器商品596|苏泊尔家用电器商品852|戴森家用电器商品536|戴森家用电器商品883|西门子家用电器商品795
3935,U003463,0.2634,0.264911,中意向,服装鞋包,高性价比优惠池,P001581|P001100|P000662|P001462|P000338,耐克服装鞋包商品711|H&M服装鞋包商品119|海澜之家服装鞋包商品964|耐克服装鞋包商品391|H&M服装鞋包商品587
3936,U000813,0.2633,0.257595,中意向,图书音像,高性价比优惠池,P001855|P001112|P000053|P001974|P001212,京东图书图书音像商品377|中信出版社图书音像商品870|京东图书图书音像商品199|博库网图书音像商品353|新华书店图书音像商品518
3937,U002104,0.2633,0.253535,中意向,美妆护肤,高性价比优惠池,P001748|P000034|P001010|P000095|P001810,完美日记美妆护肤商品797|雅诗兰黛美妆护肤商品818|雅诗兰黛美妆护肤商品295|欧莱雅美妆护肤商品977|欧莱雅美妆护肤商品587
3938,U002952,0.2633,0.257517,中意向,礼品鲜花,高性价比优惠池,P000831|P000680|P001029|P000319|P000890,Roseonly礼品鲜花商品580|施华洛世奇礼品鲜花商品208|野兽派礼品鲜花商品389|施华洛世奇礼品鲜花商品633|潘多拉礼品鲜花商品586
3939,U000870,0.2631,0.224629,中意向,食品生鲜,高性价比优惠池,P000995|P001113|P000246|P001573|P000063,良品铺子食品生鲜商品230|三只松鼠食品生鲜商品425|蒙牛食品生鲜商品866|百草味食品生鲜商品634|百草味食品生鲜商品504
3940,U001272,0.2631,0.257936,中意向,服装鞋包,高性价比优惠池,P001581|P001100|P000662|P001462|P000338,耐克服装鞋包商品711|H&M服装鞋包商品119|海澜之家服装鞋包商品964|耐克服装鞋包商品391|H&M服装鞋包商品587
3941,U000475,0.263,0.259151,中意向,食品生鲜,高性价比优惠池,P000995|P001113|P000246|P001573|P000063,良品铺子食品生鲜商品230|三只松鼠食品生鲜商品425|蒙牛食品生鲜商品866|百草味食品生鲜商品634|百草味食品生鲜商品504
3942,U001955,0.263,0.221003,中意向,医药保健,高性价比优惠池,P000765|P000827|P001891|P000351|P000793,善存医药保健商品608|Swisse医药保健商品414|Swisse医药保健商品235|汤臣倍健医药保健商品112|九芝堂医药保健商品478
3943,U003545,0.263,0.256333,中意向,服装鞋包,高性价比优惠池,P001581|P001100|P000662|P001462|P000338,耐克服装鞋包商品711|H&M服装鞋包商品119|海澜之家服装鞋包商品964|耐克服装鞋包商品391|H&M服装鞋包商品587
3944,U003717,0.263,0.243446,中意向,珠宝首饰,高性价比优惠池,P000974|P000711|P001945|P000774|P001226,明牌珠宝首饰商品793|老凤祥珠宝首饰商品116|老凤祥珠宝首饰商品246|周大福珠宝首饰商品251|潮宏基珠宝首饰商品314
3945,U001343,0.2629,0.259932,中意向,图书音像,高性价比优惠池,P001855|P001112|P000053|P001974|P001212,京东图书图书音像商品377|中信出版社图书音像商品870|京东图书图书音像商品199|博库网图书音像商品353|新华书店图书音像商品518
3946,U004622,0.2629,0.257225,中意向,家用电器,高性价比优惠池,P001338|P000409|P001480|P001850|P001635,苏泊尔家用电器商品596|苏泊尔家用电器商品852|戴森家用电器商品536|戴森家用电器商品883|西门子家用电器商品795
3947,U001675,0.2628,0.259368,中意向,家用电器,高性价比优惠池,P001338|P000409|P001480|P001850|P001635,苏泊尔家用电器商品596|苏泊尔家用电器商品852|戴森家用电器商品536|戴森家用电器商品883|西门子家用电器商品795
3948,U001956,0.2628,0.252723,中意向,服装鞋包,高性价比优惠池,P001581|P001100|P000662|P001462|P000338,耐克服装鞋包商品711|H&M服装鞋包商品119|海澜之家服装鞋包商品964|耐克服装鞋包商品391|H&M服装鞋包商品587
3949,U002209,0.2628,0.24833,中意向,手机数码,高性价比优惠池,P000518|P000173|P000438|P001705|P000874,一加手机数码商品882|OPPO手机数码商品663|OPPO手机数码商品771|苹果手机数码商品445|苹果手机数码商品704
3950,U000019,0.2627,0.263901,中意向,家用电器,高性价比优惠池,P001338|P000409|P001480|P001850|P001635,苏泊尔家用电器商品596|苏泊尔家用电器商品852|戴森家用电器商品536|戴森家用电器商品883|西门子家用电器商品795
3951,U000319,0.2627,0.25981,中意向,家居家装,高性价比优惠池,P001900|P001343|P000229|P001466|P001151,顾家家居家居家装商品551|曲美家居家装商品469|顾家家居家居家装商品198|马可波罗家居家装商品613|宜家家居家装商品838
3952,U004708,0.2626,0.228756,中意向,医药保健,高性价比优惠池,P000765|P000827|P001891|P000351|P000793,善存医药保健商品608|Swisse医药保健商品414|Swisse医药保健商品235|汤臣倍健医药保健商品112|九芝堂医药保健商品478
3953,U003139,0.2625,0.255643,中意向,运动户外,高性价比优惠池,P001637|P001804|P001967|P000194|P000210,李宁运动户外商品816|李宁运动户外商品353|探路者运动户外商品827|始祖鸟运动户外商品528|安踏运动户外商品113
3954,U004454,0.2625,0.239721,中意向,服装鞋包,高性价比优惠池,P001581|P001100|P000662|P001462|P000338,耐克服装鞋包商品711|H&M服装鞋包商品119|海澜之家服装鞋包商品964|耐克服装鞋包商品391|H&M服装鞋包商品587
3955,U004502,0.2625,0.263167,中意向,美妆护肤,高性价比优惠池,P001748|P000034|P001010|P000095|P001810,完美日记美妆护肤商品797|雅诗兰黛美妆护肤商品818|雅诗兰黛美妆护肤商品295|欧莱雅美妆护肤商品977|欧莱雅美妆护肤商品587
3956,U003027,0.2624,0.24351,中意向,医药保健,高性价比优惠池,P000765|P000827|P001891|P000351|P000793,善存医药保健商品608|Swisse医药保健商品414|Swisse医药保健商品235|汤臣倍健医药保健商品112|九芝堂医药保健商品478
3957,U002938,0.2621,0.235428,中意向,宠物用品,高性价比优惠池,P000174|P001336|P001123|P000231|P001759,麦富迪宠物用品商品180|比瑞吉宠物用品商品181|麦富迪宠物用品商品699|pidan宠物用品商品955|网易严选宠物用品商品408
3958,U003445,0.2621,0.257579,中意向,汽车用品,高性价比优惠池,P001350|P001831|P000932|P001413|P001281,海康威视汽车用品商品339|3M汽车用品商品278|米其林汽车用品商品745|3M汽车用品商品342|卡仕达汽车用品商品144
3959,U001569,0.262,0.255773,中意向,图书音像,高性价比优惠池,P001855|P001112|P000053|P001974|P001212,京东图书图书音像商品377|中信出版社图书音像商品870|京东图书图书音像商品199|博库网图书音像商品353|新华书店图书音像商品518
3960,U003868,0.262,0.222753,中意向,宠物用品,高性价比优惠池,P000174|P001336|P001123|P000231|P001759,麦富迪宠物用品商品180|比瑞吉宠物用品商品181|麦富迪宠物用品商品699|pidan宠物用品商品955|网易严选宠物用品商品408
3961,U001269,0.2619,0.268588,中意向,珠宝首饰,高性价比优惠池,P000974|P000711|P001945|P000774|P001226,明牌珠宝首饰商品793|老凤祥珠宝首饰商品116|老凤祥珠宝首饰商品246|周大福珠宝首饰商品251|潮宏基珠宝首饰商品314
3962,U003456,0.2619,0.239104,中意向,食品生鲜,高性价比优惠池,P000995|P001113|P000246|P001573|P000063,良品铺子食品生鲜商品230|三只松鼠食品生鲜商品425|蒙牛食品生鲜商品866|百草味食品生鲜商品634|百草味食品生鲜商品504
3963,U004787,0.2619,0.259065,中意向,图书音像,高性价比优惠池,P001855|P001112|P000053|P001974|P001212,京东图书图书音像商品377|中信出版社图书音像商品870|京东图书图书音像商品199|博库网图书音像商品353|新华书店图书音像商品518
3964,U001504,0.2618,0.243946,中意向,汽车用品,高性价比优惠池,P001350|P001831|P000932|P001413|P001281,海康威视汽车用品商品339|3M汽车用品商品278|米其林汽车用品商品745|3M汽车用品商品342|卡仕达汽车用品商品144
3965,U001792,0.2618,0.24658,中意向,汽车用品,高性价比优惠池,P001350|P001831|P000932|P001413|P001281,海康威视汽车用品商品339|3M汽车用品商品278|米其林汽车用品商品745|3M汽车用品商品342|卡仕达汽车用品商品144
3966,U001242,0.2617,0.250093,中意向,运动户外,高性价比优惠池,P001637|P001804|P001967|P000194|P000210,李宁运动户外商品816|李宁运动户外商品353|探路者运动户外商品827|始祖鸟运动户外商品528|安踏运动户外商品113
3967,U002181,0.2617,0.258138,中意向,手机数码,高性价比优惠池,P000518|P000173|P000438|P001705|P000874,一加手机数码商品882|OPPO手机数码商品663|OPPO手机数码商品771|苹果手机数码商品445|苹果手机数码商品704
3968,U003974,0.2617,0.244526,中意向,服装鞋包,高性价比优惠池,P001581|P001100|P000662|P001462|P000338,耐克服装鞋包商品711|H&M服装鞋包商品119|海澜之家服装鞋包商品964|耐克服装鞋包商品391|H&M服装鞋包商品587
3969,U000377,0.2616,0.252176,中意向,手机数码,高性价比优惠池,P000518|P000173|P000438|P001705|P000874,一加手机数码商品882|OPPO手机数码商品663|OPPO手机数码商品771|苹果手机数码商品445|苹果手机数码商品704
3970,U002027,0.2616,0.265226,中意向,家居家装,高性价比优惠池,P001900|P001343|P000229|P001466|P001151,顾家家居家居家装商品551|曲美家居家装商品469|顾家家居家居家装商品198|马可波罗家居家装商品613|宜家家居家装商品838
3971,U002378,0.2616,0.235246,中意向,服装鞋包,高性价比优惠池,P001581|P001100|P000662|P001462|P000338,耐克服装鞋包商品711|H&M服装鞋包商品119|海澜之家服装鞋包商品964|耐克服装鞋包商品391|H&M服装鞋包商品587
3972,U002765,0.2616,0.250857,中意向,母婴用品,高性价比优惠池,P001683|P000635|P001865|P000991|P001946,帮宝适母婴用品商品297|贝因美母婴用品商品691|贝因美母婴用品商品921|帮宝适母婴用品商品195|花王母婴用品商品688
3973,U004120,0.2615,0.267433,中意向,母婴用品,高性价比优惠池,P001683|P000635|P001865|P000991|P001946,帮宝适母婴用品商品297|贝因美母婴用品商品691|贝因美母婴用品商品921|帮宝适母婴用品商品195|花王母婴用品商品688
3974,U004304,0.2615,0.259601,中意向,宠物用品,高性价比优惠池,P000174|P001336|P001123|P000231|P001759,麦富迪宠物用品商品180|比瑞吉宠物用品商品181|麦富迪宠物用品商品699|pidan宠物用品商品955|网易严选宠物用品商品408
3975,U000626,0.2614,0.282277,中意向,珠宝首饰,高性价比优惠池,P000974|P000711|P001945|P000774|P001226,明牌珠宝首饰商品793|老凤祥珠宝首饰商品116|老凤祥珠宝首饰商品246|周大福珠宝首饰商品251|潮宏基珠宝首饰商品314
3976,U003010,0.2614,0.272184,中意向,医药保健,高性价比优惠池,P000765|P000827|P001891|P000351|P000793,善存医药保健商品608|Swisse医药保健商品414|Swisse医药保健商品235|汤臣倍健医药保健商品112|九芝堂医药保健商品478
3977,U003752,0.2614,0.252352,中意向,家用电器,高性价比优惠池,P001338|P000409|P001480|P001850|P001635,苏泊尔家用电器商品596|苏泊尔家用电器商品852|戴森家用电器商品536|戴森家用电器商品883|西门子家用电器商品795
3978,U000367,0.2613,0.251824,中意向,运动户外,高性价比优惠池,P001637|P001804|P001967|P000194|P000210,李宁运动户外商品816|李宁运动户外商品353|探路者运动户外商品827|始祖鸟运动户外商品528|安踏运动户外商品113
3979,U002522,0.2613,0.245936,中意向,医药保健,高性价比优惠池,P000765|P000827|P001891|P000351|P000793,善存医药保健商品608|Swisse医药保健商品414|Swisse医药保健商品235|汤臣倍健医药保健商品112|九芝堂医药保健商品478
3980,U002688,0.2613,0.25452,中意向,汽车用品,高性价比优惠池,P001350|P001831|P000932|P001413|P001281,海康威视汽车用品商品339|3M汽车用品商品278|米其林汽车用品商品745|3M汽车用品商品342|卡仕达汽车用品商品144
3981,U002993,0.2613,0.257711,中意向,美妆护肤,高性价比优惠池,P001748|P000034|P001010|P000095|P001810,完美日记美妆护肤商品797|雅诗兰黛美妆护肤商品818|雅诗兰黛美妆护肤商品295|欧莱雅美妆护肤商品977|欧莱雅美妆护肤商品587
3982,U003117,0.2613,0.261749,中意向,家居家装,高性价比优惠池,P001900|P001343|P000229|P001466|P001151,顾家家居家居家装商品551|曲美家居家装商品469|顾家家居家居家装商品198|马可波罗家居家装商品613|宜家家居家装商品838
3983,U003239,0.2612,0.297954,中意向,服装鞋包,高性价比优惠池,P001581|P001100|P000662|P001462|P000338,耐克服装鞋包商品711|H&M服装鞋包商品119|海澜之家服装鞋包商品964|耐克服装鞋包商品391|H&M服装鞋包商品587
3984,U000636,0.2611,0.241409,中意向,礼品鲜花,高性价比优惠池,P000831|P000680|P001029|P000319|P000890,Roseonly礼品鲜花商品580|施华洛世奇礼品鲜花商品208|野兽派礼品鲜花商品389|施华洛世奇礼品鲜花商品633|潘多拉礼品鲜花商品586
3985,U002347,0.261,0.265817,中意向,箱包配饰,高性价比优惠池,P000702|P001253|P001930|P000361|P000987,LV箱包配饰商品940|Samsonite箱包配饰商品380|Samsonite箱包配饰商品997|GUCCI箱包配饰商品904|Samsonite箱包配饰商品467
3986,U002283,0.2609,0.259728,中意向,手机数码,高性价比优惠池,P000518|P000173|P000438|P001705|P000874,一加手机数码商品882|OPPO手机数码商品663|OPPO手机数码商品771|苹果手机数码商品445|苹果手机数码商品704
3987,U001634,0.2607,0.254746,中意向,手机数码,高性价比优惠池,P000518|P000173|P000438|P001705|P000874,一加手机数码商品882|OPPO手机数码商品663|OPPO手机数码商品771|苹果手机数码商品445|苹果手机数码商品704
3988,U002158,0.2607,0.249262,中意向,汽车用品,高性价比优惠池,P001350|P001831|P000932|P001413|P001281,海康威视汽车用品商品339|3M汽车用品商品278|米其林汽车用品商品745|3M汽车用品商品342|卡仕达汽车用品商品144
3989,U001303,0.2605,0.262953,中意向,美妆护肤,高性价比优惠池,P001748|P000034|P001010|P000095|P001810,完美日记美妆护肤商品797|雅诗兰黛美妆护肤商品818|雅诗兰黛美妆护肤商品295|欧莱雅美妆护肤商品977|欧莱雅美妆护肤商品587
3990,U001133,0.2603,0.246882,中意向,家用电器,高性价比优惠池,P001338|P000409|P001480|P001850|P001635,苏泊尔家用电器商品596|苏泊尔家用电器商品852|戴森家用电器商品536|戴森家用电器商品883|西门子家用电器商品795
3991,U001614,0.2602,0.256317,中意向,汽车用品,高性价比优惠池,P001350|P001831|P000932|P001413|P001281,海康威视汽车用品商品339|3M汽车用品商品278|米其林汽车用品商品745|3M汽车用品商品342|卡仕达汽车用品商品144
3992,U004545,0.2602,0.25644,中意向,食品生鲜,高性价比优惠池,P000995|P001113|P000246|P001573|P000063,良品铺子食品生鲜商品230|三只松鼠食品生鲜商品425|蒙牛食品生鲜商品866|百草味食品生鲜商品634|百草味食品生鲜商品504
3993,U001307,0.2601,0.253666,中意向,母婴用品,高性价比优惠池,P001683|P000635|P001865|P000991|P001946,帮宝适母婴用品商品297|贝因美母婴用品商品691|贝因美母婴用品商品921|帮宝适母婴用品商品195|花王母婴用品商品688
3994,U002619,0.2601,0.246303,中意向,箱包配饰,高性价比优惠池,P000702|P001253|P001930|P000361|P000987,LV箱包配饰商品940|Samsonite箱包配饰商品380|Samsonite箱包配饰商品997|GUCCI箱包配饰商品904|Samsonite箱包配饰商品467
3995,U003412,0.2601,0.274618,中意向,美妆护肤,高性价比优惠池,P001748|P000034|P001010|P000095|P001810,完美日记美妆护肤商品797|雅诗兰黛美妆护肤商品818|雅诗兰黛美妆护肤商品295|欧莱雅美妆护肤商品977|欧莱雅美妆护肤商品587
3996,U002848,0.26,0.237166,中意向,医药保健,高性价比优惠池,P000765|P000827|P001891|P000351|P000793,善存医药保健商品608|Swisse医药保健商品414|Swisse医药保健商品235|汤臣倍健医药保健商品112|九芝堂医药保健商品478
3997,U003818,0.26,0.249976,中意向,服装鞋包,高性价比优惠池,P001581|P001100|P000662|P001462|P000338,耐克服装鞋包商品711|H&M服装鞋包商品119|海澜之家服装鞋包商品964|耐克服装鞋包商品391|H&M服装鞋包商品587
3998,U004799,0.2598,0.254619,中意向,汽车用品,高性价比优惠池,P001350|P001831|P000932|P001413|P001281,海康威视汽车用品商品339|3M汽车用品商品278|米其林汽车用品商品745|3M汽车用品商品342|卡仕达汽车用品商品144
3999,U004077,0.2597,0.230608,中意向,食品生鲜,高性价比优惠池,P000995|P001113|P000246|P001573|P000063,良品铺子食品生鲜商品230|三只松鼠食品生鲜商品425|蒙牛食品生鲜商品866|百草味食品生鲜商品634|百草味食品生鲜商品504
4000,U001653,0.2596,0.239378,中意向,母婴用品,高性价比优惠池,P001683|P000635|P001865|P000991|P001946,帮宝适母婴用品商品297|贝因美母婴用品商品691|贝因美母婴用品商品921|帮宝适母婴用品商品195|花王母婴用品商品688
4001,U003896,0.2596,0.254101,中意向,家居家装,高性价比优惠池,P001900|P001343|P000229|P001466|P001151,顾家家居家居家装商品551|曲美家居家装商品469|顾家家居家居家装商品198|马可波罗家居家装商品613|宜家家居家装商品838
4002,U003262,0.2595,0.247093,中意向,箱包配饰,高性价比优惠池,P000702|P001253|P001930|P000361|P000987,LV箱包配饰商品940|Samsonite箱包配饰商品380|Samsonite箱包配饰商品997|GUCCI箱包配饰商品904|Samsonite箱包配饰商品467
4003,U004745,0.2595,0.250999,中意向,箱包配饰,高性价比优惠池,P000702|P001253|P001930|P000361|P000987,LV箱包配饰商品940|Samsonite箱包配饰商品380|Samsonite箱包配饰商品997|GUCCI箱包配饰商品904|Samsonite箱包配饰商品467
4004,U001064,0.2594,0.248827,中意向,珠宝首饰,高性价比优惠池,P000974|P000711|P001945|P000774|P001226,明牌珠宝首饰商品793|老凤祥珠宝首饰商品116|老凤祥珠宝首饰商品246|周大福珠宝首饰商品251|潮宏基珠宝首饰商品314
4005,U004413,0.2593,0.263853,中意向,家居家装,高性价比优惠池,P001900|P001343|P000229|P001466|P001151,顾家家居家居家装商品551|曲美家居家装商品469|顾家家居家居家装商品198|马可波罗家居家装商品613|宜家家居家装商品838
4006,U001471,0.2592,0.253925,中意向,食品生鲜,高性价比优惠池,P000995|P001113|P000246|P001573|P000063,良品铺子食品生鲜商品230|三只松鼠食品生鲜商品425|蒙牛食品生鲜商品866|百草味食品生鲜商品634|百草味食品生鲜商品504
4007,U004368,0.2592,0.251879,中意向,箱包配饰,高性价比优惠池,P000702|P001253|P001930|P000361|P000987,LV箱包配饰商品940|Samsonite箱包配饰商品380|Samsonite箱包配饰商品997|GUCCI箱包配饰商品904|Samsonite箱包配饰商品467
4008,U003487,0.259,0.259772,中意向,医药保健,高性价比优惠池,P000765|P000827|P001891|P000351|P000793,善存医药保健商品608|Swisse医药保健商品414|Swisse医药保健商品235|汤臣倍健医药保健商品112|九芝堂医药保健商品478
4009,U004026,0.259,0.264006,中意向,运动户外,高性价比优惠池,P001637|P001804|P001967|P000194|P000210,李宁运动户外商品816|李宁运动户外商品353|探路者运动户外商品827|始祖鸟运动户外商品528|安踏运动户外商品113
4010,U004877,0.259,0.265974,中意向,珠宝首饰,高性价比优惠池,P000974|P000711|P001945|P000774|P001226,明牌珠宝首饰商品793|老凤祥珠宝首饰商品116|老凤祥珠宝首饰商品246|周大福珠宝首饰商品251|潮宏基珠宝首饰商品314
4011,U004303,0.2589,0.266947,中意向,汽车用品,高性价比优惠池,P001350|P001831|P000932|P001413|P001281,海康威视汽车用品商品339|3M汽车用品商品278|米其林汽车用品商品745|3M汽车用品商品342|卡仕达汽车用品商品144
4012,U004985,0.2589,0.250215,中意向,家居家装,高性价比优惠池,P001900|P001343|P000229|P001466|P001151,顾家家居家居家装商品551|曲美家居家装商品469|顾家家居家居家装商品198|马可波罗家居家装商品613|宜家家居家装商品838
4013,U001301,0.2588,0.25636,中意向,箱包配饰,高性价比优惠池,P000702|P001253|P001930|P000361|P000987,LV箱包配饰商品940|Samsonite箱包配饰商品380|Samsonite箱包配饰商品997|GUCCI箱包配饰商品904|Samsonite箱包配饰商品467
4014,U003372,0.2588,0.252566,中意向,家居家装,高性价比优惠池,P001900|P001343|P000229|P001466|P001151,顾家家居家居家装商品551|曲美家居家装商品469|顾家家居家居家装商品198|马可波罗家居家装商品613|宜家家居家装商品838
4015,U003840,0.2588,0.252868,中意向,食品生鲜,高性价比优惠池,P000995|P001113|P000246|P001573|P000063,良品铺子食品生鲜商品230|三只松鼠食品生鲜商品425|蒙牛食品生鲜商品866|百草味食品生鲜商品634|百草味食品生鲜商品504
4016,U004339,0.2588,0.256109,中意向,医药保健,高性价比优惠池,P000765|P000827|P001891|P000351|P000793,善存医药保健商品608|Swisse医药保健商品414|Swisse医药保健商品235|汤臣倍健医药保健商品112|九芝堂医药保健商品478
4017,U002040,0.2587,0.248552,中意向,美妆护肤,高性价比优惠池,P001748|P000034|P001010|P000095|P001810,完美日记美妆护肤商品797|雅诗兰黛美妆护肤商品818|雅诗兰黛美妆护肤商品295|欧莱雅美妆护肤商品977|欧莱雅美妆护肤商品587
4018,U004888,0.2587,0.255525,中意向,珠宝首饰,高性价比优惠池,P000974|P000711|P001945|P000774|P001226,明牌珠宝首饰商品793|老凤祥珠宝首饰商品116|老凤祥珠宝首饰商品246|周大福珠宝首饰商品251|潮宏基珠宝首饰商品314
4019,U004349,0.2585,0.253339,中意向,母婴用品,高性价比优惠池,P001683|P000635|P001865|P000991|P001946,帮宝适母婴用品商品297|贝因美母婴用品商品691|贝因美母婴用品商品921|帮宝适母婴用品商品195|花王母婴用品商品688
4020,U000472,0.2584,0.250575,中意向,汽车用品,高性价比优惠池,P001350|P001831|P000932|P001413|P001281,海康威视汽车用品商品339|3M汽车用品商品278|米其林汽车用品商品745|3M汽车用品商品342|卡仕达汽车用品商品144
4021,U004556,0.2584,0.242554,中意向,美妆护肤,高性价比优惠池,P001748|P000034|P001010|P000095|P001810,完美日记美妆护肤商品797|雅诗兰黛美妆护肤商品818|雅诗兰黛美妆护肤商品295|欧莱雅美妆护肤商品977|欧莱雅美妆护肤商品587
4022,U001268,0.2583,0.259508,中意向,母婴用品,高性价比优惠池,P001683|P000635|P001865|P000991|P001946,帮宝适母婴用品商品297|贝因美母婴用品商品691|贝因美母婴用品商品921|帮宝适母婴用品商品195|花王母婴用品商品688
4023,U000489,0.2581,0.23824,中意向,手机数码,高性价比优惠池,P000518|P000173|P000438|P001705|P000874,一加手机数码商品882|OPPO手机数码商品663|OPPO手机数码商品771|苹果手机数码商品445|苹果手机数码商品704
4024,U000936,0.2581,0.255513,中意向,食品生鲜,高性价比优惠池,P000995|P001113|P000246|P001573|P000063,良品铺子食品生鲜商品230|三只松鼠食品生鲜商品425|蒙牛食品生鲜商品866|百草味食品生鲜商品634|百草味食品生鲜商品504
4025,U001021,0.2581,0.238955,中意向,家居家装,高性价比优惠池,P001900|P001343|P000229|P001466|P001151,顾家家居家居家装商品551|曲美家居家装商品469|顾家家居家居家装商品198|马可波罗家居家装商品613|宜家家居家装商品838
4026,U002248,0.2581,0.261421,中意向,医药保健,高性价比优惠池,P000765|P000827|P001891|P000351|P000793,善存医药保健商品608|Swisse医药保健商品414|Swisse医药保健商品235|汤臣倍健医药保健商品112|九芝堂医药保健商品478
4027,U002265,0.2581,0.24809,中意向,宠物用品,高性价比优惠池,P000174|P001336|P001123|P000231|P001759,麦富迪宠物用品商品180|比瑞吉宠物用品商品181|麦富迪宠物用品商品699|pidan宠物用品商品955|网易严选宠物用品商品408
4028,U001291,0.258,0.258604,中意向,运动户外,高性价比优惠池,P001637|P001804|P001967|P000194|P000210,李宁运动户外商品816|李宁运动户外商品353|探路者运动户外商品827|始祖鸟运动户外商品528|安踏运动户外商品113
4029,U002743,0.258,0.263014,中意向,箱包配饰,高性价比优惠池,P000702|P001253|P001930|P000361|P000987,LV箱包配饰商品940|Samsonite箱包配饰商品380|Samsonite箱包配饰商品997|GUCCI箱包配饰商品904|Samsonite箱包配饰商品467
4030,U001537,0.2579,0.248806,中意向,食品生鲜,高性价比优惠池,P000995|P001113|P000246|P001573|P000063,良品铺子食品生鲜商品230|三只松鼠食品生鲜商品425|蒙牛食品生鲜商品866|百草味食品生鲜商品634|百草味食品生鲜商品504
4031,U000174,0.2578,0.248806,中意向,服装鞋包,高性价比优惠池,P001581|P001100|P000662|P001462|P000338,耐克服装鞋包商品711|H&M服装鞋包商品119|海澜之家服装鞋包商品964|耐克服装鞋包商品391|H&M服装鞋包商品587
4032,U002291,0.2578,0.259365,中意向,宠物用品,高性价比优惠池,P000174|P001336|P001123|P000231|P001759,麦富迪宠物用品商品180|比瑞吉宠物用品商品181|麦富迪宠物用品商品699|pidan宠物用品商品955|网易严选宠物用品商品408
4033,U003772,0.2578,0.250619,中意向,食品生鲜,高性价比优惠池,P000995|P001113|P000246|P001573|P000063,良品铺子食品生鲜商品230|三只松鼠食品生鲜商品425|蒙牛食品生鲜商品866|百草味食品生鲜商品634|百草味食品生鲜商品504
4034,U001125,0.2575,0.258212,中意向,汽车用品,高性价比优惠池,P001350|P001831|P000932|P001413|P001281,海康威视汽车用品商品339|3M汽车用品商品278|米其林汽车用品商品745|3M汽车用品商品342|卡仕达汽车用品商品144
4035,U003314,0.2575,0.248725,中意向,图书音像,高性价比优惠池,P001855|P001112|P000053|P001974|P001212,京东图书图书音像商品377|中信出版社图书音像商品870|京东图书图书音像商品199|博库网图书音像商品353|新华书店图书音像商品518
4036,U003765,0.2575,0.263017,中意向,珠宝首饰,高性价比优惠池,P000974|P000711|P001945|P000774|P001226,明牌珠宝首饰商品793|老凤祥珠宝首饰商品116|老凤祥珠宝首饰商品246|周大福珠宝首饰商品251|潮宏基珠宝首饰商品314
4037,U000517,0.2572,0.256915,中意向,家居家装,高性价比优惠池,P001900|P001343|P000229|P001466|P001151,顾家家居家居家装商品551|曲美家居家装商品469|顾家家居家居家装商品198|马可波罗家居家装商品613|宜家家居家装商品838
4038,U002501,0.2572,0.249241,中意向,手机数码,高性价比优惠池,P000518|P000173|P000438|P001705|P000874,一加手机数码商品882|OPPO手机数码商品663|OPPO手机数码商品771|苹果手机数码商品445|苹果手机数码商品704
4039,U002989,0.2572,0.249472,中意向,医药保健,高性价比优惠池,P000765|P000827|P001891|P000351|P000793,善存医药保健商品608|Swisse医药保健商品414|Swisse医药保健商品235|汤臣倍健医药保健商品112|九芝堂医药保健商品478
4040,U004204,0.2572,0.223921,中意向,美妆护肤,高性价比优惠池,P001748|P000034|P001010|P000095|P001810,完美日记美妆护肤商品797|雅诗兰黛美妆护肤商品818|雅诗兰黛美妆护肤商品295|欧莱雅美妆护肤商品977|欧莱雅美妆护肤商品587
4041,U001392,0.257,0.250195,中意向,礼品鲜花,高性价比优惠池,P000831|P000680|P001029|P000319|P000890,Roseonly礼品鲜花商品580|施华洛世奇礼品鲜花商品208|野兽派礼品鲜花商品389|施华洛世奇礼品鲜花商品633|潘多拉礼品鲜花商品586
4042,U003820,0.257,0.25951,中意向,手机数码,高性价比优惠池,P000518|P000173|P000438|P001705|P000874,一加手机数码商品882|OPPO手机数码商品663|OPPO手机数码商品771|苹果手机数码商品445|苹果手机数码商品704
4043,U003636,0.2569,0.261464,中意向,食品生鲜,高性价比优惠池,P000995|P001113|P000246|P001573|P000063,良品铺子食品生鲜商品230|三只松鼠食品生鲜商品425|蒙牛食品生鲜商品866|百草味食品生鲜商品634|百草味食品生鲜商品504
4044,U002430,0.2568,0.252506,中意向,箱包配饰,高性价比优惠池,P000702|P001253|P001930|P000361|P000987,LV箱包配饰商品940|Samsonite箱包配饰商品380|Samsonite箱包配饰商品997|GUCCI箱包配饰商品904|Samsonite箱包配饰商品467
4045,U002494,0.2568,0.260818,中意向,珠宝首饰,高性价比优惠池,P000974|P000711|P001945|P000774|P001226,明牌珠宝首饰商品793|老凤祥珠宝首饰商品116|老凤祥珠宝首饰商品246|周大福珠宝首饰商品251|潮宏基珠宝首饰商品314
4046,U003362,0.2568,0.257795,中意向,食品生鲜,高性价比优惠池,P000995|P001113|P000246|P001573|P000063,良品铺子食品生鲜商品230|三只松鼠食品生鲜商品425|蒙牛食品生鲜商品866|百草味食品生鲜商品634|百草味食品生鲜商品504
4047,U004191,0.2568,0.251885,中意向,图书音像,高性价比优惠池,P001855|P001112|P000053|P001974|P001212,京东图书图书音像商品377|中信出版社图书音像商品870|京东图书图书音像商品199|博库网图书音像商品353|新华书店图书音像商品518
4048,U004700,0.2568,0.250869,中意向,汽车用品,高性价比优惠池,P001350|P001831|P000932|P001413|P001281,海康威视汽车用品商品339|3M汽车用品商品278|米其林汽车用品商品745|3M汽车用品商品342|卡仕达汽车用品商品144
4049,U001922,0.2567,0.257139,中意向,食品生鲜,高性价比优惠池,P000995|P001113|P000246|P001573|P000063,良品铺子食品生鲜商品230|三只松鼠食品生鲜商品425|蒙牛食品生鲜商品866|百草味食品生鲜商品634|百草味食品生鲜商品504
4050,U000368,0.2565,0.272606,中意向,手机数码,高性价比优惠池,P000518|P000173|P000438|P001705|P000874,一加手机数码商品882|OPPO手机数码商品663|OPPO手机数码商品771|苹果手机数码商品445|苹果手机数码商品704
4051,U001256,0.2565,0.241038,中意向,运动户外,高性价比优惠池,P001637|P001804|P001967|P000194|P000210,李宁运动户外商品816|李宁运动户外商品353|探路者运动户外商品827|始祖鸟运动户外商品528|安踏运动户外商品113
4052,U001888,0.2565,0.250464,中意向,美妆护肤,高性价比优惠池,P001748|P000034|P001010|P000095|P001810,完美日记美妆护肤商品797|雅诗兰黛美妆护肤商品818|雅诗兰黛美妆护肤商品295|欧莱雅美妆护肤商品977|欧莱雅美妆护肤商品587
4053,U004956,0.2565,0.273497,中意向,珠宝首饰,高性价比优惠池,P000974|P000711|P001945|P000774|P001226,明牌珠宝首饰商品793|老凤祥珠宝首饰商品116|老凤祥珠宝首饰商品246|周大福珠宝首饰商品251|潮宏基珠宝首饰商品314
4054,U000113,0.2564,0.2603,中意向,母婴用品,高性价比优惠池,P001683|P000635|P001865|P000991|P001946,帮宝适母婴用品商品297|贝因美母婴用品商品691|贝因美母婴用品商品921|帮宝适母婴用品商品195|花王母婴用品商品688
4055,U001872,0.2563,0.276854,中意向,母婴用品,高性价比优惠池,P001683|P000635|P001865|P000991|P001946,帮宝适母婴用品商品297|贝因美母婴用品商品691|贝因美母婴用品商品921|帮宝适母婴用品商品195|花王母婴用品商品688
4056,U001271,0.2562,0.24181,中意向,家居家装,高性价比优惠池,P001900|P001343|P000229|P001466|P001151,顾家家居家居家装商品551|曲美家居家装商品469|顾家家居家居家装商品198|马可波罗家居家装商品613|宜家家居家装商品838
4057,U002320,0.2562,0.260913,中意向,宠物用品,高性价比优惠池,P000174|P001336|P001123|P000231|P001759,麦富迪宠物用品商品180|比瑞吉宠物用品商品181|麦富迪宠物用品商品699|pidan宠物用品商品955|网易严选宠物用品商品408
4058,U002692,0.2562,0.249151,中意向,食品生鲜,高性价比优惠池,P000995|P001113|P000246|P001573|P000063,良品铺子食品生鲜商品230|三只松鼠食品生鲜商品425|蒙牛食品生鲜商品866|百草味食品生鲜商品634|百草味食品生鲜商品504
4059,U002302,0.2561,0.262614,中意向,母婴用品,高性价比优惠池,P001683|P000635|P001865|P000991|P001946,帮宝适母婴用品商品297|贝因美母婴用品商品691|贝因美母婴用品商品921|帮宝适母婴用品商品195|花王母婴用品商品688
4060,U003776,0.2561,0.24791,中意向,母婴用品,高性价比优惠池,P001683|P000635|P001865|P000991|P001946,帮宝适母婴用品商品297|贝因美母婴用品商品691|贝因美母婴用品商品921|帮宝适母婴用品商品195|花王母婴用品商品688
4061,U003965,0.2561,0.257307,中意向,美妆护肤,高性价比优惠池,P001748|P000034|P001010|P000095|P001810,完美日记美妆护肤商品797|雅诗兰黛美妆护肤商品818|雅诗兰黛美妆护肤商品295|欧莱雅美妆护肤商品977|欧莱雅美妆护肤商品587
4062,U001212,0.2557,0.271536,中意向,运动户外,高性价比优惠池,P001637|P001804|P001967|P000194|P000210,李宁运动户外商品816|李宁运动户外商品353|探路者运动户外商品827|始祖鸟运动户外商品528|安踏运动户外商品113
4063,U004560,0.2557,0.231924,中意向,家居家装,高性价比优惠池,P001900|P001343|P000229|P001466|P001151,顾家家居家居家装商品551|曲美家居家装商品469|顾家家居家居家装商品198|马可波罗家居家装商品613|宜家家居家装商品838
4064,U000364,0.2556,0.248558,中意向,母婴用品,高性价比优惠池,P001683|P000635|P001865|P000991|P001946,帮宝适母婴用品商品297|贝因美母婴用品商品691|贝因美母婴用品商品921|帮宝适母婴用品商品195|花王母婴用品商品688
4065,U000724,0.2556,0.245995,中意向,医药保健,高性价比优惠池,P000765|P000827|P001891|P000351|P000793,善存医药保健商品608|Swisse医药保健商品414|Swisse医药保健商品235|汤臣倍健医药保健商品112|九芝堂医药保健商品478
4066,U002916,0.2556,0.231188,中意向,家居家装,高性价比优惠池,P001900|P001343|P000229|P001466|P001151,顾家家居家居家装商品551|曲美家居家装商品469|顾家家居家居家装商品198|马可波罗家居家装商品613|宜家家居家装商品838
4067,U001860,0.2555,0.256745,中意向,手机数码,高性价比优惠池,P000518|P000173|P000438|P001705|P000874,一加手机数码商品882|OPPO手机数码商品663|OPPO手机数码商品771|苹果手机数码商品445|苹果手机数码商品704
4068,U004209,0.2553,0.252103,中意向,手机数码,高性价比优惠池,P000518|P000173|P000438|P001705|P000874,一加手机数码商品882|OPPO手机数码商品663|OPPO手机数码商品771|苹果手机数码商品445|苹果手机数码商品704
4069,U001834,0.2551,0.249247,中意向,宠物用品,高性价比优惠池,P000174|P001336|P001123|P000231|P001759,麦富迪宠物用品商品180|比瑞吉宠物用品商品181|麦富迪宠物用品商品699|pidan宠物用品商品955|网易严选宠物用品商品408
4070,U001930,0.2551,0.25065,中意向,汽车用品,高性价比优惠池,P001350|P001831|P000932|P001413|P001281,海康威视汽车用品商品339|3M汽车用品商品278|米其林汽车用品商品745|3M汽车用品商品342|卡仕达汽车用品商品144
4071,U002366,0.2551,0.250778,中意向,箱包配饰,高性价比优惠池,P000702|P001253|P001930|P000361|P000987,LV箱包配饰商品940|Samsonite箱包配饰商品380|Samsonite箱包配饰商品997|GUCCI箱包配饰商品904|Samsonite箱包配饰商品467
4072,U003076,0.2551,0.262421,中意向,家用电器,高性价比优惠池,P001338|P000409|P001480|P001850|P001635,苏泊尔家用电器商品596|苏泊尔家用电器商品852|戴森家用电器商品536|戴森家用电器商品883|西门子家用电器商品795
4073,U003292,0.2551,0.250209,中意向,美妆护肤,高性价比优惠池,P001748|P000034|P001010|P000095|P001810,完美日记美妆护肤商品797|雅诗兰黛美妆护肤商品818|雅诗兰黛美妆护肤商品295|欧莱雅美妆护肤商品977|欧莱雅美妆护肤商品587
4074,U001694,0.255,0.252779,中意向,箱包配饰,高性价比优惠池,P000702|P001253|P001930|P000361|P000987,LV箱包配饰商品940|Samsonite箱包配饰商品380|Samsonite箱包配饰商品997|GUCCI箱包配饰商品904|Samsonite箱包配饰商品467
4075,U001261,0.2549,0.240441,中意向,礼品鲜花,高性价比优惠池,P000831|P000680|P001029|P000319|P000890,Roseonly礼品鲜花商品580|施华洛世奇礼品鲜花商品208|野兽派礼品鲜花商品389|施华洛世奇礼品鲜花商品633|潘多拉礼品鲜花商品586
4076,U000238,0.2548,0.247016,中意向,家居家装,高性价比优惠池,P001900|P001343|P000229|P001466|P001151,顾家家居家居家装商品551|曲美家居家装商品469|顾家家居家居家装商品198|马可波罗家居家装商品613|宜家家居家装商品838
4077,U001560,0.2547,0.26668,中意向,手机数码,高性价比优惠池,P000518|P000173|P000438|P001705|P000874,一加手机数码商品882|OPPO手机数码商品663|OPPO手机数码商品771|苹果手机数码商品445|苹果手机数码商品704
4078,U002281,0.2547,0.217875,中意向,美妆护肤,高性价比优惠池,P001748|P000034|P001010|P000095|P001810,完美日记美妆护肤商品797|雅诗兰黛美妆护肤商品818|雅诗兰黛美妆护肤商品295|欧莱雅美妆护肤商品977|欧莱雅美妆护肤商品587
4079,U004327,0.2547,0.252416,中意向,汽车用品,高性价比优惠池,P001350|P001831|P000932|P001413|P001281,海康威视汽车用品商品339|3M汽车用品商品278|米其林汽车用品商品745|3M汽车用品商品342|卡仕达汽车用品商品144
4080,U000902,0.2546,0.253087,中意向,服装鞋包,高性价比优惠池,P001581|P001100|P000662|P001462|P000338,耐克服装鞋包商品711|H&M服装鞋包商品119|海澜之家服装鞋包商品964|耐克服装鞋包商品391|H&M服装鞋包商品587
4081,U003376,0.2546,0.246587,中意向,食品生鲜,高性价比优惠池,P000995|P001113|P000246|P001573|P000063,良品铺子食品生鲜商品230|三只松鼠食品生鲜商品425|蒙牛食品生鲜商品866|百草味食品生鲜商品634|百草味食品生鲜商品504
4082,U004160,0.2546,0.238678,中意向,食品生鲜,高性价比优惠池,P000995|P001113|P000246|P001573|P000063,良品铺子食品生鲜商品230|三只松鼠食品生鲜商品425|蒙牛食品生鲜商品866|百草味食品生鲜商品634|百草味食品生鲜商品504
4083,U001650,0.2545,0.247879,中意向,图书音像,高性价比优惠池,P001855|P001112|P000053|P001974|P001212,京东图书图书音像商品377|中信出版社图书音像商品870|京东图书图书音像商品199|博库网图书音像商品353|新华书店图书音像商品518
4084,U004655,0.2545,0.254422,中意向,汽车用品,高性价比优惠池,P001350|P001831|P000932|P001413|P001281,海康威视汽车用品商品339|3M汽车用品商品278|米其林汽车用品商品745|3M汽车用品商品342|卡仕达汽车用品商品144
4085,U001078,0.2543,0.242892,中意向,箱包配饰,高性价比优惠池,P000702|P001253|P001930|P000361|P000987,LV箱包配饰商品940|Samsonite箱包配饰商品380|Samsonite箱包配饰商品997|GUCCI箱包配饰商品904|Samsonite箱包配饰商品467
4086,U001110,0.2543,0.245138,中意向,家用电器,高性价比优惠池,P001338|P000409|P001480|P001850|P001635,苏泊尔家用电器商品596|苏泊尔家用电器商品852|戴森家用电器商品536|戴森家用电器商品883|西门子家用电器商品795
4087,U001710,0.2543,0.247401,中意向,美妆护肤,高性价比优惠池,P001748|P000034|P001010|P000095|P001810,完美日记美妆护肤商品797|雅诗兰黛美妆护肤商品818|雅诗兰黛美妆护肤商品295|欧莱雅美妆护肤商品977|欧莱雅美妆护肤商品587
4088,U000152,0.2542,0.223806,中意向,珠宝首饰,高性价比优惠池,P000974|P000711|P001945|P000774|P001226,明牌珠宝首饰商品793|老凤祥珠宝首饰商品116|老凤祥珠宝首饰商品246|周大福珠宝首饰商品251|潮宏基珠宝首饰商品314
4089,U003991,0.2542,0.241202,中意向,食品生鲜,高性价比优惠池,P000995|P001113|P000246|P001573|P000063,良品铺子食品生鲜商品230|三只松鼠食品生鲜商品425|蒙牛食品生鲜商品866|百草味食品生鲜商品634|百草味食品生鲜商品504
4090,U001418,0.2541,0.246779,中意向,服装鞋包,高性价比优惠池,P001581|P001100|P000662|P001462|P000338,耐克服装鞋包商品711|H&M服装鞋包商品119|海澜之家服装鞋包商品964|耐克服装鞋包商品391|H&M服装鞋包商品587
4091,U001513,0.254,0.252514,中意向,手机数码,高性价比优惠池,P000518|P000173|P000438|P001705|P000874,一加手机数码商品882|OPPO手机数码商品663|OPPO手机数码商品771|苹果手机数码商品445|苹果手机数码商品704
4092,U003594,0.254,0.263296,中意向,食品生鲜,高性价比优惠池,P000995|P001113|P000246|P001573|P000063,良品铺子食品生鲜商品230|三只松鼠食品生鲜商品425|蒙牛食品生鲜商品866|百草味食品生鲜商品634|百草味食品生鲜商品504
4093,U004111,0.2539,0.248307,中意向,母婴用品,高性价比优惠池,P001683|P000635|P001865|P000991|P001946,帮宝适母婴用品商品297|贝因美母婴用品商品691|贝因美母婴用品商品921|帮宝适母婴用品商品195|花王母婴用品商品688
4094,U000568,0.2537,0.259363,中意向,食品生鲜,高性价比优惠池,P000995|P001113|P000246|P001573|P000063,良品铺子食品生鲜商品230|三只松鼠食品生鲜商品425|蒙牛食品生鲜商品866|百草味食品生鲜商品634|百草味食品生鲜商品504
4095,U002942,0.2537,0.261202,中意向,食品生鲜,高性价比优惠池,P000995|P001113|P000246|P001573|P000063,良品铺子食品生鲜商品230|三只松鼠食品生鲜商品425|蒙牛食品生鲜商品866|百草味食品生鲜商品634|百草味食品生鲜商品504
4096,U001538,0.2536,0.246552,中意向,家居家装,高性价比优惠池,P001900|P001343|P000229|P001466|P001151,顾家家居家居家装商品551|曲美家居家装商品469|顾家家居家居家装商品198|马可波罗家居家装商品613|宜家家居家装商品838
4097,U000133,0.2535,0.271483,中意向,美妆护肤,高性价比优惠池,P001748|P000034|P001010|P000095|P001810,完美日记美妆护肤商品797|雅诗兰黛美妆护肤商品818|雅诗兰黛美妆护肤商品295|欧莱雅美妆护肤商品977|欧莱雅美妆护肤商品587
4098,U001712,0.2535,0.259772,中意向,珠宝首饰,高性价比优惠池,P000974|P000711|P001945|P000774|P001226,明牌珠宝首饰商品793|老凤祥珠宝首饰商品116|老凤祥珠宝首饰商品246|周大福珠宝首饰商品251|潮宏基珠宝首饰商品314
4099,U003586,0.2535,0.269862,中意向,医药保健,高性价比优惠池,P000765|P000827|P001891|P000351|P000793,善存医药保健商品608|Swisse医药保健商品414|Swisse医药保健商品235|汤臣倍健医药保健商品112|九芝堂医药保健商品478
4100,U004738,0.2533,0.261559,中意向,运动户外,高性价比优惠池,P001637|P001804|P001967|P000194|P000210,李宁运动户外商品816|李宁运动户外商品353|探路者运动户外商品827|始祖鸟运动户外商品528|安踏运动户外商品113
4101,U002106,0.2531,0.247657,中意向,医药保健,高性价比优惠池,P000765|P000827|P001891|P000351|P000793,善存医药保健商品608|Swisse医药保健商品414|Swisse医药保健商品235|汤臣倍健医药保健商品112|九芝堂医药保健商品478
4102,U003158,0.2531,0.260315,中意向,珠宝首饰,高性价比优惠池,P000974|P000711|P001945|P000774|P001226,明牌珠宝首饰商品793|老凤祥珠宝首饰商品116|老凤祥珠宝首饰商品246|周大福珠宝首饰商品251|潮宏基珠宝首饰商品314
4103,U003539,0.2531,0.249989,中意向,汽车用品,高性价比优惠池,P001350|P001831|P000932|P001413|P001281,海康威视汽车用品商品339|3M汽车用品商品278|米其林汽车用品商品745|3M汽车用品商品342|卡仕达汽车用品商品144
4104,U004449,0.2531,0.25626,中意向,美妆护肤,高性价比优惠池,P001748|P000034|P001010|P000095|P001810,完美日记美妆护肤商品797|雅诗兰黛美妆护肤商品818|雅诗兰黛美妆护肤商品295|欧莱雅美妆护肤商品977|欧莱雅美妆护肤商品587
4105,U001571,0.253,0.258633,中意向,美妆护肤,高性价比优惠池,P001748|P000034|P001010|P000095|P001810,完美日记美妆护肤商品797|雅诗兰黛美妆护肤商品818|雅诗兰黛美妆护肤商品295|欧莱雅美妆护肤商品977|欧莱雅美妆护肤商品587
4106,U002185,0.253,0.249333,中意向,美妆护肤,高性价比优惠池,P001748|P000034|P001010|P000095|P001810,完美日记美妆护肤商品797|雅诗兰黛美妆护肤商品818|雅诗兰黛美妆护肤商品295|欧莱雅美妆护肤商品977|欧莱雅美妆护肤商品587
4107,U003091,0.253,0.250643,中意向,图书音像,高性价比优惠池,P001855|P001112|P000053|P001974|P001212,京东图书图书音像商品377|中信出版社图书音像商品870|京东图书图书音像商品199|博库网图书音像商品353|新华书店图书音像商品518
4108,U004728,0.253,0.260357,中意向,医药保健,高性价比优惠池,P000765|P000827|P001891|P000351|P000793,善存医药保健商品608|Swisse医药保健商品414|Swisse医药保健商品235|汤臣倍健医药保健商品112|九芝堂医药保健商品478
4109,U002324,0.2529,0.235588,中意向,汽车用品,高性价比优惠池,P001350|P001831|P000932|P001413|P001281,海康威视汽车用品商品339|3M汽车用品商品278|米其林汽车用品商品745|3M汽车用品商品342|卡仕达汽车用品商品144
4110,U004605,0.2529,0.246663,中意向,服装鞋包,高性价比优惠池,P001581|P001100|P000662|P001462|P000338,耐克服装鞋包商品711|H&M服装鞋包商品119|海澜之家服装鞋包商品964|耐克服装鞋包商品391|H&M服装鞋包商品587
4111,U004806,0.2529,0.261415,中意向,手机数码,高性价比优惠池,P000518|P000173|P000438|P001705|P000874,一加手机数码商品882|OPPO手机数码商品663|OPPO手机数码商品771|苹果手机数码商品445|苹果手机数码商品704
4112,U001904,0.2528,0.250039,中意向,图书音像,高性价比优惠池,P001855|P001112|P000053|P001974|P001212,京东图书图书音像商品377|中信出版社图书音像商品870|京东图书图书音像商品199|博库网图书音像商品353|新华书店图书音像商品518
4113,U003608,0.2528,0.263715,中意向,家居家装,高性价比优惠池,P001900|P001343|P000229|P001466|P001151,顾家家居家居家装商品551|曲美家居家装商品469|顾家家居家居家装商品198|马可波罗家居家装商品613|宜家家居家装商品838
4114,U003979,0.2528,0.251495,中意向,图书音像,高性价比优惠池,P001855|P001112|P000053|P001974|P001212,京东图书图书音像商品377|中信出版社图书音像商品870|京东图书图书音像商品199|博库网图书音像商品353|新华书店图书音像商品518
4115,U004726,0.2528,0.245062,中意向,母婴用品,高性价比优惠池,P001683|P000635|P001865|P000991|P001946,帮宝适母婴用品商品297|贝因美母婴用品商品691|贝因美母婴用品商品921|帮宝适母婴用品商品195|花王母婴用品商品688
4116,U000859,0.2527,0.239593,中意向,手机数码,高性价比优惠池,P000518|P000173|P000438|P001705|P000874,一加手机数码商品882|OPPO手机数码商品663|OPPO手机数码商品771|苹果手机数码商品445|苹果手机数码商品704
4117,U002579,0.2527,0.260467,中意向,母婴用品,高性价比优惠池,P001683|P000635|P001865|P000991|P001946,帮宝适母婴用品商品297|贝因美母婴用品商品691|贝因美母婴用品商品921|帮宝适母婴用品商品195|花王母婴用品商品688
4118,U002761,0.2527,0.246017,中意向,箱包配饰,高性价比优惠池,P000702|P001253|P001930|P000361|P000987,LV箱包配饰商品940|Samsonite箱包配饰商品380|Samsonite箱包配饰商品997|GUCCI箱包配饰商品904|Samsonite箱包配饰商品467
4119,U002861,0.2526,0.252106,中意向,医药保健,高性价比优惠池,P000765|P000827|P001891|P000351|P000793,善存医药保健商品608|Swisse医药保健商品414|Swisse医药保健商品235|汤臣倍健医药保健商品112|九芝堂医药保健商品478
4120,U003688,0.2526,0.26368,中意向,运动户外,高性价比优惠池,P001637|P001804|P001967|P000194|P000210,李宁运动户外商品816|李宁运动户外商品353|探路者运动户外商品827|始祖鸟运动户外商品528|安踏运动户外商品113
4121,U002612,0.2525,0.245575,中意向,礼品鲜花,高性价比优惠池,P000831|P000680|P001029|P000319|P000890,Roseonly礼品鲜花商品580|施华洛世奇礼品鲜花商品208|野兽派礼品鲜花商品389|施华洛世奇礼品鲜花商品633|潘多拉礼品鲜花商品586
4122,U003102,0.2523,0.243698,中意向,礼品鲜花,高性价比优惠池,P000831|P000680|P001029|P000319|P000890,Roseonly礼品鲜花商品580|施华洛世奇礼品鲜花商品208|野兽派礼品鲜花商品389|施华洛世奇礼品鲜花商品633|潘多拉礼品鲜花商品586
4123,U000270,0.2522,0.25083,中意向,母婴用品,高性价比优惠池,P001683|P000635|P001865|P000991|P001946,帮宝适母婴用品商品297|贝因美母婴用品商品691|贝因美母婴用品商品921|帮宝适母婴用品商品195|花王母婴用品商品688
4124,U003430,0.2522,0.276038,中意向,家用电器,高性价比优惠池,P001338|P000409|P001480|P001850|P001635,苏泊尔家用电器商品596|苏泊尔家用电器商品852|戴森家用电器商品536|戴森家用电器商品883|西门子家用电器商品795
4125,U004808,0.2522,0.245814,中意向,箱包配饰,高性价比优惠池,P000702|P001253|P001930|P000361|P000987,LV箱包配饰商品940|Samsonite箱包配饰商品380|Samsonite箱包配饰商品997|GUCCI箱包配饰商品904|Samsonite箱包配饰商品467
4126,U004995,0.2522,0.253553,中意向,礼品鲜花,高性价比优惠池,P000831|P000680|P001029|P000319|P000890,Roseonly礼品鲜花商品580|施华洛世奇礼品鲜花商品208|野兽派礼品鲜花商品389|施华洛世奇礼品鲜花商品633|潘多拉礼品鲜花商品586
4127,U003919,0.252,0.253687,中意向,医药保健,高性价比优惠池,P000765|P000827|P001891|P000351|P000793,善存医药保健商品608|Swisse医药保健商品414|Swisse医药保健商品235|汤臣倍健医药保健商品112|九芝堂医药保健商品478
4128,U000110,0.2519,0.255368,中意向,服装鞋包,高性价比优惠池,P001581|P001100|P000662|P001462|P000338,耐克服装鞋包商品711|H&M服装鞋包商品119|海澜之家服装鞋包商品964|耐克服装鞋包商品391|H&M服装鞋包商品587
4129,U000471,0.2519,0.240583,中意向,家用电器,高性价比优惠池,P001338|P000409|P001480|P001850|P001635,苏泊尔家用电器商品596|苏泊尔家用电器商品852|戴森家用电器商品536|戴森家用电器商品883|西门子家用电器商品795
4130,U000826,0.2519,0.238475,中意向,运动户外,高性价比优惠池,P001637|P001804|P001967|P000194|P000210,李宁运动户外商品816|李宁运动户外商品353|探路者运动户外商品827|始祖鸟运动户外商品528|安踏运动户外商品113
4131,U003201,0.2519,0.254024,中意向,汽车用品,高性价比优惠池,P001350|P001831|P000932|P001413|P001281,海康威视汽车用品商品339|3M汽车用品商品278|米其林汽车用品商品745|3M汽车用品商品342|卡仕达汽车用品商品144
4132,U004750,0.2519,0.218111,中意向,汽车用品,高性价比优惠池,P001350|P001831|P000932|P001413|P001281,海康威视汽车用品商品339|3M汽车用品商品278|米其林汽车用品商品745|3M汽车用品商品342|卡仕达汽车用品商品144
4133,U001249,0.2518,0.242338,中意向,母婴用品,高性价比优惠池,P001683|P000635|P001865|P000991|P001946,帮宝适母婴用品商品297|贝因美母婴用品商品691|贝因美母婴用品商品921|帮宝适母婴用品商品195|花王母婴用品商品688
4134,U003253,0.2517,0.263389,中意向,家用电器,高性价比优惠池,P001338|P000409|P001480|P001850|P001635,苏泊尔家用电器商品596|苏泊尔家用电器商品852|戴森家用电器商品536|戴森家用电器商品883|西门子家用电器商品795
4135,U004847,0.2517,0.217977,中意向,珠宝首饰,高性价比优惠池,P000974|P000711|P001945|P000774|P001226,明牌珠宝首饰商品793|老凤祥珠宝首饰商品116|老凤祥珠宝首饰商品246|周大福珠宝首饰商品251|潮宏基珠宝首饰商品314
4136,U003931,0.2516,0.249798,中意向,图书音像,高性价比优惠池,P001855|P001112|P000053|P001974|P001212,京东图书图书音像商品377|中信出版社图书音像商品870|京东图书图书音像商品199|博库网图书音像商品353|新华书店图书音像商品518
4137,U004955,0.2516,0.229918,中意向,礼品鲜花,高性价比优惠池,P000831|P000680|P001029|P000319|P000890,Roseonly礼品鲜花商品580|施华洛世奇礼品鲜花商品208|野兽派礼品鲜花商品389|施华洛世奇礼品鲜花商品633|潘多拉礼品鲜花商品586
4138,U000404,0.2513,0.240068,中意向,运动户外,高性价比优惠池,P001637|P001804|P001967|P000194|P000210,李宁运动户外商品816|李宁运动户外商品353|探路者运动户外商品827|始祖鸟运动户外商品528|安踏运动户外商品113
4139,U004872,0.2513,0.249318,中意向,珠宝首饰,高性价比优惠池,P000974|P000711|P001945|P000774|P001226,明牌珠宝首饰商品793|老凤祥珠宝首饰商品116|老凤祥珠宝首饰商品246|周大福珠宝首饰商品251|潮宏基珠宝首饰商品314
4140,U001444,0.2512,0.250924,中意向,珠宝首饰,高性价比优惠池,P000974|P000711|P001945|P000774|P001226,明牌珠宝首饰商品793|老凤祥珠宝首饰商品116|老凤祥珠宝首饰商品246|周大福珠宝首饰商品251|潮宏基珠宝首饰商品314
4141,U003842,0.2511,0.252112,中意向,家用电器,高性价比优惠池,P001338|P000409|P001480|P001850|P001635,苏泊尔家用电器商品596|苏泊尔家用电器商品852|戴森家用电器商品536|戴森家用电器商品883|西门子家用电器商品795
4142,U003482,0.251,0.250424,中意向,运动户外,高性价比优惠池,P001637|P001804|P001967|P000194|P000210,李宁运动户外商品816|李宁运动户外商品353|探路者运动户外商品827|始祖鸟运动户外商品528|安踏运动户外商品113
4143,U004531,0.251,0.249713,中意向,食品生鲜,高性价比优惠池,P000995|P001113|P000246|P001573|P000063,良品铺子食品生鲜商品230|三只松鼠食品生鲜商品425|蒙牛食品生鲜商品866|百草味食品生鲜商品634|百草味食品生鲜商品504
4144,U003080,0.2509,0.249247,中意向,宠物用品,高性价比优惠池,P000174|P001336|P001123|P000231|P001759,麦富迪宠物用品商品180|比瑞吉宠物用品商品181|麦富迪宠物用品商品699|pidan宠物用品商品955|网易严选宠物用品商品408
4145,U004427,0.2509,0.245053,中意向,手机数码,高性价比优惠池,P000518|P000173|P000438|P001705|P000874,一加手机数码商品882|OPPO手机数码商品663|OPPO手机数码商品771|苹果手机数码商品445|苹果手机数码商品704
4146,U004524,0.2509,0.249673,中意向,母婴用品,高性价比优惠池,P001683|P000635|P001865|P000991|P001946,帮宝适母婴用品商品297|贝因美母婴用品商品691|贝因美母婴用品商品921|帮宝适母婴用品商品195|花王母婴用品商品688
4147,U001682,0.2508,0.252728,中意向,服装鞋包,高性价比优惠池,P001581|P001100|P000662|P001462|P000338,耐克服装鞋包商品711|H&M服装鞋包商品119|海澜之家服装鞋包商品964|耐克服装鞋包商品391|H&M服装鞋包商品587
4148,U003111,0.2508,0.243934,中意向,汽车用品,高性价比优惠池,P001350|P001831|P000932|P001413|P001281,海康威视汽车用品商品339|3M汽车用品商品278|米其林汽车用品商品745|3M汽车用品商品342|卡仕达汽车用品商品144
4149,U000389,0.2507,0.232333,中意向,礼品鲜花,高性价比优惠池,P000831|P000680|P001029|P000319|P000890,Roseonly礼品鲜花商品580|施华洛世奇礼品鲜花商品208|野兽派礼品鲜花商品389|施华洛世奇礼品鲜花商品633|潘多拉礼品鲜花商品586
4150,U000418,0.2507,0.253208,中意向,家居家装,高性价比优惠池,P001900|P001343|P000229|P001466|P001151,顾家家居家居家装商品551|曲美家居家装商品469|顾家家居家居家装商品198|马可波罗家居家装商品613|宜家家居家装商品838
4151,U000838,0.2506,0.240527,中意向,家用电器,高性价比优惠池,P001338|P000409|P001480|P001850|P001635,苏泊尔家用电器商品596|苏泊尔家用电器商品852|戴森家用电器商品536|戴森家用电器商品883|西门子家用电器商品795
4152,U003738,0.2506,0.252802,中意向,母婴用品,高性价比优惠池,P001683|P000635|P001865|P000991|P001946,帮宝适母婴用品商品297|贝因美母婴用品商品691|贝因美母婴用品商品921|帮宝适母婴用品商品195|花王母婴用品商品688
4153,U004871,0.2506,0.244251,中意向,医药保健,高性价比优惠池,P000765|P000827|P001891|P000351|P000793,善存医药保健商品608|Swisse医药保健商品414|Swisse医药保健商品235|汤臣倍健医药保健商品112|九芝堂医药保健商品478
4154,U003339,0.2505,0.231994,中意向,母婴用品,高性价比优惠池,P001683|P000635|P001865|P000991|P001946,帮宝适母婴用品商品297|贝因美母婴用品商品691|贝因美母婴用品商品921|帮宝适母婴用品商品195|花王母婴用品商品688
4155,U004436,0.2505,0.266582,中意向,家用电器,高性价比优惠池,P001338|P000409|P001480|P001850|P001635,苏泊尔家用电器商品596|苏泊尔家用电器商品852|戴森家用电器商品536|戴森家用电器商品883|西门子家用电器商品795
4156,U004781,0.2505,0.248,中意向,汽车用品,高性价比优惠池,P001350|P001831|P000932|P001413|P001281,海康威视汽车用品商品339|3M汽车用品商品278|米其林汽车用品商品745|3M汽车用品商品342|卡仕达汽车用品商品144
4157,U001370,0.2504,0.273185,中意向,家居家装,高性价比优惠池,P001900|P001343|P000229|P001466|P001151,顾家家居家居家装商品551|曲美家居家装商品469|顾家家居家居家装商品198|马可波罗家居家装商品613|宜家家居家装商品838
4158,U004221,0.2504,0.244122,中意向,美妆护肤,高性价比优惠池,P001748|P000034|P001010|P000095|P001810,完美日记美妆护肤商品797|雅诗兰黛美妆护肤商品818|雅诗兰黛美妆护肤商品295|欧莱雅美妆护肤商品977|欧莱雅美妆护肤商品587
4159,U004641,0.2503,0.245578,中意向,家居家装,高性价比优惠池,P001900|P001343|P000229|P001466|P001151,顾家家居家居家装商品551|曲美家居家装商品469|顾家家居家居家装商品198|马可波罗家居家装商品613|宜家家居家装商品838
4160,U000975,0.2502,0.240557,中意向,图书音像,高性价比优惠池,P001855|P001112|P000053|P001974|P001212,京东图书图书音像商品377|中信出版社图书音像商品870|京东图书图书音像商品199|博库网图书音像商品353|新华书店图书音像商品518
4161,U003214,0.2502,0.254851,中意向,图书音像,高性价比优惠池,P001855|P001112|P000053|P001974|P001212,京东图书图书音像商品377|中信出版社图书音像商品870|京东图书图书音像商品199|博库网图书音像商品353|新华书店图书音像商品518
4162,U003556,0.2502,0.247355,中意向,服装鞋包,高性价比优惠池,P001581|P001100|P000662|P001462|P000338,耐克服装鞋包商品711|H&M服装鞋包商品119|海澜之家服装鞋包商品964|耐克服装鞋包商品391|H&M服装鞋包商品587
4163,U000762,0.2501,0.254435,中意向,服装鞋包,高性价比优惠池,P001581|P001100|P000662|P001462|P000338,耐克服装鞋包商品711|H&M服装鞋包商品119|海澜之家服装鞋包商品964|耐克服装鞋包商品391|H&M服装鞋包商品587
4164,U004654,0.2501,0.241339,中意向,美妆护肤,高性价比优惠池,P001748|P000034|P001010|P000095|P001810,完美日记美妆护肤商品797|雅诗兰黛美妆护肤商品818|雅诗兰黛美妆护肤商品295|欧莱雅美妆护肤商品977|欧莱雅美妆护肤商品587
4165,U000655,0.2499,0.233988,中意向,母婴用品,高性价比优惠池,P001683|P000635|P001865|P000991|P001946,帮宝适母婴用品商品297|贝因美母婴用品商品691|贝因美母婴用品商品921|帮宝适母婴用品商品195|花王母婴用品商品688
4166,U000265,0.2497,0.261917,中意向,食品生鲜,高性价比优惠池,P000995|P001113|P000246|P001573|P000063,良品铺子食品生鲜商品230|三只松鼠食品生鲜商品425|蒙牛食品生鲜商品866|百草味食品生鲜商品634|百草味食品生鲜商品504
4167,U003435,0.2497,0.247175,中意向,服装鞋包,高性价比优惠池,P001581|P001100|P000662|P001462|P000338,耐克服装鞋包商品711|H&M服装鞋包商品119|海澜之家服装鞋包商品964|耐克服装鞋包商品391|H&M服装鞋包商品587
4168,U001162,0.2496,0.220419,中意向,汽车用品,高性价比优惠池,P001350|P001831|P000932|P001413|P001281,海康威视汽车用品商品339|3M汽车用品商品278|米其林汽车用品商品745|3M汽车用品商品342|卡仕达汽车用品商品144
4169,U002721,0.2496,0.242246,中意向,美妆护肤,高性价比优惠池,P001748|P000034|P001010|P000095|P001810,完美日记美妆护肤商品797|雅诗兰黛美妆护肤商品818|雅诗兰黛美妆护肤商品295|欧莱雅美妆护肤商品977|欧莱雅美妆护肤商品587
4170,U003350,0.2496,0.264761,中意向,手机数码,高性价比优惠池,P000518|P000173|P000438|P001705|P000874,一加手机数码商品882|OPPO手机数码商品663|OPPO手机数码商品771|苹果手机数码商品445|苹果手机数码商品704
4171,U002334,0.2495,0.252163,中意向,家居家装,高性价比优惠池,P001900|P001343|P000229|P001466|P001151,顾家家居家居家装商品551|曲美家居家装商品469|顾家家居家居家装商品198|马可波罗家居家装商品613|宜家家居家装商品838
4172,U000652,0.2493,0.242885,中意向,手机数码,高性价比优惠池,P000518|P000173|P000438|P001705|P000874,一加手机数码商品882|OPPO手机数码商品663|OPPO手机数码商品771|苹果手机数码商品445|苹果手机数码商品704
4173,U000792,0.2493,0.246001,中意向,食品生鲜,高性价比优惠池,P000995|P001113|P000246|P001573|P000063,良品铺子食品生鲜商品230|三只松鼠食品生鲜商品425|蒙牛食品生鲜商品866|百草味食品生鲜商品634|百草味食品生鲜商品504
4174,U003691,0.2493,0.243766,中意向,汽车用品,高性价比优惠池,P001350|P001831|P000932|P001413|P001281,海康威视汽车用品商品339|3M汽车用品商品278|米其林汽车用品商品745|3M汽车用品商品342|卡仕达汽车用品商品144
4175,U000372,0.2492,0.248651,中意向,图书音像,高性价比优惠池,P001855|P001112|P000053|P001974|P001212,京东图书图书音像商品377|中信出版社图书音像商品870|京东图书图书音像商品199|博库网图书音像商品353|新华书店图书音像商品518
4176,U002286,0.2492,0.250515,中意向,家用电器,高性价比优惠池,P001338|P000409|P001480|P001850|P001635,苏泊尔家用电器商品596|苏泊尔家用电器商品852|戴森家用电器商品536|戴森家用电器商品883|西门子家用电器商品795
4177,U003424,0.2492,0.209785,中意向,汽车用品,高性价比优惠池,P001350|P001831|P000932|P001413|P001281,海康威视汽车用品商品339|3M汽车用品商品278|米其林汽车用品商品745|3M汽车用品商品342|卡仕达汽车用品商品144
4178,U001492,0.2489,0.257727,中意向,美妆护肤,高性价比优惠池,P001748|P000034|P001010|P000095|P001810,完美日记美妆护肤商品797|雅诗兰黛美妆护肤商品818|雅诗兰黛美妆护肤商品295|欧莱雅美妆护肤商品977|欧莱雅美妆护肤商品587
4179,U001902,0.2489,0.254474,中意向,汽车用品,高性价比优惠池,P001350|P001831|P000932|P001413|P001281,海康威视汽车用品商品339|3M汽车用品商品278|米其林汽车用品商品745|3M汽车用品商品342|卡仕达汽车用品商品144
4180,U003114,0.2489,0.226955,中意向,运动户外,高性价比优惠池,P001637|P001804|P001967|P000194|P000210,李宁运动户外商品816|李宁运动户外商品353|探路者运动户外商品827|始祖鸟运动户外商品528|安踏运动户外商品113
4181,U003206,0.2489,0.256253,中意向,食品生鲜,高性价比优惠池,P000995|P001113|P000246|P001573|P000063,良品铺子食品生鲜商品230|三只松鼠食品生鲜商品425|蒙牛食品生鲜商品866|百草味食品生鲜商品634|百草味食品生鲜商品504
4182,U000006,0.2487,0.256743,中意向,母婴用品,高性价比优惠池,P001683|P000635|P001865|P000991|P001946,帮宝适母婴用品商品297|贝因美母婴用品商品691|贝因美母婴用品商品921|帮宝适母婴用品商品195|花王母婴用品商品688
4183,U002345,0.2487,0.244443,中意向,宠物用品,高性价比优惠池,P000174|P001336|P001123|P000231|P001759,麦富迪宠物用品商品180|比瑞吉宠物用品商品181|麦富迪宠物用品商品699|pidan宠物用品商品955|网易严选宠物用品商品408
4184,U003531,0.2487,0.253689,中意向,运动户外,高性价比优惠池,P001637|P001804|P001967|P000194|P000210,李宁运动户外商品816|李宁运动户外商品353|探路者运动户外商品827|始祖鸟运动户外商品528|安踏运动户外商品113
4185,U001336,0.2486,0.228139,中意向,珠宝首饰,高性价比优惠池,P000974|P000711|P001945|P000774|P001226,明牌珠宝首饰商品793|老凤祥珠宝首饰商品116|老凤祥珠宝首饰商品246|周大福珠宝首饰商品251|潮宏基珠宝首饰商品314
4186,U001851,0.2486,0.245057,中意向,家居家装,高性价比优惠池,P001900|P001343|P000229|P001466|P001151,顾家家居家居家装商品551|曲美家居家装商品469|顾家家居家居家装商品198|马可波罗家居家装商品613|宜家家居家装商品838
4187,U001168,0.2485,0.248685,中意向,医药保健,高性价比优惠池,P000765|P000827|P001891|P000351|P000793,善存医药保健商品608|Swisse医药保健商品414|Swisse医药保健商品235|汤臣倍健医药保健商品112|九芝堂医药保健商品478
4188,U002402,0.2485,0.254434,中意向,美妆护肤,高性价比优惠池,P001748|P000034|P001010|P000095|P001810,完美日记美妆护肤商品797|雅诗兰黛美妆护肤商品818|雅诗兰黛美妆护肤商品295|欧莱雅美妆护肤商品977|欧莱雅美妆护肤商品587
4189,U002947,0.2484,0.250661,中意向,母婴用品,高性价比优惠池,P001683|P000635|P001865|P000991|P001946,帮宝适母婴用品商品297|贝因美母婴用品商品691|贝因美母婴用品商品921|帮宝适母婴用品商品195|花王母婴用品商品688
4190,U003130,0.2484,0.251505,中意向,母婴用品,高性价比优惠池,P001683|P000635|P001865|P000991|P001946,帮宝适母婴用品商品297|贝因美母婴用品商品691|贝因美母婴用品商品921|帮宝适母婴用品商品195|花王母婴用品商品688
4191,U003736,0.2484,0.238059,中意向,美妆护肤,高性价比优惠池,P001748|P000034|P001010|P000095|P001810,完美日记美妆护肤商品797|雅诗兰黛美妆护肤商品818|雅诗兰黛美妆护肤商品295|欧莱雅美妆护肤商品977|欧莱雅美妆护肤商品587
4192,U004375,0.2484,0.246518,中意向,家用电器,高性价比优惠池,P001338|P000409|P001480|P001850|P001635,苏泊尔家用电器商品596|苏泊尔家用电器商品852|戴森家用电器商品536|戴森家用电器商品883|西门子家用电器商品795
4193,U002112,0.2482,0.25369,中意向,母婴用品,高性价比优惠池,P001683|P000635|P001865|P000991|P001946,帮宝适母婴用品商品297|贝因美母婴用品商品691|贝因美母婴用品商品921|帮宝适母婴用品商品195|花王母婴用品商品688
4194,U003407,0.2482,0.250576,中意向,家用电器,高性价比优惠池,P001338|P000409|P001480|P001850|P001635,苏泊尔家用电器商品596|苏泊尔家用电器商品852|戴森家用电器商品536|戴森家用电器商品883|西门子家用电器商品795
4195,U004370,0.2482,0.240372,中意向,礼品鲜花,高性价比优惠池,P000831|P000680|P001029|P000319|P000890,Roseonly礼品鲜花商品580|施华洛世奇礼品鲜花商品208|野兽派礼品鲜花商品389|施华洛世奇礼品鲜花商品633|潘多拉礼品鲜花商品586
4196,U003202,0.2481,0.246447,中意向,手机数码,高性价比优惠池,P000518|P000173|P000438|P001705|P000874,一加手机数码商品882|OPPO手机数码商品663|OPPO手机数码商品771|苹果手机数码商品445|苹果手机数码商品704
4197,U003082,0.248,0.243573,中意向,服装鞋包,高性价比优惠池,P001581|P001100|P000662|P001462|P000338,耐克服装鞋包商品711|H&M服装鞋包商品119|海澜之家服装鞋包商品964|耐克服装鞋包商品391|H&M服装鞋包商品587
4198,U000928,0.2479,0.277781,中意向,礼品鲜花,高性价比优惠池,P000831|P000680|P001029|P000319|P000890,Roseonly礼品鲜花商品580|施华洛世奇礼品鲜花商品208|野兽派礼品鲜花商品389|施华洛世奇礼品鲜花商品633|潘多拉礼品鲜花商品586
4199,U001207,0.2478,0.254715,中意向,服装鞋包,高性价比优惠池,P001581|P001100|P000662|P001462|P000338,耐克服装鞋包商品711|H&M服装鞋包商品119|海澜之家服装鞋包商品964|耐克服装鞋包商品391|H&M服装鞋包商品587
4200,U002243,0.2478,0.243069,中意向,医药保健,高性价比优惠池,P000765|P000827|P001891|P000351|P000793,善存医药保健商品608|Swisse医药保健商品414|Swisse医药保健商品235|汤臣倍健医药保健商品112|九芝堂医药保健商品478
4201,U002691,0.2478,0.248396,中意向,礼品鲜花,高性价比优惠池,P000831|P000680|P001029|P000319|P000890,Roseonly礼品鲜花商品580|施华洛世奇礼品鲜花商品208|野兽派礼品鲜花商品389|施华洛世奇礼品鲜花商品633|潘多拉礼品鲜花商品586
4202,U000335,0.2477,0.247309,中意向,母婴用品,高性价比优惠池,P001683|P000635|P001865|P000991|P001946,帮宝适母婴用品商品297|贝因美母婴用品商品691|贝因美母婴用品商品921|帮宝适母婴用品商品195|花王母婴用品商品688
4203,U000479,0.2477,0.245918,中意向,家用电器,高性价比优惠池,P001338|P000409|P001480|P001850|P001635,苏泊尔家用电器商品596|苏泊尔家用电器商品852|戴森家用电器商品536|戴森家用电器商品883|西门子家用电器商品795
4204,U000787,0.2477,0.249943,中意向,图书音像,高性价比优惠池,P001855|P001112|P000053|P001974|P001212,京东图书图书音像商品377|中信出版社图书音像商品870|京东图书图书音像商品199|博库网图书音像商品353|新华书店图书音像商品518
4205,U003938,0.2477,0.251453,中意向,图书音像,高性价比优惠池,P001855|P001112|P000053|P001974|P001212,京东图书图书音像商品377|中信出版社图书音像商品870|京东图书图书音像商品199|博库网图书音像商品353|新华书店图书音像商品518
4206,U002465,0.2476,0.234126,中意向,汽车用品,高性价比优惠池,P001350|P001831|P000932|P001413|P001281,海康威视汽车用品商品339|3M汽车用品商品278|米其林汽车用品商品745|3M汽车用品商品342|卡仕达汽车用品商品144
4207,U002423,0.2475,0.233511,中意向,汽车用品,高性价比优惠池,P001350|P001831|P000932|P001413|P001281,海康威视汽车用品商品339|3M汽车用品商品278|米其林汽车用品商品745|3M汽车用品商品342|卡仕达汽车用品商品144
4208,U000896,0.2473,0.239158,中意向,医药保健,高性价比优惠池,P000765|P000827|P001891|P000351|P000793,善存医药保健商品608|Swisse医药保健商品414|Swisse医药保健商品235|汤臣倍健医药保健商品112|九芝堂医药保健商品478
4209,U002354,0.2473,0.250222,中意向,手机数码,高性价比优惠池,P000518|P000173|P000438|P001705|P000874,一加手机数码商品882|OPPO手机数码商品663|OPPO手机数码商品771|苹果手机数码商品445|苹果手机数码商品704
4210,U004307,0.2473,0.243129,中意向,美妆护肤,高性价比优惠池,P001748|P000034|P001010|P000095|P001810,完美日记美妆护肤商品797|雅诗兰黛美妆护肤商品818|雅诗兰黛美妆护肤商品295|欧莱雅美妆护肤商品977|欧莱雅美妆护肤商品587
4211,U000669,0.2472,0.245221,中意向,服装鞋包,高性价比优惠池,P001581|P001100|P000662|P001462|P000338,耐克服装鞋包商品711|H&M服装鞋包商品119|海澜之家服装鞋包商品964|耐克服装鞋包商品391|H&M服装鞋包商品587
4212,U000734,0.2472,0.234878,中意向,食品生鲜,高性价比优惠池,P000995|P001113|P000246|P001573|P000063,良品铺子食品生鲜商品230|三只松鼠食品生鲜商品425|蒙牛食品生鲜商品866|百草味食品生鲜商品634|百草味食品生鲜商品504
4213,U000973,0.2472,0.236932,中意向,家居家装,高性价比优惠池,P001900|P001343|P000229|P001466|P001151,顾家家居家居家装商品551|曲美家居家装商品469|顾家家居家居家装商品198|马可波罗家居家装商品613|宜家家居家装商品838
4214,U004965,0.2472,0.253329,中意向,医药保健,高性价比优惠池,P000765|P000827|P001891|P000351|P000793,善存医药保健商品608|Swisse医药保健商品414|Swisse医药保健商品235|汤臣倍健医药保健商品112|九芝堂医药保健商品478
4215,U002438,0.2471,0.242795,中意向,家居家装,高性价比优惠池,P001900|P001343|P000229|P001466|P001151,顾家家居家居家装商品551|曲美家居家装商品469|顾家家居家居家装商品198|马可波罗家居家装商品613|宜家家居家装商品838
4216,U003887,0.2471,0.239535,中意向,礼品鲜花,高性价比优惠池,P000831|P000680|P001029|P000319|P000890,Roseonly礼品鲜花商品580|施华洛世奇礼品鲜花商品208|野兽派礼品鲜花商品389|施华洛世奇礼品鲜花商品633|潘多拉礼品鲜花商品586
4217,U001356,0.247,0.238127,中意向,家居家装,高性价比优惠池,P001900|P001343|P000229|P001466|P001151,顾家家居家居家装商品551|曲美家居家装商品469|顾家家居家居家装商品198|马可波罗家居家装商品613|宜家家居家装商品838
4218,U001398,0.247,0.251336,中意向,汽车用品,高性价比优惠池,P001350|P001831|P000932|P001413|P001281,海康威视汽车用品商品339|3M汽车用品商品278|米其林汽车用品商品745|3M汽车用品商品342|卡仕达汽车用品商品144
4219,U002811,0.247,0.254212,中意向,美妆护肤,高性价比优惠池,P001748|P000034|P001010|P000095|P001810,完美日记美妆护肤商品797|雅诗兰黛美妆护肤商品818|雅诗兰黛美妆护肤商品295|欧莱雅美妆护肤商品977|欧莱雅美妆护肤商品587
4220,U004646,0.247,0.240259,中意向,食品生鲜,高性价比优惠池,P000995|P001113|P000246|P001573|P000063,良品铺子食品生鲜商品230|三只松鼠食品生鲜商品425|蒙牛食品生鲜商品866|百草味食品生鲜商品634|百草味食品生鲜商品504
4221,U001374,0.2469,0.2585,中意向,医药保健,高性价比优惠池,P000765|P000827|P001891|P000351|P000793,善存医药保健商品608|Swisse医药保健商品414|Swisse医药保健商品235|汤臣倍健医药保健商品112|九芝堂医药保健商品478
4222,U001555,0.2469,0.284767,中意向,箱包配饰,高性价比优惠池,P000702|P001253|P001930|P000361|P000987,LV箱包配饰商品940|Samsonite箱包配饰商品380|Samsonite箱包配饰商品997|GUCCI箱包配饰商品904|Samsonite箱包配饰商品467
4223,U002744,0.2469,0.244715,中意向,手机数码,高性价比优惠池,P000518|P000173|P000438|P001705|P000874,一加手机数码商品882|OPPO手机数码商品663|OPPO手机数码商品771|苹果手机数码商品445|苹果手机数码商品704
4224,U000429,0.2467,0.254411,中意向,母婴用品,高性价比优惠池,P001683|P000635|P001865|P000991|P001946,帮宝适母婴用品商品297|贝因美母婴用品商品691|贝因美母婴用品商品921|帮宝适母婴用品商品195|花王母婴用品商品688
4225,U001208,0.2467,0.251213,中意向,家居家装,高性价比优惠池,P001900|P001343|P000229|P001466|P001151,顾家家居家居家装商品551|曲美家居家装商品469|顾家家居家居家装商品198|马可波罗家居家装商品613|宜家家居家装商品838
4226,U001740,0.2466,0.235142,中意向,手机数码,高性价比优惠池,P000518|P000173|P000438|P001705|P000874,一加手机数码商品882|OPPO手机数码商品663|OPPO手机数码商品771|苹果手机数码商品445|苹果手机数码商品704
4227,U000570,0.2465,0.237091,中意向,家用电器,高性价比优惠池,P001338|P000409|P001480|P001850|P001635,苏泊尔家用电器商品596|苏泊尔家用电器商品852|戴森家用电器商品536|戴森家用电器商品883|西门子家用电器商品795
4228,U002563,0.2465,0.249264,中意向,家用电器,高性价比优惠池,P001338|P000409|P001480|P001850|P001635,苏泊尔家用电器商品596|苏泊尔家用电器商品852|戴森家用电器商品536|戴森家用电器商品883|西门子家用电器商品795
4229,U000875,0.2464,0.247436,中意向,母婴用品,高性价比优惠池,P001683|P000635|P001865|P000991|P001946,帮宝适母婴用品商品297|贝因美母婴用品商品691|贝因美母婴用品商品921|帮宝适母婴用品商品195|花王母婴用品商品688
4230,U002246,0.2464,0.241644,中意向,母婴用品,高性价比优惠池,P001683|P000635|P001865|P000991|P001946,帮宝适母婴用品商品297|贝因美母婴用品商品691|贝因美母婴用品商品921|帮宝适母婴用品商品195|花王母婴用品商品688
4231,U000322,0.2462,0.243721,中意向,服装鞋包,高性价比优惠池,P001581|P001100|P000662|P001462|P000338,耐克服装鞋包商品711|H&M服装鞋包商品119|海澜之家服装鞋包商品964|耐克服装鞋包商品391|H&M服装鞋包商品587
4232,U004007,0.2462,0.250491,中意向,珠宝首饰,高性价比优惠池,P000974|P000711|P001945|P000774|P001226,明牌珠宝首饰商品793|老凤祥珠宝首饰商品116|老凤祥珠宝首饰商品246|周大福珠宝首饰商品251|潮宏基珠宝首饰商品314
4233,U004915,0.2462,0.254759,中意向,母婴用品,高性价比优惠池,P001683|P000635|P001865|P000991|P001946,帮宝适母婴用品商品297|贝因美母婴用品商品691|贝因美母婴用品商品921|帮宝适母婴用品商品195|花王母婴用品商品688
4234,U001345,0.2461,0.260016,中意向,运动户外,高性价比优惠池,P001637|P001804|P001967|P000194|P000210,李宁运动户外商品816|李宁运动户外商品353|探路者运动户外商品827|始祖鸟运动户外商品528|安踏运动户外商品113
4235,U002872,0.2461,0.244698,中意向,汽车用品,高性价比优惠池,P001350|P001831|P000932|P001413|P001281,海康威视汽车用品商品339|3M汽车用品商品278|米其林汽车用品商品745|3M汽车用品商品342|卡仕达汽车用品商品144
4236,U003148,0.2461,0.245074,中意向,服装鞋包,高性价比优惠池,P001581|P001100|P000662|P001462|P000338,耐克服装鞋包商品711|H&M服装鞋包商品119|海澜之家服装鞋包商品964|耐克服装鞋包商品391|H&M服装鞋包商品587
4237,U003948,0.2461,0.258205,中意向,汽车用品,高性价比优惠池,P001350|P001831|P000932|P001413|P001281,海康威视汽车用品商品339|3M汽车用品商品278|米其林汽车用品商品745|3M汽车用品商品342|卡仕达汽车用品商品144
4238,U004478,0.2461,0.235754,中意向,运动户外,高性价比优惠池,P001637|P001804|P001967|P000194|P000210,李宁运动户外商品816|李宁运动户外商品353|探路者运动户外商品827|始祖鸟运动户外商品528|安踏运动户外商品113
4239,U000140,0.246,0.231675,中意向,珠宝首饰,高性价比优惠池,P000974|P000711|P001945|P000774|P001226,明牌珠宝首饰商品793|老凤祥珠宝首饰商品116|老凤祥珠宝首饰商品246|周大福珠宝首饰商品251|潮宏基珠宝首饰商品314
4240,U000255,0.246,0.226461,中意向,医药保健,高性价比优惠池,P000765|P000827|P001891|P000351|P000793,善存医药保健商品608|Swisse医药保健商品414|Swisse医药保健商品235|汤臣倍健医药保健商品112|九芝堂医药保健商品478
4241,U001621,0.246,0.237266,中意向,图书音像,高性价比优惠池,P001855|P001112|P000053|P001974|P001212,京东图书图书音像商品377|中信出版社图书音像商品870|京东图书图书音像商品199|博库网图书音像商品353|新华书店图书音像商品518
4242,U001815,0.2457,0.245911,中意向,母婴用品,高性价比优惠池,P001683|P000635|P001865|P000991|P001946,帮宝适母婴用品商品297|贝因美母婴用品商品691|贝因美母婴用品商品921|帮宝适母婴用品商品195|花王母婴用品商品688
4243,U003177,0.2457,0.234518,中意向,家居家装,高性价比优惠池,P001900|P001343|P000229|P001466|P001151,顾家家居家居家装商品551|曲美家居家装商品469|顾家家居家居家装商品198|马可波罗家居家装商品613|宜家家居家装商品838
4244,U003157,0.2456,0.241959,中意向,家居家装,高性价比优惠池,P001900|P001343|P000229|P001466|P001151,顾家家居家居家装商品551|曲美家居家装商品469|顾家家居家居家装商品198|马可波罗家居家装商品613|宜家家居家装商品838
4245,U004001,0.2455,0.250162,中意向,家居家装,高性价比优惠池,P001900|P001343|P000229|P001466|P001151,顾家家居家居家装商品551|曲美家居家装商品469|顾家家居家居家装商品198|马可波罗家居家装商品613|宜家家居家装商品838
4246,U000128,0.2454,0.257892,中意向,图书音像,高性价比优惠池,P001855|P001112|P000053|P001974|P001212,京东图书图书音像商品377|中信出版社图书音像商品870|京东图书图书音像商品199|博库网图书音像商品353|新华书店图书音像商品518
4247,U001005,0.2454,0.244515,中意向,礼品鲜花,高性价比优惠池,P000831|P000680|P001029|P000319|P000890,Roseonly礼品鲜花商品580|施华洛世奇礼品鲜花商品208|野兽派礼品鲜花商品389|施华洛世奇礼品鲜花商品633|潘多拉礼品鲜花商品586
4248,U001534,0.2453,0.234835,中意向,家居家装,高性价比优惠池,P001900|P001343|P000229|P001466|P001151,顾家家居家居家装商品551|曲美家居家装商品469|顾家家居家居家装商品198|马可波罗家居家装商品613|宜家家居家装商品838
4249,U003233,0.2452,0.248352,中意向,医药保健,高性价比优惠池,P000765|P000827|P001891|P000351|P000793,善存医药保健商品608|Swisse医药保健商品414|Swisse医药保健商品235|汤臣倍健医药保健商品112|九芝堂医药保健商品478
4250,U004405,0.2451,0.251129,中意向,食品生鲜,高性价比优惠池,P000995|P001113|P000246|P001573|P000063,良品铺子食品生鲜商品230|三只松鼠食品生鲜商品425|蒙牛食品生鲜商品866|百草味食品生鲜商品634|百草味食品生鲜商品504
4251,U000443,0.2449,0.254772,中意向,母婴用品,高性价比优惠池,P001683|P000635|P001865|P000991|P001946,帮宝适母婴用品商品297|贝因美母婴用品商品691|贝因美母婴用品商品921|帮宝适母婴用品商品195|花王母婴用品商品688
4252,U001436,0.2448,0.252465,中意向,礼品鲜花,高性价比优惠池,P000831|P000680|P001029|P000319|P000890,Roseonly礼品鲜花商品580|施华洛世奇礼品鲜花商品208|野兽派礼品鲜花商品389|施华洛世奇礼品鲜花商品633|潘多拉礼品鲜花商品586
4253,U002411,0.2448,0.245249,中意向,汽车用品,高性价比优惠池,P001350|P001831|P000932|P001413|P001281,海康威视汽车用品商品339|3M汽车用品商品278|米其林汽车用品商品745|3M汽车用品商品342|卡仕达汽车用品商品144
4254,U002128,0.2447,0.252699,中意向,图书音像,高性价比优惠池,P001855|P001112|P000053|P001974|P001212,京东图书图书音像商品377|中信出版社图书音像商品870|京东图书图书音像商品199|博库网图书音像商品353|新华书店图书音像商品518
4255,U002539,0.2447,0.250472,中意向,医药保健,高性价比优惠池,P000765|P000827|P001891|P000351|P000793,善存医药保健商品608|Swisse医药保健商品414|Swisse医药保健商品235|汤臣倍健医药保健商品112|九芝堂医药保健商品478
4256,U000291,0.2446,0.272957,中意向,食品生鲜,高性价比优惠池,P000995|P001113|P000246|P001573|P000063,良品铺子食品生鲜商品230|三只松鼠食品生鲜商品425|蒙牛食品生鲜商品866|百草味食品生鲜商品634|百草味食品生鲜商品504
4257,U002069,0.2446,0.250799,中意向,汽车用品,高性价比优惠池,P001350|P001831|P000932|P001413|P001281,海康威视汽车用品商品339|3M汽车用品商品278|米其林汽车用品商品745|3M汽车用品商品342|卡仕达汽车用品商品144
4258,U000725,0.2445,0.245159,中意向,宠物用品,高性价比优惠池,P000174|P001336|P001123|P000231|P001759,麦富迪宠物用品商品180|比瑞吉宠物用品商品181|麦富迪宠物用品商品699|pidan宠物用品商品955|网易严选宠物用品商品408
4259,U001944,0.2445,0.251969,中意向,礼品鲜花,高性价比优惠池,P000831|P000680|P001029|P000319|P000890,Roseonly礼品鲜花商品580|施华洛世奇礼品鲜花商品208|野兽派礼品鲜花商品389|施华洛世奇礼品鲜花商品633|潘多拉礼品鲜花商品586
4260,U004898,0.2444,0.24128,中意向,宠物用品,高性价比优惠池,P000174|P001336|P001123|P000231|P001759,麦富迪宠物用品商品180|比瑞吉宠物用品商品181|麦富迪宠物用品商品699|pidan宠物用品商品955|网易严选宠物用品商品408
4261,U002202,0.2443,0.232993,中意向,手机数码,高性价比优惠池,P000518|P000173|P000438|P001705|P000874,一加手机数码商品882|OPPO手机数码商品663|OPPO手机数码商品771|苹果手机数码商品445|苹果手机数码商品704
4262,U004229,0.2443,0.253474,中意向,家用电器,高性价比优惠池,P001338|P000409|P001480|P001850|P001635,苏泊尔家用电器商品596|苏泊尔家用电器商品852|戴森家用电器商品536|戴森家用电器商品883|西门子家用电器商品795
4263,U001467,0.2442,0.235828,中意向,礼品鲜花,高性价比优惠池,P000831|P000680|P001029|P000319|P000890,Roseonly礼品鲜花商品580|施华洛世奇礼品鲜花商品208|野兽派礼品鲜花商品389|施华洛世奇礼品鲜花商品633|潘多拉礼品鲜花商品586
4264,U003061,0.2442,0.249441,中意向,箱包配饰,高性价比优惠池,P000702|P001253|P001930|P000361|P000987,LV箱包配饰商品940|Samsonite箱包配饰商品380|Samsonite箱包配饰商品997|GUCCI箱包配饰商品904|Samsonite箱包配饰商品467
4265,U003899,0.2441,0.260876,中意向,宠物用品,高性价比优惠池,P000174|P001336|P001123|P000231|P001759,麦富迪宠物用品商品180|比瑞吉宠物用品商品181|麦富迪宠物用品商品699|pidan宠物用品商品955|网易严选宠物用品商品408
4266,U004136,0.2441,0.239268,中意向,汽车用品,高性价比优惠池,P001350|P001831|P000932|P001413|P001281,海康威视汽车用品商品339|3M汽车用品商品278|米其林汽车用品商品745|3M汽车用品商品342|卡仕达汽车用品商品144
4267,U002918,0.244,0.239857,中意向,美妆护肤,高性价比优惠池,P001748|P000034|P001010|P000095|P001810,完美日记美妆护肤商品797|雅诗兰黛美妆护肤商品818|雅诗兰黛美妆护肤商品295|欧莱雅美妆护肤商品977|欧莱雅美妆护肤商品587
4268,U003290,0.2438,0.242345,中意向,珠宝首饰,高性价比优惠池,P000974|P000711|P001945|P000774|P001226,明牌珠宝首饰商品793|老凤祥珠宝首饰商品116|老凤祥珠宝首饰商品246|周大福珠宝首饰商品251|潮宏基珠宝首饰商品314
4269,U002997,0.2437,0.239802,中意向,医药保健,高性价比优惠池,P000765|P000827|P001891|P000351|P000793,善存医药保健商品608|Swisse医药保健商品414|Swisse医药保健商品235|汤臣倍健医药保健商品112|九芝堂医药保健商品478
4270,U003448,0.2435,0.246058,中意向,服装鞋包,高性价比优惠池,P001581|P001100|P000662|P001462|P000338,耐克服装鞋包商品711|H&M服装鞋包商品119|海澜之家服装鞋包商品964|耐克服装鞋包商品391|H&M服装鞋包商品587
4271,U000661,0.2434,0.242206,中意向,母婴用品,高性价比优惠池,P001683|P000635|P001865|P000991|P001946,帮宝适母婴用品商品297|贝因美母婴用品商品691|贝因美母婴用品商品921|帮宝适母婴用品商品195|花王母婴用品商品688
4272,U003891,0.2434,0.255927,中意向,箱包配饰,高性价比优惠池,P000702|P001253|P001930|P000361|P000987,LV箱包配饰商品940|Samsonite箱包配饰商品380|Samsonite箱包配饰商品997|GUCCI箱包配饰商品904|Samsonite箱包配饰商品467
4273,U002002,0.2433,0.251014,中意向,汽车用品,高性价比优惠池,P001350|P001831|P000932|P001413|P001281,海康威视汽车用品商品339|3M汽车用品商品278|米其林汽车用品商品745|3M汽车用品商品342|卡仕达汽车用品商品144
4274,U003812,0.2433,0.233355,中意向,服装鞋包,高性价比优惠池,P001581|P001100|P000662|P001462|P000338,耐克服装鞋包商品711|H&M服装鞋包商品119|海澜之家服装鞋包商品964|耐克服装鞋包商品391|H&M服装鞋包商品587
4275,U004859,0.2433,0.211631,中意向,手机数码,高性价比优惠池,P000518|P000173|P000438|P001705|P000874,一加手机数码商品882|OPPO手机数码商品663|OPPO手机数码商品771|苹果手机数码商品445|苹果手机数码商品704
4276,U000316,0.2432,0.237905,中意向,箱包配饰,高性价比优惠池,P000702|P001253|P001930|P000361|P000987,LV箱包配饰商品940|Samsonite箱包配饰商品380|Samsonite箱包配饰商品997|GUCCI箱包配饰商品904|Samsonite箱包配饰商品467
4277,U001304,0.2432,0.253505,中意向,食品生鲜,高性价比优惠池,P000995|P001113|P000246|P001573|P000063,良品铺子食品生鲜商品230|三只松鼠食品生鲜商品425|蒙牛食品生鲜商品866|百草味食品生鲜商品634|百草味食品生鲜商品504
4278,U003128,0.2432,0.243982,中意向,箱包配饰,高性价比优惠池,P000702|P001253|P001930|P000361|P000987,LV箱包配饰商品940|Samsonite箱包配饰商品380|Samsonite箱包配饰商品997|GUCCI箱包配饰商品904|Samsonite箱包配饰商品467
4279,U004820,0.2432,0.25194,中意向,家居家装,高性价比优惠池,P001900|P001343|P000229|P001466|P001151,顾家家居家居家装商品551|曲美家居家装商品469|顾家家居家居家装商品198|马可波罗家居家装商品613|宜家家居家装商品838
4280,U002179,0.2431,0.26003,中意向,医药保健,高性价比优惠池,P000765|P000827|P001891|P000351|P000793,善存医药保健商品608|Swisse医药保健商品414|Swisse医药保健商品235|汤臣倍健医药保健商品112|九芝堂医药保健商品478
4281,U003241,0.2431,0.249409,中意向,家居家装,高性价比优惠池,P001900|P001343|P000229|P001466|P001151,顾家家居家居家装商品551|曲美家居家装商品469|顾家家居家居家装商品198|马可波罗家居家装商品613|宜家家居家装商品838
4282,U000220,0.243,0.235601,中意向,服装鞋包,高性价比优惠池,P001581|P001100|P000662|P001462|P000338,耐克服装鞋包商品711|H&M服装鞋包商品119|海澜之家服装鞋包商品964|耐克服装鞋包商品391|H&M服装鞋包商品587
4283,U001515,0.243,0.228886,中意向,家用电器,高性价比优惠池,P001338|P000409|P001480|P001850|P001635,苏泊尔家用电器商品596|苏泊尔家用电器商品852|戴森家用电器商品536|戴森家用电器商品883|西门子家用电器商品795
4284,U002394,0.243,0.239087,中意向,美妆护肤,高性价比优惠池,P001748|P000034|P001010|P000095|P001810,完美日记美妆护肤商品797|雅诗兰黛美妆护肤商品818|雅诗兰黛美妆护肤商品295|欧莱雅美妆护肤商品977|欧莱雅美妆护肤商品587
4285,U002063,0.2429,0.247843,中意向,母婴用品,高性价比优惠池,P001683|P000635|P001865|P000991|P001946,帮宝适母婴用品商品297|贝因美母婴用品商品691|贝因美母婴用品商品921|帮宝适母婴用品商品195|花王母婴用品商品688
4286,U002621,0.2429,0.239217,中意向,手机数码,高性价比优惠池,P000518|P000173|P000438|P001705|P000874,一加手机数码商品882|OPPO手机数码商品663|OPPO手机数码商品771|苹果手机数码商品445|苹果手机数码商品704
4287,U000537,0.2427,0.242334,中意向,家用电器,高性价比优惠池,P001338|P000409|P001480|P001850|P001635,苏泊尔家用电器商品596|苏泊尔家用电器商品852|戴森家用电器商品536|戴森家用电器商品883|西门子家用电器商品795
4288,U001620,0.2427,0.261103,中意向,手机数码,高性价比优惠池,P000518|P000173|P000438|P001705|P000874,一加手机数码商品882|OPPO手机数码商品663|OPPO手机数码商品771|苹果手机数码商品445|苹果手机数码商品704
4289,U001979,0.2427,0.265895,中意向,家居家装,高性价比优惠池,P001900|P001343|P000229|P001466|P001151,顾家家居家居家装商品551|曲美家居家装商品469|顾家家居家居家装商品198|马可波罗家居家装商品613|宜家家居家装商品838
4290,U001199,0.2426,0.243375,中意向,运动户外,高性价比优惠池,P001637|P001804|P001967|P000194|P000210,李宁运动户外商品816|李宁运动户外商品353|探路者运动户外商品827|始祖鸟运动户外商品528|安踏运动户外商品113
4291,U004491,0.2425,0.257209,中意向,珠宝首饰,高性价比优惠池,P000974|P000711|P001945|P000774|P001226,明牌珠宝首饰商品793|老凤祥珠宝首饰商品116|老凤祥珠宝首饰商品246|周大福珠宝首饰商品251|潮宏基珠宝首饰商品314
4292,U003166,0.2424,0.247659,中意向,食品生鲜,高性价比优惠池,P000995|P001113|P000246|P001573|P000063,良品铺子食品生鲜商品230|三只松鼠食品生鲜商品425|蒙牛食品生鲜商品866|百草味食品生鲜商品634|百草味食品生鲜商品504
4293,U004107,0.2424,0.256347,中意向,家居家装,高性价比优惠池,P001900|P001343|P000229|P001466|P001151,顾家家居家居家装商品551|曲美家居家装商品469|顾家家居家居家装商品198|马可波罗家居家装商品613|宜家家居家装商品838
4294,U004725,0.2424,0.229838,中意向,汽车用品,高性价比优惠池,P001350|P001831|P000932|P001413|P001281,海康威视汽车用品商品339|3M汽车用品商品278|米其林汽车用品商品745|3M汽车用品商品342|卡仕达汽车用品商品144
4295,U000746,0.2423,0.239879,中意向,箱包配饰,高性价比优惠池,P000702|P001253|P001930|P000361|P000987,LV箱包配饰商品940|Samsonite箱包配饰商品380|Samsonite箱包配饰商品997|GUCCI箱包配饰商品904|Samsonite箱包配饰商品467
4296,U003258,0.2423,0.244294,中意向,服装鞋包,高性价比优惠池,P001581|P001100|P000662|P001462|P000338,耐克服装鞋包商品711|H&M服装鞋包商品119|海澜之家服装鞋包商品964|耐克服装鞋包商品391|H&M服装鞋包商品587
4297,U003543,0.2423,0.23839,中意向,手机数码,高性价比优惠池,P000518|P000173|P000438|P001705|P000874,一加手机数码商品882|OPPO手机数码商品663|OPPO手机数码商品771|苹果手机数码商品445|苹果手机数码商品704
4298,U003264,0.2422,0.240458,中意向,运动户外,高性价比优惠池,P001637|P001804|P001967|P000194|P000210,李宁运动户外商品816|李宁运动户外商品353|探路者运动户外商品827|始祖鸟运动户外商品528|安踏运动户外商品113
4299,U002103,0.2421,0.248361,中意向,运动户外,高性价比优惠池,P001637|P001804|P001967|P000194|P000210,李宁运动户外商品816|李宁运动户外商品353|探路者运动户外商品827|始祖鸟运动户外商品528|安踏运动户外商品113
4300,U001720,0.242,0.239814,中意向,箱包配饰,高性价比优惠池,P000702|P001253|P001930|P000361|P000987,LV箱包配饰商品940|Samsonite箱包配饰商品380|Samsonite箱包配饰商品997|GUCCI箱包配饰商品904|Samsonite箱包配饰商品467
4301,U001996,0.242,0.251478,中意向,家居家装,高性价比优惠池,P001900|P001343|P000229|P001466|P001151,顾家家居家居家装商品551|曲美家居家装商品469|顾家家居家居家装商品198|马可波罗家居家装商品613|宜家家居家装商品838
4302,U002966,0.242,0.251296,中意向,母婴用品,高性价比优惠池,P001683|P000635|P001865|P000991|P001946,帮宝适母婴用品商品297|贝因美母婴用品商品691|贝因美母婴用品商品921|帮宝适母婴用品商品195|花王母婴用品商品688
4303,U003648,0.242,0.251001,中意向,食品生鲜,高性价比优惠池,P000995|P001113|P000246|P001573|P000063,良品铺子食品生鲜商品230|三只松鼠食品生鲜商品425|蒙牛食品生鲜商品866|百草味食品生鲜商品634|百草味食品生鲜商品504
4304,U000167,0.2419,0.318109,中意向,礼品鲜花,高性价比优惠池,P000831|P000680|P001029|P000319|P000890,Roseonly礼品鲜花商品580|施华洛世奇礼品鲜花商品208|野兽派礼品鲜花商品389|施华洛世奇礼品鲜花商品633|潘多拉礼品鲜花商品586
4305,U002398,0.2419,0.226096,中意向,美妆护肤,高性价比优惠池,P001748|P000034|P001010|P000095|P001810,完美日记美妆护肤商品797|雅诗兰黛美妆护肤商品818|雅诗兰黛美妆护肤商品295|欧莱雅美妆护肤商品977|欧莱雅美妆护肤商品587
4306,U003749,0.2418,0.248574,中意向,汽车用品,高性价比优惠池,P001350|P001831|P000932|P001413|P001281,海康威视汽车用品商品339|3M汽车用品商品278|米其林汽车用品商品745|3M汽车用品商品342|卡仕达汽车用品商品144
4307,U000987,0.2416,0.246855,中意向,手机数码,高性价比优惠池,P000518|P000173|P000438|P001705|P000874,一加手机数码商品882|OPPO手机数码商品663|OPPO手机数码商品771|苹果手机数码商品445|苹果手机数码商品704
4308,U001548,0.2416,0.243983,中意向,服装鞋包,高性价比优惠池,P001581|P001100|P000662|P001462|P000338,耐克服装鞋包商品711|H&M服装鞋包商品119|海澜之家服装鞋包商品964|耐克服装鞋包商品391|H&M服装鞋包商品587
4309,U000461,0.2414,0.24663,中意向,服装鞋包,高性价比优惠池,P001581|P001100|P000662|P001462|P000338,耐克服装鞋包商品711|H&M服装鞋包商品119|海澜之家服装鞋包商品964|耐克服装鞋包商品391|H&M服装鞋包商品587
4310,U003538,0.2414,0.255973,中意向,美妆护肤,高性价比优惠池,P001748|P000034|P001010|P000095|P001810,完美日记美妆护肤商品797|雅诗兰黛美妆护肤商品818|雅诗兰黛美妆护肤商品295|欧莱雅美妆护肤商品977|欧莱雅美妆护肤商品587
4311,U004953,0.2413,0.241926,中意向,礼品鲜花,高性价比优惠池,P000831|P000680|P001029|P000319|P000890,Roseonly礼品鲜花商品580|施华洛世奇礼品鲜花商品208|野兽派礼品鲜花商品389|施华洛世奇礼品鲜花商品633|潘多拉礼品鲜花商品586
4312,U003810,0.2412,0.251565,中意向,手机数码,高性价比优惠池,P000518|P000173|P000438|P001705|P000874,一加手机数码商品882|OPPO手机数码商品663|OPPO手机数码商品771|苹果手机数码商品445|苹果手机数码商品704
4313,U003817,0.2412,0.243941,中意向,家用电器,高性价比优惠池,P001338|P000409|P001480|P001850|P001635,苏泊尔家用电器商品596|苏泊尔家用电器商品852|戴森家用电器商品536|戴森家用电器商品883|西门子家用电器商品795
4314,U000353,0.2411,0.232895,中意向,图书音像,高性价比优惠池,P001855|P001112|P000053|P001974|P001212,京东图书图书音像商品377|中信出版社图书音像商品870|京东图书图书音像商品199|博库网图书音像商品353|新华书店图书音像商品518
4315,U000689,0.2411,0.244163,中意向,汽车用品,高性价比优惠池,P001350|P001831|P000932|P001413|P001281,海康威视汽车用品商品339|3M汽车用品商品278|米其林汽车用品商品745|3M汽车用品商品342|卡仕达汽车用品商品144
4316,U000810,0.2411,0.234177,中意向,箱包配饰,高性价比优惠池,P000702|P001253|P001930|P000361|P000987,LV箱包配饰商品940|Samsonite箱包配饰商品380|Samsonite箱包配饰商品997|GUCCI箱包配饰商品904|Samsonite箱包配饰商品467
4317,U004740,0.2411,0.228192,中意向,医药保健,高性价比优惠池,P000765|P000827|P001891|P000351|P000793,善存医药保健商品608|Swisse医药保健商品414|Swisse医药保健商品235|汤臣倍健医药保健商品112|九芝堂医药保健商品478
4318,U000730,0.241,0.229691,中意向,美妆护肤,高性价比优惠池,P001748|P000034|P001010|P000095|P001810,完美日记美妆护肤商品797|雅诗兰黛美妆护肤商品818|雅诗兰黛美妆护肤商品295|欧莱雅美妆护肤商品977|欧莱雅美妆护肤商品587
4319,U002389,0.241,0.254394,中意向,珠宝首饰,高性价比优惠池,P000974|P000711|P001945|P000774|P001226,明牌珠宝首饰商品793|老凤祥珠宝首饰商品116|老凤祥珠宝首饰商品246|周大福珠宝首饰商品251|潮宏基珠宝首饰商品314
4320,U004047,0.2409,0.266368,中意向,箱包配饰,高性价比优惠池,P000702|P001253|P001930|P000361|P000987,LV箱包配饰商品940|Samsonite箱包配饰商品380|Samsonite箱包配饰商品997|GUCCI箱包配饰商品904|Samsonite箱包配饰商品467
4321,U000801,0.2408,0.255286,中意向,运动户外,高性价比优惠池,P001637|P001804|P001967|P000194|P000210,李宁运动户外商品816|李宁运动户外商品353|探路者运动户外商品827|始祖鸟运动户外商品528|安踏运动户外商品113
4322,U001873,0.2407,0.271563,中意向,美妆护肤,高性价比优惠池,P001748|P000034|P001010|P000095|P001810,完美日记美妆护肤商品797|雅诗兰黛美妆护肤商品818|雅诗兰黛美妆护肤商品295|欧莱雅美妆护肤商品977|欧莱雅美妆护肤商品587
4323,U002981,0.2407,0.273023,中意向,汽车用品,高性价比优惠池,P001350|P001831|P000932|P001413|P001281,海康威视汽车用品商品339|3M汽车用品商品278|米其林汽车用品商品745|3M汽车用品商品342|卡仕达汽车用品商品144
4324,U004314,0.2407,0.242778,中意向,运动户外,高性价比优惠池,P001637|P001804|P001967|P000194|P000210,李宁运动户外商品816|李宁运动户外商品353|探路者运动户外商品827|始祖鸟运动户外商品528|安踏运动户外商品113
4325,U002201,0.2406,0.242632,中意向,汽车用品,高性价比优惠池,P001350|P001831|P000932|P001413|P001281,海康威视汽车用品商品339|3M汽车用品商品278|米其林汽车用品商品745|3M汽车用品商品342|卡仕达汽车用品商品144
4326,U004198,0.2406,0.264185,中意向,珠宝首饰,高性价比优惠池,P000974|P000711|P001945|P000774|P001226,明牌珠宝首饰商品793|老凤祥珠宝首饰商品116|老凤祥珠宝首饰商品246|周大福珠宝首饰商品251|潮宏基珠宝首饰商品314
4327,U001278,0.2402,0.234475,中意向,图书音像,高性价比优惠池,P001855|P001112|P000053|P001974|P001212,京东图书图书音像商品377|中信出版社图书音像商品870|京东图书图书音像商品199|博库网图书音像商品353|新华书店图书音像商品518
4328,U000258,0.2401,0.241182,中意向,服装鞋包,高性价比优惠池,P001581|P001100|P000662|P001462|P000338,耐克服装鞋包商品711|H&M服装鞋包商品119|海澜之家服装鞋包商品964|耐克服装鞋包商品391|H&M服装鞋包商品587
4329,U004653,0.2401,0.223221,中意向,家居家装,高性价比优惠池,P001900|P001343|P000229|P001466|P001151,顾家家居家居家装商品551|曲美家居家装商品469|顾家家居家居家装商品198|马可波罗家居家装商品613|宜家家居家装商品838
4330,U003681,0.2399,0.242525,中意向,汽车用品,高性价比优惠池,P001350|P001831|P000932|P001413|P001281,海康威视汽车用品商品339|3M汽车用品商品278|米其林汽车用品商品745|3M汽车用品商品342|卡仕达汽车用品商品144
4331,U001060,0.2398,0.24571,中意向,母婴用品,高性价比优惠池,P001683|P000635|P001865|P000991|P001946,帮宝适母婴用品商品297|贝因美母婴用品商品691|贝因美母婴用品商品921|帮宝适母婴用品商品195|花王母婴用品商品688
4332,U003307,0.2397,0.244495,中意向,医药保健,高性价比优惠池,P000765|P000827|P001891|P000351|P000793,善存医药保健商品608|Swisse医药保健商品414|Swisse医药保健商品235|汤臣倍健医药保健商品112|九芝堂医药保健商品478
4333,U004519,0.2397,0.235637,中意向,宠物用品,高性价比优惠池,P000174|P001336|P001123|P000231|P001759,麦富迪宠物用品商品180|比瑞吉宠物用品商品181|麦富迪宠物用品商品699|pidan宠物用品商品955|网易严选宠物用品商品408
4334,U000346,0.2396,0.244885,中意向,服装鞋包,高性价比优惠池,P001581|P001100|P000662|P001462|P000338,耐克服装鞋包商品711|H&M服装鞋包商品119|海澜之家服装鞋包商品964|耐克服装鞋包商品391|H&M服装鞋包商品587
4335,U003003,0.2396,0.23561,中意向,家居家装,高性价比优惠池,P001900|P001343|P000229|P001466|P001151,顾家家居家居家装商品551|曲美家居家装商品469|顾家家居家居家装商品198|马可波罗家居家装商品613|宜家家居家装商品838
4336,U004152,0.2396,0.240664,中意向,珠宝首饰,高性价比优惠池,P000974|P000711|P001945|P000774|P001226,明牌珠宝首饰商品793|老凤祥珠宝首饰商品116|老凤祥珠宝首饰商品246|周大福珠宝首饰商品251|潮宏基珠宝首饰商品314
4337,U004650,0.2396,0.244472,中意向,医药保健,高性价比优惠池,P000765|P000827|P001891|P000351|P000793,善存医药保健商品608|Swisse医药保健商品414|Swisse医药保健商品235|汤臣倍健医药保健商品112|九芝堂医药保健商品478
4338,U003895,0.2395,0.253905,中意向,运动户外,高性价比优惠池,P001637|P001804|P001967|P000194|P000210,李宁运动户外商品816|李宁运动户外商品353|探路者运动户外商品827|始祖鸟运动户外商品528|安踏运动户外商品113
4339,U000963,0.2394,0.237314,中意向,宠物用品,高性价比优惠池,P000174|P001336|P001123|P000231|P001759,麦富迪宠物用品商品180|比瑞吉宠物用品商品181|麦富迪宠物用品商品699|pidan宠物用品商品955|网易严选宠物用品商品408
4340,U003612,0.2394,0.241965,中意向,珠宝首饰,高性价比优惠池,P000974|P000711|P001945|P000774|P001226,明牌珠宝首饰商品793|老凤祥珠宝首饰商品116|老凤祥珠宝首饰商品246|周大福珠宝首饰商品251|潮宏基珠宝首饰商品314
4341,U003800,0.2394,0.251271,中意向,美妆护肤,高性价比优惠池,P001748|P000034|P001010|P000095|P001810,完美日记美妆护肤商品797|雅诗兰黛美妆护肤商品818|雅诗兰黛美妆护肤商品295|欧莱雅美妆护肤商品977|欧莱雅美妆护肤商品587
4342,U001369,0.2393,0.245045,中意向,食品生鲜,高性价比优惠池,P000995|P001113|P000246|P001573|P000063,良品铺子食品生鲜商品230|三只松鼠食品生鲜商品425|蒙牛食品生鲜商品866|百草味食品生鲜商品634|百草味食品生鲜商品504
4343,U002365,0.2392,0.247088,中意向,美妆护肤,高性价比优惠池,P001748|P000034|P001010|P000095|P001810,完美日记美妆护肤商品797|雅诗兰黛美妆护肤商品818|雅诗兰黛美妆护肤商品295|欧莱雅美妆护肤商品977|欧莱雅美妆护肤商品587
4344,U002817,0.2392,0.238461,中意向,汽车用品,高性价比优惠池,P001350|P001831|P000932|P001413|P001281,海康威视汽车用品商品339|3M汽车用品商品278|米其林汽车用品商品745|3M汽车用品商品342|卡仕达汽车用品商品144
4345,U003663,0.2392,0.256021,中意向,宠物用品,高性价比优惠池,P000174|P001336|P001123|P000231|P001759,麦富迪宠物用品商品180|比瑞吉宠物用品商品181|麦富迪宠物用品商品699|pidan宠物用品商品955|网易严选宠物用品商品408
4346,U004637,0.2392,0.241916,中意向,服装鞋包,高性价比优惠池,P001581|P001100|P000662|P001462|P000338,耐克服装鞋包商品711|H&M服装鞋包商品119|海澜之家服装鞋包商品964|耐克服装鞋包商品391|H&M服装鞋包商品587
4347,U004394,0.2391,0.247799,中意向,图书音像,高性价比优惠池,P001855|P001112|P000053|P001974|P001212,京东图书图书音像商品377|中信出版社图书音像商品870|京东图书图书音像商品199|博库网图书音像商品353|新华书店图书音像商品518
4348,U000046,0.239,0.258847,中意向,运动户外,高性价比优惠池,P001637|P001804|P001967|P000194|P000210,李宁运动户外商品816|李宁运动户外商品353|探路者运动户外商品827|始祖鸟运动户外商品528|安踏运动户外商品113
4349,U002699,0.239,0.234064,中意向,食品生鲜,高性价比优惠池,P000995|P001113|P000246|P001573|P000063,良品铺子食品生鲜商品230|三只松鼠食品生鲜商品425|蒙牛食品生鲜商品866|百草味食品生鲜商品634|百草味食品生鲜商品504
4350,U004757,0.239,0.244856,中意向,家居家装,高性价比优惠池,P001900|P001343|P000229|P001466|P001151,顾家家居家居家装商品551|曲美家居家装商品469|顾家家居家居家装商品198|马可波罗家居家装商品613|宜家家居家装商品838
4351,U000064,0.2389,0.227961,中意向,珠宝首饰,高性价比优惠池,P000974|P000711|P001945|P000774|P001226,明牌珠宝首饰商品793|老凤祥珠宝首饰商品116|老凤祥珠宝首饰商品246|周大福珠宝首饰商品251|潮宏基珠宝首饰商品314
4352,U003308,0.2388,0.245825,中意向,珠宝首饰,高性价比优惠池,P000974|P000711|P001945|P000774|P001226,明牌珠宝首饰商品793|老凤祥珠宝首饰商品116|老凤祥珠宝首饰商品246|周大福珠宝首饰商品251|潮宏基珠宝首饰商品314
4353,U000670,0.2387,0.232068,中意向,运动户外,高性价比优惠池,P001637|P001804|P001967|P000194|P000210,李宁运动户外商品816|李宁运动户外商品353|探路者运动户外商品827|始祖鸟运动户外商品528|安踏运动户外商品113
4354,U000741,0.2387,0.25142,中意向,汽车用品,高性价比优惠池,P001350|P001831|P000932|P001413|P001281,海康威视汽车用品商品339|3M汽车用品商品278|米其林汽车用品商品745|3M汽车用品商品342|卡仕达汽车用品商品144
4355,U001009,0.2387,0.238165,中意向,,高性价比优惠池,P001855|P000765|P000174|P000974|P001112,京东图书图书音像商品377|善存医药保健商品608|麦富迪宠物用品商品180|明牌珠宝首饰商品793|中信出版社图书音像商品870
4356,U002832,0.2387,0.251953,中意向,母婴用品,高性价比优惠池,P001683|P000635|P001865|P000991|P001946,帮宝适母婴用品商品297|贝因美母婴用品商品691|贝因美母婴用品商品921|帮宝适母婴用品商品195|花王母婴用品商品688
4357,U004656,0.2387,0.23566,中意向,礼品鲜花,高性价比优惠池,P000831|P000680|P001029|P000319|P000890,Roseonly礼品鲜花商品580|施华洛世奇礼品鲜花商品208|野兽派礼品鲜花商品389|施华洛世奇礼品鲜花商品633|潘多拉礼品鲜花商品586
4358,U004382,0.2386,0.257088,中意向,母婴用品,高性价比优惠池,P001683|P000635|P001865|P000991|P001946,帮宝适母婴用品商品297|贝因美母婴用品商品691|贝因美母婴用品商品921|帮宝适母婴用品商品195|花王母婴用品商品688
4359,U000379,0.2385,0.228305,中意向,图书音像,高性价比优惠池,P001855|P001112|P000053|P001974|P001212,京东图书图书音像商品377|中信出版社图书音像商品870|京东图书图书音像商品199|博库网图书音像商品353|新华书店图书音像商品518
4360,U004164,0.2385,0.233247,中意向,汽车用品,高性价比优惠池,P001350|P001831|P000932|P001413|P001281,海康威视汽车用品商品339|3M汽车用品商品278|米其林汽车用品商品745|3M汽车用品商品342|卡仕达汽车用品商品144
4361,U000262,0.2383,0.241035,中意向,医药保健,高性价比优惠池,P000765|P000827|P001891|P000351|P000793,善存医药保健商品608|Swisse医药保健商品414|Swisse医药保健商品235|汤臣倍健医药保健商品112|九芝堂医药保健商品478
4362,U002260,0.2383,0.247123,中意向,汽车用品,高性价比优惠池,P001350|P001831|P000932|P001413|P001281,海康威视汽车用品商品339|3M汽车用品商品278|米其林汽车用品商品745|3M汽车用品商品342|卡仕达汽车用品商品144
4363,U003540,0.2381,0.24847,中意向,箱包配饰,高性价比优惠池,P000702|P001253|P001930|P000361|P000987,LV箱包配饰商品940|Samsonite箱包配饰商品380|Samsonite箱包配饰商品997|GUCCI箱包配饰商品904|Samsonite箱包配饰商品467
4364,U004066,0.238,0.259757,中意向,医药保健,高性价比优惠池,P000765|P000827|P001891|P000351|P000793,善存医药保健商品608|Swisse医药保健商品414|Swisse医药保健商品235|汤臣倍健医药保健商品112|九芝堂医药保健商品478
4365,U004951,0.238,0.244868,中意向,母婴用品,高性价比优惠池,P001683|P000635|P001865|P000991|P001946,帮宝适母婴用品商品297|贝因美母婴用品商品691|贝因美母婴用品商品921|帮宝适母婴用品商品195|花王母婴用品商品688
4366,U003934,0.2379,0.24339,中意向,箱包配饰,高性价比优惠池,P000702|P001253|P001930|P000361|P000987,LV箱包配饰商品940|Samsonite箱包配饰商品380|Samsonite箱包配饰商品997|GUCCI箱包配饰商品904|Samsonite箱包配饰商品467
4367,U000808,0.2378,0.231773,中意向,医药保健,高性价比优惠池,P000765|P000827|P001891|P000351|P000793,善存医药保健商品608|Swisse医药保健商品414|Swisse医药保健商品235|汤臣倍健医药保健商品112|九芝堂医药保健商品478
4368,U004466,0.2378,0.244232,中意向,箱包配饰,高性价比优惠池,P000702|P001253|P001930|P000361|P000987,LV箱包配饰商品940|Samsonite箱包配饰商品380|Samsonite箱包配饰商品997|GUCCI箱包配饰商品904|Samsonite箱包配饰商品467
4369,U004640,0.2378,0.239654,中意向,家居家装,高性价比优惠池,P001900|P001343|P000229|P001466|P001151,顾家家居家居家装商品551|曲美家居家装商品469|顾家家居家居家装商品198|马可波罗家居家装商品613|宜家家居家装商品838
4370,U000640,0.2377,0.240137,中意向,运动户外,高性价比优惠池,P001637|P001804|P001967|P000194|P000210,李宁运动户外商品816|李宁运动户外商品353|探路者运动户外商品827|始祖鸟运动户外商品528|安踏运动户外商品113
4371,U001557,0.2377,0.241291,中意向,珠宝首饰,高性价比优惠池,P000974|P000711|P001945|P000774|P001226,明牌珠宝首饰商品793|老凤祥珠宝首饰商品116|老凤祥珠宝首饰商品246|周大福珠宝首饰商品251|潮宏基珠宝首饰商品314
4372,U002295,0.2377,0.241407,中意向,箱包配饰,高性价比优惠池,P000702|P001253|P001930|P000361|P000987,LV箱包配饰商品940|Samsonite箱包配饰商品380|Samsonite箱包配饰商品997|GUCCI箱包配饰商品904|Samsonite箱包配饰商品467
4373,U002977,0.2377,0.241675,中意向,图书音像,高性价比优惠池,P001855|P001112|P000053|P001974|P001212,京东图书图书音像商品377|中信出版社图书音像商品870|京东图书图书音像商品199|博库网图书音像商品353|新华书店图书音像商品518
4374,U000893,0.2376,0.239344,中意向,珠宝首饰,高性价比优惠池,P000974|P000711|P001945|P000774|P001226,明牌珠宝首饰商品793|老凤祥珠宝首饰商品116|老凤祥珠宝首饰商品246|周大福珠宝首饰商品251|潮宏基珠宝首饰商品314
4375,U004060,0.2376,0.267706,中意向,食品生鲜,高性价比优惠池,P000995|P001113|P000246|P001573|P000063,良品铺子食品生鲜商品230|三只松鼠食品生鲜商品425|蒙牛食品生鲜商品866|百草味食品生鲜商品634|百草味食品生鲜商品504
4376,U004070,0.2376,0.249556,中意向,医药保健,高性价比优惠池,P000765|P000827|P001891|P000351|P000793,善存医药保健商品608|Swisse医药保健商品414|Swisse医药保健商品235|汤臣倍健医药保健商品112|九芝堂医药保健商品478
4377,U004769,0.2376,0.243985,中意向,珠宝首饰,高性价比优惠池,P000974|P000711|P001945|P000774|P001226,明牌珠宝首饰商品793|老凤祥珠宝首饰商品116|老凤祥珠宝首饰商品246|周大福珠宝首饰商品251|潮宏基珠宝首饰商品314
4378,U001585,0.2375,0.248395,中意向,服装鞋包,高性价比优惠池,P001581|P001100|P000662|P001462|P000338,耐克服装鞋包商品711|H&M服装鞋包商品119|海澜之家服装鞋包商品964|耐克服装鞋包商品391|H&M服装鞋包商品587
4379,U000615,0.2374,0.22989,中意向,运动户外,高性价比优惠池,P001637|P001804|P001967|P000194|P000210,李宁运动户外商品816|李宁运动户外商品353|探路者运动户外商品827|始祖鸟运动户外商品528|安踏运动户外商品113
4380,U000624,0.2374,0.245167,中意向,家用电器,高性价比优惠池,P001338|P000409|P001480|P001850|P001635,苏泊尔家用电器商品596|苏泊尔家用电器商品852|戴森家用电器商品536|戴森家用电器商品883|西门子家用电器商品795
4381,U004954,0.2374,0.243235,中意向,图书音像,高性价比优惠池,P001855|P001112|P000053|P001974|P001212,京东图书图书音像商品377|中信出版社图书音像商品870|京东图书图书音像商品199|博库网图书音像商品353|新华书店图书音像商品518
4382,U000454,0.2373,0.242153,中意向,宠物用品,高性价比优惠池,P000174|P001336|P001123|P000231|P001759,麦富迪宠物用品商品180|比瑞吉宠物用品商品181|麦富迪宠物用品商品699|pidan宠物用品商品955|网易严选宠物用品商品408
4383,U002490,0.2373,0.245072,中意向,医药保健,高性价比优惠池,P000765|P000827|P001891|P000351|P000793,善存医药保健商品608|Swisse医药保健商品414|Swisse医药保健商品235|汤臣倍健医药保健商品112|九芝堂医药保健商品478
4384,U003129,0.2373,0.254382,中意向,家用电器,高性价比优惠池,P001338|P000409|P001480|P001850|P001635,苏泊尔家用电器商品596|苏泊尔家用电器商品852|戴森家用电器商品536|戴森家用电器商品883|西门子家用电器商品795
4385,U001446,0.2372,0.245594,中意向,美妆护肤,高性价比优惠池,P001748|P000034|P001010|P000095|P001810,完美日记美妆护肤商品797|雅诗兰黛美妆护肤商品818|雅诗兰黛美妆护肤商品295|欧莱雅美妆护肤商品977|欧莱雅美妆护肤商品587
4386,U004485,0.2371,0.23792,中意向,服装鞋包,高性价比优惠池,P001581|P001100|P000662|P001462|P000338,耐克服装鞋包商品711|H&M服装鞋包商品119|海澜之家服装鞋包商品964|耐克服装鞋包商品391|H&M服装鞋包商品587
4387,U000812,0.2369,0.270896,中意向,母婴用品,高性价比优惠池,P001683|P000635|P001865|P000991|P001946,帮宝适母婴用品商品297|贝因美母婴用品商品691|贝因美母婴用品商品921|帮宝适母婴用品商品195|花王母婴用品商品688
4388,U001850,0.2368,0.261322,中意向,服装鞋包,高性价比优惠池,P001581|P001100|P000662|P001462|P000338,耐克服装鞋包商品711|H&M服装鞋包商品119|海澜之家服装鞋包商品964|耐克服装鞋包商品391|H&M服装鞋包商品587
4389,U004818,0.2367,0.245374,中意向,图书音像,高性价比优惠池,P001855|P001112|P000053|P001974|P001212,京东图书图书音像商品377|中信出版社图书音像商品870|京东图书图书音像商品199|博库网图书音像商品353|新华书店图书音像商品518
4390,U004962,0.2367,0.259242,中意向,汽车用品,高性价比优惠池,P001350|P001831|P000932|P001413|P001281,海康威视汽车用品商品339|3M汽车用品商品278|米其林汽车用品商品745|3M汽车用品商品342|卡仕达汽车用品商品144
4391,U002396,0.2366,0.26774,中意向,汽车用品,高性价比优惠池,P001350|P001831|P000932|P001413|P001281,海康威视汽车用品商品339|3M汽车用品商品278|米其林汽车用品商品745|3M汽车用品商品342|卡仕达汽车用品商品144
4392,U002239,0.2365,0.244063,中意向,食品生鲜,高性价比优惠池,P000995|P001113|P000246|P001573|P000063,良品铺子食品生鲜商品230|三只松鼠食品生鲜商品425|蒙牛食品生鲜商品866|百草味食品生鲜商品634|百草味食品生鲜商品504
4393,U004957,0.2364,0.235792,中意向,汽车用品,高性价比优惠池,P001350|P001831|P000932|P001413|P001281,海康威视汽车用品商品339|3M汽车用品商品278|米其林汽车用品商品745|3M汽车用品商品342|卡仕达汽车用品商品144
4394,U000727,0.2363,0.245598,中意向,服装鞋包,高性价比优惠池,P001581|P001100|P000662|P001462|P000338,耐克服装鞋包商品711|H&M服装鞋包商品119|海澜之家服装鞋包商品964|耐克服装鞋包商品391|H&M服装鞋包商品587
4395,U000937,0.2363,0.240193,中意向,汽车用品,高性价比优惠池,P001350|P001831|P000932|P001413|P001281,海康威视汽车用品商品339|3M汽车用品商品278|米其林汽车用品商品745|3M汽车用品商品342|卡仕达汽车用品商品144
4396,U003395,0.2363,0.235418,中意向,医药保健,高性价比优惠池,P000765|P000827|P001891|P000351|P000793,善存医药保健商品608|Swisse医药保健商品414|Swisse医药保健商品235|汤臣倍健医药保健商品112|九芝堂医药保健商品478
4397,U004537,0.2363,0.239043,中意向,礼品鲜花,高性价比优惠池,P000831|P000680|P001029|P000319|P000890,Roseonly礼品鲜花商品580|施华洛世奇礼品鲜花商品208|野兽派礼品鲜花商品389|施华洛世奇礼品鲜花商品633|潘多拉礼品鲜花商品586
4398,U000807,0.2362,0.248582,中意向,图书音像,高性价比优惠池,P001855|P001112|P000053|P001974|P001212,京东图书图书音像商品377|中信出版社图书音像商品870|京东图书图书音像商品199|博库网图书音像商品353|新华书店图书音像商品518
4399,U000968,0.2362,0.229814,中意向,汽车用品,高性价比优惠池,P001350|P001831|P000932|P001413|P001281,海康威视汽车用品商品339|3M汽车用品商品278|米其林汽车用品商品745|3M汽车用品商品342|卡仕达汽车用品商品144
4400,U002519,0.2362,0.234967,中意向,母婴用品,高性价比优惠池,P001683|P000635|P001865|P000991|P001946,帮宝适母婴用品商品297|贝因美母婴用品商品691|贝因美母婴用品商品921|帮宝适母婴用品商品195|花王母婴用品商品688
4401,U001055,0.2361,0.238848,中意向,珠宝首饰,高性价比优惠池,P000974|P000711|P001945|P000774|P001226,明牌珠宝首饰商品793|老凤祥珠宝首饰商品116|老凤祥珠宝首饰商品246|周大福珠宝首饰商品251|潮宏基珠宝首饰商品314
4402,U003103,0.2361,0.251535,中意向,母婴用品,高性价比优惠池,P001683|P000635|P001865|P000991|P001946,帮宝适母婴用品商品297|贝因美母婴用品商品691|贝因美母婴用品商品921|帮宝适母婴用品商品195|花王母婴用品商品688
4403,U002964,0.236,0.235984,中意向,箱包配饰,高性价比优惠池,P000702|P001253|P001930|P000361|P000987,LV箱包配饰商品940|Samsonite箱包配饰商品380|Samsonite箱包配饰商品997|GUCCI箱包配饰商品904|Samsonite箱包配饰商品467
4404,U001905,0.2359,0.231431,中意向,家居家装,高性价比优惠池,P001900|P001343|P000229|P001466|P001151,顾家家居家居家装商品551|曲美家居家装商品469|顾家家居家居家装商品198|马可波罗家居家装商品613|宜家家居家装商品838
4405,U000697,0.2358,0.245568,中意向,母婴用品,高性价比优惠池,P001683|P000635|P001865|P000991|P001946,帮宝适母婴用品商品297|贝因美母婴用品商品691|贝因美母婴用品商品921|帮宝适母婴用品商品195|花王母婴用品商品688
4406,U000445,0.2356,0.244635,中意向,宠物用品,高性价比优惠池,P000174|P001336|P001123|P000231|P001759,麦富迪宠物用品商品180|比瑞吉宠物用品商品181|麦富迪宠物用品商品699|pidan宠物用品商品955|网易严选宠物用品商品408
4407,U000932,0.2355,0.242927,中意向,图书音像,高性价比优惠池,P001855|P001112|P000053|P001974|P001212,京东图书图书音像商品377|中信出版社图书音像商品870|京东图书图书音像商品199|博库网图书音像商品353|新华书店图书音像商品518
4408,U001762,0.2353,0.239474,中意向,家居家装,高性价比优惠池,P001900|P001343|P000229|P001466|P001151,顾家家居家居家装商品551|曲美家居家装商品469|顾家家居家居家装商品198|马可波罗家居家装商品613|宜家家居家装商品838
4409,U000009,0.2352,0.224217,中意向,家用电器,高性价比优惠池,P001338|P000409|P001480|P001850|P001635,苏泊尔家用电器商品596|苏泊尔家用电器商品852|戴森家用电器商品536|戴森家用电器商品883|西门子家用电器商品795
4410,U001480,0.2352,0.265586,中意向,箱包配饰,高性价比优惠池,P000702|P001253|P001930|P000361|P000987,LV箱包配饰商品940|Samsonite箱包配饰商品380|Samsonite箱包配饰商品997|GUCCI箱包配饰商品904|Samsonite箱包配饰商品467
4411,U004374,0.2351,0.246931,中意向,服装鞋包,高性价比优惠池,P001581|P001100|P000662|P001462|P000338,耐克服装鞋包商品711|H&M服装鞋包商品119|海澜之家服装鞋包商品964|耐克服装鞋包商品391|H&M服装鞋包商品587
4412,U000633,0.2349,0.251565,中意向,母婴用品,高性价比优惠池,P001683|P000635|P001865|P000991|P001946,帮宝适母婴用品商品297|贝因美母婴用品商品691|贝因美母婴用品商品921|帮宝适母婴用品商品195|花王母婴用品商品688
4413,U001089,0.2349,0.244804,中意向,箱包配饰,高性价比优惠池,P000702|P001253|P001930|P000361|P000987,LV箱包配饰商品940|Samsonite箱包配饰商品380|Samsonite箱包配饰商品997|GUCCI箱包配饰商品904|Samsonite箱包配饰商品467
4414,U001135,0.2349,0.24243,中意向,母婴用品,高性价比优惠池,P001683|P000635|P001865|P000991|P001946,帮宝适母婴用品商品297|贝因美母婴用品商品691|贝因美母婴用品商品921|帮宝适母婴用品商品195|花王母婴用品商品688
4415,U000952,0.2348,0.244568,中意向,母婴用品,高性价比优惠池,P001683|P000635|P001865|P000991|P001946,帮宝适母婴用品商品297|贝因美母婴用品商品691|贝因美母婴用品商品921|帮宝适母婴用品商品195|花王母婴用品商品688
4416,U002082,0.2348,0.238618,中意向,美妆护肤,高性价比优惠池,P001748|P000034|P001010|P000095|P001810,完美日记美妆护肤商品797|雅诗兰黛美妆护肤商品818|雅诗兰黛美妆护肤商品295|欧莱雅美妆护肤商品977|欧莱雅美妆护肤商品587
4417,U003169,0.2348,0.257738,中意向,家居家装,高性价比优惠池,P001900|P001343|P000229|P001466|P001151,顾家家居家居家装商品551|曲美家居家装商品469|顾家家居家居家装商品198|马可波罗家居家装商品613|宜家家居家装商品838
4418,U000742,0.2347,0.256512,中意向,母婴用品,高性价比优惠池,P001683|P000635|P001865|P000991|P001946,帮宝适母婴用品商品297|贝因美母婴用品商品691|贝因美母婴用品商品921|帮宝适母婴用品商品195|花王母婴用品商品688
4419,U004030,0.2347,0.24529,中意向,图书音像,高性价比优惠池,P001855|P001112|P000053|P001974|P001212,京东图书图书音像商品377|中信出版社图书音像商品870|京东图书图书音像商品199|博库网图书音像商品353|新华书店图书音像商品518
4420,U004072,0.2347,0.23734,中意向,美妆护肤,高性价比优惠池,P001748|P000034|P001010|P000095|P001810,完美日记美妆护肤商品797|雅诗兰黛美妆护肤商品818|雅诗兰黛美妆护肤商品295|欧莱雅美妆护肤商品977|欧莱雅美妆护肤商品587
4421,U001869,0.2346,0.247451,中意向,家居家装,高性价比优惠池,P001900|P001343|P000229|P001466|P001151,顾家家居家居家装商品551|曲美家居家装商品469|顾家家居家居家装商品198|马可波罗家居家装商品613|宜家家居家装商品838
4422,U003996,0.2346,0.243492,中意向,箱包配饰,高性价比优惠池,P000702|P001253|P001930|P000361|P000987,LV箱包配饰商品940|Samsonite箱包配饰商品380|Samsonite箱包配饰商品997|GUCCI箱包配饰商品904|Samsonite箱包配饰商品467
4423,U000002,0.2345,0.235549,中意向,美妆护肤,高性价比优惠池,P001748|P000034|P001010|P000095|P001810,完美日记美妆护肤商品797|雅诗兰黛美妆护肤商品818|雅诗兰黛美妆护肤商品295|欧莱雅美妆护肤商品977|欧莱雅美妆护肤商品587
4424,U001670,0.2345,0.244472,中意向,图书音像,高性价比优惠池,P001855|P001112|P000053|P001974|P001212,京东图书图书音像商品377|中信出版社图书音像商品870|京东图书图书音像商品199|博库网图书音像商品353|新华书店图书音像商品518
4425,U001404,0.2344,0.231851,中意向,运动户外,高性价比优惠池,P001637|P001804|P001967|P000194|P000210,李宁运动户外商品816|李宁运动户外商品353|探路者运动户外商品827|始祖鸟运动户外商品528|安踏运动户外商品113
4426,U004439,0.2344,0.254184,中意向,服装鞋包,高性价比优惠池,P001581|P001100|P000662|P001462|P000338,耐克服装鞋包商品711|H&M服装鞋包商品119|海澜之家服装鞋包商品964|耐克服装鞋包商品391|H&M服装鞋包商品587
4427,U000889,0.2342,0.228802,中意向,家居家装,高性价比优惠池,P001900|P001343|P000229|P001466|P001151,顾家家居家居家装商品551|曲美家居家装商品469|顾家家居家居家装商品198|马可波罗家居家装商品613|宜家家居家装商品838
4428,U000676,0.2341,0.246657,中意向,图书音像,高性价比优惠池,P001855|P001112|P000053|P001974|P001212,京东图书图书音像商品377|中信出版社图书音像商品870|京东图书图书音像商品199|博库网图书音像商品353|新华书店图书音像商品518
4429,U002632,0.234,0.2409,中意向,服装鞋包,高性价比优惠池,P001581|P001100|P000662|P001462|P000338,耐克服装鞋包商品711|H&M服装鞋包商品119|海澜之家服装鞋包商品964|耐克服装鞋包商品391|H&M服装鞋包商品587
4430,U000539,0.2338,0.277111,中意向,家用电器,高性价比优惠池,P001338|P000409|P001480|P001850|P001635,苏泊尔家用电器商品596|苏泊尔家用电器商品852|戴森家用电器商品536|戴森家用电器商品883|西门子家用电器商品795
4431,U002268,0.2338,0.246037,中意向,食品生鲜,高性价比优惠池,P000995|P001113|P000246|P001573|P000063,良品铺子食品生鲜商品230|三只松鼠食品生鲜商品425|蒙牛食品生鲜商品866|百草味食品生鲜商品634|百草味食品生鲜商品504
4432,U003657,0.2338,0.235757,中意向,医药保健,高性价比优惠池,P000765|P000827|P001891|P000351|P000793,善存医药保健商品608|Swisse医药保健商品414|Swisse医药保健商品235|汤臣倍健医药保健商品112|九芝堂医药保健商品478
4433,U001803,0.2337,0.235723,中意向,手机数码,高性价比优惠池,P000518|P000173|P000438|P001705|P000874,一加手机数码商品882|OPPO手机数码商品663|OPPO手机数码商品771|苹果手机数码商品445|苹果手机数码商品704
4434,U002359,0.2337,0.24001,中意向,家居家装,高性价比优惠池,P001900|P001343|P000229|P001466|P001151,顾家家居家居家装商品551|曲美家居家装商品469|顾家家居家居家装商品198|马可波罗家居家装商品613|宜家家居家装商品838
4435,U000763,0.2336,0.237544,中意向,礼品鲜花,高性价比优惠池,P000831|P000680|P001029|P000319|P000890,Roseonly礼品鲜花商品580|施华洛世奇礼品鲜花商品208|野兽派礼品鲜花商品389|施华洛世奇礼品鲜花商品633|潘多拉礼品鲜花商品586
4436,U001830,0.2335,0.231494,中意向,珠宝首饰,高性价比优惠池,P000974|P000711|P001945|P000774|P001226,明牌珠宝首饰商品793|老凤祥珠宝首饰商品116|老凤祥珠宝首饰商品246|周大福珠宝首饰商品251|潮宏基珠宝首饰商品314
4437,U003070,0.2335,0.234969,中意向,美妆护肤,高性价比优惠池,P001748|P000034|P001010|P000095|P001810,完美日记美妆护肤商品797|雅诗兰黛美妆护肤商品818|雅诗兰黛美妆护肤商品295|欧莱雅美妆护肤商品977|欧莱雅美妆护肤商品587
4438,U003196,0.2335,0.243549,中意向,服装鞋包,高性价比优惠池,P001581|P001100|P000662|P001462|P000338,耐克服装鞋包商品711|H&M服装鞋包商品119|海澜之家服装鞋包商品964|耐克服装鞋包商品391|H&M服装鞋包商品587
4439,U004569,0.2335,0.229629,中意向,手机数码,高性价比优惠池,P000518|P000173|P000438|P001705|P000874,一加手机数码商品882|OPPO手机数码商品663|OPPO手机数码商品771|苹果手机数码商品445|苹果手机数码商品704
4440,U001960,0.2334,0.249568,中意向,宠物用品,高性价比优惠池,P000174|P001336|P001123|P000231|P001759,麦富迪宠物用品商品180|比瑞吉宠物用品商品181|麦富迪宠物用品商品699|pidan宠物用品商品955|网易严选宠物用品商品408
4441,U002275,0.2334,0.228641,中意向,家用电器,高性价比优惠池,P001338|P000409|P001480|P001850|P001635,苏泊尔家用电器商品596|苏泊尔家用电器商品852|戴森家用电器商品536|戴森家用电器商品883|西门子家用电器商品795
4442,U002879,0.2334,0.238252,中意向,美妆护肤,高性价比优惠池,P001748|P000034|P001010|P000095|P001810,完美日记美妆护肤商品797|雅诗兰黛美妆护肤商品818|雅诗兰黛美妆护肤商品295|欧莱雅美妆护肤商品977|欧莱雅美妆护肤商品587
4443,U000977,0.2333,0.242646,中意向,家居家装,高性价比优惠池,P001900|P001343|P000229|P001466|P001151,顾家家居家居家装商品551|曲美家居家装商品469|顾家家居家居家装商品198|马可波罗家居家装商品613|宜家家居家装商品838
4444,U001871,0.2331,0.255509,中意向,食品生鲜,高性价比优惠池,P000995|P001113|P000246|P001573|P000063,良品铺子食品生鲜商品230|三只松鼠食品生鲜商品425|蒙牛食品生鲜商品866|百草味食品生鲜商品634|百草味食品生鲜商品504
4445,U003562,0.2331,0.237794,中意向,食品生鲜,高性价比优惠池,P000995|P001113|P000246|P001573|P000063,良品铺子食品生鲜商品230|三只松鼠食品生鲜商品425|蒙牛食品生鲜商品866|百草味食品生鲜商品634|百草味食品生鲜商品504
4446,U002211,0.233,0.254553,中意向,母婴用品,高性价比优惠池,P001683|P000635|P001865|P000991|P001946,帮宝适母婴用品商品297|贝因美母婴用品商品691|贝因美母婴用品商品921|帮宝适母婴用品商品195|花王母婴用品商品688
4447,U003852,0.2329,0.237006,中意向,家居家装,高性价比优惠池,P001900|P001343|P000229|P001466|P001151,顾家家居家居家装商品551|曲美家居家装商品469|顾家家居家居家装商品198|马可波罗家居家装商品613|宜家家居家装商品838
4448,U001619,0.2328,0.24279,中意向,医药保健,高性价比优惠池,P000765|P000827|P001891|P000351|P000793,善存医药保健商品608|Swisse医药保健商品414|Swisse医药保健商品235|汤臣倍健医药保健商品112|九芝堂医药保健商品478
4449,U003518,0.2327,0.238213,中意向,箱包配饰,高性价比优惠池,P000702|P001253|P001930|P000361|P000987,LV箱包配饰商品940|Samsonite箱包配饰商品380|Samsonite箱包配饰商品997|GUCCI箱包配饰商品904|Samsonite箱包配饰商品467
4450,U004492,0.2327,0.232771,中意向,美妆护肤,高性价比优惠池,P001748|P000034|P001010|P000095|P001810,完美日记美妆护肤商品797|雅诗兰黛美妆护肤商品818|雅诗兰黛美妆护肤商品295|欧莱雅美妆护肤商品977|欧莱雅美妆护肤商品587
4451,U000784,0.2326,0.25244,中意向,食品生鲜,高性价比优惠池,P000995|P001113|P000246|P001573|P000063,良品铺子食品生鲜商品230|三只松鼠食品生鲜商品425|蒙牛食品生鲜商品866|百草味食品生鲜商品634|百草味食品生鲜商品504
4452,U004256,0.2326,0.272939,中意向,宠物用品,高性价比优惠池,P000174|P001336|P001123|P000231|P001759,麦富迪宠物用品商品180|比瑞吉宠物用品商品181|麦富迪宠物用品商品699|pidan宠物用品商品955|网易严选宠物用品商品408
4453,U001630,0.2325,0.250989,中意向,运动户外,高性价比优惠池,P001637|P001804|P001967|P000194|P000210,李宁运动户外商品816|李宁运动户外商品353|探路者运动户外商品827|始祖鸟运动户外商品528|安踏运动户外商品113
4454,U003366,0.2325,0.232305,中意向,手机数码,高性价比优惠池,P000518|P000173|P000438|P001705|P000874,一加手机数码商品882|OPPO手机数码商品663|OPPO手机数码商品771|苹果手机数码商品445|苹果手机数码商品704
4455,U004522,0.2325,0.232968,中意向,美妆护肤,高性价比优惠池,P001748|P000034|P001010|P000095|P001810,完美日记美妆护肤商品797|雅诗兰黛美妆护肤商品818|雅诗兰黛美妆护肤商品295|欧莱雅美妆护肤商品977|欧莱雅美妆护肤商品587
4456,U004840,0.2325,0.237002,中意向,汽车用品,高性价比优惠池,P001350|P001831|P000932|P001413|P001281,海康威视汽车用品商品339|3M汽车用品商品278|米其林汽车用品商品745|3M汽车用品商品342|卡仕达汽车用品商品144
4457,U001286,0.2324,0.239625,中意向,服装鞋包,高性价比优惠池,P001581|P001100|P000662|P001462|P000338,耐克服装鞋包商品711|H&M服装鞋包商品119|海澜之家服装鞋包商品964|耐克服装鞋包商品391|H&M服装鞋包商品587
4458,U001484,0.2324,0.259605,中意向,手机数码,高性价比优惠池,P000518|P000173|P000438|P001705|P000874,一加手机数码商品882|OPPO手机数码商品663|OPPO手机数码商品771|苹果手机数码商品445|苹果手机数码商品704
4459,U004807,0.2324,0.246732,中意向,图书音像,高性价比优惠池,P001855|P001112|P000053|P001974|P001212,京东图书图书音像商品377|中信出版社图书音像商品870|京东图书图书音像商品199|博库网图书音像商品353|新华书店图书音像商品518
4460,U003447,0.2323,0.239171,中意向,家用电器,高性价比优惠池,P001338|P000409|P001480|P001850|P001635,苏泊尔家用电器商品596|苏泊尔家用电器商品852|戴森家用电器商品536|戴森家用电器商品883|西门子家用电器商品795
4461,U003890,0.2322,0.235009,中意向,礼品鲜花,高性价比优惠池,P000831|P000680|P001029|P000319|P000890,Roseonly礼品鲜花商品580|施华洛世奇礼品鲜花商品208|野兽派礼品鲜花商品389|施华洛世奇礼品鲜花商品633|潘多拉礼品鲜花商品586
4462,U002713,0.2321,0.248338,中意向,家用电器,高性价比优惠池,P001338|P000409|P001480|P001850|P001635,苏泊尔家用电器商品596|苏泊尔家用电器商品852|戴森家用电器商品536|戴森家用电器商品883|西门子家用电器商品795
4463,U004381,0.2321,0.236208,中意向,手机数码,高性价比优惠池,P000518|P000173|P000438|P001705|P000874,一加手机数码商品882|OPPO手机数码商品663|OPPO手机数码商品771|苹果手机数码商品445|苹果手机数码商品704
4464,U003653,0.232,0.276127,中意向,宠物用品,高性价比优惠池,P000174|P001336|P001123|P000231|P001759,麦富迪宠物用品商品180|比瑞吉宠物用品商品181|麦富迪宠物用品商品699|pidan宠物用品商品955|网易严选宠物用品商品408
4465,U002594,0.2319,0.233569,中意向,运动户外,高性价比优惠池,P001637|P001804|P001967|P000194|P000210,李宁运动户外商品816|李宁运动户外商品353|探路者运动户外商品827|始祖鸟运动户外商品528|安踏运动户外商品113
4466,U000651,0.2318,0.238621,中意向,医药保健,高性价比优惠池,P000765|P000827|P001891|P000351|P000793,善存医药保健商品608|Swisse医药保健商品414|Swisse医药保健商品235|汤臣倍健医药保健商品112|九芝堂医药保健商品478
4467,U003714,0.2317,0.249015,中意向,服装鞋包,高性价比优惠池,P001581|P001100|P000662|P001462|P000338,耐克服装鞋包商品711|H&M服装鞋包商品119|海澜之家服装鞋包商品964|耐克服装鞋包商品391|H&M服装鞋包商品587
4468,U001612,0.2316,0.243755,中意向,食品生鲜,高性价比优惠池,P000995|P001113|P000246|P001573|P000063,良品铺子食品生鲜商品230|三只松鼠食品生鲜商品425|蒙牛食品生鲜商品866|百草味食品生鲜商品634|百草味食品生鲜商品504
4469,U002759,0.2316,0.263068,中意向,图书音像,高性价比优惠池,P001855|P001112|P000053|P001974|P001212,京东图书图书音像商品377|中信出版社图书音像商品870|京东图书图书音像商品199|博库网图书音像商品353|新华书店图书音像商品518
4470,U002996,0.2316,0.257488,中意向,手机数码,高性价比优惠池,P000518|P000173|P000438|P001705|P000874,一加手机数码商品882|OPPO手机数码商品663|OPPO手机数码商品771|苹果手机数码商品445|苹果手机数码商品704
4471,U004970,0.2315,0.242266,中意向,箱包配饰,高性价比优惠池,P000702|P001253|P001930|P000361|P000987,LV箱包配饰商品940|Samsonite箱包配饰商品380|Samsonite箱包配饰商品997|GUCCI箱包配饰商品904|Samsonite箱包配饰商品467
4472,U000008,0.2314,0.239008,中意向,手机数码,高性价比优惠池,P000518|P000173|P000438|P001705|P000874,一加手机数码商品882|OPPO手机数码商品663|OPPO手机数码商品771|苹果手机数码商品445|苹果手机数码商品704
4473,U001559,0.2313,0.23352,中意向,汽车用品,高性价比优惠池,P001350|P001831|P000932|P001413|P001281,海康威视汽车用品商品339|3M汽车用品商品278|米其林汽车用品商品745|3M汽车用品商品342|卡仕达汽车用品商品144
4474,U000441,0.2312,0.23254,中意向,宠物用品,高性价比优惠池,P000174|P001336|P001123|P000231|P001759,麦富迪宠物用品商品180|比瑞吉宠物用品商品181|麦富迪宠物用品商品699|pidan宠物用品商品955|网易严选宠物用品商品408
4475,U001806,0.2312,0.240156,中意向,宠物用品,高性价比优惠池,P000174|P001336|P001123|P000231|P001759,麦富迪宠物用品商品180|比瑞吉宠物用品商品181|麦富迪宠物用品商品699|pidan宠物用品商品955|网易严选宠物用品商品408
4476,U003301,0.2312,0.237617,中意向,家用电器,高性价比优惠池,P001338|P000409|P001480|P001850|P001635,苏泊尔家用电器商品596|苏泊尔家用电器商品852|戴森家用电器商品536|戴森家用电器商品883|西门子家用电器商品795
4477,U003673,0.2312,0.237401,中意向,母婴用品,高性价比优惠池,P001683|P000635|P001865|P000991|P001946,帮宝适母婴用品商品297|贝因美母婴用品商品691|贝因美母婴用品商品921|帮宝适母婴用品商品195|花王母婴用品商品688
4478,U001726,0.231,0.238864,中意向,母婴用品,高性价比优惠池,P001683|P000635|P001865|P000991|P001946,帮宝适母婴用品商品297|贝因美母婴用品商品691|贝因美母婴用品商品921|帮宝适母婴用品商品195|花王母婴用品商品688
4479,U001101,0.2309,0.229403,中意向,医药保健,高性价比优惠池,P000765|P000827|P001891|P000351|P000793,善存医药保健商品608|Swisse医药保健商品414|Swisse医药保健商品235|汤臣倍健医药保健商品112|九芝堂医药保健商品478
4480,U004774,0.2309,0.247768,中意向,医药保健,高性价比优惠池,P000765|P000827|P001891|P000351|P000793,善存医药保健商品608|Swisse医药保健商品414|Swisse医药保健商品235|汤臣倍健医药保健商品112|九芝堂医药保健商品478
4481,U000004,0.2308,0.239826,中意向,美妆护肤,高性价比优惠池,P001748|P000034|P001010|P000095|P001810,完美日记美妆护肤商品797|雅诗兰黛美妆护肤商品818|雅诗兰黛美妆护肤商品295|欧莱雅美妆护肤商品977|欧莱雅美妆护肤商品587
4482,U001111,0.2306,0.233957,中意向,运动户外,高性价比优惠池,P001637|P001804|P001967|P000194|P000210,李宁运动户外商品816|李宁运动户外商品353|探路者运动户外商品827|始祖鸟运动户外商品528|安踏运动户外商品113
4483,U003757,0.2306,0.245474,中意向,服装鞋包,高性价比优惠池,P001581|P001100|P000662|P001462|P000338,耐克服装鞋包商品711|H&M服装鞋包商品119|海澜之家服装鞋包商品964|耐克服装鞋包商品391|H&M服装鞋包商品587
4484,U003773,0.2306,0.24042,中意向,美妆护肤,高性价比优惠池,P001748|P000034|P001010|P000095|P001810,完美日记美妆护肤商品797|雅诗兰黛美妆护肤商品818|雅诗兰黛美妆护肤商品295|欧莱雅美妆护肤商品977|欧莱雅美妆护肤商品587
4485,U003883,0.2306,0.249612,中意向,运动户外,高性价比优惠池,P001637|P001804|P001967|P000194|P000210,李宁运动户外商品816|李宁运动户外商品353|探路者运动户外商品827|始祖鸟运动户外商品528|安踏运动户外商品113
4486,U001410,0.2305,0.227621,中意向,母婴用品,高性价比优惠池,P001683|P000635|P001865|P000991|P001946,帮宝适母婴用品商品297|贝因美母婴用品商品691|贝因美母婴用品商品921|帮宝适母婴用品商品195|花王母婴用品商品688
4487,U002085,0.2304,0.233195,中意向,运动户外,高性价比优惠池,P001637|P001804|P001967|P000194|P000210,李宁运动户外商品816|李宁运动户外商品353|探路者运动户外商品827|始祖鸟运动户外商品528|安踏运动户外商品113
4488,U000960,0.2303,0.244741,中意向,母婴用品,高性价比优惠池,P001683|P000635|P001865|P000991|P001946,帮宝适母婴用品商品297|贝因美母婴用品商品691|贝因美母婴用品商品921|帮宝适母婴用品商品195|花王母婴用品商品688
4489,U004564,0.2302,0.229122,中意向,家居家装,高性价比优惠池,P001900|P001343|P000229|P001466|P001151,顾家家居家居家装商品551|曲美家居家装商品469|顾家家居家居家装商品198|马可波罗家居家装商品613|宜家家居家装商品838
4490,U000695,0.2301,0.236009,中意向,服装鞋包,高性价比优惠池,P001581|P001100|P000662|P001462|P000338,耐克服装鞋包商品711|H&M服装鞋包商品119|海澜之家服装鞋包商品964|耐克服装鞋包商品391|H&M服装鞋包商品587
4491,U004803,0.2301,0.232221,中意向,食品生鲜,高性价比优惠池,P000995|P001113|P000246|P001573|P000063,良品铺子食品生鲜商品230|三只松鼠食品生鲜商品425|蒙牛食品生鲜商品866|百草味食品生鲜商品634|百草味食品生鲜商品504
4492,U000106,0.2299,0.236103,中意向,医药保健,高性价比优惠池,P000765|P000827|P001891|P000351|P000793,善存医药保健商品608|Swisse医药保健商品414|Swisse医药保健商品235|汤臣倍健医药保健商品112|九芝堂医药保健商品478
4493,U003756,0.2298,0.263452,中意向,医药保健,高性价比优惠池,P000765|P000827|P001891|P000351|P000793,善存医药保健商品608|Swisse医药保健商品414|Swisse医药保健商品235|汤臣倍健医药保健商品112|九芝堂医药保健商品478
4494,U003270,0.2297,0.242674,中意向,运动户外,高性价比优惠池,P001637|P001804|P001967|P000194|P000210,李宁运动户外商品816|李宁运动户外商品353|探路者运动户外商品827|始祖鸟运动户外商品528|安踏运动户外商品113
4495,U004089,0.2297,0.23141,中意向,食品生鲜,高性价比优惠池,P000995|P001113|P000246|P001573|P000063,良品铺子食品生鲜商品230|三只松鼠食品生鲜商品425|蒙牛食品生鲜商品866|百草味食品生鲜商品634|百草味食品生鲜商品504
4496,U004334,0.2297,0.228831,中意向,运动户外,高性价比优惠池,P001637|P001804|P001967|P000194|P000210,李宁运动户外商品816|李宁运动户外商品353|探路者运动户外商品827|始祖鸟运动户外商品528|安踏运动户外商品113
4497,U004878,0.2297,0.235585,中意向,家居家装,高性价比优惠池,P001900|P001343|P000229|P001466|P001151,顾家家居家居家装商品551|曲美家居家装商品469|顾家家居家居家装商品198|马可波罗家居家装商品613|宜家家居家装商品838
4498,U001098,0.2296,0.244733,中意向,图书音像,高性价比优惠池,P001855|P001112|P000053|P001974|P001212,京东图书图书音像商品377|中信出版社图书音像商品870|京东图书图书音像商品199|博库网图书音像商品353|新华书店图书音像商品518
4499,U000054,0.2295,0.235648,中意向,珠宝首饰,高性价比优惠池,P000974|P000711|P001945|P000774|P001226,明牌珠宝首饰商品793|老凤祥珠宝首饰商品116|老凤祥珠宝首饰商品246|周大福珠宝首饰商品251|潮宏基珠宝首饰商品314
4500,U000572,0.2295,0.232055,中意向,食品生鲜,高性价比优惠池,P000995|P001113|P000246|P001573|P000063,良品铺子食品生鲜商品230|三只松鼠食品生鲜商品425|蒙牛食品生鲜商品866|百草味食品生鲜商品634|百草味食品生鲜商品504
4501,U000822,0.2295,0.235981,中意向,美妆护肤,高性价比优惠池,P001748|P000034|P001010|P000095|P001810,完美日记美妆护肤商品797|雅诗兰黛美妆护肤商品818|雅诗兰黛美妆护肤商品295|欧莱雅美妆护肤商品977|欧莱雅美妆护肤商品587
4502,U002198,0.2295,0.234342,中意向,美妆护肤,高性价比优惠池,P001748|P000034|P001010|P000095|P001810,完美日记美妆护肤商品797|雅诗兰黛美妆护肤商品818|雅诗兰黛美妆护肤商品295|欧莱雅美妆护肤商品977|欧莱雅美妆护肤商品587
4503,U002307,0.2295,0.243641,中意向,服装鞋包,高性价比优惠池,P001581|P001100|P000662|P001462|P000338,耐克服装鞋包商品711|H&M服装鞋包商品119|海澜之家服装鞋包商品964|耐克服装鞋包商品391|H&M服装鞋包商品587
4504,U002816,0.2293,0.245833,中意向,箱包配饰,高性价比优惠池,P000702|P001253|P001930|P000361|P000987,LV箱包配饰商品940|Samsonite箱包配饰商品380|Samsonite箱包配饰商品997|GUCCI箱包配饰商品904|Samsonite箱包配饰商品467
4505,U001198,0.2292,0.243553,中意向,服装鞋包,高性价比优惠池,P001581|P001100|P000662|P001462|P000338,耐克服装鞋包商品711|H&M服装鞋包商品119|海澜之家服装鞋包商品964|耐克服装鞋包商品391|H&M服装鞋包商品587
4506,U001403,0.2292,0.231138,中意向,美妆护肤,高性价比优惠池,P001748|P000034|P001010|P000095|P001810,完美日记美妆护肤商品797|雅诗兰黛美妆护肤商品818|雅诗兰黛美妆护肤商品295|欧莱雅美妆护肤商品977|欧莱雅美妆护肤商品587
4507,U003317,0.2292,0.277154,中意向,服装鞋包,高性价比优惠池,P001581|P001100|P000662|P001462|P000338,耐克服装鞋包商品711|H&M服装鞋包商品119|海澜之家服装鞋包商品964|耐克服装鞋包商品391|H&M服装鞋包商品587
4508,U004103,0.2292,0.229132,中意向,手机数码,高性价比优惠池,P000518|P000173|P000438|P001705|P000874,一加手机数码商品882|OPPO手机数码商品663|OPPO手机数码商品771|苹果手机数码商品445|苹果手机数码商品704
4509,U002794,0.229,0.241036,中意向,箱包配饰,高性价比优惠池,P000702|P001253|P001930|P000361|P000987,LV箱包配饰商品940|Samsonite箱包配饰商品380|Samsonite箱包配饰商品997|GUCCI箱包配饰商品904|Samsonite箱包配饰商品467
4510,U003479,0.229,0.265656,中意向,手机数码,高性价比优惠池,P000518|P000173|P000438|P001705|P000874,一加手机数码商品882|OPPO手机数码商品663|OPPO手机数码商品771|苹果手机数码商品445|苹果手机数码商品704
4511,U000084,0.2289,0.227599,中意向,医药保健,高性价比优惠池,P000765|P000827|P001891|P000351|P000793,善存医药保健商品608|Swisse医药保健商品414|Swisse医药保健商品235|汤臣倍健医药保健商品112|九芝堂医药保健商品478
4512,U000400,0.2289,0.225848,中意向,礼品鲜花,高性价比优惠池,P000831|P000680|P001029|P000319|P000890,Roseonly礼品鲜花商品580|施华洛世奇礼品鲜花商品208|野兽派礼品鲜花商品389|施华洛世奇礼品鲜花商品633|潘多拉礼品鲜花商品586
4513,U000803,0.2289,0.27156,中意向,家用电器,高性价比优惠池,P001338|P000409|P001480|P001850|P001635,苏泊尔家用电器商品596|苏泊尔家用电器商品852|戴森家用电器商品536|戴森家用电器商品883|西门子家用电器商品795
4514,U003112,0.2289,0.228326,中意向,汽车用品,高性价比优惠池,P001350|P001831|P000932|P001413|P001281,海康威视汽车用品商品339|3M汽车用品商品278|米其林汽车用品商品745|3M汽车用品商品342|卡仕达汽车用品商品144
4515,U003259,0.2289,0.241033,中意向,美妆护肤,高性价比优惠池,P001748|P000034|P001010|P000095|P001810,完美日记美妆护肤商品797|雅诗兰黛美妆护肤商品818|雅诗兰黛美妆护肤商品295|欧莱雅美妆护肤商品977|欧莱雅美妆护肤商品587
4516,U003958,0.2289,0.26671,中意向,汽车用品,高性价比优惠池,P001350|P001831|P000932|P001413|P001281,海康威视汽车用品商品339|3M汽车用品商品278|米其林汽车用品商品745|3M汽车用品商品342|卡仕达汽车用品商品144
4517,U003073,0.2288,0.234303,中意向,箱包配饰,高性价比优惠池,P000702|P001253|P001930|P000361|P000987,LV箱包配饰商品940|Samsonite箱包配饰商品380|Samsonite箱包配饰商品997|GUCCI箱包配饰商品904|Samsonite箱包配饰商品467
4518,U001253,0.2287,0.23634,中意向,运动户外,高性价比优惠池,P001637|P001804|P001967|P000194|P000210,李宁运动户外商品816|李宁运动户外商品353|探路者运动户外商品827|始祖鸟运动户外商品528|安踏运动户外商品113
4519,U001746,0.2286,0.230723,中意向,礼品鲜花,高性价比优惠池,P000831|P000680|P001029|P000319|P000890,Roseonly礼品鲜花商品580|施华洛世奇礼品鲜花商品208|野兽派礼品鲜花商品389|施华洛世奇礼品鲜花商品633|潘多拉礼品鲜花商品586
4520,U002038,0.2286,0.236908,中意向,手机数码,高性价比优惠池,P000518|P000173|P000438|P001705|P000874,一加手机数码商品882|OPPO手机数码商品663|OPPO手机数码商品771|苹果手机数码商品445|苹果手机数码商品704
4521,U003294,0.2286,0.231755,中意向,宠物用品,高性价比优惠池,P000174|P001336|P001123|P000231|P001759,麦富迪宠物用品商品180|比瑞吉宠物用品商品181|麦富迪宠物用品商品699|pidan宠物用品商品955|网易严选宠物用品商品408
4522,U003977,0.2286,0.231771,中意向,箱包配饰,高性价比优惠池,P000702|P001253|P001930|P000361|P000987,LV箱包配饰商品940|Samsonite箱包配饰商品380|Samsonite箱包配饰商品997|GUCCI箱包配饰商品904|Samsonite箱包配饰商品467
4523,U000199,0.2285,0.270399,中意向,家居家装,高性价比优惠池,P001900|P001343|P000229|P001466|P001151,顾家家居家居家装商品551|曲美家居家装商品469|顾家家居家居家装商品198|马可波罗家居家装商品613|宜家家居家装商品838
4524,U003123,0.2284,0.235926,中意向,家居家装,高性价比优惠池,P001900|P001343|P000229|P001466|P001151,顾家家居家居家装商品551|曲美家居家装商品469|顾家家居家居家装商品198|马可波罗家居家装商品613|宜家家居家装商品838
4525,U001998,0.2283,0.240795,中意向,服装鞋包,高性价比优惠池,P001581|P001100|P000662|P001462|P000338,耐克服装鞋包商品711|H&M服装鞋包商品119|海澜之家服装鞋包商品964|耐克服装鞋包商品391|H&M服装鞋包商品587
4526,U003081,0.2283,0.239045,中意向,宠物用品,高性价比优惠池,P000174|P001336|P001123|P000231|P001759,麦富迪宠物用品商品180|比瑞吉宠物用品商品181|麦富迪宠物用品商品699|pidan宠物用品商品955|网易严选宠物用品商品408
4527,U004923,0.2283,0.229568,中意向,医药保健,高性价比优惠池,P000765|P000827|P001891|P000351|P000793,善存医药保健商品608|Swisse医药保健商品414|Swisse医药保健商品235|汤臣倍健医药保健商品112|九芝堂医药保健商品478
4528,U000360,0.2282,0.24299,中意向,汽车用品,高性价比优惠池,P001350|P001831|P000932|P001413|P001281,海康威视汽车用品商品339|3M汽车用品商品278|米其林汽车用品商品745|3M汽车用品商品342|卡仕达汽车用品商品144
4529,U000677,0.2282,0.279249,中意向,母婴用品,高性价比优惠池,P001683|P000635|P001865|P000991|P001946,帮宝适母婴用品商品297|贝因美母婴用品商品691|贝因美母婴用品商品921|帮宝适母婴用品商品195|花王母婴用品商品688
4530,U001195,0.228,0.247971,中意向,运动户外,高性价比优惠池,P001637|P001804|P001967|P000194|P000210,李宁运动户外商品816|李宁运动户外商品353|探路者运动户外商品827|始祖鸟运动户外商品528|安踏运动户外商品113
4531,U001813,0.228,0.229339,中意向,食品生鲜,高性价比优惠池,P000995|P001113|P000246|P001573|P000063,良品铺子食品生鲜商品230|三只松鼠食品生鲜商品425|蒙牛食品生鲜商品866|百草味食品生鲜商品634|百草味食品生鲜商品504
4532,U000251,0.2279,0.236109,中意向,手机数码,高性价比优惠池,P000518|P000173|P000438|P001705|P000874,一加手机数码商品882|OPPO手机数码商品663|OPPO手机数码商品771|苹果手机数码商品445|苹果手机数码商品704
4533,U000513,0.2279,0.24238,中意向,服装鞋包,高性价比优惠池,P001581|P001100|P000662|P001462|P000338,耐克服装鞋包商品711|H&M服装鞋包商品119|海澜之家服装鞋包商品964|耐克服装鞋包商品391|H&M服装鞋包商品587
4534,U001106,0.2279,0.231455,中意向,宠物用品,高性价比优惠池,P000174|P001336|P001123|P000231|P001759,麦富迪宠物用品商品180|比瑞吉宠物用品商品181|麦富迪宠物用品商品699|pidan宠物用品商品955|网易严选宠物用品商品408
4535,U001683,0.2279,0.24131,中意向,食品生鲜,高性价比优惠池,P000995|P001113|P000246|P001573|P000063,良品铺子食品生鲜商品230|三只松鼠食品生鲜商品425|蒙牛食品生鲜商品866|百草味食品生鲜商品634|百草味食品生鲜商品504
4536,U003908,0.2279,0.245134,中意向,箱包配饰,高性价比优惠池,P000702|P001253|P001930|P000361|P000987,LV箱包配饰商品940|Samsonite箱包配饰商品380|Samsonite箱包配饰商品997|GUCCI箱包配饰商品904|Samsonite箱包配饰商品467
4537,U001934,0.2277,0.231844,中意向,母婴用品,高性价比优惠池,P001683|P000635|P001865|P000991|P001946,帮宝适母婴用品商品297|贝因美母婴用品商品691|贝因美母婴用品商品921|帮宝适母婴用品商品195|花王母婴用品商品688
4538,U004638,0.2277,0.229756,中意向,手机数码,高性价比优惠池,P000518|P000173|P000438|P001705|P000874,一加手机数码商品882|OPPO手机数码商品663|OPPO手机数码商品771|苹果手机数码商品445|苹果手机数码商品704
4539,U000946,0.2276,0.224878,中意向,图书音像,高性价比优惠池,P001855|P001112|P000053|P001974|P001212,京东图书图书音像商品377|中信出版社图书音像商品870|京东图书图书音像商品199|博库网图书音像商品353|新华书店图书音像商品518
4540,U004312,0.2276,0.232462,中意向,汽车用品,高性价比优惠池,P001350|P001831|P000932|P001413|P001281,海康威视汽车用品商品339|3M汽车用品商品278|米其林汽车用品商品745|3M汽车用品商品342|卡仕达汽车用品商品144
4541,U004889,0.2276,0.252476,中意向,食品生鲜,高性价比优惠池,P000995|P001113|P000246|P001573|P000063,良品铺子食品生鲜商品230|三只松鼠食品生鲜商品425|蒙牛食品生鲜商品866|百草味食品生鲜商品634|百草味食品生鲜商品504
4542,U001689,0.2275,0.23136,中意向,美妆护肤,高性价比优惠池,P001748|P000034|P001010|P000095|P001810,完美日记美妆护肤商品797|雅诗兰黛美妆护肤商品818|雅诗兰黛美妆护肤商品295|欧莱雅美妆护肤商品977|欧莱雅美妆护肤商品587
4543,U001732,0.2274,0.240538,中意向,家居家装,高性价比优惠池,P001900|P001343|P000229|P001466|P001151,顾家家居家居家装商品551|曲美家居家装商品469|顾家家居家居家装商品198|马可波罗家居家装商品613|宜家家居家装商品838
4544,U002677,0.2274,0.231773,中意向,箱包配饰,高性价比优惠池,P000702|P001253|P001930|P000361|P000987,LV箱包配饰商品940|Samsonite箱包配饰商品380|Samsonite箱包配饰商品997|GUCCI箱包配饰商品904|Samsonite箱包配饰商品467
4545,U003997,0.2274,0.228895,中意向,珠宝首饰,高性价比优惠池,P000974|P000711|P001945|P000774|P001226,明牌珠宝首饰商品793|老凤祥珠宝首饰商品116|老凤祥珠宝首饰商品246|周大福珠宝首饰商品251|潮宏基珠宝首饰商品314
4546,U003069,0.2272,0.239696,中意向,图书音像,高性价比优惠池,P001855|P001112|P000053|P001974|P001212,京东图书图书音像商品377|中信出版社图书音像商品870|京东图书图书音像商品199|博库网图书音像商品353|新华书店图书音像商品518
4547,U000868,0.227,0.237872,中意向,食品生鲜,高性价比优惠池,P000995|P001113|P000246|P001573|P000063,良品铺子食品生鲜商品230|三只松鼠食品生鲜商品425|蒙牛食品生鲜商品866|百草味食品生鲜商品634|百草味食品生鲜商品504
4548,U003085,0.227,0.237933,中意向,箱包配饰,高性价比优惠池,P000702|P001253|P001930|P000361|P000987,LV箱包配饰商品940|Samsonite箱包配饰商品380|Samsonite箱包配饰商品997|GUCCI箱包配饰商品904|Samsonite箱包配饰商品467
4549,U000608,0.2269,0.238478,中意向,家用电器,高性价比优惠池,P001338|P000409|P001480|P001850|P001635,苏泊尔家用电器商品596|苏泊尔家用电器商品852|戴森家用电器商品536|戴森家用电器商品883|西门子家用电器商品795
4550,U002605,0.2269,0.223628,中意向,医药保健,高性价比优惠池,P000765|P000827|P001891|P000351|P000793,善存医药保健商品608|Swisse医药保健商品414|Swisse医药保健商品235|汤臣倍健医药保健商品112|九芝堂医药保健商品478
4551,U002123,0.2268,0.230925,中意向,家居家装,高性价比优惠池,P001900|P001343|P000229|P001466|P001151,顾家家居家居家装商品551|曲美家居家装商品469|顾家家居家居家装商品198|马可波罗家居家装商品613|宜家家居家装商品838
4552,U002397,0.2268,0.239129,中意向,家居家装,高性价比优惠池,P001900|P001343|P000229|P001466|P001151,顾家家居家居家装商品551|曲美家居家装商品469|顾家家居家居家装商品198|马可波罗家居家装商品613|宜家家居家装商品838
4553,U002878,0.2268,0.244209,中意向,服装鞋包,高性价比优惠池,P001581|P001100|P000662|P001462|P000338,耐克服装鞋包商品711|H&M服装鞋包商品119|海澜之家服装鞋包商品964|耐克服装鞋包商品391|H&M服装鞋包商品587
4554,U000141,0.2266,0.232433,中意向,医药保健,高性价比优惠池,P000765|P000827|P001891|P000351|P000793,善存医药保健商品608|Swisse医药保健商品414|Swisse医药保健商品235|汤臣倍健医药保健商品112|九芝堂医药保健商品478
4555,U003860,0.2266,0.232363,中意向,服装鞋包,高性价比优惠池,P001581|P001100|P000662|P001462|P000338,耐克服装鞋包商品711|H&M服装鞋包商品119|海澜之家服装鞋包商品964|耐克服装鞋包商品391|H&M服装鞋包商品587
4556,U004362,0.2266,0.247921,中意向,箱包配饰,高性价比优惠池,P000702|P001253|P001930|P000361|P000987,LV箱包配饰商品940|Samsonite箱包配饰商品380|Samsonite箱包配饰商品997|GUCCI箱包配饰商品904|Samsonite箱包配饰商品467
4557,U003498,0.2265,0.236283,中意向,美妆护肤,高性价比优惠池,P001748|P000034|P001010|P000095|P001810,完美日记美妆护肤商品797|雅诗兰黛美妆护肤商品818|雅诗兰黛美妆护肤商品295|欧莱雅美妆护肤商品977|欧莱雅美妆护肤商品587
4558,U004401,0.2265,0.236648,中意向,礼品鲜花,高性价比优惠池,P000831|P000680|P001029|P000319|P000890,Roseonly礼品鲜花商品580|施华洛世奇礼品鲜花商品208|野兽派礼品鲜花商品389|施华洛世奇礼品鲜花商品633|潘多拉礼品鲜花商品586
4559,U004879,0.2265,0.257407,中意向,汽车用品,高性价比优惠池,P001350|P001831|P000932|P001413|P001281,海康威视汽车用品商品339|3M汽车用品商品278|米其林汽车用品商品745|3M汽车用品商品342|卡仕达汽车用品商品144
4560,U002866,0.2264,0.252802,中意向,美妆护肤,高性价比优惠池,P001748|P000034|P001010|P000095|P001810,完美日记美妆护肤商品797|雅诗兰黛美妆护肤商品818|雅诗兰黛美妆护肤商品295|欧莱雅美妆护肤商品977|欧莱雅美妆护肤商品587
4561,U000233,0.2263,0.235215,中意向,美妆护肤,高性价比优惠池,P001748|P000034|P001010|P000095|P001810,完美日记美妆护肤商品797|雅诗兰黛美妆护肤商品818|雅诗兰黛美妆护肤商品295|欧莱雅美妆护肤商品977|欧莱雅美妆护肤商品587
4562,U002392,0.2263,0.232658,中意向,礼品鲜花,高性价比优惠池,P000831|P000680|P001029|P000319|P000890,Roseonly礼品鲜花商品580|施华洛世奇礼品鲜花商品208|野兽派礼品鲜花商品389|施华洛世奇礼品鲜花商品633|潘多拉礼品鲜花商品586
4563,U003052,0.2263,0.234218,中意向,汽车用品,高性价比优惠池,P001350|P001831|P000932|P001413|P001281,海康威视汽车用品商品339|3M汽车用品商品278|米其林汽车用品商品745|3M汽车用品商品342|卡仕达汽车用品商品144
4564,U000410,0.2262,0.235328,中意向,医药保健,高性价比优惠池,P000765|P000827|P001891|P000351|P000793,善存医药保健商品608|Swisse医药保健商品414|Swisse医药保健商品235|汤臣倍健医药保健商品112|九芝堂医药保健商品478
4565,U002080,0.2261,0.239651,中意向,医药保健,高性价比优惠池,P000765|P000827|P001891|P000351|P000793,善存医药保健商品608|Swisse医药保健商品414|Swisse医药保健商品235|汤臣倍健医药保健商品112|九芝堂医药保健商品478
4566,U000595,0.226,0.267143,中意向,医药保健,高性价比优惠池,P000765|P000827|P001891|P000351|P000793,善存医药保健商品608|Swisse医药保健商品414|Swisse医药保健商品235|汤臣倍健医药保健商品112|九芝堂医药保健商品478
4567,U000685,0.226,0.23714,中意向,食品生鲜,高性价比优惠池,P000995|P001113|P000246|P001573|P000063,良品铺子食品生鲜商品230|三只松鼠食品生鲜商品425|蒙牛食品生鲜商品866|百草味食品生鲜商品634|百草味食品生鲜商品504
4568,U000951,0.226,0.219218,中意向,珠宝首饰,高性价比优惠池,P000974|P000711|P001945|P000774|P001226,明牌珠宝首饰商品793|老凤祥珠宝首饰商品116|老凤祥珠宝首饰商品246|周大福珠宝首饰商品251|潮宏基珠宝首饰商品314
4569,U003780,0.226,0.266685,中意向,手机数码,高性价比优惠池,P000518|P000173|P000438|P001705|P000874,一加手机数码商品882|OPPO手机数码商品663|OPPO手机数码商品771|苹果手机数码商品445|苹果手机数码商品704
4570,U000854,0.2259,0.22551,中意向,汽车用品,高性价比优惠池,P001350|P001831|P000932|P001413|P001281,海康威视汽车用品商品339|3M汽车用品商品278|米其林汽车用品商品745|3M汽车用品商品342|卡仕达汽车用品商品144
4571,U001048,0.2259,0.237945,中意向,医药保健,高性价比优惠池,P000765|P000827|P001891|P000351|P000793,善存医药保健商品608|Swisse医药保健商品414|Swisse医药保健商品235|汤臣倍健医药保健商品112|九芝堂医药保健商品478
4572,U004000,0.2259,0.237394,中意向,美妆护肤,高性价比优惠池,P001748|P000034|P001010|P000095|P001810,完美日记美妆护肤商品797|雅诗兰黛美妆护肤商品818|雅诗兰黛美妆护肤商品295|欧莱雅美妆护肤商品977|欧莱雅美妆护肤商品587
4573,U001657,0.2258,0.234976,中意向,汽车用品,高性价比优惠池,P001350|P001831|P000932|P001413|P001281,海康威视汽车用品商品339|3M汽车用品商品278|米其林汽车用品商品745|3M汽车用品商品342|卡仕达汽车用品商品144
4574,U001789,0.2258,0.279233,中意向,食品生鲜,高性价比优惠池,P000995|P001113|P000246|P001573|P000063,良品铺子食品生鲜商品230|三只松鼠食品生鲜商品425|蒙牛食品生鲜商品866|百草味食品生鲜商品634|百草味食品生鲜商品504
4575,U004909,0.2258,0.254704,中意向,母婴用品,高性价比优惠池,P001683|P000635|P001865|P000991|P001946,帮宝适母婴用品商品297|贝因美母婴用品商品691|贝因美母婴用品商品921|帮宝适母婴用品商品195|花王母婴用品商品688
4576,U001149,0.2257,0.244263,中意向,医药保健,高性价比优惠池,P000765|P000827|P001891|P000351|P000793,善存医药保健商品608|Swisse医药保健商品414|Swisse医药保健商品235|汤臣倍健医药保健商品112|九芝堂医药保健商品478
4577,U003907,0.2255,0.227151,中意向,家居家装,高性价比优惠池,P001900|P001343|P000229|P001466|P001151,顾家家居家居家装商品551|曲美家居家装商品469|顾家家居家居家装商品198|马可波罗家居家装商品613|宜家家居家装商品838
4578,U002603,0.2253,0.276389,中意向,运动户外,高性价比优惠池,P001637|P001804|P001967|P000194|P000210,李宁运动户外商品816|李宁运动户外商品353|探路者运动户外商品827|始祖鸟运动户外商品528|安踏运动户外商品113
4579,U004674,0.2253,0.26887,中意向,美妆护肤,高性价比优惠池,P001748|P000034|P001010|P000095|P001810,完美日记美妆护肤商品797|雅诗兰黛美妆护肤商品818|雅诗兰黛美妆护肤商品295|欧莱雅美妆护肤商品977|欧莱雅美妆护肤商品587
4580,U003807,0.2252,0.244391,中意向,美妆护肤,高性价比优惠池,P001748|P000034|P001010|P000095|P001810,完美日记美妆护肤商品797|雅诗兰黛美妆护肤商品818|雅诗兰黛美妆护肤商品295|欧莱雅美妆护肤商品977|欧莱雅美妆护肤商品587
4581,U000969,0.2251,0.244528,中意向,服装鞋包,高性价比优惠池,P001581|P001100|P000662|P001462|P000338,耐克服装鞋包商品711|H&M服装鞋包商品119|海澜之家服装鞋包商品964|耐克服装鞋包商品391|H&M服装鞋包商品587
4582,U003854,0.2249,0.248929,中意向,礼品鲜花,高性价比优惠池,P000831|P000680|P001029|P000319|P000890,Roseonly礼品鲜花商品580|施华洛世奇礼品鲜花商品208|野兽派礼品鲜花商品389|施华洛世奇礼品鲜花商品633|潘多拉礼品鲜花商品586
4583,U002175,0.2247,0.255574,中意向,珠宝首饰,高性价比优惠池,P000974|P000711|P001945|P000774|P001226,明牌珠宝首饰商品793|老凤祥珠宝首饰商品116|老凤祥珠宝首饰商品246|周大福珠宝首饰商品251|潮宏基珠宝首饰商品314
4584,U001680,0.2246,0.241504,中意向,汽车用品,高性价比优惠池,P001350|P001831|P000932|P001413|P001281,海康威视汽车用品商品339|3M汽车用品商品278|米其林汽车用品商品745|3M汽车用品商品342|卡仕达汽车用品商品144
4585,U001076,0.2245,0.25697,中意向,手机数码,高性价比优惠池,P000518|P000173|P000438|P001705|P000874,一加手机数码商品882|OPPO手机数码商品663|OPPO手机数码商品771|苹果手机数码商品445|苹果手机数码商品704
4586,U001309,0.2245,0.23306,中意向,箱包配饰,高性价比优惠池,P000702|P001253|P001930|P000361|P000987,LV箱包配饰商品940|Samsonite箱包配饰商品380|Samsonite箱包配饰商品997|GUCCI箱包配饰商品904|Samsonite箱包配饰商品467
4587,U001088,0.2244,0.228559,中意向,礼品鲜花,高性价比优惠池,P000831|P000680|P001029|P000319|P000890,Roseonly礼品鲜花商品580|施华洛世奇礼品鲜花商品208|野兽派礼品鲜花商品389|施华洛世奇礼品鲜花商品633|潘多拉礼品鲜花商品586
4588,U002138,0.2243,0.225457,中意向,食品生鲜,高性价比优惠池,P000995|P001113|P000246|P001573|P000063,良品铺子食品生鲜商品230|三只松鼠食品生鲜商品425|蒙牛食品生鲜商品866|百草味食品生鲜商品634|百草味食品生鲜商品504
4589,U002967,0.2241,0.229599,中意向,汽车用品,高性价比优惠池,P001350|P001831|P000932|P001413|P001281,海康威视汽车用品商品339|3M汽车用品商品278|米其林汽车用品商品745|3M汽车用品商品342|卡仕达汽车用品商品144
4590,U003665,0.2241,0.247819,中意向,母婴用品,高性价比优惠池,P001683|P000635|P001865|P000991|P001946,帮宝适母婴用品商品297|贝因美母婴用品商品691|贝因美母婴用品商品921|帮宝适母婴用品商品195|花王母婴用品商品688
4591,U004014,0.2241,0.237556,中意向,汽车用品,高性价比优惠池,P001350|P001831|P000932|P001413|P001281,海康威视汽车用品商品339|3M汽车用品商品278|米其林汽车用品商品745|3M汽车用品商品342|卡仕达汽车用品商品144
4592,U002335,0.224,0.235598,中意向,运动户外,高性价比优惠池,P001637|P001804|P001967|P000194|P000210,李宁运动户外商品816|李宁运动户外商品353|探路者运动户外商品827|始祖鸟运动户外商品528|安踏运动户外商品113
4593,U003087,0.224,0.252597,中意向,食品生鲜,高性价比优惠池,P000995|P001113|P000246|P001573|P000063,良品铺子食品生鲜商品230|三只松鼠食品生鲜商品425|蒙牛食品生鲜商品866|百草味食品生鲜商品634|百草味食品生鲜商品504
4594,U004852,0.224,0.2231,中意向,美妆护肤,高性价比优惠池,P001748|P000034|P001010|P000095|P001810,完美日记美妆护肤商品797|雅诗兰黛美妆护肤商品818|雅诗兰黛美妆护肤商品295|欧莱雅美妆护肤商品977|欧莱雅美妆护肤商品587
4595,U000311,0.2239,0.23927,中意向,礼品鲜花,高性价比优惠池,P000831|P000680|P001029|P000319|P000890,Roseonly礼品鲜花商品580|施华洛世奇礼品鲜花商品208|野兽派礼品鲜花商品389|施华洛世奇礼品鲜花商品633|潘多拉礼品鲜花商品586
4596,U000982,0.2239,0.225936,中意向,珠宝首饰,高性价比优惠池,P000974|P000711|P001945|P000774|P001226,明牌珠宝首饰商品793|老凤祥珠宝首饰商品116|老凤祥珠宝首饰商品246|周大福珠宝首饰商品251|潮宏基珠宝首饰商品314
4597,U000490,0.2238,0.225019,中意向,箱包配饰,高性价比优惠池,P000702|P001253|P001930|P000361|P000987,LV箱包配饰商品940|Samsonite箱包配饰商品380|Samsonite箱包配饰商品997|GUCCI箱包配饰商品904|Samsonite箱包配饰商品467
4598,U002974,0.2238,0.225663,中意向,宠物用品,高性价比优惠池,P000174|P001336|P001123|P000231|P001759,麦富迪宠物用品商品180|比瑞吉宠物用品商品181|麦富迪宠物用品商品699|pidan宠物用品商品955|网易严选宠物用品商品408
4599,U003530,0.2238,0.225489,中意向,珠宝首饰,高性价比优惠池,P000974|P000711|P001945|P000774|P001226,明牌珠宝首饰商品793|老凤祥珠宝首饰商品116|老凤祥珠宝首饰商品246|周大福珠宝首饰商品251|潮宏基珠宝首饰商品314
4600,U001543,0.2237,0.236408,中意向,珠宝首饰,高性价比优惠池,P000974|P000711|P001945|P000774|P001226,明牌珠宝首饰商品793|老凤祥珠宝首饰商品116|老凤祥珠宝首饰商品246|周大福珠宝首饰商品251|潮宏基珠宝首饰商品314
4601,U000614,0.2236,0.248493,中意向,家居家装,高性价比优惠池,P001900|P001343|P000229|P001466|P001151,顾家家居家居家装商品551|曲美家居家装商品469|顾家家居家居家装商品198|马可波罗家居家装商品613|宜家家居家装商品838
4602,U001622,0.2235,0.225806,中意向,美妆护肤,高性价比优惠池,P001748|P000034|P001010|P000095|P001810,完美日记美妆护肤商品797|雅诗兰黛美妆护肤商品818|雅诗兰黛美妆护肤商品295|欧莱雅美妆护肤商品977|欧莱雅美妆护肤商品587
4603,U001638,0.2235,0.236339,中意向,运动户外,高性价比优惠池,P001637|P001804|P001967|P000194|P000210,李宁运动户外商品816|李宁运动户外商品353|探路者运动户外商品827|始祖鸟运动户外商品528|安踏运动户外商品113
4604,U003521,0.2235,0.228052,中意向,食品生鲜,高性价比优惠池,P000995|P001113|P000246|P001573|P000063,良品铺子食品生鲜商品230|三只松鼠食品生鲜商品425|蒙牛食品生鲜商品866|百草味食品生鲜商品634|百草味食品生鲜商品504
4605,U004583,0.2235,0.238681,中意向,母婴用品,高性价比优惠池,P001683|P000635|P001865|P000991|P001946,帮宝适母婴用品商品297|贝因美母婴用品商品691|贝因美母婴用品商品921|帮宝适母婴用品商品195|花王母婴用品商品688
4606,U003601,0.2234,0.237398,中意向,母婴用品,高性价比优惠池,P001683|P000635|P001865|P000991|P001946,帮宝适母婴用品商品297|贝因美母婴用品商品691|贝因美母婴用品商品921|帮宝适母婴用品商品195|花王母婴用品商品688
4607,U004282,0.2234,0.239649,中意向,医药保健,高性价比优惠池,P000765|P000827|P001891|P000351|P000793,善存医药保健商品608|Swisse医药保健商品414|Swisse医药保健商品235|汤臣倍健医药保健商品112|九芝堂医药保健商品478
4608,U004860,0.2234,0.236867,中意向,医药保健,高性价比优惠池,P000765|P000827|P001891|P000351|P000793,善存医药保健商品608|Swisse医药保健商品414|Swisse医药保健商品235|汤臣倍健医药保健商品112|九芝堂医药保健商品478
4609,U001112,0.2233,0.235196,中意向,母婴用品,高性价比优惠池,P001683|P000635|P001865|P000991|P001946,帮宝适母婴用品商品297|贝因美母婴用品商品691|贝因美母婴用品商品921|帮宝适母婴用品商品195|花王母婴用品商品688
4610,U001175,0.2233,0.249404,中意向,手机数码,高性价比优惠池,P000518|P000173|P000438|P001705|P000874,一加手机数码商品882|OPPO手机数码商品663|OPPO手机数码商品771|苹果手机数码商品445|苹果手机数码商品704
4611,U002797,0.2233,0.268443,中意向,食品生鲜,高性价比优惠池,P000995|P001113|P000246|P001573|P000063,良品铺子食品生鲜商品230|三只松鼠食品生鲜商品425|蒙牛食品生鲜商品866|百草味食品生鲜商品634|百草味食品生鲜商品504
4612,U000424,0.2232,0.230775,中意向,家居家装,高性价比优惠池,P001900|P001343|P000229|P001466|P001151,顾家家居家居家装商品551|曲美家居家装商品469|顾家家居家居家装商品198|马可波罗家居家装商品613|宜家家居家装商品838
4613,U000852,0.2232,0.230218,中意向,手机数码,高性价比优惠池,P000518|P000173|P000438|P001705|P000874,一加手机数码商品882|OPPO手机数码商品663|OPPO手机数码商品771|苹果手机数码商品445|苹果手机数码商品704
4614,U003288,0.2232,0.236171,中意向,运动户外,高性价比优惠池,P001637|P001804|P001967|P000194|P000210,李宁运动户外商品816|李宁运动户外商品353|探路者运动户外商品827|始祖鸟运动户外商品528|安踏运动户外商品113
4615,U001881,0.2231,0.234044,中意向,家居家装,高性价比优惠池,P001900|P001343|P000229|P001466|P001151,顾家家居家居家装商品551|曲美家居家装商品469|顾家家居家居家装商品198|马可波罗家居家装商品613|宜家家居家装商品838
4616,U003268,0.2231,0.244686,中意向,珠宝首饰,高性价比优惠池,P000974|P000711|P001945|P000774|P001226,明牌珠宝首饰商品793|老凤祥珠宝首饰商品116|老凤祥珠宝首饰商品246|周大福珠宝首饰商品251|潮宏基珠宝首饰商品314
4617,U001627,0.2229,0.26225,中意向,医药保健,高性价比优惠池,P000765|P000827|P001891|P000351|P000793,善存医药保健商品608|Swisse医药保健商品414|Swisse医药保健商品235|汤臣倍健医药保健商品112|九芝堂医药保健商品478
4618,U001985,0.2229,0.236793,中意向,宠物用品,高性价比优惠池,P000174|P001336|P001123|P000231|P001759,麦富迪宠物用品商品180|比瑞吉宠物用品商品181|麦富迪宠物用品商品699|pidan宠物用品商品955|网易严选宠物用品商品408
4619,U004565,0.2229,0.222108,中意向,手机数码,高性价比优惠池,P000518|P000173|P000438|P001705|P000874,一加手机数码商品882|OPPO手机数码商品663|OPPO手机数码商品771|苹果手机数码商品445|苹果手机数码商品704
4620,U003394,0.2228,0.258326,中意向,珠宝首饰,高性价比优惠池,P000974|P000711|P001945|P000774|P001226,明牌珠宝首饰商品793|老凤祥珠宝首饰商品116|老凤祥珠宝首饰商品246|周大福珠宝首饰商品251|潮宏基珠宝首饰商品314
4621,U003892,0.2228,0.249784,中意向,宠物用品,高性价比优惠池,P000174|P001336|P001123|P000231|P001759,麦富迪宠物用品商品180|比瑞吉宠物用品商品181|麦富迪宠物用品商品699|pidan宠物用品商品955|网易严选宠物用品商品408
4622,U003998,0.2228,0.267016,中意向,医药保健,高性价比优惠池,P000765|P000827|P001891|P000351|P000793,善存医药保健商品608|Swisse医药保健商品414|Swisse医药保健商品235|汤臣倍健医药保健商品112|九芝堂医药保健商品478
4623,U003257,0.2227,0.233774,中意向,珠宝首饰,高性价比优惠池,P000974|P000711|P001945|P000774|P001226,明牌珠宝首饰商品793|老凤祥珠宝首饰商品116|老凤祥珠宝首饰商品246|周大福珠宝首饰商品251|潮宏基珠宝首饰商品314
4624,U001641,0.2226,0.225323,中意向,珠宝首饰,高性价比优惠池,P000974|P000711|P001945|P000774|P001226,明牌珠宝首饰商品793|老凤祥珠宝首饰商品116|老凤祥珠宝首饰商品246|周大福珠宝首饰商品251|潮宏基珠宝首饰商品314
4625,U002499,0.2225,0.241308,中意向,汽车用品,高性价比优惠池,P001350|P001831|P000932|P001413|P001281,海康威视汽车用品商品339|3M汽车用品商品278|米其林汽车用品商品745|3M汽车用品商品342|卡仕达汽车用品商品144
4626,U003745,0.2225,0.243399,中意向,食品生鲜,高性价比优惠池,P000995|P001113|P000246|P001573|P000063,良品铺子食品生鲜商品230|三只松鼠食品生鲜商品425|蒙牛食品生鲜商品866|百草味食品生鲜商品634|百草味食品生鲜商品504
4627,U002464,0.2224,0.261596,中意向,食品生鲜,高性价比优惠池,P000995|P001113|P000246|P001573|P000063,良品铺子食品生鲜商品230|三只松鼠食品生鲜商品425|蒙牛食品生鲜商品866|百草味食品生鲜商品634|百草味食品生鲜商品504
4628,U002823,0.2223,0.239239,中意向,家居家装,高性价比优惠池,P001900|P001343|P000229|P001466|P001151,顾家家居家居家装商品551|曲美家居家装商品469|顾家家居家居家装商品198|马可波罗家居家装商品613|宜家家居家装商品838
4629,U000686,0.2222,0.23382,中意向,汽车用品,高性价比优惠池,P001350|P001831|P000932|P001413|P001281,海康威视汽车用品商品339|3M汽车用品商品278|米其林汽车用品商品745|3M汽车用品商品342|卡仕达汽车用品商品144
4630,U001210,0.2221,0.215663,中意向,珠宝首饰,高性价比优惠池,P000974|P000711|P001945|P000774|P001226,明牌珠宝首饰商品793|老凤祥珠宝首饰商品116|老凤祥珠宝首饰商品246|周大福珠宝首饰商品251|潮宏基珠宝首饰商品314
4631,U003330,0.2221,0.242624,中意向,家居家装,高性价比优惠池,P001900|P001343|P000229|P001466|P001151,顾家家居家居家装商品551|曲美家居家装商品469|顾家家居家居家装商品198|马可波罗家居家装商品613|宜家家居家装商品838
4632,U000926,0.222,0.232103,中意向,家居家装,高性价比优惠池,P001900|P001343|P000229|P001466|P001151,顾家家居家居家装商品551|曲美家居家装商品469|顾家家居家居家装商品198|马可波罗家居家装商品613|宜家家居家装商品838
4633,U001625,0.222,0.227477,中意向,图书音像,高性价比优惠池,P001855|P001112|P000053|P001974|P001212,京东图书图书音像商品377|中信出版社图书音像商品870|京东图书图书音像商品199|博库网图书音像商品353|新华书店图书音像商品518
4634,U000393,0.2218,0.225483,中意向,珠宝首饰,高性价比优惠池,P000974|P000711|P001945|P000774|P001226,明牌珠宝首饰商品793|老凤祥珠宝首饰商品116|老凤祥珠宝首饰商品246|周大福珠宝首饰商品251|潮宏基珠宝首饰商品314
4635,U000145,0.2217,0.256724,中意向,医药保健,高性价比优惠池,P000765|P000827|P001891|P000351|P000793,善存医药保健商品608|Swisse医药保健商品414|Swisse医药保健商品235|汤臣倍健医药保健商品112|九芝堂医药保健商品478
4636,U002031,0.2217,0.241153,中意向,母婴用品,高性价比优惠池,P001683|P000635|P001865|P000991|P001946,帮宝适母婴用品商品297|贝因美母婴用品商品691|贝因美母婴用品商品921|帮宝适母婴用品商品195|花王母婴用品商品688
4637,U004814,0.2217,0.228186,中意向,美妆护肤,高性价比优惠池,P001748|P000034|P001010|P000095|P001810,完美日记美妆护肤商品797|雅诗兰黛美妆护肤商品818|雅诗兰黛美妆护肤商品295|欧莱雅美妆护肤商品977|欧莱雅美妆护肤商品587
4638,U004326,0.2216,0.229297,中意向,家居家装,高性价比优惠池,P001900|P001343|P000229|P001466|P001151,顾家家居家居家装商品551|曲美家居家装商品469|顾家家居家居家装商品198|马可波罗家居家装商品613|宜家家居家装商品838
4639,U004922,0.2216,0.244503,中意向,宠物用品,高性价比优惠池,P000174|P001336|P001123|P000231|P001759,麦富迪宠物用品商品180|比瑞吉宠物用品商品181|麦富迪宠物用品商品699|pidan宠物用品商品955|网易严选宠物用品商品408
4640,U002592,0.2214,0.236329,中意向,珠宝首饰,高性价比优惠池,P000974|P000711|P001945|P000774|P001226,明牌珠宝首饰商品793|老凤祥珠宝首饰商品116|老凤祥珠宝首饰商品246|周大福珠宝首饰商品251|潮宏基珠宝首饰商品314
4641,U003355,0.2214,0.231855,中意向,手机数码,高性价比优惠池,P000518|P000173|P000438|P001705|P000874,一加手机数码商品882|OPPO手机数码商品663|OPPO手机数码商品771|苹果手机数码商品445|苹果手机数码商品704
4642,U004316,0.2214,0.257902,中意向,图书音像,高性价比优惠池,P001855|P001112|P000053|P001974|P001212,京东图书图书音像商品377|中信出版社图书音像商品870|京东图书图书音像商品199|博库网图书音像商品353|新华书店图书音像商品518
4643,U001598,0.2213,0.215512,中意向,珠宝首饰,高性价比优惠池,P000974|P000711|P001945|P000774|P001226,明牌珠宝首饰商品793|老凤祥珠宝首饰商品116|老凤祥珠宝首饰商品246|周大福珠宝首饰商品251|潮宏基珠宝首饰商品314
4644,U004811,0.2213,0.241871,中意向,美妆护肤,高性价比优惠池,P001748|P000034|P001010|P000095|P001810,完美日记美妆护肤商品797|雅诗兰黛美妆护肤商品818|雅诗兰黛美妆护肤商品295|欧莱雅美妆护肤商品977|欧莱雅美妆护肤商品587
4645,U002722,0.2212,0.262864,中意向,运动户外,高性价比优惠池,P001637|P001804|P001967|P000194|P000210,李宁运动户外商品816|李宁运动户外商品353|探路者运动户外商品827|始祖鸟运动户外商品528|安踏运动户外商品113
4646,U000900,0.2211,0.230535,中意向,美妆护肤,高性价比优惠池,P001748|P000034|P001010|P000095|P001810,完美日记美妆护肤商品797|雅诗兰黛美妆护肤商品818|雅诗兰黛美妆护肤商品295|欧莱雅美妆护肤商品977|欧莱雅美妆护肤商品587
4647,U002505,0.2211,0.231222,中意向,家用电器,高性价比优惠池,P001338|P000409|P001480|P001850|P001635,苏泊尔家用电器商品596|苏泊尔家用电器商品852|戴森家用电器商品536|戴森家用电器商品883|西门子家用电器商品795
4648,U004148,0.2209,0.227216,中意向,图书音像,高性价比优惠池,P001855|P001112|P000053|P001974|P001212,京东图书图书音像商品377|中信出版社图书音像商品870|京东图书图书音像商品199|博库网图书音像商品353|新华书店图书音像商品518
4649,U002293,0.2206,0.228119,中意向,礼品鲜花,高性价比优惠池,P000831|P000680|P001029|P000319|P000890,Roseonly礼品鲜花商品580|施华洛世奇礼品鲜花商品208|野兽派礼品鲜花商品389|施华洛世奇礼品鲜花商品633|潘多拉礼品鲜花商品586
4650,U002924,0.2206,0.237554,中意向,家用电器,高性价比优惠池,P001338|P000409|P001480|P001850|P001635,苏泊尔家用电器商品596|苏泊尔家用电器商品852|戴森家用电器商品536|戴森家用电器商品883|西门子家用电器商品795
4651,U000943,0.2204,0.229121,中意向,美妆护肤,高性价比优惠池,P001748|P000034|P001010|P000095|P001810,完美日记美妆护肤商品797|雅诗兰黛美妆护肤商品818|雅诗兰黛美妆护肤商品295|欧莱雅美妆护肤商品977|欧莱雅美妆护肤商品587
4652,U001194,0.2204,0.234342,中意向,医药保健,高性价比优惠池,P000765|P000827|P001891|P000351|P000793,善存医药保健商品608|Swisse医药保健商品414|Swisse医药保健商品235|汤臣倍健医药保健商品112|九芝堂医药保健商品478
4653,U002374,0.2203,0.229874,中意向,家用电器,高性价比优惠池,P001338|P000409|P001480|P001850|P001635,苏泊尔家用电器商品596|苏泊尔家用电器商品852|戴森家用电器商品536|戴森家用电器商品883|西门子家用电器商品795
4654,U002850,0.2203,0.235003,中意向,珠宝首饰,高性价比优惠池,P000974|P000711|P001945|P000774|P001226,明牌珠宝首饰商品793|老凤祥珠宝首饰商品116|老凤祥珠宝首饰商品246|周大福珠宝首饰商品251|潮宏基珠宝首饰商品314
4655,U004822,0.2203,0.250142,中意向,汽车用品,高性价比优惠池,P001350|P001831|P000932|P001413|P001281,海康威视汽车用品商品339|3M汽车用品商品278|米其林汽车用品商品745|3M汽车用品商品342|卡仕达汽车用品商品144
4656,U002844,0.2201,0.252531,中意向,汽车用品,高性价比优惠池,P001350|P001831|P000932|P001413|P001281,海康威视汽车用品商品339|3M汽车用品商品278|米其林汽车用品商品745|3M汽车用品商品342|卡仕达汽车用品商品144
4657,U002864,0.2201,0.23719,中意向,医药保健,高性价比优惠池,P000765|P000827|P001891|P000351|P000793,善存医药保健商品608|Swisse医药保健商品414|Swisse医药保健商品235|汤臣倍健医药保健商品112|九芝堂医药保健商品478
4658,U003494,0.2201,0.222691,中意向,家用电器,高性价比优惠池,P001338|P000409|P001480|P001850|P001635,苏泊尔家用电器商品596|苏泊尔家用电器商品852|戴森家用电器商品536|戴森家用电器商品883|西门子家用电器商品795
4659,U001584,0.2199,0.239287,中意向,礼品鲜花,高性价比优惠池,P000831|P000680|P001029|P000319|P000890,Roseonly礼品鲜花商品580|施华洛世奇礼品鲜花商品208|野兽派礼品鲜花商品389|施华洛世奇礼品鲜花商品633|潘多拉礼品鲜花商品586
4660,U002317,0.2198,0.257614,中意向,家用电器,高性价比优惠池,P001338|P000409|P001480|P001850|P001635,苏泊尔家用电器商品596|苏泊尔家用电器商品852|戴森家用电器商品536|戴森家用电器商品883|西门子家用电器商品795
4661,U003410,0.2198,0.209209,中意向,运动户外,高性价比优惠池,P001637|P001804|P001967|P000194|P000210,李宁运动户外商品816|李宁运动户外商品353|探路者运动户外商品827|始祖鸟运动户外商品528|安踏运动户外商品113
4662,U001950,0.2197,0.227616,中意向,家居家装,高性价比优惠池,P001900|P001343|P000229|P001466|P001151,顾家家居家居家装商品551|曲美家居家装商品469|顾家家居家居家装商品198|马可波罗家居家装商品613|宜家家居家装商品838
4663,U002693,0.2197,0.224958,中意向,食品生鲜,高性价比优惠池,P000995|P001113|P000246|P001573|P000063,良品铺子食品生鲜商品230|三只松鼠食品生鲜商品425|蒙牛食品生鲜商品866|百草味食品生鲜商品634|百草味食品生鲜商品504
4664,U004143,0.2195,0.237767,中意向,图书音像,高性价比优惠池,P001855|P001112|P000053|P001974|P001212,京东图书图书音像商品377|中信出版社图书音像商品870|京东图书图书音像商品199|博库网图书音像商品353|新华书店图书音像商品518
4665,U004308,0.2194,0.232016,中意向,手机数码,高性价比优惠池,P000518|P000173|P000438|P001705|P000874,一加手机数码商品882|OPPO手机数码商品663|OPPO手机数码商品771|苹果手机数码商品445|苹果手机数码商品704
4666,U003125,0.2193,0.233786,中意向,医药保健,高性价比优惠池,P000765|P000827|P001891|P000351|P000793,善存医药保健商品608|Swisse医药保健商品414|Swisse医药保健商品235|汤臣倍健医药保健商品112|九芝堂医药保健商品478
4667,U000484,0.2192,0.238802,中意向,家用电器,高性价比优惠池,P001338|P000409|P001480|P001850|P001635,苏泊尔家用电器商品596|苏泊尔家用电器商品852|戴森家用电器商品536|戴森家用电器商品883|西门子家用电器商品795
4668,U001032,0.2192,0.224669,中意向,珠宝首饰,高性价比优惠池,P000974|P000711|P001945|P000774|P001226,明牌珠宝首饰商品793|老凤祥珠宝首饰商品116|老凤祥珠宝首饰商品246|周大福珠宝首饰商品251|潮宏基珠宝首饰商品314
4669,U002008,0.2192,0.236019,中意向,医药保健,高性价比优惠池,P000765|P000827|P001891|P000351|P000793,善存医药保健商品608|Swisse医药保健商品414|Swisse医药保健商品235|汤臣倍健医药保健商品112|九芝堂医药保健商品478
4670,U003927,0.2192,0.228159,中意向,图书音像,高性价比优惠池,P001855|P001112|P000053|P001974|P001212,京东图书图书音像商品377|中信出版社图书音像商品870|京东图书图书音像商品199|博库网图书音像商品353|新华书店图书音像商品518
4671,U003984,0.2192,0.217204,中意向,礼品鲜花,高性价比优惠池,P000831|P000680|P001029|P000319|P000890,Roseonly礼品鲜花商品580|施华洛世奇礼品鲜花商品208|野兽派礼品鲜花商品389|施华洛世奇礼品鲜花商品633|潘多拉礼品鲜花商品586
4672,U000576,0.2191,0.220071,中意向,服装鞋包,高性价比优惠池,P001581|P001100|P000662|P001462|P000338,耐克服装鞋包商品711|H&M服装鞋包商品119|海澜之家服装鞋包商品964|耐克服装鞋包商品391|H&M服装鞋包商品587
4673,U003431,0.2191,0.243115,中意向,礼品鲜花,高性价比优惠池,P000831|P000680|P001029|P000319|P000890,Roseonly礼品鲜花商品580|施华洛世奇礼品鲜花商品208|野兽派礼品鲜花商品389|施华洛世奇礼品鲜花商品633|潘多拉礼品鲜花商品586
4674,U003708,0.2191,0.252633,中意向,母婴用品,高性价比优惠池,P001683|P000635|P001865|P000991|P001946,帮宝适母婴用品商品297|贝因美母婴用品商品691|贝因美母婴用品商品921|帮宝适母婴用品商品195|花王母婴用品商品688
4675,U004552,0.2191,0.219477,中意向,母婴用品,高性价比优惠池,P001683|P000635|P001865|P000991|P001946,帮宝适母婴用品商品297|贝因美母婴用品商品691|贝因美母婴用品商品921|帮宝适母婴用品商品195|花王母婴用品商品688
4676,U001206,0.219,0.227677,中意向,宠物用品,高性价比优惠池,P000174|P001336|P001123|P000231|P001759,麦富迪宠物用品商品180|比瑞吉宠物用品商品181|麦富迪宠物用品商品699|pidan宠物用品商品955|网易严选宠物用品商品408
4677,U001342,0.219,0.23504,中意向,母婴用品,高性价比优惠池,P001683|P000635|P001865|P000991|P001946,帮宝适母婴用品商品297|贝因美母婴用品商品691|贝因美母婴用品商品921|帮宝适母婴用品商品195|花王母婴用品商品688
4678,U004815,0.219,0.234467,中意向,医药保健,高性价比优惠池,P000765|P000827|P001891|P000351|P000793,善存医药保健商品608|Swisse医药保健商品414|Swisse医药保健商品235|汤臣倍健医药保健商品112|九芝堂医药保健商品478
4679,U001030,0.2189,0.26152,中意向,珠宝首饰,高性价比优惠池,P000974|P000711|P001945|P000774|P001226,明牌珠宝首饰商品793|老凤祥珠宝首饰商品116|老凤祥珠宝首饰商品246|周大福珠宝首饰商品251|潮宏基珠宝首饰商品314
4680,U001245,0.2189,0.238328,中意向,手机数码,高性价比优惠池,P000518|P000173|P000438|P001705|P000874,一加手机数码商品882|OPPO手机数码商品663|OPPO手机数码商品771|苹果手机数码商品445|苹果手机数码商品704
4681,U002318,0.2187,0.280485,中意向,手机数码,高性价比优惠池,P000518|P000173|P000438|P001705|P000874,一加手机数码商品882|OPPO手机数码商品663|OPPO手机数码商品771|苹果手机数码商品445|苹果手机数码商品704
4682,U001176,0.2186,0.288464,中意向,汽车用品,高性价比优惠池,P001350|P001831|P000932|P001413|P001281,海康威视汽车用品商品339|3M汽车用品商品278|米其林汽车用品商品745|3M汽车用品商品342|卡仕达汽车用品商品144
4683,U002656,0.2186,0.243739,中意向,服装鞋包,高性价比优惠池,P001581|P001100|P000662|P001462|P000338,耐克服装鞋包商品711|H&M服装鞋包商品119|海澜之家服装鞋包商品964|耐克服装鞋包商品391|H&M服装鞋包商品587
4684,U002859,0.2186,0.232641,中意向,美妆护肤,高性价比优惠池,P001748|P000034|P001010|P000095|P001810,完美日记美妆护肤商品797|雅诗兰黛美妆护肤商品818|雅诗兰黛美妆护肤商品295|欧莱雅美妆护肤商品977|欧莱雅美妆护肤商品587
4685,U003029,0.2186,0.246288,中意向,宠物用品,高性价比优惠池,P000174|P001336|P001123|P000231|P001759,麦富迪宠物用品商品180|比瑞吉宠物用品商品181|麦富迪宠物用品商品699|pidan宠物用品商品955|网易严选宠物用品商品408
4686,U004752,0.2186,0.244143,中意向,医药保健,高性价比优惠池,P000765|P000827|P001891|P000351|P000793,善存医药保健商品608|Swisse医药保健商品414|Swisse医药保健商品235|汤臣倍健医药保健商品112|九芝堂医药保健商品478
4687,U000290,0.2185,0.254463,中意向,母婴用品,高性价比优惠池,P001683|P000635|P001865|P000991|P001946,帮宝适母婴用品商品297|贝因美母婴用品商品691|贝因美母婴用品商品921|帮宝适母婴用品商品195|花王母婴用品商品688
4688,U003490,0.2185,0.237603,中意向,医药保健,高性价比优惠池,P000765|P000827|P001891|P000351|P000793,善存医药保健商品608|Swisse医药保健商品414|Swisse医药保健商品235|汤臣倍健医药保健商品112|九芝堂医药保健商品478
4689,U000530,0.2184,0.225679,中意向,手机数码,高性价比优惠池,P000518|P000173|P000438|P001705|P000874,一加手机数码商品882|OPPO手机数码商品663|OPPO手机数码商品771|苹果手机数码商品445|苹果手机数码商品704
4690,U004228,0.2184,0.25743,中意向,汽车用品,高性价比优惠池,P001350|P001831|P000932|P001413|P001281,海康威视汽车用品商品339|3M汽车用品商品278|米其林汽车用品商品745|3M汽车用品商品342|卡仕达汽车用品商品144
4691,U003178,0.2182,0.22617,中意向,图书音像,高性价比优惠池,P001855|P001112|P000053|P001974|P001212,京东图书图书音像商品377|中信出版社图书音像商品870|京东图书图书音像商品199|博库网图书音像商品353|新华书店图书音像商品518
4692,U003254,0.218,0.252581,中意向,食品生鲜,高性价比优惠池,P000995|P001113|P000246|P001573|P000063,良品铺子食品生鲜商品230|三只松鼠食品生鲜商品425|蒙牛食品生鲜商品866|百草味食品生鲜商品634|百草味食品生鲜商品504
4693,U004397,0.218,0.233609,中意向,母婴用品,高性价比优惠池,P001683|P000635|P001865|P000991|P001946,帮宝适母婴用品商品297|贝因美母婴用品商品691|贝因美母婴用品商品921|帮宝适母婴用品商品195|花王母婴用品商品688
4694,U000827,0.2179,0.219267,中意向,珠宝首饰,高性价比优惠池,P000974|P000711|P001945|P000774|P001226,明牌珠宝首饰商品793|老凤祥珠宝首饰商品116|老凤祥珠宝首饰商品246|周大福珠宝首饰商品251|潮宏基珠宝首饰商品314
4695,U002954,0.2179,0.223563,中意向,食品生鲜,高性价比优惠池,P000995|P001113|P000246|P001573|P000063,良品铺子食品生鲜商品230|三只松鼠食品生鲜商品425|蒙牛食品生鲜商品866|百草味食品生鲜商品634|百草味食品生鲜商品504
4696,U001673,0.2178,0.227273,中意向,食品生鲜,高性价比优惠池,P000995|P001113|P000246|P001573|P000063,良品铺子食品生鲜商品230|三只松鼠食品生鲜商品425|蒙牛食品生鲜商品866|百草味食品生鲜商品634|百草味食品生鲜商品504
4697,U003718,0.2178,0.231761,中意向,母婴用品,高性价比优惠池,P001683|P000635|P001865|P000991|P001946,帮宝适母婴用品商品297|贝因美母婴用品商品691|贝因美母婴用品商品921|帮宝适母婴用品商品195|花王母婴用品商品688
4698,U002075,0.2177,0.234318,中意向,服装鞋包,高性价比优惠池,P001581|P001100|P000662|P001462|P000338,耐克服装鞋包商品711|H&M服装鞋包商品119|海澜之家服装鞋包商品964|耐克服装鞋包商品391|H&M服装鞋包商品587
4699,U002472,0.2177,0.21516,中意向,手机数码,高性价比优惠池,P000518|P000173|P000438|P001705|P000874,一加手机数码商品882|OPPO手机数码商品663|OPPO手机数码商品771|苹果手机数码商品445|苹果手机数码商品704
4700,U002825,0.2177,0.233913,中意向,食品生鲜,高性价比优惠池,P000995|P001113|P000246|P001573|P000063,良品铺子食品生鲜商品230|三只松鼠食品生鲜商品425|蒙牛食品生鲜商品866|百草味食品生鲜商品634|百草味食品生鲜商品504
4701,U000978,0.2175,0.258516,中意向,家用电器,高性价比优惠池,P001338|P000409|P001480|P001850|P001635,苏泊尔家用电器商品596|苏泊尔家用电器商品852|戴森家用电器商品536|戴森家用电器商品883|西门子家用电器商品795
4702,U003191,0.2175,0.231615,中意向,母婴用品,高性价比优惠池,P001683|P000635|P001865|P000991|P001946,帮宝适母婴用品商品297|贝因美母婴用品商品691|贝因美母婴用品商品921|帮宝适母婴用品商品195|花王母婴用品商品688
4703,U001223,0.2174,0.253938,中意向,母婴用品,高性价比优惠池,P001683|P000635|P001865|P000991|P001946,帮宝适母婴用品商品297|贝因美母婴用品商品691|贝因美母婴用品商品921|帮宝适母婴用品商品195|花王母婴用品商品688
4704,U002737,0.2174,0.211884,中意向,服装鞋包,高性价比优惠池,P001581|P001100|P000662|P001462|P000338,耐克服装鞋包商品711|H&M服装鞋包商品119|海澜之家服装鞋包商品964|耐克服装鞋包商品391|H&M服装鞋包商品587
4705,U004437,0.2174,0.225299,中意向,医药保健,高性价比优惠池,P000765|P000827|P001891|P000351|P000793,善存医药保健商品608|Swisse医药保健商品414|Swisse医药保健商品235|汤臣倍健医药保健商品112|九芝堂医药保健商品478
4706,U003674,0.2173,0.228449,中意向,宠物用品,高性价比优惠池,P000174|P001336|P001123|P000231|P001759,麦富迪宠物用品商品180|比瑞吉宠物用品商品181|麦富迪宠物用品商品699|pidan宠物用品商品955|网易严选宠物用品商品408
4707,U001845,0.2172,0.231793,中意向,服装鞋包,高性价比优惠池,P001581|P001100|P000662|P001462|P000338,耐克服装鞋包商品711|H&M服装鞋包商品119|海澜之家服装鞋包商品964|耐克服装鞋包商品391|H&M服装鞋包商品587
4708,U002326,0.2172,0.232884,中意向,箱包配饰,高性价比优惠池,P000702|P001253|P001930|P000361|P000987,LV箱包配饰商品940|Samsonite箱包配饰商品380|Samsonite箱包配饰商品997|GUCCI箱包配饰商品904|Samsonite箱包配饰商品467
4709,U004573,0.2172,0.224458,中意向,珠宝首饰,高性价比优惠池,P000974|P000711|P001945|P000774|P001226,明牌珠宝首饰商品793|老凤祥珠宝首饰商品116|老凤祥珠宝首饰商品246|周大福珠宝首饰商品251|潮宏基珠宝首饰商品314
4710,U000018,0.217,0.267818,中意向,家居家装,高性价比优惠池,P001900|P001343|P000229|P001466|P001151,顾家家居家居家装商品551|曲美家居家装商品469|顾家家居家居家装商品198|马可波罗家居家装商品613|宜家家居家装商品838
4711,U000628,0.217,0.251605,中意向,珠宝首饰,高性价比优惠池,P000974|P000711|P001945|P000774|P001226,明牌珠宝首饰商品793|老凤祥珠宝首饰商品116|老凤祥珠宝首饰商品246|周大福珠宝首饰商品251|潮宏基珠宝首饰商品314
4712,U001652,0.217,0.235312,中意向,美妆护肤,高性价比优惠池,P001748|P000034|P001010|P000095|P001810,完美日记美妆护肤商品797|雅诗兰黛美妆护肤商品818|雅诗兰黛美妆护肤商品295|欧莱雅美妆护肤商品977|欧莱雅美妆护肤商品587
4713,U004074,0.217,0.223878,中意向,珠宝首饰,高性价比优惠池,P000974|P000711|P001945|P000774|P001226,明牌珠宝首饰商品793|老凤祥珠宝首饰商品116|老凤祥珠宝首饰商品246|周大福珠宝首饰商品251|潮宏基珠宝首饰商品314
4714,U000463,0.2168,0.225958,中意向,运动户外,高性价比优惠池,P001637|P001804|P001967|P000194|P000210,李宁运动户外商品816|李宁运动户外商品353|探路者运动户外商品827|始祖鸟运动户外商品528|安踏运动户外商品113
4715,U004546,0.2167,0.27935,中意向,礼品鲜花,高性价比优惠池,P000831|P000680|P001029|P000319|P000890,Roseonly礼品鲜花商品580|施华洛世奇礼品鲜花商品208|野兽派礼品鲜花商品389|施华洛世奇礼品鲜花商品633|潘多拉礼品鲜花商品586
4716,U000964,0.2166,0.219401,中意向,食品生鲜,高性价比优惠池,P000995|P001113|P000246|P001573|P000063,良品铺子食品生鲜商品230|三只松鼠食品生鲜商品425|蒙牛食品生鲜商品866|百草味食品生鲜商品634|百草味食品生鲜商品504
4717,U001959,0.2166,0.220715,中意向,服装鞋包,高性价比优惠池,P001581|P001100|P000662|P001462|P000338,耐克服装鞋包商品711|H&M服装鞋包商品119|海澜之家服装鞋包商品964|耐克服装鞋包商品391|H&M服装鞋包商品587
4718,U002219,0.2166,0.234176,中意向,箱包配饰,高性价比优惠池,P000702|P001253|P001930|P000361|P000987,LV箱包配饰商品940|Samsonite箱包配饰商品380|Samsonite箱包配饰商品997|GUCCI箱包配饰商品904|Samsonite箱包配饰商品467
4719,U002146,0.2164,0.223446,中意向,美妆护肤,高性价比优惠池,P001748|P000034|P001010|P000095|P001810,完美日记美妆护肤商品797|雅诗兰黛美妆护肤商品818|雅诗兰黛美妆护肤商品295|欧莱雅美妆护肤商品977|欧莱雅美妆护肤商品587
4720,U002593,0.2164,0.22872,中意向,,高性价比优惠池,P001855|P000765|P000174|P000974|P001112,京东图书图书音像商品377|善存医药保健商品608|麦富迪宠物用品商品180|明牌珠宝首饰商品793|中信出版社图书音像商品870
4721,U000575,0.2163,0.224324,中意向,手机数码,高性价比优惠池,P000518|P000173|P000438|P001705|P000874,一加手机数码商品882|OPPO手机数码商品663|OPPO手机数码商品771|苹果手机数码商品445|苹果手机数码商品704
4722,U001938,0.2163,0.258776,中意向,手机数码,高性价比优惠池,P000518|P000173|P000438|P001705|P000874,一加手机数码商品882|OPPO手机数码商品663|OPPO手机数码商品771|苹果手机数码商品445|苹果手机数码商品704
4723,U002470,0.2163,0.230321,中意向,家用电器,高性价比优惠池,P001338|P000409|P001480|P001850|P001635,苏泊尔家用电器商品596|苏泊尔家用电器商品852|戴森家用电器商品536|戴森家用电器商品883|西门子家用电器商品795
4724,U000523,0.2161,0.221717,中意向,礼品鲜花,高性价比优惠池,P000831|P000680|P001029|P000319|P000890,Roseonly礼品鲜花商品580|施华洛世奇礼品鲜花商品208|野兽派礼品鲜花商品389|施华洛世奇礼品鲜花商品633|潘多拉礼品鲜花商品586
4725,U000847,0.2161,0.240719,中意向,礼品鲜花,高性价比优惠池,P000831|P000680|P001029|P000319|P000890,Roseonly礼品鲜花商品580|施华洛世奇礼品鲜花商品208|野兽派礼品鲜花商品389|施华洛世奇礼品鲜花商品633|潘多拉礼品鲜花商品586
4726,U000904,0.2161,0.242831,中意向,家居家装,高性价比优惠池,P001900|P001343|P000229|P001466|P001151,顾家家居家居家装商品551|曲美家居家装商品469|顾家家居家居家装商品198|马可波罗家居家装商品613|宜家家居家装商品838
4727,U002705,0.2161,0.235366,中意向,运动户外,高性价比优惠池,P001637|P001804|P001967|P000194|P000210,李宁运动户外商品816|李宁运动户外商品353|探路者运动户外商品827|始祖鸟运动户外商品528|安踏运动户外商品113
4728,U000547,0.216,0.218861,中意向,医药保健,高性价比优惠池,P000765|P000827|P001891|P000351|P000793,善存医药保健商品608|Swisse医药保健商品414|Swisse医药保健商品235|汤臣倍健医药保健商品112|九芝堂医药保健商品478
4729,U003779,0.216,0.237689,中意向,手机数码,高性价比优惠池,P000518|P000173|P000438|P001705|P000874,一加手机数码商品882|OPPO手机数码商品663|OPPO手机数码商品771|苹果手机数码商品445|苹果手机数码商品704
4730,U003065,0.2159,0.281965,中意向,食品生鲜,高性价比优惠池,P000995|P001113|P000246|P001573|P000063,良品铺子食品生鲜商品230|三只松鼠食品生鲜商品425|蒙牛食品生鲜商品866|百草味食品生鲜商品634|百草味食品生鲜商品504
4731,U000942,0.2158,0.231702,中意向,汽车用品,高性价比优惠池,P001350|P001831|P000932|P001413|P001281,海康威视汽车用品商品339|3M汽车用品商品278|米其林汽车用品商品745|3M汽车用品商品342|卡仕达汽车用品商品144
4732,U001274,0.2158,0.224107,中意向,图书音像,高性价比优惠池,P001855|P001112|P000053|P001974|P001212,京东图书图书音像商品377|中信出版社图书音像商品870|京东图书图书音像商品199|博库网图书音像商品353|新华书店图书音像商品518
4733,U001633,0.2158,0.261101,中意向,运动户外,高性价比优惠池,P001637|P001804|P001967|P000194|P000210,李宁运动户外商品816|李宁运动户外商品353|探路者运动户外商品827|始祖鸟运动户外商品528|安踏运动户外商品113
4734,U002928,0.2158,0.220708,中意向,美妆护肤,高性价比优惠池,P001748|P000034|P001010|P000095|P001810,完美日记美妆护肤商品797|雅诗兰黛美妆护肤商品818|雅诗兰黛美妆护肤商品295|欧莱雅美妆护肤商品977|欧莱雅美妆护肤商品587
4735,U004448,0.2158,0.229802,中意向,服装鞋包,高性价比优惠池,P001581|P001100|P000662|P001462|P000338,耐克服装鞋包商品711|H&M服装鞋包商品119|海澜之家服装鞋包商品964|耐克服装鞋包商品391|H&M服装鞋包商品587
4736,U003628,0.2155,0.22713,中意向,家居家装,高性价比优惠池,P001900|P001343|P000229|P001466|P001151,顾家家居家居家装商品551|曲美家居家装商品469|顾家家居家居家装商品198|马可波罗家居家装商品613|宜家家居家装商品838
4737,U001920,0.2154,0.241606,中意向,宠物用品,高性价比优惠池,P000174|P001336|P001123|P000231|P001759,麦富迪宠物用品商品180|比瑞吉宠物用品商品181|麦富迪宠物用品商品699|pidan宠物用品商品955|网易严选宠物用品商品408
4738,U003026,0.2154,0.237242,中意向,珠宝首饰,高性价比优惠池,P000974|P000711|P001945|P000774|P001226,明牌珠宝首饰商品793|老凤祥珠宝首饰商品116|老凤祥珠宝首饰商品246|周大福珠宝首饰商品251|潮宏基珠宝首饰商品314
4739,U003235,0.2154,0.225386,中意向,家居家装,高性价比优惠池,P001900|P001343|P000229|P001466|P001151,顾家家居家居家装商品551|曲美家居家装商品469|顾家家居家居家装商品198|马可波罗家居家装商品613|宜家家居家装商品838
4740,U003427,0.2154,0.22313,中意向,家用电器,高性价比优惠池,P001338|P000409|P001480|P001850|P001635,苏泊尔家用电器商品596|苏泊尔家用电器商品852|戴森家用电器商品536|戴森家用电器商品883|西门子家用电器商品795
4741,U004289,0.2153,0.230133,中意向,医药保健,高性价比优惠池,P000765|P000827|P001891|P000351|P000793,善存医药保健商品608|Swisse医药保健商品414|Swisse医药保健商品235|汤臣倍健医药保健商品112|九芝堂医药保健商品478
4742,U002739,0.2152,0.228664,中意向,家用电器,高性价比优惠池,P001338|P000409|P001480|P001850|P001635,苏泊尔家用电器商品596|苏泊尔家用电器商品852|戴森家用电器商品536|戴森家用电器商品883|西门子家用电器商品795
4743,U003703,0.2152,0.226044,中意向,美妆护肤,高性价比优惠池,P001748|P000034|P001010|P000095|P001810,完美日记美妆护肤商品797|雅诗兰黛美妆护肤商品818|雅诗兰黛美妆护肤商品295|欧莱雅美妆护肤商品977|欧莱雅美妆护肤商品587
4744,U004706,0.2152,0.23014,中意向,家居家装,高性价比优惠池,P001900|P001343|P000229|P001466|P001151,顾家家居家居家装商品551|曲美家居家装商品469|顾家家居家居家装商品198|马可波罗家居家装商品613|宜家家居家装商品838
4745,U003247,0.2151,0.226423,中意向,家用电器,高性价比优惠池,P001338|P000409|P001480|P001850|P001635,苏泊尔家用电器商品596|苏泊尔家用电器商品852|戴森家用电器商品536|戴森家用电器商品883|西门子家用电器商品795
4746,U003828,0.215,0.220596,中意向,手机数码,高性价比优惠池,P000518|P000173|P000438|P001705|P000874,一加手机数码商品882|OPPO手机数码商品663|OPPO手机数码商品771|苹果手机数码商品445|苹果手机数码商品704
4747,U004747,0.2149,0.228595,中意向,家居家装,高性价比优惠池,P001900|P001343|P000229|P001466|P001151,顾家家居家居家装商品551|曲美家居家装商品469|顾家家居家居家装商品198|马可波罗家居家装商品613|宜家家居家装商品838
4748,U001040,0.2148,0.224839,中意向,食品生鲜,高性价比优惠池,P000995|P001113|P000246|P001573|P000063,良品铺子食品生鲜商品230|三只松鼠食品生鲜商品425|蒙牛食品生鲜商品866|百草味食品生鲜商品634|百草味食品生鲜商品504
4749,U002998,0.2148,0.232573,中意向,母婴用品,高性价比优惠池,P001683|P000635|P001865|P000991|P001946,帮宝适母婴用品商品297|贝因美母婴用品商品691|贝因美母婴用品商品921|帮宝适母婴用品商品195|花王母婴用品商品688
4750,U003548,0.2148,0.233097,中意向,汽车用品,高性价比优惠池,P001350|P001831|P000932|P001413|P001281,海康威视汽车用品商品339|3M汽车用品商品278|米其林汽车用品商品745|3M汽车用品商品342|卡仕达汽车用品商品144
4751,U004861,0.2148,0.233099,中意向,食品生鲜,高性价比优惠池,P000995|P001113|P000246|P001573|P000063,良品铺子食品生鲜商品230|三只松鼠食品生鲜商品425|蒙牛食品生鲜商品866|百草味食品生鲜商品634|百草味食品生鲜商品504
4752,U001115,0.2147,0.224599,中意向,美妆护肤,高性价比优惠池,P001748|P000034|P001010|P000095|P001810,完美日记美妆护肤商品797|雅诗兰黛美妆护肤商品818|雅诗兰黛美妆护肤商品295|欧莱雅美妆护肤商品977|欧莱雅美妆护肤商品587
4753,U002400,0.2147,0.225638,中意向,图书音像,高性价比优惠池,P001855|P001112|P000053|P001974|P001212,京东图书图书音像商品377|中信出版社图书音像商品870|京东图书图书音像商品199|博库网图书音像商品353|新华书店图书音像商品518
4754,U001589,0.2146,0.240143,中意向,家用电器,高性价比优惠池,P001338|P000409|P001480|P001850|P001635,苏泊尔家用电器商品596|苏泊尔家用电器商品852|戴森家用电器商品536|戴森家用电器商品883|西门子家用电器商品795
4755,U002416,0.2146,0.212969,中意向,图书音像,高性价比优惠池,P001855|P001112|P000053|P001974|P001212,京东图书图书音像商品377|中信出版社图书音像商品870|京东图书图书音像商品199|博库网图书音像商品353|新华书店图书音像商品518
4756,U002018,0.2145,0.221159,中意向,汽车用品,高性价比优惠池,P001350|P001831|P000932|P001413|P001281,海康威视汽车用品商品339|3M汽车用品商品278|米其林汽车用品商品745|3M汽车用品商品342|卡仕达汽车用品商品144
4757,U004717,0.2145,0.217518,中意向,汽车用品,高性价比优惠池,P001350|P001831|P000932|P001413|P001281,海康威视汽车用品商品339|3M汽车用品商品278|米其林汽车用品商品745|3M汽车用品商品342|卡仕达汽车用品商品144
4758,U001348,0.2143,0.226457,中意向,图书音像,高性价比优惠池,P001855|P001112|P000053|P001974|P001212,京东图书图书音像商品377|中信出版社图书音像商品870|京东图书图书音像商品199|博库网图书音像商品353|新华书店图书音像商品518
4759,U003200,0.2143,0.227632,中意向,食品生鲜,高性价比优惠池,P000995|P001113|P000246|P001573|P000063,良品铺子食品生鲜商品230|三只松鼠食品生鲜商品425|蒙牛食品生鲜商品866|百草味食品生鲜商品634|百草味食品生鲜商品504
4760,U003478,0.2143,0.230068,中意向,服装鞋包,高性价比优惠池,P001581|P001100|P000662|P001462|P000338,耐克服装鞋包商品711|H&M服装鞋包商品119|海澜之家服装鞋包商品964|耐克服装鞋包商品391|H&M服装鞋包商品587
4761,U004897,0.2142,0.23366,中意向,宠物用品,高性价比优惠池,P000174|P001336|P001123|P000231|P001759,麦富迪宠物用品商品180|比瑞吉宠物用品商品181|麦富迪宠物用品商品699|pidan宠物用品商品955|网易严选宠物用品商品408
4762,U002156,0.2141,0.222787,中意向,服装鞋包,高性价比优惠池,P001581|P001100|P000662|P001462|P000338,耐克服装鞋包商品711|H&M服装鞋包商品119|海澜之家服装鞋包商品964|耐克服装鞋包商品391|H&M服装鞋包商品587
4763,U001305,0.214,0.229813,中意向,医药保健,高性价比优惠池,P000765|P000827|P001891|P000351|P000793,善存医药保健商品608|Swisse医药保健商品414|Swisse医药保健商品235|汤臣倍健医药保健商品112|九芝堂医药保健商品478
4764,U003280,0.214,0.229735,中意向,图书音像,高性价比优惠池,P001855|P001112|P000053|P001974|P001212,京东图书图书音像商品377|中信出版社图书音像商品870|京东图书图书音像商品199|博库网图书音像商品353|新华书店图书音像商品518
4765,U004157,0.214,0.231303,中意向,珠宝首饰,高性价比优惠池,P000974|P000711|P001945|P000774|P001226,明牌珠宝首饰商品793|老凤祥珠宝首饰商品116|老凤祥珠宝首饰商品246|周大福珠宝首饰商品251|潮宏基珠宝首饰商品314
4766,U004352,0.214,0.229427,中意向,手机数码,高性价比优惠池,P000518|P000173|P000438|P001705|P000874,一加手机数码商品882|OPPO手机数码商品663|OPPO手机数码商品771|苹果手机数码商品445|苹果手机数码商品704
4767,U002905,0.2139,0.234302,中意向,图书音像,高性价比优惠池,P001855|P001112|P000053|P001974|P001212,京东图书图书音像商品377|中信出版社图书音像商品870|京东图书图书音像商品199|博库网图书音像商品353|新华书店图书音像商品518
4768,U001191,0.2138,0.227503,中意向,手机数码,高性价比优惠池,P000518|P000173|P000438|P001705|P000874,一加手机数码商品882|OPPO手机数码商品663|OPPO手机数码商品771|苹果手机数码商品445|苹果手机数码商品704
4769,U002754,0.2138,0.255503,中意向,家居家装,高性价比优惠池,P001900|P001343|P000229|P001466|P001151,顾家家居家居家装商品551|曲美家居家装商品469|顾家家居家居家装商品198|马可波罗家居家装商品613|宜家家居家装商品838
4770,U003328,0.2138,0.231716,中意向,服装鞋包,高性价比优惠池,P001581|P001100|P000662|P001462|P000338,耐克服装鞋包商品711|H&M服装鞋包商品119|海澜之家服装鞋包商品964|耐克服装鞋包商品391|H&M服装鞋包商品587
4771,U003716,0.2138,0.219439,中意向,运动户外,高性价比优惠池,P001637|P001804|P001967|P000194|P000210,李宁运动户外商品816|李宁运动户外商品353|探路者运动户外商品827|始祖鸟运动户外商品528|安踏运动户外商品113
4772,U004150,0.2137,0.230943,中意向,礼品鲜花,高性价比优惠池,P000831|P000680|P001029|P000319|P000890,Roseonly礼品鲜花商品580|施华洛世奇礼品鲜花商品208|野兽派礼品鲜花商品389|施华洛世奇礼品鲜花商品633|潘多拉礼品鲜花商品586
4773,U001025,0.2136,0.233608,中意向,食品生鲜,高性价比优惠池,P000995|P001113|P000246|P001573|P000063,良品铺子食品生鲜商品230|三只松鼠食品生鲜商品425|蒙牛食品生鲜商品866|百草味食品生鲜商品634|百草味食品生鲜商品504
4774,U001456,0.2136,0.21659,中意向,家用电器,高性价比优惠池,P001338|P000409|P001480|P001850|P001635,苏泊尔家用电器商品596|苏泊尔家用电器商品852|戴森家用电器商品536|戴森家用电器商品883|西门子家用电器商品795
4775,U002590,0.2136,0.249141,中意向,食品生鲜,高性价比优惠池,P000995|P001113|P000246|P001573|P000063,良品铺子食品生鲜商品230|三只松鼠食品生鲜商品425|蒙牛食品生鲜商品866|百草味食品生鲜商品634|百草味食品生鲜商品504
4776,U000611,0.2134,0.227501,中意向,宠物用品,高性价比优惠池,P000174|P001336|P001123|P000231|P001759,麦富迪宠物用品商品180|比瑞吉宠物用品商品181|麦富迪宠物用品商品699|pidan宠物用品商品955|网易严选宠物用品商品408
4777,U001267,0.2134,0.226085,中意向,珠宝首饰,高性价比优惠池,P000974|P000711|P001945|P000774|P001226,明牌珠宝首饰商品793|老凤祥珠宝首饰商品116|老凤祥珠宝首饰商品246|周大福珠宝首饰商品251|潮宏基珠宝首饰商品314
4778,U001022,0.2133,0.238079,中意向,运动户外,高性价比优惠池,P001637|P001804|P001967|P000194|P000210,李宁运动户外商品816|李宁运动户外商品353|探路者运动户外商品827|始祖鸟运动户外商品528|安踏运动户外商品113
4779,U004809,0.2133,0.231467,中意向,食品生鲜,高性价比优惠池,P000995|P001113|P000246|P001573|P000063,良品铺子食品生鲜商品230|三只松鼠食品生鲜商品425|蒙牛食品生鲜商品866|百草味食品生鲜商品634|百草味食品生鲜商品504
4780,U003686,0.2132,0.219367,中意向,宠物用品,高性价比优惠池,P000174|P001336|P001123|P000231|P001759,麦富迪宠物用品商品180|比瑞吉宠物用品商品181|麦富迪宠物用品商品699|pidan宠物用品商品955|网易严选宠物用品商品408
4781,U001822,0.2131,0.222631,中意向,母婴用品,高性价比优惠池,P001683|P000635|P001865|P000991|P001946,帮宝适母婴用品商品297|贝因美母婴用品商品691|贝因美母婴用品商品921|帮宝适母婴用品商品195|花王母婴用品商品688
4782,U001020,0.2129,0.229635,中意向,家用电器,高性价比优惠池,P001338|P000409|P001480|P001850|P001635,苏泊尔家用电器商品596|苏泊尔家用电器商品852|戴森家用电器商品536|戴森家用电器商品883|西门子家用电器商品795
4783,U002789,0.2129,0.221756,中意向,食品生鲜,高性价比优惠池,P000995|P001113|P000246|P001573|P000063,良品铺子食品生鲜商品230|三只松鼠食品生鲜商品425|蒙牛食品生鲜商品866|百草味食品生鲜商品634|百草味食品生鲜商品504
4784,U002819,0.2128,0.222288,中意向,礼品鲜花,高性价比优惠池,P000831|P000680|P001029|P000319|P000890,Roseonly礼品鲜花商品580|施华洛世奇礼品鲜花商品208|野兽派礼品鲜花商品389|施华洛世奇礼品鲜花商品633|潘多拉礼品鲜花商品586
4785,U002195,0.2127,0.244594,中意向,运动户外,高性价比优惠池,P001637|P001804|P001967|P000194|P000210,李宁运动户外商品816|李宁运动户外商品353|探路者运动户外商品827|始祖鸟运动户外商品528|安踏运动户外商品113
4786,U000957,0.2126,0.22905,中意向,母婴用品,高性价比优惠池,P001683|P000635|P001865|P000991|P001946,帮宝适母婴用品商品297|贝因美母婴用品商品691|贝因美母婴用品商品921|帮宝适母婴用品商品195|花王母婴用品商品688
4787,U000147,0.2125,0.21312,中意向,宠物用品,高性价比优惠池,P000174|P001336|P001123|P000231|P001759,麦富迪宠物用品商品180|比瑞吉宠物用品商品181|麦富迪宠物用品商品699|pidan宠物用品商品955|网易严选宠物用品商品408
4788,U000509,0.2124,0.224317,中意向,医药保健,高性价比优惠池,P000765|P000827|P001891|P000351|P000793,善存医药保健商品608|Swisse医药保健商品414|Swisse医药保健商品235|汤臣倍健医药保健商品112|九芝堂医药保健商品478
4789,U003599,0.2124,0.231426,中意向,图书音像,高性价比优惠池,P001855|P001112|P000053|P001974|P001212,京东图书图书音像商品377|中信出版社图书音像商品870|京东图书图书音像商品199|博库网图书音像商品353|新华书店图书音像商品518
4790,U000722,0.2123,0.258607,中意向,食品生鲜,高性价比优惠池,P000995|P001113|P000246|P001573|P000063,良品铺子食品生鲜商品230|三只松鼠食品生鲜商品425|蒙牛食品生鲜商品866|百草味食品生鲜商品634|百草味食品生鲜商品504
4791,U001574,0.2123,0.230588,中意向,宠物用品,高性价比优惠池,P000174|P001336|P001123|P000231|P001759,麦富迪宠物用品商品180|比瑞吉宠物用品商品181|麦富迪宠物用品商品699|pidan宠物用品商品955|网易严选宠物用品商品408
4792,U004941,0.2123,0.249335,中意向,礼品鲜花,高性价比优惠池,P000831|P000680|P001029|P000319|P000890,Roseonly礼品鲜花商品580|施华洛世奇礼品鲜花商品208|野兽派礼品鲜花商品389|施华洛世奇礼品鲜花商品633|潘多拉礼品鲜花商品586
4793,U000751,0.2122,0.220572,中意向,运动户外,高性价比优惠池,P001637|P001804|P001967|P000194|P000210,李宁运动户外商品816|李宁运动户外商品353|探路者运动户外商品827|始祖鸟运动户外商品528|安踏运动户外商品113
4794,U002503,0.2122,0.216011,中意向,汽车用品,高性价比优惠池,P001350|P001831|P000932|P001413|P001281,海康威视汽车用品商品339|3M汽车用品商品278|米其林汽车用品商品745|3M汽车用品商品342|卡仕达汽车用品商品144
4795,U004013,0.2121,0.255051,中意向,运动户外,高性价比优惠池,P001637|P001804|P001967|P000194|P000210,李宁运动户外商品816|李宁运动户外商品353|探路者运动户外商品827|始祖鸟运动户外商品528|安踏运动户外商品113
4796,U000221,0.212,0.214815,中意向,服装鞋包,高性价比优惠池,P001581|P001100|P000662|P001462|P000338,耐克服装鞋包商品711|H&M服装鞋包商品119|海澜之家服装鞋包商品964|耐克服装鞋包商品391|H&M服装鞋包商品587
4797,U001170,0.212,0.222802,中意向,食品生鲜,高性价比优惠池,P000995|P001113|P000246|P001573|P000063,良品铺子食品生鲜商品230|三只松鼠食品生鲜商品425|蒙牛食品生鲜商品866|百草味食品生鲜商品634|百草味食品生鲜商品504
4798,U002508,0.212,0.222913,中意向,服装鞋包,高性价比优惠池,P001581|P001100|P000662|P001462|P000338,耐克服装鞋包商品711|H&M服装鞋包商品119|海澜之家服装鞋包商品964|耐克服装鞋包商品391|H&M服装鞋包商品587
4799,U001665,0.2119,0.221373,中意向,家用电器,高性价比优惠池,P001338|P000409|P001480|P001850|P001635,苏泊尔家用电器商品596|苏泊尔家用电器商品852|戴森家用电器商品536|戴森家用电器商品883|西门子家用电器商品795
4800,U003063,0.2119,0.226416,中意向,服装鞋包,高性价比优惠池,P001581|P001100|P000662|P001462|P000338,耐克服装鞋包商品711|H&M服装鞋包商品119|海澜之家服装鞋包商品964|耐克服装鞋包商品391|H&M服装鞋包商品587
4801,U002798,0.2118,0.226255,中意向,图书音像,高性价比优惠池,P001855|P001112|P000053|P001974|P001212,京东图书图书音像商品377|中信出版社图书音像商品870|京东图书图书音像商品199|博库网图书音像商品353|新华书店图书音像商品518
4802,U000052,0.2117,0.240937,中意向,食品生鲜,高性价比优惠池,P000995|P001113|P000246|P001573|P000063,良品铺子食品生鲜商品230|三只松鼠食品生鲜商品425|蒙牛食品生鲜商品866|百草味食品生鲜商品634|百草味食品生鲜商品504
4803,U002860,0.2117,0.268563,中意向,食品生鲜,高性价比优惠池,P000995|P001113|P000246|P001573|P000063,良品铺子食品生鲜商品230|三只松鼠食品生鲜商品425|蒙牛食品生鲜商品866|百草味食品生鲜商品634|百草味食品生鲜商品504
4804,U003761,0.2117,0.217392,中意向,箱包配饰,高性价比优惠池,P000702|P001253|P001930|P000361|P000987,LV箱包配饰商品940|Samsonite箱包配饰商品380|Samsonite箱包配饰商品997|GUCCI箱包配饰商品904|Samsonite箱包配饰商品467
4805,U001086,0.2115,0.21574,中意向,家居家装,高性价比优惠池,P001900|P001343|P000229|P001466|P001151,顾家家居家居家装商品551|曲美家居家装商品469|顾家家居家居家装商品198|马可波罗家居家装商品613|宜家家居家装商品838
4806,U001306,0.2115,0.248679,中意向,箱包配饰,高性价比优惠池,P000702|P001253|P001930|P000361|P000987,LV箱包配饰商品940|Samsonite箱包配饰商品380|Samsonite箱包配饰商品997|GUCCI箱包配饰商品904|Samsonite箱包配饰商品467
4807,U004004,0.2115,0.226937,中意向,汽车用品,高性价比优惠池,P001350|P001831|P000932|P001413|P001281,海康威视汽车用品商品339|3M汽车用品商品278|米其林汽车用品商品745|3M汽车用品商品342|卡仕达汽车用品商品144
4808,U004340,0.2115,0.234159,中意向,家居家装,高性价比优惠池,P001900|P001343|P000229|P001466|P001151,顾家家居家居家装商品551|曲美家居家装商品469|顾家家居家居家装商品198|马可波罗家居家装商品613|宜家家居家装商品838
4809,U001531,0.2114,0.224162,中意向,礼品鲜花,高性价比优惠池,P000831|P000680|P001029|P000319|P000890,Roseonly礼品鲜花商品580|施华洛世奇礼品鲜花商品208|野兽派礼品鲜花商品389|施华洛世奇礼品鲜花商品633|潘多拉礼品鲜花商品586
4810,U002727,0.2114,0.225701,中意向,珠宝首饰,高性价比优惠池,P000974|P000711|P001945|P000774|P001226,明牌珠宝首饰商品793|老凤祥珠宝首饰商品116|老凤祥珠宝首饰商品246|周大福珠宝首饰商品251|潮宏基珠宝首饰商品314
4811,U004335,0.2114,0.257584,中意向,汽车用品,高性价比优惠池,P001350|P001831|P000932|P001413|P001281,海康威视汽车用品商品339|3M汽车用品商品278|米其林汽车用品商品745|3M汽车用品商品342|卡仕达汽车用品商品144
4812,U004447,0.2114,0.229915,中意向,箱包配饰,高性价比优惠池,P000702|P001253|P001930|P000361|P000987,LV箱包配饰商品940|Samsonite箱包配饰商品380|Samsonite箱包配饰商品997|GUCCI箱包配饰商品904|Samsonite箱包配饰商品467
4813,U002568,0.2113,0.210835,中意向,家居家装,高性价比优惠池,P001900|P001343|P000229|P001466|P001151,顾家家居家居家装商品551|曲美家居家装商品469|顾家家居家居家装商品198|马可波罗家居家装商品613|宜家家居家装商品838
4814,U003397,0.2113,0.215222,中意向,礼品鲜花,高性价比优惠池,P000831|P000680|P001029|P000319|P000890,Roseonly礼品鲜花商品580|施华洛世奇礼品鲜花商品208|野兽派礼品鲜花商品389|施华洛世奇礼品鲜花商品633|潘多拉礼品鲜花商品586
4815,U003652,0.2113,0.213219,中意向,母婴用品,高性价比优惠池,P001683|P000635|P001865|P000991|P001946,帮宝适母婴用品商品297|贝因美母婴用品商品691|贝因美母婴用品商品921|帮宝适母婴用品商品195|花王母婴用品商品688
4816,U002886,0.2112,0.211439,中意向,手机数码,高性价比优惠池,P000518|P000173|P000438|P001705|P000874,一加手机数码商品882|OPPO手机数码商品663|OPPO手机数码商品771|苹果手机数码商品445|苹果手机数码商品704
4817,U004900,0.2112,0.222696,中意向,母婴用品,高性价比优惠池,P001683|P000635|P001865|P000991|P001946,帮宝适母婴用品商品297|贝因美母婴用品商品691|贝因美母婴用品商品921|帮宝适母婴用品商品195|花王母婴用品商品688
4818,U002887,0.2111,0.257702,中意向,服装鞋包,高性价比优惠池,P001581|P001100|P000662|P001462|P000338,耐克服装鞋包商品711|H&M服装鞋包商品119|海澜之家服装鞋包商品964|耐克服装鞋包商品391|H&M服装鞋包商品587
4819,U004563,0.2111,0.215243,中意向,医药保健,高性价比优惠池,P000765|P000827|P001891|P000351|P000793,善存医药保健商品608|Swisse医药保健商品414|Swisse医药保健商品235|汤臣倍健医药保健商品112|九芝堂医药保健商品478
4820,U003803,0.211,0.263512,中意向,美妆护肤,高性价比优惠池,P001748|P000034|P001010|P000095|P001810,完美日记美妆护肤商品797|雅诗兰黛美妆护肤商品818|雅诗兰黛美妆护肤商品295|欧莱雅美妆护肤商品977|欧莱雅美妆护肤商品587
4821,U000125,0.2108,0.227932,中意向,图书音像,高性价比优惠池,P001855|P001112|P000053|P001974|P001212,京东图书图书音像商品377|中信出版社图书音像商品870|京东图书图书音像商品199|博库网图书音像商品353|新华书店图书音像商品518
4822,U001596,0.2107,0.23581,中意向,箱包配饰,高性价比优惠池,P000702|P001253|P001930|P000361|P000987,LV箱包配饰商品940|Samsonite箱包配饰商品380|Samsonite箱包配饰商品997|GUCCI箱包配饰商品904|Samsonite箱包配饰商品467
4823,U002897,0.2107,0.214446,中意向,母婴用品,高性价比优惠池,P001683|P000635|P001865|P000991|P001946,帮宝适母婴用品商品297|贝因美母婴用品商品691|贝因美母婴用品商品921|帮宝适母婴用品商品195|花王母婴用品商品688
4824,U003554,0.2107,0.221965,中意向,汽车用品,高性价比优惠池,P001350|P001831|P000932|P001413|P001281,海康威视汽车用品商品339|3M汽车用品商品278|米其林汽车用品商品745|3M汽车用品商品342|卡仕达汽车用品商品144
4825,U002933,0.2106,0.274878,中意向,礼品鲜花,高性价比优惠池,P000831|P000680|P001029|P000319|P000890,Roseonly礼品鲜花商品580|施华洛世奇礼品鲜花商品208|野兽派礼品鲜花商品389|施华洛世奇礼品鲜花商品633|潘多拉礼品鲜花商品586
4826,U003582,0.2106,0.220913,中意向,汽车用品,高性价比优惠池,P001350|P001831|P000932|P001413|P001281,海康威视汽车用品商品339|3M汽车用品商品278|米其林汽车用品商品745|3M汽车用品商品342|卡仕达汽车用品商品144
4827,U000965,0.2105,0.255115,中意向,食品生鲜,高性价比优惠池,P000995|P001113|P000246|P001573|P000063,良品铺子食品生鲜商品230|三只松鼠食品生鲜商品425|蒙牛食品生鲜商品866|百草味食品生鲜商品634|百草味食品生鲜商品504
4828,U002643,0.2105,0.230641,中意向,手机数码,高性价比优惠池,P000518|P000173|P000438|P001705|P000874,一加手机数码商品882|OPPO手机数码商品663|OPPO手机数码商品771|苹果手机数码商品445|苹果手机数码商品704
4829,U000409,0.2104,0.265126,中意向,医药保健,高性价比优惠池,P000765|P000827|P001891|P000351|P000793,善存医药保健商品608|Swisse医药保健商品414|Swisse医药保健商品235|汤臣倍健医药保健商品112|九芝堂医药保健商品478
4830,U002044,0.2104,0.20976,中意向,宠物用品,高性价比优惠池,P000174|P001336|P001123|P000231|P001759,麦富迪宠物用品商品180|比瑞吉宠物用品商品181|麦富迪宠物用品商品699|pidan宠物用品商品955|网易严选宠物用品商品408
4831,U003056,0.2104,0.230085,中意向,箱包配饰,高性价比优惠池,P000702|P001253|P001930|P000361|P000987,LV箱包配饰商品940|Samsonite箱包配饰商品380|Samsonite箱包配饰商品997|GUCCI箱包配饰商品904|Samsonite箱包配饰商品467
4832,U004390,0.2104,0.222624,中意向,箱包配饰,高性价比优惠池,P000702|P001253|P001930|P000361|P000987,LV箱包配饰商品940|Samsonite箱包配饰商品380|Samsonite箱包配饰商品997|GUCCI箱包配饰商品904|Samsonite箱包配饰商品467
4833,U004498,0.2103,0.22957,中意向,图书音像,高性价比优惠池,P001855|P001112|P000053|P001974|P001212,京东图书图书音像商品377|中信出版社图书音像商品870|京东图书图书音像商品199|博库网图书音像商品353|新华书店图书音像商品518
4834,U004810,0.2103,0.230745,中意向,家居家装,高性价比优惠池,P001900|P001343|P000229|P001466|P001151,顾家家居家居家装商品551|曲美家居家装商品469|顾家家居家居家装商品198|马可波罗家居家装商品613|宜家家居家装商品838
4835,U001516,0.2102,0.220337,中意向,手机数码,高性价比优惠池,P000518|P000173|P000438|P001705|P000874,一加手机数码商品882|OPPO手机数码商品663|OPPO手机数码商品771|苹果手机数码商品445|苹果手机数码商品704
4836,U003359,0.2102,0.234693,中意向,珠宝首饰,高性价比优惠池,P000974|P000711|P001945|P000774|P001226,明牌珠宝首饰商品793|老凤祥珠宝首饰商品116|老凤祥珠宝首饰商品246|周大福珠宝首饰商品251|潮宏基珠宝首饰商品314
4837,U001994,0.2099,0.225883,中意向,医药保健,高性价比优惠池,P000765|P000827|P001891|P000351|P000793,善存医药保健商品608|Swisse医药保健商品414|Swisse医药保健商品235|汤臣倍健医药保健商品112|九芝堂医药保健商品478
4838,U004159,0.2099,0.231168,中意向,珠宝首饰,高性价比优惠池,P000974|P000711|P001945|P000774|P001226,明牌珠宝首饰商品793|老凤祥珠宝首饰商品116|老凤祥珠宝首饰商品246|周大福珠宝首饰商品251|潮宏基珠宝首饰商品314
4839,U000076,0.2098,0.228459,中意向,箱包配饰,高性价比优惠池,P000702|P001253|P001930|P000361|P000987,LV箱包配饰商品940|Samsonite箱包配饰商品380|Samsonite箱包配饰商品997|GUCCI箱包配饰商品904|Samsonite箱包配饰商品467
4840,U000597,0.2098,0.252685,中意向,图书音像,高性价比优惠池,P001855|P001112|P000053|P001974|P001212,京东图书图书音像商品377|中信出版社图书音像商品870|京东图书图书音像商品199|博库网图书音像商品353|新华书店图书音像商品518
4841,U001214,0.2098,0.223952,中意向,母婴用品,高性价比优惠池,P001683|P000635|P001865|P000991|P001946,帮宝适母婴用品商品297|贝因美母婴用品商品691|贝因美母婴用品商品921|帮宝适母婴用品商品195|花王母婴用品商品688
4842,U002258,0.2098,0.231774,中意向,宠物用品,高性价比优惠池,P000174|P001336|P001123|P000231|P001759,麦富迪宠物用品商品180|比瑞吉宠物用品商品181|麦富迪宠物用品商品699|pidan宠物用品商品955|网易严选宠物用品商品408
4843,U002700,0.2097,0.229002,中意向,珠宝首饰,高性价比优惠池,P000974|P000711|P001945|P000774|P001226,明牌珠宝首饰商品793|老凤祥珠宝首饰商品116|老凤祥珠宝首饰商品246|周大福珠宝首饰商品251|潮宏基珠宝首饰商品314
4844,U003417,0.2097,0.231775,中意向,母婴用品,高性价比优惠池,P001683|P000635|P001865|P000991|P001946,帮宝适母婴用品商品297|贝因美母婴用品商品691|贝因美母婴用品商品921|帮宝适母婴用品商品195|花王母婴用品商品688
4845,U004456,0.2097,0.233887,中意向,美妆护肤,高性价比优惠池,P001748|P000034|P001010|P000095|P001810,完美日记美妆护肤商品797|雅诗兰黛美妆护肤商品818|雅诗兰黛美妆护肤商品295|欧莱雅美妆护肤商品977|欧莱雅美妆护肤商品587
4846,U000619,0.2096,0.251673,中意向,母婴用品,高性价比优惠池,P001683|P000635|P001865|P000991|P001946,帮宝适母婴用品商品297|贝因美母婴用品商品691|贝因美母婴用品商品921|帮宝适母婴用品商品195|花王母婴用品商品688
4847,U003436,0.2096,0.222633,中意向,礼品鲜花,高性价比优惠池,P000831|P000680|P001029|P000319|P000890,Roseonly礼品鲜花商品580|施华洛世奇礼品鲜花商品208|野兽派礼品鲜花商品389|施华洛世奇礼品鲜花商品633|潘多拉礼品鲜花商品586
4848,U004309,0.2095,0.23191,中意向,家用电器,高性价比优惠池,P001338|P000409|P001480|P001850|P001635,苏泊尔家用电器商品596|苏泊尔家用电器商品852|戴森家用电器商品536|戴森家用电器商品883|西门子家用电器商品795
4849,U001752,0.2094,0.238248,中意向,服装鞋包,高性价比优惠池,P001581|P001100|P000662|P001462|P000338,耐克服装鞋包商品711|H&M服装鞋包商品119|海澜之家服装鞋包商品964|耐克服装鞋包商品391|H&M服装鞋包商品587
4850,U002734,0.2094,0.224326,中意向,珠宝首饰,高性价比优惠池,P000974|P000711|P001945|P000774|P001226,明牌珠宝首饰商品793|老凤祥珠宝首饰商品116|老凤祥珠宝首饰商品246|周大福珠宝首饰商品251|潮宏基珠宝首饰商品314
4851,U004592,0.2093,0.228914,中意向,食品生鲜,高性价比优惠池,P000995|P001113|P000246|P001573|P000063,良品铺子食品生鲜商品230|三只松鼠食品生鲜商品425|蒙牛食品生鲜商品866|百草味食品生鲜商品634|百草味食品生鲜商品504
4852,U000505,0.209,0.224384,中意向,服装鞋包,高性价比优惠池,P001581|P001100|P000662|P001462|P000338,耐克服装鞋包商品711|H&M服装鞋包商品119|海澜之家服装鞋包商品964|耐克服装鞋包商品391|H&M服装鞋包商品587
4853,U000390,0.2089,0.223142,中意向,服装鞋包,高性价比优惠池,P001581|P001100|P000662|P001462|P000338,耐克服装鞋包商品711|H&M服装鞋包商品119|海澜之家服装鞋包商品964|耐克服装鞋包商品391|H&M服装鞋包商品587
4854,U003552,0.2089,0.220825,中意向,美妆护肤,高性价比优惠池,P001748|P000034|P001010|P000095|P001810,完美日记美妆护肤商品797|雅诗兰黛美妆护肤商品818|雅诗兰黛美妆护肤商品295|欧莱雅美妆护肤商品977|欧莱雅美妆护肤商品587
4855,U000298,0.2088,0.240807,中意向,食品生鲜,高性价比优惠池,P000995|P001113|P000246|P001573|P000063,良品铺子食品生鲜商品230|三只松鼠食品生鲜商品425|蒙牛食品生鲜商品866|百草味食品生鲜商品634|百草味食品生鲜商品504
4856,U002250,0.2088,0.224182,中意向,图书音像,高性价比优惠池,P001855|P001112|P000053|P001974|P001212,京东图书图书音像商品377|中信出版社图书音像商品870|京东图书图书音像商品199|博库网图书音像商品353|新华书店图书音像商品518
4857,U003702,0.2088,0.218878,中意向,汽车用品,高性价比优惠池,P001350|P001831|P000932|P001413|P001281,海康威视汽车用品商品339|3M汽车用品商品278|米其林汽车用品商品745|3M汽车用品商品342|卡仕达汽车用品商品144
4858,U000834,0.2087,0.254899,中意向,箱包配饰,高性价比优惠池,P000702|P001253|P001930|P000361|P000987,LV箱包配饰商品940|Samsonite箱包配饰商品380|Samsonite箱包配饰商品997|GUCCI箱包配饰商品904|Samsonite箱包配饰商品467
4859,U001299,0.2087,0.219262,中意向,手机数码,高性价比优惠池,P000518|P000173|P000438|P001705|P000874,一加手机数码商品882|OPPO手机数码商品663|OPPO手机数码商品771|苹果手机数码商品445|苹果手机数码商品704
4860,U000639,0.2086,0.218345,中意向,医药保健,高性价比优惠池,P000765|P000827|P001891|P000351|P000793,善存医药保健商品608|Swisse医药保健商品414|Swisse医药保健商品235|汤臣倍健医药保健商品112|九芝堂医药保健商品478
4861,U000917,0.2086,0.226506,中意向,运动户外,高性价比优惠池,P001637|P001804|P001967|P000194|P000210,李宁运动户外商品816|李宁运动户外商品353|探路者运动户外商品827|始祖鸟运动户外商品528|安踏运动户外商品113
4862,U001957,0.2086,0.221783,中意向,食品生鲜,高性价比优惠池,P000995|P001113|P000246|P001573|P000063,良品铺子食品生鲜商品230|三只松鼠食品生鲜商品425|蒙牛食品生鲜商品866|百草味食品生鲜商品634|百草味食品生鲜商品504
4863,U001441,0.2083,0.222028,中意向,图书音像,高性价比优惠池,P001855|P001112|P000053|P001974|P001212,京东图书图书音像商品377|中信出版社图书音像商品870|京东图书图书音像商品199|博库网图书音像商品353|新华书店图书音像商品518
4864,U001903,0.2083,0.214247,中意向,医药保健,高性价比优惠池,P000765|P000827|P001891|P000351|P000793,善存医药保健商品608|Swisse医药保健商品414|Swisse医药保健商品235|汤臣倍健医药保健商品112|九芝堂医药保健商品478
4865,U002694,0.2083,0.218749,中意向,图书音像,高性价比优惠池,P001855|P001112|P000053|P001974|P001212,京东图书图书音像商品377|中信出版社图书音像商品870|京东图书图书音像商品199|博库网图书音像商品353|新华书店图书音像商品518
4866,U000112,0.2081,0.251758,中意向,食品生鲜,高性价比优惠池,P000995|P001113|P000246|P001573|P000063,良品铺子食品生鲜商品230|三只松鼠食品生鲜商品425|蒙牛食品生鲜商品866|百草味食品生鲜商品634|百草味食品生鲜商品504
4867,U001733,0.2079,0.241697,中意向,运动户外,高性价比优惠池,P001637|P001804|P001967|P000194|P000210,李宁运动户外商品816|李宁运动户外商品353|探路者运动户外商品827|始祖鸟运动户外商品528|安踏运动户外商品113
4868,U004945,0.2079,0.219648,中意向,医药保健,高性价比优惠池,P000765|P000827|P001891|P000351|P000793,善存医药保健商品608|Swisse医药保健商品414|Swisse医药保健商品235|汤臣倍健医药保健商品112|九芝堂医药保健商品478
4869,U000355,0.2078,0.261532,中意向,美妆护肤,高性价比优惠池,P001748|P000034|P001010|P000095|P001810,完美日记美妆护肤商品797|雅诗兰黛美妆护肤商品818|雅诗兰黛美妆护肤商品295|欧莱雅美妆护肤商品977|欧莱雅美妆护肤商品587
4870,U003203,0.2078,0.220075,中意向,家居家装,高性价比优惠池,P001900|P001343|P000229|P001466|P001151,顾家家居家居家装商品551|曲美家居家装商品469|顾家家居家居家装商品198|马可波罗家居家装商品613|宜家家居家装商品838
4871,U002741,0.2077,0.223898,中意向,运动户外,高性价比优惠池,P001637|P001804|P001967|P000194|P000210,李宁运动户外商品816|李宁运动户外商品353|探路者运动户外商品827|始祖鸟运动户外商品528|安踏运动户外商品113
4872,U002585,0.2075,0.258346,中意向,箱包配饰,高性价比优惠池,P000702|P001253|P001930|P000361|P000987,LV箱包配饰商品940|Samsonite箱包配饰商品380|Samsonite箱包配饰商品997|GUCCI箱包配饰商品904|Samsonite箱包配饰商品467
4873,U001310,0.2074,0.218014,中意向,服装鞋包,高性价比优惠池,P001581|P001100|P000662|P001462|P000338,耐克服装鞋包商品711|H&M服装鞋包商品119|海澜之家服装鞋包商品964|耐克服装鞋包商品391|H&M服装鞋包商品587
4874,U000239,0.2073,0.248008,中意向,珠宝首饰,高性价比优惠池,P000974|P000711|P001945|P000774|P001226,明牌珠宝首饰商品793|老凤祥珠宝首饰商品116|老凤祥珠宝首饰商品246|周大福珠宝首饰商品251|潮宏基珠宝首饰商品314
4875,U001628,0.2073,0.216631,中意向,食品生鲜,高性价比优惠池,P000995|P001113|P000246|P001573|P000063,良品铺子食品生鲜商品230|三只松鼠食品生鲜商品425|蒙牛食品生鲜商品866|百草味食品生鲜商品634|百草味食品生鲜商品504
4876,U002417,0.2073,0.226582,中意向,运动户外,高性价比优惠池,P001637|P001804|P001967|P000194|P000210,李宁运动户外商品816|李宁运动户外商品353|探路者运动户外商品827|始祖鸟运动户外商品528|安踏运动户外商品113
4877,U004765,0.2073,0.221614,中意向,服装鞋包,高性价比优惠池,P001581|P001100|P000662|P001462|P000338,耐克服装鞋包商品711|H&M服装鞋包商品119|海澜之家服装鞋包商品964|耐克服装鞋包商品391|H&M服装鞋包商品587
4878,U002529,0.2072,0.215179,中意向,家居家装,高性价比优惠池,P001900|P001343|P000229|P001466|P001151,顾家家居家居家装商品551|曲美家居家装商品469|顾家家居家居家装商品198|马可波罗家居家装商品613|宜家家居家装商品838
4879,U000604,0.2071,0.22516,中意向,医药保健,高性价比优惠池,P000765|P000827|P001891|P000351|P000793,善存医药保健商品608|Swisse医药保健商品414|Swisse医药保健商品235|汤臣倍健医药保健商品112|九芝堂医药保健商品478
4880,U004106,0.2071,0.264738,中意向,服装鞋包,高性价比优惠池,P001581|P001100|P000662|P001462|P000338,耐克服装鞋包商品711|H&M服装鞋包商品119|海澜之家服装鞋包商品964|耐克服装鞋包商品391|H&M服装鞋包商品587
4881,U002911,0.207,0.251705,中意向,医药保健,高性价比优惠池,P000765|P000827|P001891|P000351|P000793,善存医药保健商品608|Swisse医药保健商品414|Swisse医药保健商品235|汤臣倍健医药保健商品112|九芝堂医药保健商品478
4882,U003174,0.207,0.228608,中意向,箱包配饰,高性价比优惠池,P000702|P001253|P001930|P000361|P000987,LV箱包配饰商品940|Samsonite箱包配饰商品380|Samsonite箱包配饰商品997|GUCCI箱包配饰商品904|Samsonite箱包配饰商品467
4883,U000357,0.2067,0.238378,中意向,美妆护肤,高性价比优惠池,P001748|P000034|P001010|P000095|P001810,完美日记美妆护肤商品797|雅诗兰黛美妆护肤商品818|雅诗兰黛美妆护肤商品295|欧莱雅美妆护肤商品977|欧莱雅美妆护肤商品587
4884,U003825,0.2067,0.23338,中意向,医药保健,高性价比优惠池,P000765|P000827|P001891|P000351|P000793,善存医药保健商品608|Swisse医药保健商品414|Swisse医药保健商品235|汤臣倍健医药保健商品112|九芝堂医药保健商品478
4885,U003161,0.2065,0.230315,中意向,家用电器,高性价比优惠池,P001338|P000409|P001480|P001850|P001635,苏泊尔家用电器商品596|苏泊尔家用电器商品852|戴森家用电器商品536|戴森家用电器商品883|西门子家用电器商品795
4886,U004215,0.2065,0.22767,中意向,礼品鲜花,高性价比优惠池,P000831|P000680|P001029|P000319|P000890,Roseonly礼品鲜花商品580|施华洛世奇礼品鲜花商品208|野兽派礼品鲜花商品389|施华洛世奇礼品鲜花商品633|潘多拉礼品鲜花商品586
4887,U000013,0.2064,0.259675,中意向,医药保健,高性价比优惠池,P000765|P000827|P001891|P000351|P000793,善存医药保健商品608|Swisse医药保健商品414|Swisse医药保健商品235|汤臣倍健医药保健商品112|九芝堂医药保健商品478
4888,U003684,0.2064,0.256013,中意向,运动户外,高性价比优惠池,P001637|P001804|P001967|P000194|P000210,李宁运动户外商品816|李宁运动户外商品353|探路者运动户外商品827|始祖鸟运动户外商品528|安踏运动户外商品113
4889,U001401,0.2063,0.215846,中意向,图书音像,高性价比优惠池,P001855|P001112|P000053|P001974|P001212,京东图书图书音像商品377|中信出版社图书音像商品870|京东图书图书音像商品199|博库网图书音像商品353|新华书店图书音像商品518
4890,U000681,0.2062,0.254026,中意向,家居家装,高性价比优惠池,P001900|P001343|P000229|P001466|P001151,顾家家居家居家装商品551|曲美家居家装商品469|顾家家居家居家装商品198|马可波罗家居家装商品613|宜家家居家装商品838
4891,U000244,0.2061,0.218335,中意向,箱包配饰,高性价比优惠池,P000702|P001253|P001930|P000361|P000987,LV箱包配饰商品940|Samsonite箱包配饰商品380|Samsonite箱包配饰商品997|GUCCI箱包配饰商品904|Samsonite箱包配饰商品467
4892,U000821,0.2061,0.22297,中意向,母婴用品,高性价比优惠池,P001683|P000635|P001865|P000991|P001946,帮宝适母婴用品商品297|贝因美母婴用品商品691|贝因美母婴用品商品921|帮宝适母婴用品商品195|花王母婴用品商品688
4893,U002821,0.206,0.216594,中意向,箱包配饰,高性价比优惠池,P000702|P001253|P001930|P000361|P000987,LV箱包配饰商品940|Samsonite箱包配饰商品380|Samsonite箱包配饰商品997|GUCCI箱包配饰商品904|Samsonite箱包配饰商品467
4894,U003296,0.206,0.250889,中意向,食品生鲜,高性价比优惠池,P000995|P001113|P000246|P001573|P000063,良品铺子食品生鲜商品230|三只松鼠食品生鲜商品425|蒙牛食品生鲜商品866|百草味食品生鲜商品634|百草味食品生鲜商品504
4895,U004320,0.206,0.222989,中意向,医药保健,高性价比优惠池,P000765|P000827|P001891|P000351|P000793,善存医药保健商品608|Swisse医药保健商品414|Swisse医药保健商品235|汤臣倍健医药保健商品112|九芝堂医药保健商品478
4896,U000277,0.2059,0.213867,中意向,医药保健,高性价比优惠池,P000765|P000827|P001891|P000351|P000793,善存医药保健商品608|Swisse医药保健商品414|Swisse医药保健商品235|汤臣倍健医药保健商品112|九芝堂医药保健商品478
4897,U003821,0.2059,0.228575,中意向,箱包配饰,高性价比优惠池,P000702|P001253|P001930|P000361|P000987,LV箱包配饰商品940|Samsonite箱包配饰商品380|Samsonite箱包配饰商品997|GUCCI箱包配饰商品904|Samsonite箱包配饰商品467
4898,U002045,0.2058,0.220835,中意向,宠物用品,高性价比优惠池,P000174|P001336|P001123|P000231|P001759,麦富迪宠物用品商品180|比瑞吉宠物用品商品181|麦富迪宠物用品商品699|pidan宠物用品商品955|网易严选宠物用品商品408
4899,U002309,0.2058,0.239105,中意向,医药保健,高性价比优惠池,P000765|P000827|P001891|P000351|P000793,善存医药保健商品608|Swisse医药保健商品414|Swisse医药保健商品235|汤臣倍健医药保健商品112|九芝堂医药保健商品478
4900,U002341,0.2058,0.215205,中意向,医药保健,高性价比优惠池,P000765|P000827|P001891|P000351|P000793,善存医药保健商品608|Swisse医药保健商品414|Swisse医药保健商品235|汤臣倍健医药保健商品112|九芝堂医药保健商品478
4901,U003464,0.2058,0.218677,中意向,运动户外,高性价比优惠池,P001637|P001804|P001967|P000194|P000210,李宁运动户外商品816|李宁运动户外商品353|探路者运动户外商品827|始祖鸟运动户外商品528|安踏运动户外商品113
4902,U004044,0.2058,0.225272,中意向,服装鞋包,高性价比优惠池,P001581|P001100|P000662|P001462|P000338,耐克服装鞋包商品711|H&M服装鞋包商品119|海澜之家服装鞋包商品964|耐克服装鞋包商品391|H&M服装鞋包商品587
4903,U002088,0.2057,0.224486,中意向,医药保健,高性价比优惠池,P000765|P000827|P001891|P000351|P000793,善存医药保健商品608|Swisse医药保健商品414|Swisse医药保健商品235|汤臣倍健医药保健商品112|九芝堂医药保健商品478
4904,U002553,0.2057,0.20313,中意向,服装鞋包,高性价比优惠池,P001581|P001100|P000662|P001462|P000338,耐克服装鞋包商品711|H&M服装鞋包商品119|海澜之家服装鞋包商品964|耐克服装鞋包商品391|H&M服装鞋包商品587
4905,U000419,0.2056,0.229251,中意向,食品生鲜,高性价比优惠池,P000995|P001113|P000246|P001573|P000063,良品铺子食品生鲜商品230|三只松鼠食品生鲜商品425|蒙牛食品生鲜商品866|百草味食品生鲜商品634|百草味食品生鲜商品504
4906,U001887,0.2056,0.245161,中意向,服装鞋包,高性价比优惠池,P001581|P001100|P000662|P001462|P000338,耐克服装鞋包商品711|H&M服装鞋包商品119|海澜之家服装鞋包商品964|耐克服装鞋包商品391|H&M服装鞋包商品587
4907,U004102,0.2056,0.230038,中意向,箱包配饰,高性价比优惠池,P000702|P001253|P001930|P000361|P000987,LV箱包配饰商品940|Samsonite箱包配饰商品380|Samsonite箱包配饰商品997|GUCCI箱包配饰商品904|Samsonite箱包配饰商品467
4908,U004155,0.2056,0.25129,中意向,家居家装,高性价比优惠池,P001900|P001343|P000229|P001466|P001151,顾家家居家居家装商品551|曲美家居家装商品469|顾家家居家居家装商品198|马可波罗家居家装商品613|宜家家居家装商品838
4909,U003295,0.2055,0.228511,中意向,食品生鲜,高性价比优惠池,P000995|P001113|P000246|P001573|P000063,良品铺子食品生鲜商品230|三只松鼠食品生鲜商品425|蒙牛食品生鲜商品866|百草味食品生鲜商品634|百草味食品生鲜商品504
4910,U003176,0.2054,0.233687,中意向,医药保健,高性价比优惠池,P000765|P000827|P001891|P000351|P000793,善存医药保健商品608|Swisse医药保健商品414|Swisse医药保健商品235|汤臣倍健医药保健商品112|九芝堂医药保健商品478
4911,U000051,0.2053,0.217788,中意向,家用电器,高性价比优惠池,P001338|P000409|P001480|P001850|P001635,苏泊尔家用电器商品596|苏泊尔家用电器商品852|戴森家用电器商品536|戴森家用电器商品883|西门子家用电器商品795
4912,U002449,0.2053,0.217445,中意向,美妆护肤,高性价比优惠池,P001748|P000034|P001010|P000095|P001810,完美日记美妆护肤商品797|雅诗兰黛美妆护肤商品818|雅诗兰黛美妆护肤商品295|欧莱雅美妆护肤商品977|欧莱雅美妆护肤商品587
4913,U002484,0.2053,0.260945,中意向,美妆护肤,高性价比优惠池,P001748|P000034|P001010|P000095|P001810,完美日记美妆护肤商品797|雅诗兰黛美妆护肤商品818|雅诗兰黛美妆护肤商品295|欧莱雅美妆护肤商品977|欧莱雅美妆护肤商品587
4914,U000449,0.205,0.221892,中意向,美妆护肤,高性价比优惠池,P001748|P000034|P001010|P000095|P001810,完美日记美妆护肤商品797|雅诗兰黛美妆护肤商品818|雅诗兰黛美妆护肤商品295|欧莱雅美妆护肤商品977|欧莱雅美妆护肤商品587
4915,U001389,0.205,0.219308,中意向,美妆护肤,高性价比优惠池,P001748|P000034|P001010|P000095|P001810,完美日记美妆护肤商品797|雅诗兰黛美妆护肤商品818|雅诗兰黛美妆护肤商品295|欧莱雅美妆护肤商品977|欧莱雅美妆护肤商品587
4916,U003581,0.2049,0.22713,中意向,礼品鲜花,高性价比优惠池,P000831|P000680|P001029|P000319|P000890,Roseonly礼品鲜花商品580|施华洛世奇礼品鲜花商品208|野兽派礼品鲜花商品389|施华洛世奇礼品鲜花商品633|潘多拉礼品鲜花商品586
4917,U000417,0.2048,0.243386,中意向,美妆护肤,高性价比优惠池,P001748|P000034|P001010|P000095|P001810,完美日记美妆护肤商品797|雅诗兰黛美妆护肤商品818|雅诗兰黛美妆护肤商品295|欧莱雅美妆护肤商品977|欧莱雅美妆护肤商品587
4918,U001246,0.2048,0.216225,中意向,医药保健,高性价比优惠池,P000765|P000827|P001891|P000351|P000793,善存医药保健商品608|Swisse医药保健商品414|Swisse医药保健商品235|汤臣倍健医药保健商品112|九芝堂医药保健商品478
4919,U001059,0.2047,0.237268,中意向,珠宝首饰,高性价比优惠池,P000974|P000711|P001945|P000774|P001226,明牌珠宝首饰商品793|老凤祥珠宝首饰商品116|老凤祥珠宝首饰商品246|周大福珠宝首饰商品251|潮宏基珠宝首饰商品314
4920,U004224,0.2047,0.217831,中意向,服装鞋包,高性价比优惠池,P001581|P001100|P000662|P001462|P000338,耐克服装鞋包商品711|H&M服装鞋包商品119|海澜之家服装鞋包商品964|耐克服装鞋包商品391|H&M服装鞋包商品587
4921,U001114,0.2046,0.235072,中意向,汽车用品,高性价比优惠池,P001350|P001831|P000932|P001413|P001281,海康威视汽车用品商品339|3M汽车用品商品278|米其林汽车用品商品745|3M汽车用品商品342|卡仕达汽车用品商品144
4922,U000158,0.2045,0.282516,中意向,家居家装,高性价比优惠池,P001900|P001343|P000229|P001466|P001151,顾家家居家居家装商品551|曲美家居家装商品469|顾家家居家居家装商品198|马可波罗家居家装商品613|宜家家居家装商品838
4923,U004940,0.2044,0.258124,中意向,食品生鲜,高性价比优惠池,P000995|P001113|P000246|P001573|P000063,良品铺子食品生鲜商品230|三只松鼠食品生鲜商品425|蒙牛食品生鲜商品866|百草味食品生鲜商品634|百草味食品生鲜商品504
4924,U000347,0.2042,0.220494,中意向,手机数码,高性价比优惠池,P000518|P000173|P000438|P001705|P000874,一加手机数码商品882|OPPO手机数码商品663|OPPO手机数码商品771|苹果手机数码商品445|苹果手机数码商品704
4925,U000248,0.2041,0.265385,中意向,礼品鲜花,高性价比优惠池,P000831|P000680|P001029|P000319|P000890,Roseonly礼品鲜花商品580|施华洛世奇礼品鲜花商品208|野兽派礼品鲜花商品389|施华洛世奇礼品鲜花商品633|潘多拉礼品鲜花商品586
4926,U002116,0.2041,0.224207,中意向,箱包配饰,高性价比优惠池,P000702|P001253|P001930|P000361|P000987,LV箱包配饰商品940|Samsonite箱包配饰商品380|Samsonite箱包配饰商品997|GUCCI箱包配饰商品904|Samsonite箱包配饰商品467
4927,U003838,0.204,0.221726,中意向,汽车用品,高性价比优惠池,P001350|P001831|P000932|P001413|P001281,海康威视汽车用品商品339|3M汽车用品商品278|米其林汽车用品商品745|3M汽车用品商品342|卡仕达汽车用品商品144
4928,U004903,0.204,0.266248,中意向,家居家装,高性价比优惠池,P001900|P001343|P000229|P001466|P001151,顾家家居家居家装商品551|曲美家居家装商品469|顾家家居家居家装商品198|马可波罗家居家装商品613|宜家家居家装商品838
4929,U004966,0.204,0.214814,中意向,家居家装,高性价比优惠池,P001900|P001343|P000229|P001466|P001151,顾家家居家居家装商品551|曲美家居家装商品469|顾家家居家居家装商品198|马可波罗家居家装商品613|宜家家居家装商品838
4930,U000403,0.2038,0.239681,中意向,汽车用品,高性价比优惠池,P001350|P001831|P000932|P001413|P001281,海康威视汽车用品商品339|3M汽车用品商品278|米其林汽车用品商品745|3M汽车用品商品342|卡仕达汽车用品商品144
4931,U001517,0.2038,0.222358,中意向,家用电器,高性价比优惠池,P001338|P000409|P001480|P001850|P001635,苏泊尔家用电器商品596|苏泊尔家用电器商品852|戴森家用电器商品536|戴森家用电器商品883|西门子家用电器商品795
4932,U004571,0.2038,0.206839,中意向,食品生鲜,高性价比优惠池,P000995|P001113|P000246|P001573|P000063,良品铺子食品生鲜商品230|三只松鼠食品生鲜商品425|蒙牛食品生鲜商品866|百草味食品生鲜商品634|百草味食品生鲜商品504
4933,U004696,0.2038,0.224667,中意向,汽车用品,高性价比优惠池,P001350|P001831|P000932|P001413|P001281,海康威视汽车用品商品339|3M汽车用品商品278|米其林汽车用品商品745|3M汽车用品商品342|卡仕达汽车用品商品144
4934,U000869,0.2037,0.228341,中意向,家用电器,高性价比优惠池,P001338|P000409|P001480|P001850|P001635,苏泊尔家用电器商品596|苏泊尔家用电器商品852|戴森家用电器商品536|戴森家用电器商品883|西门子家用电器商品795
4935,U000944,0.2037,0.21811,中意向,家居家装,高性价比优惠池,P001900|P001343|P000229|P001466|P001151,顾家家居家居家装商品551|曲美家居家装商品469|顾家家居家居家装商品198|马可波罗家居家装商品613|宜家家居家装商品838
4936,U004663,0.2036,0.209188,中意向,礼品鲜花,高性价比优惠池,P000831|P000680|P001029|P000319|P000890,Roseonly礼品鲜花商品580|施华洛世奇礼品鲜花商品208|野兽派礼品鲜花商品389|施华洛世奇礼品鲜花商品633|潘多拉礼品鲜花商品586
4937,U002289,0.2034,0.218294,中意向,手机数码,高性价比优惠池,P000518|P000173|P000438|P001705|P000874,一加手机数码商品882|OPPO手机数码商品663|OPPO手机数码商品771|苹果手机数码商品445|苹果手机数码商品704
4938,U002552,0.2034,0.218561,中意向,运动户外,高性价比优惠池,P001637|P001804|P001967|P000194|P000210,李宁运动户外商品816|李宁运动户外商品353|探路者运动户外商品827|始祖鸟运动户外商品528|安踏运动户外商品113
4939,U002660,0.2034,0.258292,中意向,箱包配饰,高性价比优惠池,P000702|P001253|P001930|P000361|P000987,LV箱包配饰商品940|Samsonite箱包配饰商品380|Samsonite箱包配饰商品997|GUCCI箱包配饰商品904|Samsonite箱包配饰商品467
4940,U003522,0.2034,0.220104,中意向,,高性价比优惠池,P001855|P000765|P000174|P000974|P001112,京东图书图书音像商品377|善存医药保健商品608|麦富迪宠物用品商品180|明牌珠宝首饰商品793|中信出版社图书音像商品870
4941,U001915,0.2032,0.208617,中意向,汽车用品,高性价比优惠池,P001350|P001831|P000932|P001413|P001281,海康威视汽车用品商品339|3M汽车用品商品278|米其林汽车用品商品745|3M汽车用品商品342|卡仕达汽车用品商品144
4942,U004054,0.2032,0.249803,中意向,服装鞋包,高性价比优惠池,P001581|P001100|P000662|P001462|P000338,耐克服装鞋包商品711|H&M服装鞋包商品119|海澜之家服装鞋包商品964|耐克服装鞋包商品391|H&M服装鞋包商品587
4943,U001376,0.2031,0.244993,中意向,美妆护肤,高性价比优惠池,P001748|P000034|P001010|P000095|P001810,完美日记美妆护肤商品797|雅诗兰黛美妆护肤商品818|雅诗兰黛美妆护肤商品295|欧莱雅美妆护肤商品977|欧莱雅美妆护肤商品587
4944,U000720,0.203,0.21287,中意向,母婴用品,高性价比优惠池,P001683|P000635|P001865|P000991|P001946,帮宝适母婴用品商品297|贝因美母婴用品商品691|贝因美母婴用品商品921|帮宝适母婴用品商品195|花王母婴用品商品688
4945,U001132,0.2029,0.214247,中意向,美妆护肤,高性价比优惠池,P001748|P000034|P001010|P000095|P001810,完美日记美妆护肤商品797|雅诗兰黛美妆护肤商品818|雅诗兰黛美妆护肤商品295|欧莱雅美妆护肤商品977|欧莱雅美妆护肤商品587
4946,U003625,0.2029,0.217527,中意向,手机数码,高性价比优惠池,P000518|P000173|P000438|P001705|P000874,一加手机数码商品882|OPPO手机数码商品663|OPPO手机数码商品771|苹果手机数码商品445|苹果手机数码商品704
4947,U004713,0.2029,0.22176,中意向,家居家装,高性价比优惠池,P001900|P001343|P000229|P001466|P001151,顾家家居家居家装商品551|曲美家居家装商品469|顾家家居家居家装商品198|马可波罗家居家装商品613|宜家家居家装商品838
4948,U000366,0.2028,0.21783,中意向,箱包配饰,高性价比优惠池,P000702|P001253|P001930|P000361|P000987,LV箱包配饰商品940|Samsonite箱包配饰商品380|Samsonite箱包配饰商品997|GUCCI箱包配饰商品904|Samsonite箱包配饰商品467
4949,U002785,0.2028,0.230825,中意向,家用电器,高性价比优惠池,P001338|P000409|P001480|P001850|P001635,苏泊尔家用电器商品596|苏泊尔家用电器商品852|戴森家用电器商品536|戴森家用电器商品883|西门子家用电器商品795
4950,U002927,0.2028,0.232435,中意向,箱包配饰,高性价比优惠池,P000702|P001253|P001930|P000361|P000987,LV箱包配饰商品940|Samsonite箱包配饰商品380|Samsonite箱包配饰商品997|GUCCI箱包配饰商品904|Samsonite箱包配饰商品467
4951,U004085,0.2028,0.219407,中意向,医药保健,高性价比优惠池,P000765|P000827|P001891|P000351|P000793,善存医药保健商品608|Swisse医药保健商品414|Swisse医药保健商品235|汤臣倍健医药保健商品112|九芝堂医药保健商品478
4952,U001000,0.2027,0.245524,中意向,美妆护肤,高性价比优惠池,P001748|P000034|P001010|P000095|P001810,完美日记美妆护肤商品797|雅诗兰黛美妆护肤商品818|雅诗兰黛美妆护肤商品295|欧莱雅美妆护肤商品977|欧莱雅美妆护肤商品587
4953,U003271,0.2027,0.245848,中意向,图书音像,高性价比优惠池,P001855|P001112|P000053|P001974|P001212,京东图书图书音像商品377|中信出版社图书音像商品870|京东图书图书音像商品199|博库网图书音像商品353|新华书店图书音像商品518
4954,U000433,0.2026,0.242389,中意向,家用电器,高性价比优惠池,P001338|P000409|P001480|P001850|P001635,苏泊尔家用电器商品596|苏泊尔家用电器商品852|戴森家用电器商品536|戴森家用电器商品883|西门子家用电器商品795
4955,U001387,0.2026,0.21672,中意向,服装鞋包,高性价比优惠池,P001581|P001100|P000662|P001462|P000338,耐克服装鞋包商品711|H&M服装鞋包商品119|海澜之家服装鞋包商品964|耐克服装鞋包商品391|H&M服装鞋包商品587
4956,U003344,0.2026,0.221096,中意向,图书音像,高性价比优惠池,P001855|P001112|P000053|P001974|P001212,京东图书图书音像商品377|中信出版社图书音像商品870|京东图书图书音像商品199|博库网图书音像商品353|新华书店图书音像商品518
4957,U003604,0.2026,0.238656,中意向,箱包配饰,高性价比优惠池,P000702|P001253|P001930|P000361|P000987,LV箱包配饰商品940|Samsonite箱包配饰商品380|Samsonite箱包配饰商品997|GUCCI箱包配饰商品904|Samsonite箱包配饰商品467
4958,U004257,0.2026,0.258743,中意向,手机数码,高性价比优惠池,P000518|P000173|P000438|P001705|P000874,一加手机数码商品882|OPPO手机数码商品663|OPPO手机数码商品771|苹果手机数码商品445|苹果手机数码商品704
4959,U001774,0.2025,0.237491,中意向,珠宝首饰,高性价比优惠池,P000974|P000711|P001945|P000774|P001226,明牌珠宝首饰商品793|老凤祥珠宝首饰商品116|老凤祥珠宝首饰商品246|周大福珠宝首饰商品251|潮宏基珠宝首饰商品314
4960,U004698,0.2025,0.260983,中意向,家用电器,高性价比优惠池,P001338|P000409|P001480|P001850|P001635,苏泊尔家用电器商品596|苏泊尔家用电器商品852|戴森家用电器商品536|戴森家用电器商品883|西门子家用电器商品795
4961,U001947,0.2024,0.277827,中意向,手机数码,高性价比优惠池,P000518|P000173|P000438|P001705|P000874,一加手机数码商品882|OPPO手机数码商品663|OPPO手机数码商品771|苹果手机数码商品445|苹果手机数码商品704
4962,U002152,0.2024,0.221306,中意向,食品生鲜,高性价比优惠池,P000995|P001113|P000246|P001573|P000063,良品铺子食品生鲜商品230|三只松鼠食品生鲜商品425|蒙牛食品生鲜商品866|百草味食品生鲜商品634|百草味食品生鲜商品504
4963,U000307,0.2023,0.227598,中意向,食品生鲜,高性价比优惠池,P000995|P001113|P000246|P001573|P000063,良品铺子食品生鲜商品230|三只松鼠食品生鲜商品425|蒙牛食品生鲜商品866|百草味食品生鲜商品634|百草味食品生鲜商品504
4964,U000507,0.2023,0.251975,中意向,家居家装,高性价比优惠池,P001900|P001343|P000229|P001466|P001151,顾家家居家居家装商品551|曲美家居家装商品469|顾家家居家居家装商品198|马可波罗家居家装商品613|宜家家居家装商品838
4965,U004846,0.2022,0.235906,中意向,手机数码,高性价比优惠池,P000518|P000173|P000438|P001705|P000874,一加手机数码商品882|OPPO手机数码商品663|OPPO手机数码商品771|苹果手机数码商品445|苹果手机数码商品704
4966,U000879,0.2021,0.217497,中意向,手机数码,高性价比优惠池,P000518|P000173|P000438|P001705|P000874,一加手机数码商品882|OPPO手机数码商品663|OPPO手机数码商品771|苹果手机数码商品445|苹果手机数码商品704
4967,U001701,0.2021,0.200759,中意向,家用电器,高性价比优惠池,P001338|P000409|P001480|P001850|P001635,苏泊尔家用电器商品596|苏泊尔家用电器商品852|戴森家用电器商品536|戴森家用电器商品883|西门子家用电器商品795
4968,U002468,0.2021,0.216565,中意向,家居家装,高性价比优惠池,P001900|P001343|P000229|P001466|P001151,顾家家居家居家装商品551|曲美家居家装商品469|顾家家居家居家装商品198|马可波罗家居家装商品613|宜家家居家装商品838
4969,U004009,0.202,0.221323,中意向,食品生鲜,高性价比优惠池,P000995|P001113|P000246|P001573|P000063,良品铺子食品生鲜商品230|三只松鼠食品生鲜商品425|蒙牛食品生鲜商品866|百草味食品生鲜商品634|百草味食品生鲜商品504
4970,U001152,0.2019,0.227131,中意向,礼品鲜花,高性价比优惠池,P000831|P000680|P001029|P000319|P000890,Roseonly礼品鲜花商品580|施华洛世奇礼品鲜花商品208|野兽派礼品鲜花商品389|施华洛世奇礼品鲜花商品633|潘多拉礼品鲜花商品586
4971,U001314,0.2019,0.213896,中意向,箱包配饰,高性价比优惠池,P000702|P001253|P001930|P000361|P000987,LV箱包配饰商品940|Samsonite箱包配饰商品380|Samsonite箱包配饰商品997|GUCCI箱包配饰商品904|Samsonite箱包配饰商品467
4972,U002666,0.2019,0.228016,中意向,箱包配饰,高性价比优惠池,P000702|P001253|P001930|P000361|P000987,LV箱包配饰商品940|Samsonite箱包配饰商品380|Samsonite箱包配饰商品997|GUCCI箱包配饰商品904|Samsonite箱包配饰商品467
4973,U002669,0.2019,0.213791,中意向,汽车用品,高性价比优惠池,P001350|P001831|P000932|P001413|P001281,海康威视汽车用品商品339|3M汽车用品商品278|米其林汽车用品商品745|3M汽车用品商品342|卡仕达汽车用品商品144
4974,U004649,0.2019,0.222749,中意向,家居家装,高性价比优惠池,P001900|P001343|P000229|P001466|P001151,顾家家居家居家装商品551|曲美家居家装商品469|顾家家居家居家装商品198|马可波罗家居家装商品613|宜家家居家装商品838
4975,U003020,0.2018,0.227546,中意向,母婴用品,高性价比优惠池,P001683|P000635|P001865|P000991|P001946,帮宝适母婴用品商品297|贝因美母婴用品商品691|贝因美母婴用品商品921|帮宝适母婴用品商品195|花王母婴用品商品688
4976,U003616,0.2018,0.221285,中意向,礼品鲜花,高性价比优惠池,P000831|P000680|P001029|P000319|P000890,Roseonly礼品鲜花商品580|施华洛世奇礼品鲜花商品208|野兽派礼品鲜花商品389|施华洛世奇礼品鲜花商品633|潘多拉礼品鲜花商品586
4977,U000765,0.2017,0.259337,中意向,礼品鲜花,高性价比优惠池,P000831|P000680|P001029|P000319|P000890,Roseonly礼品鲜花商品580|施华洛世奇礼品鲜花商品208|野兽派礼品鲜花商品389|施华洛世奇礼品鲜花商品633|潘多拉礼品鲜花商品586
4978,U004529,0.2014,0.259004,中意向,汽车用品,高性价比优惠池,P001350|P001831|P000932|P001413|P001281,海康威视汽车用品商品339|3M汽车用品商品278|米其林汽车用品商品745|3M汽车用品商品342|卡仕达汽车用品商品144
4979,U004825,0.2014,0.235227,中意向,家用电器,高性价比优惠池,P001338|P000409|P001480|P001850|P001635,苏泊尔家用电器商品596|苏泊尔家用电器商品852|戴森家用电器商品536|戴森家用电器商品883|西门子家用电器商品795
4980,U002171,0.2013,0.242954,中意向,宠物用品,高性价比优惠池,P000174|P001336|P001123|P000231|P001759,麦富迪宠物用品商品180|比瑞吉宠物用品商品181|麦富迪宠物用品商品699|pidan宠物用品商品955|网易严选宠物用品商品408
4981,U002546,0.2013,0.217438,中意向,宠物用品,高性价比优惠池,P000174|P001336|P001123|P000231|P001759,麦富迪宠物用品商品180|比瑞吉宠物用品商品181|麦富迪宠物用品商品699|pidan宠物用品商品955|网易严选宠物用品商品408
4982,U000200,0.2011,0.264708,中意向,汽车用品,高性价比优惠池,P001350|P001831|P000932|P001413|P001281,海康威视汽车用品商品339|3M汽车用品商品278|米其林汽车用品商品745|3M汽车用品商品342|卡仕达汽车用品商品144
4983,U002573,0.2011,0.216539,中意向,图书音像,高性价比优惠池,P001855|P001112|P000053|P001974|P001212,京东图书图书音像商品377|中信出版社图书音像商品870|京东图书图书音像商品199|博库网图书音像商品353|新华书店图书音像商品518
4984,U002755,0.2011,0.243184,中意向,美妆护肤,高性价比优惠池,P001748|P000034|P001010|P000095|P001810,完美日记美妆护肤商品797|雅诗兰黛美妆护肤商品818|雅诗兰黛美妆护肤商品295|欧莱雅美妆护肤商品977|欧莱雅美妆护肤商品587
4985,U003982,0.201,0.215671,中意向,食品生鲜,高性价比优惠池,P000995|P001113|P000246|P001573|P000063,良品铺子食品生鲜商品230|三只松鼠食品生鲜商品425|蒙牛食品生鲜商品866|百草味食品生鲜商品634|百草味食品生鲜商品504
4986,U001597,0.2009,0.217367,中意向,家居家装,高性价比优惠池,P001900|P001343|P000229|P001466|P001151,顾家家居家居家装商品551|曲美家居家装商品469|顾家家居家居家装商品198|马可波罗家居家装商品613|宜家家居家装商品838
4987,U000672,0.2008,0.220308,中意向,服装鞋包,高性价比优惠池,P001581|P001100|P000662|P001462|P000338,耐克服装鞋包商品711|H&M服装鞋包商品119|海澜之家服装鞋包商品964|耐克服装鞋包商品391|H&M服装鞋包商品587
4988,U002992,0.2008,0.21343,中意向,家居家装,高性价比优惠池,P001900|P001343|P000229|P001466|P001151,顾家家居家居家装商品551|曲美家居家装商品469|顾家家居家居家装商品198|马可波罗家居家装商品613|宜家家居家装商品838
4989,U003784,0.2008,0.214332,中意向,箱包配饰,高性价比优惠池,P000702|P001253|P001930|P000361|P000987,LV箱包配饰商品940|Samsonite箱包配饰商品380|Samsonite箱包配饰商品997|GUCCI箱包配饰商品904|Samsonite箱包配饰商品467
4990,U001468,0.2006,0.207596,中意向,珠宝首饰,高性价比优惠池,P000974|P000711|P001945|P000774|P001226,明牌珠宝首饰商品793|老凤祥珠宝首饰商品116|老凤祥珠宝首饰商品246|周大福珠宝首饰商品251|潮宏基珠宝首饰商品314
4991,U003001,0.2006,0.213073,中意向,手机数码,高性价比优惠池,P000518|P000173|P000438|P001705|P000874,一加手机数码商品882|OPPO手机数码商品663|OPPO手机数码商品771|苹果手机数码商品445|苹果手机数码商品704
4992,U003145,0.2006,0.214719,中意向,服装鞋包,高性价比优惠池,P001581|P001100|P000662|P001462|P000338,耐克服装鞋包商品711|H&M服装鞋包商品119|海澜之家服装鞋包商品964|耐克服装鞋包商品391|H&M服装鞋包商品587
4993,U004363,0.2006,0.22217,中意向,服装鞋包,高性价比优惠池,P001581|P001100|P000662|P001462|P000338,耐克服装鞋包商品711|H&M服装鞋包商品119|海澜之家服装鞋包商品964|耐克服装鞋包商品391|H&M服装鞋包商品587
4994,U000710,0.2003,0.208555,中意向,母婴用品,高性价比优惠池,P001683|P000635|P001865|P000991|P001946,帮宝适母婴用品商品297|贝因美母婴用品商品691|贝因美母婴用品商品921|帮宝适母婴用品商品195|花王母婴用品商品688
4995,U001768,0.2003,0.266059,中意向,家居家装,高性价比优惠池,P001900|P001343|P000229|P001466|P001151,顾家家居家居家装商品551|曲美家居家装商品469|顾家家居家居家装商品198|马可波罗家居家装商品613|宜家家居家装商品838
4996,U002527,0.2003,0.284832,中意向,图书音像,高性价比优惠池,P001855|P001112|P000053|P001974|P001212,京东图书图书音像商品377|中信出版社图书音像商品870|京东图书图书音像商品199|博库网图书音像商品353|新华书店图书音像商品518
4997,U003861,0.2002,0.239103,中意向,图书音像,高性价比优惠池,P001855|P001112|P000053|P001974|P001212,京东图书图书音像商品377|中信出版社图书音像商品870|京东图书图书音像商品199|博库网图书音像商品353|新华书店图书音像商品518
4998,U000542,0.2,0.218925,中意向,母婴用品,高性价比优惠池,P001683|P000635|P001865|P000991|P001946,帮宝适母婴用品商品297|贝因美母婴用品商品691|贝因美母婴用品商品921|帮宝适母婴用品商品195|花王母婴用品商品688
4999,U003416,0.2,0.214528,中意向,服装鞋包,高性价比优惠池,P001581|P001100|P000662|P001462|P000338,耐克服装鞋包商品711|H&M服装鞋包商品119|海澜之家服装鞋包商品964|耐克服装鞋包商品391|H&M服装鞋包商品587
5000,U004863,0.2,0.234684,中意向,运动户外,高性价比优惠池,P001637|P001804|P001967|P000194|P000210,李宁运动户外商品816|李宁运动户外商品353|探路者运动户外商品827|始祖鸟运动户外商品528|安踏运动户外商品113
