rank,user_id,repurchase_probability,tier
1,U002606,0.937213,高潜力
2,U003751,0.916848,高潜力
3,U001048,0.912313,高潜力
4,U003293,0.908062,高潜力
5,U003408,0.905762,高潜力
6,U002315,0.895656,高潜力
7,U000070,0.89324,高潜力
8,U004379,0.892997,高潜力
9,U002987,0.892162,高潜力
10,U003786,0.891963,高潜力
11,U003147,0.89184,高潜力
12,U004344,0.891684,高潜力
13,U001509,0.889188,高潜力
14,U003937,0.887932,高潜力
15,U000875,0.887409,高潜力
16,U001742,0.887118,高潜力
17,U003248,0.88691,高潜力
18,U002242,0.886876,高潜力
19,U001876,0.88583,高潜力
20,U001342,0.884628,高潜力
21,U000851,0.884537,高潜力
22,U004840,0.884118,高潜力
23,U002063,0.882205,高潜力
24,U003421,0.882143,高潜力
25,U003322,0.88158,高潜力
26,U001576,0.880693,高潜力
27,U000018,0.879593,高潜力
28,U001081,0.878732,高潜力
29,U000088,0.87827,高潜力
30,U003541,0.877822,高潜力
31,U001627,0.876283,高潜力
32,U004994,0.875914,高潜力
33,U000234,0.874705,高潜力
34,U001658,0.87463,高潜力
35,U001619,0.873821,高潜力
36,U003050,0.873741,高潜力
37,U001741,0.873497,高潜力
38,U001907,0.87345,高潜力
39,U000091,0.873209,高潜力
40,U002833,0.873206,高潜力
41,U000140,0.873195,高潜力
42,U000552,0.872655,高潜力
43,U000535,0.871762,高潜力
44,U002391,0.87071,高潜力
45,U002217,0.870673,高潜力
46,U003611,0.870476,高潜力
47,U000154,0.870385,高潜力
48,U001430,0.870378,高潜力
49,U000261,0.869407,高潜力
50,U004848,0.869387,高潜力
51,U000620,0.869309,高潜力
52,U001109,0.86889,高潜力
53,U004637,0.868443,高潜力
54,U001075,0.868433,高潜力
55,U004928,0.867655,高潜力
56,U004776,0.867536,高潜力
57,U003027,0.866981,高潜力
58,U004533,0.866352,高潜力
59,U004170,0.866027,高潜力
60,U003191,0.865587,高潜力
61,U004271,0.864938,高潜力
62,U004456,0.864318,高潜力
63,U002137,0.864049,高潜力
64,U003479,0.863562,高潜力
65,U004064,0.863427,高潜力
66,U001373,0.863347,高潜力
67,U001914,0.863184,高潜力
68,U002093,0.862936,高潜力
69,U000173,0.862214,高潜力
70,U003362,0.861812,高潜力
71,U004701,0.861786,高潜力
72,U003759,0.860703,高潜力
73,U004188,0.86046,高潜力
74,U002104,0.860124,高潜力
75,U002960,0.859641,高潜力
76,U004430,0.859487,高潜力
77,U002862,0.859437,高潜力
78,U004647,0.859081,高潜力
79,U002835,0.858483,高潜力
80,U000445,0.858241,高潜力
81,U000669,0.85781,高潜力
82,U000343,0.857788,高潜力
83,U000363,0.857468,高潜力
84,U004670,0.857228,高潜力
85,U000045,0.855691,高潜力
86,U002595,0.855315,高潜力
87,U000035,0.854737,高潜力
88,U004728,0.854539,高潜力
89,U002107,0.854143,高潜力
90,U004839,0.853653,高潜力
91,U002167,0.852809,高潜力
92,U000464,0.852444,高潜力
93,U001293,0.852238,高潜力
94,U004000,0.852237,高潜力
95,U003269,0.852189,高潜力
96,U003173,0.851511,高潜力
97,U004908,0.851509,高潜力
98,U002256,0.851399,高潜力
99,U000902,0.851149,高潜力
100,U001634,0.851094,高潜力
101,U004275,0.850662,高潜力
102,U002891,0.849934,高潜力
103,U001360,0.849913,高潜力
104,U004984,0.849662,高潜力
105,U004274,0.849559,高潜力
106,U002789,0.848369,高潜力
107,U003167,0.848221,高潜力
108,U001367,0.8481,高潜力
109,U000727,0.848042,高潜力
110,U001872,0.847925,高潜力
111,U003548,0.847407,高潜力
112,U002303,0.847376,高潜力
113,U004927,0.847224,高潜力
114,U003295,0.846736,高潜力
115,U003799,0.846547,高潜力
116,U004968,0.846362,高潜力
117,U000274,0.846229,高潜力
118,U004073,0.846221,高潜力
119,U003973,0.846186,高潜力
120,U003009,0.845973,高潜力
121,U004676,0.845945,高潜力
122,U000099,0.845591,高潜力
123,U002746,0.845437,高潜力
124,U004920,0.845428,高潜力
125,U003500,0.845117,高潜力
126,U004116,0.845019,高潜力
127,U002809,0.844943,高潜力
128,U001037,0.844846,高潜力
129,U002144,0.844469,高潜力
130,U004005,0.844447,高潜力
131,U001092,0.844323,高潜力
132,U001998,0.844152,高潜力
133,U002057,0.843828,高潜力
134,U002124,0.843539,高潜力
135,U000972,0.843443,高潜力
136,U004680,0.843295,高潜力
137,U004011,0.843218,高潜力
138,U003616,0.843179,高潜力
139,U002030,0.843029,高潜力
140,U004924,0.842925,高潜力
141,U003870,0.842528,高潜力
142,U004836,0.842266,高潜力
143,U002372,0.842094,高潜力
144,U000311,0.841697,高潜力
145,U003493,0.841614,高潜力
146,U004810,0.841172,高潜力
147,U000759,0.840169,高潜力
148,U001558,0.840047,高潜力
149,U001482,0.839777,高潜力
150,U000412,0.839762,高潜力
151,U001906,0.839653,高潜力
152,U001191,0.839576,高潜力
153,U001313,0.838985,高潜力
154,U004900,0.838857,高潜力
155,U003885,0.83854,高潜力
156,U002555,0.837884,高潜力
157,U003281,0.837627,高潜力
158,U002608,0.83755,高潜力
159,U002027,0.836636,高潜力
160,U002747,0.836078,高潜力
161,U002674,0.835896,高潜力
162,U003400,0.835418,高潜力
163,U004176,0.834809,高潜力
164,U002791,0.834611,高潜力
165,U003715,0.83453,高潜力
166,U001304,0.834269,高潜力
167,U001357,0.834121,高潜力
168,U002318,0.834069,高潜力
169,U000458,0.83403,高潜力
170,U004374,0.833718,高潜力
171,U001839,0.833453,高潜力
172,U002644,0.833263,高潜力
173,U002672,0.833187,高潜力
174,U002544,0.833052,高潜力
175,U004283,0.833033,高潜力
176,U003808,0.833013,高潜力
177,U003860,0.833,高潜力
178,U002748,0.832783,高潜力
179,U003794,0.832716,高潜力
180,U001508,0.832379,高潜力
181,U001412,0.832106,高潜力
182,U001829,0.831744,高潜力
183,U004263,0.831396,高潜力
184,U003238,0.830972,高潜力
185,U004167,0.830473,高潜力
186,U003897,0.83042,高潜力
187,U003669,0.829961,高潜力
188,U002180,0.829835,高潜力
189,U004042,0.829251,高潜力
190,U003843,0.829166,高潜力
191,U000214,0.829111,高潜力
192,U004105,0.829072,高潜力
193,U002402,0.82856,高潜力
194,U003748,0.828465,高潜力
195,U004706,0.828321,高潜力
196,U004554,0.828127,高潜力
197,U004164,0.827866,高潜力
198,U002501,0.827842,高潜力
199,U004425,0.827816,高潜力
200,U000237,0.827802,高潜力
201,U000817,0.827658,高潜力
202,U003240,0.827595,高潜力
203,U002881,0.827164,高潜力
204,U003451,0.82695,高潜力
205,U003764,0.82694,高潜力
206,U003153,0.826713,高潜力
207,U003800,0.826484,高潜力
208,U001349,0.826079,高潜力
209,U004153,0.82603,高潜力
210,U003931,0.825962,高潜力
211,U004513,0.825809,高潜力
212,U002563,0.825724,高潜力
213,U001621,0.825723,高潜力
214,U003526,0.825578,高潜力
215,U003140,0.825538,高潜力
216,U000113,0.825252,高潜力
217,U004268,0.82492,高潜力
218,U001539,0.824912,高潜力
219,U001535,0.824843,高潜力
220,U002637,0.824737,高潜力
221,U002539,0.824642,高潜力
222,U003561,0.824533,高潜力
223,U001156,0.824292,高潜力
224,U003001,0.824223,高潜力
225,U000981,0.82399,高潜力
226,U000440,0.823872,高潜力
227,U001680,0.823865,高潜力
228,U003205,0.823696,高潜力
229,U002393,0.823549,高潜力
230,U002542,0.823331,高潜力
231,U001141,0.823275,高潜力
232,U000632,0.823151,高潜力
233,U002496,0.822586,高潜力
234,U000053,0.822553,高潜力
235,U003157,0.822384,高潜力
236,U004107,0.822267,高潜力
237,U003643,0.822169,高潜力
238,U003682,0.821769,高潜力
239,U002824,0.821694,高潜力
240,U001089,0.821686,高潜力
241,U001885,0.821353,高潜力
242,U002858,0.821292,高潜力
243,U003359,0.820981,高潜力
244,U002911,0.82093,高潜力
245,U001736,0.820714,高潜力
246,U002561,0.820325,高潜力
247,U003889,0.820006,高潜力
248,U001161,0.819806,高潜力
249,U001059,0.81972,高潜力
250,U003936,0.81944,高潜力
251,U004883,0.81908,高潜力
252,U000340,0.818886,高潜力
253,U001806,0.818796,高潜力
254,U004019,0.818623,高潜力
255,U002597,0.818454,高潜力
256,U002190,0.818197,高潜力
257,U004422,0.817968,高潜力
258,U003862,0.817927,高潜力
259,U004212,0.817843,高潜力
260,U004515,0.817602,高潜力
261,U003518,0.817523,高潜力
262,U003000,0.817359,高潜力
263,U002293,0.817075,高潜力
264,U002198,0.81702,高潜力
265,U002607,0.816704,高潜力
266,U004338,0.816404,高潜力
267,U000352,0.816369,高潜力
268,U001873,0.816339,高潜力
269,U000905,0.816069,高潜力
270,U000040,0.815997,高潜力
271,U004285,0.815466,高潜力
272,U000228,0.815413,高潜力
273,U000248,0.815381,高潜力
274,U001698,0.815378,高潜力
275,U002498,0.815353,高潜力
276,U002132,0.815004,高潜力
277,U004431,0.814992,高潜力
278,U001768,0.814335,高潜力
279,U004583,0.814281,高潜力
280,U001246,0.814118,高潜力
281,U002264,0.813973,高潜力
282,U004862,0.813922,高潜力
283,U004806,0.81376,高潜力
284,U000880,0.813702,高潜力
285,U003369,0.813092,高潜力
286,U003505,0.812657,高潜力
287,U001385,0.812623,高潜力
288,U001390,0.812323,高潜力
289,U003034,0.812284,高潜力
290,U001227,0.811816,高潜力
291,U002538,0.811356,高潜力
292,U000031,0.811139,高潜力
293,U004459,0.811058,高潜力
294,U004276,0.81102,高潜力
295,U004294,0.810985,高潜力
296,U000183,0.810951,高潜力
297,U004310,0.810889,高潜力
298,U004110,0.810789,高潜力
299,U000080,0.81069,高潜力
300,U002849,0.810686,高潜力
301,U000077,0.810658,高潜力
302,U000946,0.810431,高潜力
303,U001788,0.810333,高潜力
304,U000153,0.810307,高潜力
305,U001747,0.810293,高潜力
306,U001336,0.810241,高潜力
307,U000187,0.809813,高潜力
308,U001379,0.809128,高潜力
309,U000354,0.808901,高潜力
310,U003951,0.808767,高潜力
311,U001396,0.808731,高潜力
312,U003778,0.808728,高潜力
313,U002940,0.808441,高潜力
314,U000686,0.807977,高潜力
315,U003879,0.807906,高潜力
316,U001393,0.807565,高潜力
317,U001717,0.807008,高潜力
318,U003602,0.806378,高潜力
319,U000601,0.806327,高潜力
320,U004675,0.805916,高潜力
321,U000349,0.805579,高潜力
322,U004495,0.80555,高潜力
323,U000174,0.805501,高潜力
324,U001778,0.805244,高潜力
325,U001184,0.804848,高潜力
326,U001722,0.804775,高潜力
327,U004313,0.804752,高潜力
328,U003345,0.80464,高潜力
329,U000100,0.804378,高潜力
330,U000377,0.803946,高潜力
331,U004580,0.803852,高潜力
332,U002493,0.803769,高潜力
333,U002120,0.803754,高潜力
334,U003976,0.80359,高潜力
335,U000618,0.80359,高潜力
336,U000447,0.802859,高潜力
337,U000229,0.802828,高潜力
338,U000259,0.802768,高潜力
339,U000725,0.802691,高潜力
340,U003646,0.802379,高潜力
341,U002155,0.802177,高潜力
342,U000849,0.801674,高潜力
343,U000303,0.80147,高潜力
344,U002392,0.801452,高潜力
345,U001098,0.801342,高潜力
346,U000291,0.801188,高潜力
347,U000816,0.800928,高潜力
348,U000092,0.800542,高潜力
349,U001027,0.800262,高潜力
350,U002411,0.800251,高潜力
351,U002204,0.800224,高潜力
352,U002682,0.800117,高潜力
353,U001625,0.800099,高潜力
354,U004540,0.800043,高潜力
355,U002633,0.799994,高潜力
356,U003088,0.799976,高潜力
357,U000105,0.799913,高潜力
358,U004567,0.799619,高潜力
359,U000722,0.799304,高潜力
360,U001503,0.798674,高潜力
361,U001392,0.798546,高潜力
362,U004832,0.798495,高潜力
363,U000791,0.798419,高潜力
364,U000115,0.798398,高潜力
365,U004770,0.797852,高潜力
366,U002134,0.797566,高潜力
367,U002439,0.79738,高潜力
368,U004767,0.797346,高潜力
369,U001657,0.797327,高潜力
370,U001983,0.797095,高潜力
371,U000491,0.797022,高潜力
372,U003368,0.796572,高潜力
373,U004749,0.79634,高潜力
374,U003750,0.79626,高潜力
375,U004724,0.796174,高潜力
376,U001400,0.796075,高潜力
377,U002728,0.795618,高潜力
378,U000599,0.795542,高潜力
379,U002456,0.795516,高潜力
380,U003164,0.79545,高潜力
381,U000423,0.795182,高潜力
382,U001566,0.795101,高潜力
383,U004026,0.795076,高潜力
384,U002420,0.794965,高潜力
385,U000199,0.794909,高潜力
386,U001045,0.794898,高潜力
387,U003871,0.794525,高潜力
388,U000247,0.794438,高潜力
389,U000424,0.79414,高潜力
390,U002071,0.793961,高潜力
391,U003612,0.793822,高潜力
392,U000268,0.793723,高潜力
393,U002308,0.79364,高潜力
394,U000838,0.793495,高潜力
395,U004681,0.793329,高潜力
396,U003737,0.793241,高潜力
397,U001452,0.792845,高潜力
398,U001687,0.792499,高潜力
399,U001180,0.792441,高潜力
400,U000193,0.792335,高潜力
401,U001131,0.792141,高潜力
402,U000596,0.791902,高潜力
403,U000543,0.791842,高潜力
404,U000230,0.7917,高潜力
405,U000937,0.791643,高潜力
406,U000738,0.791339,高潜力
407,U002240,0.791293,高潜力
408,U003053,0.791092,高潜力
409,U003271,0.790589,高潜力
410,U003678,0.790179,高潜力
411,U004349,0.790117,高潜力
412,U004426,0.789867,高潜力
413,U004434,0.789705,高潜力
414,U002249,0.789364,高潜力
415,U003892,0.789268,高潜力
416,U002432,0.788804,高潜力
417,U004934,0.788773,高潜力
418,U003589,0.788163,高潜力
419,U003047,0.787819,高潜力
420,U003418,0.787735,高潜力
421,U004738,0.787721,高潜力
422,U002902,0.787562,高潜力
423,U001915,0.787411,高潜力
424,U004144,0.787398,高潜力
425,U003728,0.78735,高潜力
426,U001933,0.787199,高潜力
427,U002369,0.787112,高潜力
428,U002282,0.78707,高潜力
429,U003476,0.787064,高潜力
430,U000395,0.786982,高潜力
431,U001624,0.786906,高潜力
432,U004662,0.786388,高潜力
433,U002490,0.786101,高潜力
434,U000674,0.786031,高潜力
435,U003023,0.786022,高潜力
436,U001612,0.785893,高潜力
437,U003174,0.785749,高潜力
438,U002487,0.785629,高潜力
439,U001984,0.785503,高潜力
440,U000603,0.785448,高潜力
441,U003446,0.785315,高潜力
442,U000131,0.785257,高潜力
443,U004618,0.785061,高潜力
444,U004158,0.784673,高潜力
445,U003434,0.784583,高潜力
446,U003012,0.784468,高潜力
447,U000456,0.784142,高潜力
448,U001805,0.783892,高潜力
449,U003018,0.783729,高潜力
450,U004043,0.783702,高潜力
451,U002777,0.783372,高潜力
452,U001716,0.783193,高潜力
453,U002729,0.782875,高潜力
454,U000757,0.782738,高潜力
455,U001987,0.782639,高潜力
456,U002339,0.782547,高潜力
457,U002799,0.782499,高潜力
458,U004707,0.782498,高潜力
459,U001677,0.782405,高潜力
460,U002836,0.781941,高潜力
461,U000615,0.781749,高潜力
462,U002086,0.781737,高潜力
463,U000020,0.781582,高潜力
464,U000591,0.781539,高潜力
465,U000142,0.781518,高潜力
466,U001626,0.781516,高潜力
467,U003151,0.781473,高潜力
468,U000769,0.781382,高潜力
469,U002840,0.781277,高潜力
470,U003792,0.781002,高潜力
471,U003243,0.781001,高潜力
472,U004654,0.78082,高潜力
473,U003411,0.780252,高潜力
474,U003881,0.780249,高潜力
475,U001375,0.780077,高潜力
476,U004727,0.779514,高潜力
477,U002502,0.779499,高潜力
478,U003783,0.779157,高潜力
479,U004944,0.779035,高潜力
480,U004961,0.778619,高潜力
481,U002431,0.778503,高潜力
482,U003568,0.778258,高潜力
483,U000745,0.778013,高潜力
484,U003111,0.777899,高潜力
485,U004481,0.777774,高潜力
486,U003456,0.777756,高潜力
487,U000367,0.777229,高潜力
488,U002121,0.777018,高潜力
489,U001779,0.776557,高潜力
490,U003076,0.776463,高潜力
491,U002361,0.7763,高潜力
492,U004210,0.77609,高潜力
493,U004056,0.776064,高潜力
494,U004558,0.776038,高潜力
495,U001807,0.775942,高潜力
496,U002051,0.775754,高潜力
497,U002850,0.775461,高潜力
498,U002368,0.775461,高潜力
499,U001763,0.775219,高潜力
500,U000026,0.775198,高潜力
501,U002736,0.775194,高潜力
502,U004080,0.775099,高潜力
503,U000706,0.774963,高潜力
504,U003574,0.774901,高潜力
505,U001223,0.774636,高潜力
506,U004666,0.774559,高潜力
507,U004483,0.77452,高潜力
508,U004332,0.774302,高潜力
509,U001780,0.774004,高潜力
510,U001575,0.773576,高潜力
511,U001706,0.773232,高潜力
512,U004096,0.773211,高潜力
513,U002364,0.773006,高潜力
514,U004031,0.772952,高潜力
515,U001331,0.772598,高潜力
516,U003436,0.772482,高潜力
517,U003380,0.772164,高潜力
518,U002759,0.772163,高潜力
519,U004795,0.771953,高潜力
520,U002471,0.771928,高潜力
521,U004497,0.771236,高潜力
522,U002474,0.771186,高潜力
523,U003861,0.771002,高潜力
524,U003233,0.770836,高潜力
525,U003959,0.770753,高潜力
526,U004145,0.770728,高潜力
527,U000260,0.770593,高潜力
528,U000622,0.770442,高潜力
529,U002007,0.77037,高潜力
530,U002346,0.769756,高潜力
531,U003142,0.769646,高潜力
532,U003768,0.768989,高潜力
533,U000025,0.768711,高潜力
534,U002913,0.768591,高潜力
535,U000220,0.768569,高潜力
536,U002337,0.768559,高潜力
537,U004784,0.768511,高潜力
538,U001314,0.768458,高潜力
539,U003796,0.768322,高潜力
540,U001389,0.76793,高潜力
541,U002866,0.767801,高潜力
542,U000122,0.767527,高潜力
543,U001294,0.766927,高潜力
544,U003867,0.766883,高潜力
545,U001155,0.766802,高潜力
546,U003670,0.766772,高潜力
547,U004300,0.766599,高潜力
548,U001403,0.765953,高潜力
549,U000555,0.765892,高潜力
550,U001157,0.765821,高潜力
551,U002351,0.765595,高潜力
552,U004833,0.765328,高潜力
553,U003610,0.764901,高潜力
554,U004635,0.764863,高潜力
555,U002622,0.764845,高潜力
556,U004918,0.764677,高潜力
557,U001762,0.764256,高潜力
558,U004631,0.764187,高潜力
559,U000672,0.764179,高潜力
560,U003658,0.764128,高潜力
561,U004684,0.763849,高潜力
562,U004531,0.763713,高潜力
563,U002403,0.763332,高潜力
564,U004460,0.763293,高潜力
565,U003839,0.762873,高潜力
566,U003974,0.762865,高潜力
567,U004584,0.762581,高潜力
568,U001264,0.762549,高潜力
569,U000110,0.762535,高潜力
570,U004606,0.762514,高潜力
571,U004777,0.762398,高潜力
572,U001953,0.762119,高潜力
573,U003358,0.761807,高潜力
574,U003420,0.761705,高潜力
575,U003506,0.761408,高潜力
576,U003793,0.761189,高潜力
577,U001495,0.760956,高潜力
578,U003037,0.760825,高潜力
579,U003556,0.76081,高潜力
580,U001128,0.760713,高潜力
581,U000577,0.760618,高潜力
582,U004657,0.76053,高潜力
583,U004864,0.760506,高潜力
584,U002828,0.760348,高潜力
585,U002617,0.760298,高潜力
586,U002076,0.760118,高潜力
587,U001248,0.759783,高潜力
588,U003784,0.759726,高潜力
589,U000585,0.759442,高潜力
590,U000999,0.759108,高潜力
591,U002908,0.759016,高潜力
592,U004187,0.758899,高潜力
593,U002587,0.758494,高潜力
594,U001769,0.75835,高潜力
595,U001143,0.758285,高潜力
596,U003599,0.758269,高潜力
597,U003463,0.758246,高潜力
598,U002868,0.758194,高潜力
599,U001917,0.75815,高潜力
600,U001894,0.757792,高潜力
601,U001758,0.75773,高潜力
602,U001011,0.757639,高潜力
603,U004846,0.757555,高潜力
604,U002164,0.75748,高潜力
605,U000649,0.757324,高潜力
606,U004911,0.757141,高潜力
607,U003662,0.75699,高潜力
608,U004844,0.75696,高潜力
609,U001725,0.756717,高潜力
610,U001324,0.756402,高潜力
611,U004395,0.756177,高潜力
612,U000893,0.756054,高潜力
613,U003580,0.755967,高潜力
614,U002601,0.75566,高潜力
615,U002005,0.755604,高潜力
616,U001874,0.755538,高潜力
617,U000723,0.755468,高潜力
618,U000439,0.755273,高潜力
619,U003517,0.755138,高潜力
620,U002874,0.755034,高潜力
621,U004774,0.755001,高潜力
622,U000194,0.754685,高潜力
623,U000853,0.754638,高潜力
624,U004974,0.754205,高潜力
625,U004072,0.753791,高潜力
626,U001282,0.753719,高潜力
627,U004938,0.753695,高潜力
628,U003587,0.753662,高潜力
629,U000462,0.75355,高潜力
630,U003008,0.753511,高潜力
631,U001233,0.753477,高潜力
632,U001491,0.753098,高潜力
633,U002035,0.752797,高潜力
634,U004270,0.752588,高潜力
635,U000232,0.75254,高潜力
636,U004033,0.752191,高潜力
637,U000495,0.752183,高潜力
638,U004525,0.751936,高潜力
639,U002627,0.751867,高潜力
640,U000460,0.751672,高潜力
641,U004995,0.75162,高潜力
642,U000566,0.751472,高潜力
643,U004280,0.75143,高潜力
644,U000235,0.751015,高潜力
645,U001792,0.750919,高潜力
646,U004805,0.750801,高潜力
647,U004038,0.750747,高潜力
648,U003615,0.750514,高潜力
649,U000074,0.750391,高潜力
650,U003128,0.750287,高潜力
651,U001080,0.749972,高潜力
652,U000650,0.749959,高潜力
653,U004249,0.749542,高潜力
654,U004610,0.749392,高潜力
655,U000101,0.749256,高潜力
656,U002702,0.749245,高潜力
657,U001713,0.74924,高潜力
658,U000111,0.749178,高潜力
659,U003179,0.749137,高潜力
660,U003801,0.749103,高潜力
661,U000702,0.749034,高潜力
662,U000830,0.748903,高潜力
663,U002909,0.748635,高潜力
664,U002972,0.748478,高潜力
665,U002675,0.748312,高潜力
666,U000012,0.748181,高潜力
667,U002827,0.748018,高潜力
668,U000278,0.747839,高潜力
669,U001578,0.747628,高潜力
670,U002565,0.747465,高潜力
671,U003195,0.747342,高潜力
672,U001616,0.747204,高潜力
673,U002924,0.747144,高潜力
674,U004293,0.746866,高潜力
675,U000133,0.746682,高潜力
676,U001734,0.746626,高潜力
677,U001560,0.746483,高潜力
678,U000625,0.746319,高潜力
679,U004881,0.746147,高潜力
680,U000762,0.746131,高潜力
681,U000433,0.745846,高潜力
682,U001471,0.745433,高潜力
683,U001975,0.74527,高潜力
684,U001897,0.744892,高潜力
685,U003020,0.74489,高潜力
686,U003393,0.744661,高潜力
687,U003310,0.744585,高潜力
688,U000961,0.74444,高潜力
689,U003978,0.743823,高潜力
690,U001235,0.743811,高潜力
691,U003145,0.743655,高潜力
692,U001090,0.743537,高潜力
693,U002123,0.74343,高潜力
694,U004197,0.74295,高潜力
695,U003025,0.742801,高潜力
696,U004546,0.742548,高潜力
697,U001072,0.742476,高潜力
698,U002531,0.742364,高潜力
699,U001442,0.742268,高潜力
700,U002460,0.742183,高潜力
701,U000551,0.742091,高潜力
702,U002218,0.742039,高潜力
703,U001483,0.742037,高潜力
704,U003780,0.741993,高潜力
705,U003487,0.741637,高潜力
706,U002152,0.741559,高潜力
707,U002805,0.741502,高潜力
708,U000931,0.741262,高潜力
709,U000401,0.741214,高潜力
710,U002648,0.740914,高潜力
711,U004373,0.740888,高潜力
712,U002790,0.740858,高潜力
713,U003351,0.740752,高潜力
714,U004003,0.740739,高潜力
715,U003774,0.740557,高潜力
716,U002328,0.740387,高潜力
717,U000136,0.739969,高潜力
718,U000863,0.739793,高潜力
719,U000713,0.739569,高潜力
720,U002310,0.739465,高潜力
721,U001782,0.739357,高潜力
722,U002203,0.739212,高潜力
723,U000910,0.738904,高潜力
724,U002491,0.738655,高潜力
725,U002927,0.738631,高潜力
726,U002638,0.738592,高潜力
727,U000098,0.738363,高潜力
728,U000627,0.738347,高潜力
729,U000922,0.738266,高潜力
730,U001125,0.737804,高潜力
731,U001859,0.737476,高潜力
732,U001441,0.737266,高潜力
733,U000328,0.737238,高潜力
734,U000175,0.737172,高潜力
735,U000611,0.73715,高潜力
736,U001061,0.736781,高潜力
737,U003512,0.736634,高潜力
738,U000264,0.7366,高潜力
739,U002846,0.736527,高潜力
740,U002719,0.735817,高潜力
741,U002892,0.735696,高潜力
742,U004469,0.735672,高潜力
743,U000573,0.735514,高潜力
744,U001827,0.735402,高潜力
745,U002089,0.735394,高潜力
746,U004112,0.735383,高潜力
747,U003095,0.735032,高潜力
748,U002979,0.734732,高潜力
749,U002195,0.734519,高潜力
750,U001453,0.734335,高潜力
751,U004021,0.734335,高潜力
752,U001443,0.733793,高潜力
753,U001738,0.733644,高潜力
754,U001035,0.733471,高潜力
755,U002845,0.733366,高潜力
756,U002130,0.733313,高潜力
757,U002126,0.733125,高潜力
758,U002770,0.733061,高潜力
759,U002312,0.73304,高潜力
760,U002513,0.733019,高潜力
761,U004831,0.732463,高潜力
762,U004713,0.73206,高潜力
763,U002426,0.732059,高潜力
764,U001438,0.731874,高潜力
765,U004226,0.731732,高潜力
766,U002865,0.731702,高潜力
767,U000280,0.731661,高潜力
768,U002157,0.731607,高潜力
769,U002079,0.730778,高潜力
770,U004410,0.730201,高潜力
771,U003984,0.729891,高潜力
772,U004117,0.729822,高潜力
773,U002325,0.729762,高潜力
774,U002435,0.729479,高潜力
775,U001755,0.729411,高潜力
776,U001094,0.729356,高潜力
777,U001130,0.729201,高潜力
778,U001271,0.72904,高潜力
779,U003777,0.728975,高潜力
780,U002135,0.728893,高潜力
781,U000567,0.728766,高潜力
782,U003029,0.728724,高潜力
783,U001414,0.728145,高潜力
784,U001936,0.727842,高潜力
785,U003721,0.727324,高潜力
786,U001771,0.727289,高潜力
787,U004069,0.727119,高潜力
788,U002810,0.727042,高潜力
789,U000784,0.726906,高潜力
790,U003718,0.726792,高潜力
791,U000301,0.726779,高潜力
792,U003149,0.726652,高潜力
793,U000366,0.72534,高潜力
794,U001932,0.725323,高潜力
795,U002069,0.725021,高潜力
796,U004240,0.724408,高潜力
797,U001674,0.724246,高潜力
798,U001555,0.724238,高潜力
799,U002481,0.724054,高潜力
800,U003390,0.72336,高潜力
801,U003802,0.723349,高潜力
802,U003943,0.723021,高潜力
803,U002545,0.723,高潜力
804,U002253,0.722926,高潜力
805,U003388,0.721734,高潜力
806,U001882,0.721569,高潜力
807,U000637,0.72136,高潜力
808,U003818,0.721324,高潜力
809,U001652,0.721066,高潜力
810,U000493,0.721025,高潜力
811,U003918,0.720886,高潜力
812,U004168,0.720288,高潜力
813,U002885,0.720232,高潜力
814,U002413,0.720102,高潜力
815,U004829,0.720094,高潜力
816,U002658,0.720014,高潜力
817,U004516,0.719726,高潜力
818,U003003,0.719607,高潜力
819,U004581,0.719545,高潜力
820,U001101,0.719361,高潜力
821,U003773,0.719204,高潜力
822,U003062,0.71902,高潜力
823,U000693,0.719001,高潜力
824,U000682,0.718888,高潜力
825,U002922,0.718877,高潜力
826,U000241,0.718605,高潜力
827,U004667,0.71858,高潜力
828,U000595,0.718497,高潜力
829,U003957,0.718199,高潜力
830,U003093,0.718148,高潜力
831,U002274,0.718059,高潜力
832,U001864,0.718049,高潜力
833,U000011,0.718048,高潜力
834,U003620,0.718034,高潜力
835,U003299,0.717998,高潜力
836,U004998,0.717845,高潜力
837,U001886,0.717458,高潜力
838,U001611,0.717356,高潜力
839,U004219,0.717337,高潜力
840,U004078,0.716759,高潜力
841,U004815,0.71671,高潜力
842,U003629,0.716662,高潜力
843,U002945,0.71643,高潜力
844,U002694,0.716332,高潜力
845,U003913,0.716121,高潜力
846,U002853,0.715831,高潜力
847,U002313,0.715606,高潜力
848,U002867,0.715466,高潜力
849,U000941,0.715407,高潜力
850,U003183,0.714248,高潜力
851,U003697,0.71407,高潜力
852,U001676,0.714018,高潜力
853,U004017,0.713952,高潜力
854,U003026,0.71337,高潜力
855,U004750,0.713191,高潜力
856,U003410,0.712858,高潜力
857,U003999,0.712811,高潜力
858,U003332,0.712723,高潜力
859,U000731,0.712562,高潜力
860,U001472,0.712442,高潜力
861,U001704,0.711922,高潜力
862,U003687,0.711386,高潜力
863,U001302,0.710918,高潜力
864,U000212,0.710784,高潜力
865,U003960,0.710644,高潜力
866,U000137,0.710613,高潜力
867,U001106,0.710447,高潜力
868,U004964,0.710328,高潜力
869,U002792,0.71019,高潜力
870,U000971,0.709868,高潜力
871,U004113,0.709832,高潜力
872,U002882,0.709687,高潜力
873,U003540,0.709534,高潜力
874,U001642,0.709513,高潜力
875,U003581,0.709403,高潜力
876,U000908,0.709011,高潜力
877,U004754,0.708761,高潜力
878,U002445,0.708718,高潜力
879,U000810,0.70853,高潜力
880,U004865,0.708391,高潜力
881,U002233,0.708286,高潜力
882,U002145,0.708231,高潜力
883,U004059,0.708165,高潜力
884,U001017,0.708041,高潜力
885,U004039,0.707902,高潜力
886,U000700,0.707881,高潜力
887,U003207,0.707135,高潜力
888,U003260,0.706994,高潜力
889,U003224,0.706981,高潜力
890,U002348,0.706859,高潜力
891,U002843,0.706393,高潜力
892,U001662,0.706368,高潜力
893,U001902,0.706207,高潜力
894,U002529,0.705923,高潜力
895,U000520,0.705798,高潜力
896,U001211,0.705707,高潜力
897,U001422,0.705628,高潜力
898,U003679,0.705514,高潜力
899,U000855,0.705218,高潜力
900,U003051,0.705207,高潜力
901,U004194,0.704899,高潜力
902,U000818,0.704775,高潜力
903,U004135,0.703948,高潜力
904,U000129,0.703801,高潜力
905,U003462,0.703715,高潜力
906,U002692,0.703711,高潜力
907,U002376,0.703501,高潜力
908,U003832,0.703482,高潜力
909,U004199,0.703388,高潜力
910,U000571,0.703375,高潜力
911,U000978,0.702897,高潜力
912,U004385,0.702884,高潜力
913,U001688,0.702703,高潜力
914,U002557,0.702628,高潜力
915,U001686,0.702068,高潜力
916,U000529,0.701608,高潜力
917,U003225,0.701439,高潜力
918,U004946,0.701018,高潜力
919,U004057,0.700875,高潜力
920,U004329,0.700738,高潜力
921,U000616,0.700549,高潜力
922,U001142,0.700402,高潜力
923,U004361,0.700384,高潜力
924,U000295,0.70026,高潜力
925,U004601,0.700181,高潜力
926,U000609,0.700131,高潜力
927,U001901,0.700066,高潜力
928,U002033,0.699717,中等潜力
929,U003605,0.699691,中等潜力
930,U000763,0.699525,中等潜力
931,U004184,0.699485,中等潜力
932,U003908,0.699445,中等潜力
933,U003209,0.699253,中等潜力
934,U001957,0.698928,中等潜力
935,U001922,0.698263,中等潜力
936,U004947,0.697973,中等潜力
937,U001159,0.697521,中等潜力
938,U001952,0.697495,中等潜力
939,U003328,0.697487,中等潜力
940,U003218,0.697425,中等潜力
941,U001520,0.696984,中等潜力
942,U004436,0.69666,中等潜力
943,U002371,0.696638,中等潜力
944,U004362,0.696611,中等潜力
945,U002399,0.696608,中等潜力
946,U004091,0.696459,中等潜力
947,U000331,0.696457,中等潜力
948,U003846,0.696438,中等潜力
949,U004538,0.695793,中等潜力
950,U004291,0.695776,中等潜力
951,U004972,0.695493,中等潜力
952,U001525,0.695493,中等潜力
953,U003849,0.695232,中等潜力
954,U000160,0.695198,中等潜力
955,U004559,0.694826,中等潜力
956,U004506,0.694746,中等潜力
957,U003811,0.694333,中等潜力
958,U001511,0.694151,中等潜力
959,U004086,0.694023,中等潜力
960,U002199,0.693505,中等潜力
961,U001579,0.693453,中等潜力
962,U003986,0.693224,中等潜力
963,U002483,0.692874,中等潜力
964,U004721,0.692506,中等潜力
965,U000250,0.692426,中等潜力
966,U001750,0.692215,中等潜力
967,U002626,0.692214,中等潜力
968,U004322,0.691944,中等潜力
969,U001022,0.691497,中等潜力
970,U004845,0.691313,中等潜力
971,U004626,0.69127,中等潜力
972,U000409,0.691268,中等潜力
973,U000114,0.691226,中等潜力
974,U004902,0.690968,中等潜力
975,U000452,0.690777,中等潜力
976,U001962,0.690602,中等潜力
977,U002925,0.690427,中等潜力
978,U002750,0.689675,中等潜力
979,U004448,0.689398,中等潜力
980,U000179,0.689202,中等潜力
981,U004443,0.688917,中等潜力
982,U001296,0.688605,中等潜力
983,U002851,0.688568,中等潜力
984,U002653,0.688303,中等潜力
985,U000653,0.688158,中等潜力
986,U000017,0.688093,中等潜力
987,U002056,0.688093,中等潜力
988,U002994,0.688027,中等潜力
989,U004134,0.687397,中等潜力
990,U003290,0.687244,中等潜力
991,U001699,0.687176,中等潜力
992,U003727,0.687089,中等潜力
993,U002015,0.687044,中等潜力
994,U004983,0.686765,中等潜力
995,U000386,0.686759,中等潜力
996,U002475,0.686388,中等潜力
997,U000990,0.686388,中等潜力
998,U004731,0.686051,中等潜力
999,U004568,0.685785,中等潜力
1000,U002163,0.685672,中等潜力
1001,U002826,0.685663,中等潜力
1002,U001668,0.685423,中等潜力
1003,U001405,0.685056,中等潜力
1004,U004792,0.684993,中等潜力
1005,U002333,0.684828,中等潜力
1006,U001973,0.684443,中等潜力
1007,U001507,0.684381,中等潜力
1008,U001115,0.684252,中等潜力
1009,U000563,0.683966,中等潜力
1010,U004051,0.683949,中等潜力
1011,U002052,0.683763,中等潜力
1012,U003606,0.683535,中等潜力
1013,U003825,0.683382,中等潜力
1014,U003138,0.683378,中等潜力
1015,U000728,0.682904,中等潜力
1016,U003429,0.682703,中等潜力
1017,U002576,0.682466,中等潜力
1018,U002942,0.682331,中等潜力
1019,U003080,0.681847,中等潜力
1020,U003904,0.681303,中等潜力
1021,U003584,0.681088,中等潜力
1022,U002463,0.680913,中等潜力
1023,U001365,0.680852,中等潜力
1024,U001074,0.680536,中等潜力
1025,U004509,0.680431,中等潜力
1026,U002319,0.680382,中等潜力
1027,U001166,0.680349,中等潜力
1028,U000826,0.679746,中等潜力
1029,U000485,0.679429,中等潜力
1030,U002306,0.67939,中等潜力
1031,U001697,0.679301,中等潜力
1032,U001186,0.679066,中等潜力
1033,U001565,0.679006,中等潜力
1034,U003812,0.678905,中等潜力
1035,U002954,0.678628,中等潜力
1036,U002854,0.678594,中等潜力
1037,U003896,0.678429,中等潜力
1038,U002016,0.678148,中等潜力
1039,U001350,0.677838,中等潜力
1040,U004511,0.677656,中等潜力
1041,U000513,0.677615,中等潜力
1042,U000939,0.67746,中等潜力
1043,U001521,0.677226,中等潜力
1044,U001334,0.676907,中等潜力
1045,U000308,0.676846,中等潜力
1046,U001524,0.676392,中等潜力
1047,U000341,0.676005,中等潜力
1048,U002415,0.675913,中等潜力
1049,U004605,0.67591,中等潜力
1050,U001461,0.675904,中等潜力
1051,U000798,0.675858,中等潜力
1052,U002457,0.6755,中等潜力
1053,U001828,0.675451,中等潜力
1054,U001843,0.675289,中等潜力
1055,U002745,0.674668,中等潜力
1056,U003529,0.674609,中等潜力
1057,U002659,0.674556,中等潜力
1058,U004414,0.67454,中等潜力
1059,U001705,0.674486,中等潜力
1060,U000326,0.674404,中等潜力
1061,U001046,0.674256,中等潜力
1062,U000777,0.673964,中等潜力
1063,U004517,0.673943,中等潜力
1064,U000997,0.673604,中等潜力
1065,U000808,0.673355,中等潜力
1066,U004503,0.673281,中等潜力
1067,U001328,0.673166,中等潜力
1068,U002465,0.672795,中等潜力
1069,U004824,0.672317,中等潜力
1070,U000327,0.672066,中等潜力
1071,U001202,0.672043,中等潜力
1072,U004659,0.671979,中等潜力
1073,U004392,0.671842,中等潜力
1074,U004192,0.671812,中等潜力
1075,U003136,0.671678,中等潜力
1076,U002484,0.671669,中等潜力
1077,U002454,0.671389,中等潜力
1078,U000062,0.671227,中等潜力
1079,U004466,0.670832,中等潜力
1080,U002741,0.670801,中等潜力
1081,U004758,0.669793,中等潜力
1082,U003994,0.669719,中等潜力
1083,U003469,0.668871,中等潜力
1084,U000473,0.66879,中等潜力
1085,U001229,0.668308,中等潜力
1086,U002236,0.667995,中等潜力
1087,U001842,0.667936,中等潜力
1088,U000718,0.667733,中等潜力
1089,U003376,0.66758,中等潜力
1090,U000923,0.667415,中等潜力
1091,U003539,0.667279,中等潜力
1092,U002508,0.6669,中等潜力
1093,U000182,0.666689,中等潜力
1094,U004959,0.666625,中等潜力
1095,U004015,0.666573,中等潜力
1096,U004942,0.666477,中等潜力
1097,U000655,0.666389,中等潜力
1098,U002404,0.666243,中等潜力
1099,U002718,0.666059,中等潜力
1100,U000047,0.665364,中等潜力
1101,U000236,0.665195,中等潜力
1102,U002613,0.66511,中等潜力
1103,U004032,0.664989,中等潜力
1104,U003902,0.664823,中等潜力
1105,U000754,0.664768,中等潜力
1106,U000980,0.664744,中等潜力
1107,U000168,0.664711,中等潜力
1108,U004685,0.664276,中等潜力
1109,U004228,0.664067,中等潜力
1110,U001601,0.663934,中等潜力
1111,U002387,0.66391,中等潜力
1112,U004989,0.663888,中等潜力
1113,U002284,0.663828,中等潜力
1114,U003813,0.663599,中等潜力
1115,U001600,0.66356,中等潜力
1116,U002396,0.663173,中等潜力
1117,U002769,0.663154,中等潜力
1118,U004491,0.663128,中等潜力
1119,U003604,0.663115,中等潜力
1120,U001238,0.662649,中等潜力
1121,U002004,0.662561,中等潜力
1122,U000597,0.66222,中等潜力
1123,U004378,0.662017,中等潜力
1124,U003257,0.661849,中等潜力
1125,U000768,0.661821,中等潜力
1126,U003851,0.661773,中等潜力
1127,U001954,0.661751,中等潜力
1128,U004260,0.661517,中等潜力
1129,U003405,0.661079,中等潜力
1130,U001710,0.660949,中等潜力
1131,U001305,0.660764,中等潜力
1132,U003866,0.660606,中等潜力
1133,U004866,0.660569,中等潜力
1134,U000883,0.660188,中等潜力
1135,U003563,0.659887,中等潜力
1136,U002340,0.659716,中等潜力
1137,U003032,0.659625,中等潜力
1138,U003308,0.659497,中等潜力
1139,U000271,0.659386,中等潜力
1140,U002211,0.659315,中等潜力
1141,U001746,0.658929,中等潜力
1142,U000016,0.658855,中等潜力
1143,U001888,0.658819,中等潜力
1144,U004661,0.658691,中等潜力
1145,U004101,0.658632,中等潜力
1146,U002266,0.658403,中等潜力
1147,U000310,0.658373,中等潜力
1148,U004710,0.658356,中等潜力
1149,U004085,0.65806,中等潜力
1150,U003040,0.657836,中等潜力
1151,U003171,0.65744,中等潜力
1152,U003573,0.657407,中等潜力
1153,U002628,0.657262,中等潜力
1154,U003704,0.65722,中等潜力
1155,U002189,0.65718,中等潜力
1156,U000075,0.656965,中等潜力
1157,U003782,0.656727,中等潜力
1158,U003132,0.656362,中等潜力
1159,U001280,0.656327,中等潜力
1160,U001761,0.656249,中等潜力
1161,U001692,0.656169,中等潜力
1162,U002080,0.656137,中等潜力
1163,U004850,0.656112,中等潜力
1164,U004985,0.655667,中等潜力
1165,U004267,0.655397,中等潜力
1166,U001785,0.655284,中等潜力
1167,U000466,0.655274,中等潜力
1168,U000894,0.655161,中等潜力
1169,U000207,0.654945,中等潜力
1170,U003544,0.654765,中等潜力
1171,U000022,0.654601,中等潜力
1172,U002008,0.654568,中等潜力
1173,U004868,0.653776,中等潜力
1174,U004718,0.653334,中等潜力
1175,U002520,0.653127,中等潜力
1176,U004752,0.652965,中等潜力
1177,U001153,0.65291,中等潜力
1178,U001980,0.652867,中等潜力
1179,U004551,0.652722,中等潜力
1180,U004945,0.652461,中等潜力
1181,U002136,0.652444,中等潜力
1182,U000550,0.651972,中等潜力
1183,U004853,0.651936,中等潜力
1184,U004485,0.651883,中等潜力
1185,U003452,0.651865,中等潜力
1186,U002786,0.651149,中等潜力
1187,U001739,0.651108,中等潜力
1188,U001175,0.650542,中等潜力
1189,U003545,0.650379,中等潜力
1190,U001197,0.649921,中等潜力
1191,U001530,0.649802,中等潜力
1192,U002785,0.649795,中等潜力
1193,U004218,0.649778,中等潜力
1194,U002405,0.649647,中等潜力
1195,U004976,0.649419,中等潜力
1196,U001215,0.649109,中等潜力
1197,U003162,0.648234,中等潜力
1198,U004149,0.648073,中等潜力
1199,U001721,0.647992,中等潜力
1200,U000197,0.647774,中等潜力
1201,U003809,0.647715,中等潜力
1202,U003928,0.647544,中等潜力
1203,U002077,0.647269,中等潜力
1204,U003450,0.647211,中等潜力
1205,U004058,0.64706,中等潜力
1206,U001849,0.646758,中等潜力
1207,U002373,0.646739,中等潜力
1208,U001424,0.646017,中等潜力
1209,U004884,0.645708,中等潜力
1210,U002889,0.645522,中等潜力
1211,U000860,0.645414,中等潜力
1212,U002707,0.645256,中等潜力
1213,U002191,0.64525,中等潜力
1214,U000118,0.645006,中等潜力
1215,U004624,0.644911,中等潜力
1216,U002900,0.644541,中等潜力
1217,U002176,0.644524,中等潜力
1218,U000689,0.644208,中等潜力
1219,U003585,0.644016,中等潜力
1220,U002524,0.643917,中等潜力
1221,U000403,0.643805,中等潜力
1222,U003968,0.643777,中等潜力
1223,U002666,0.643283,中等潜力
1224,U002570,0.642622,中等潜力
1225,U001759,0.642394,中等潜力
1226,U001533,0.641825,中等潜力
1227,U002816,0.64143,中等潜力
1228,U003089,0.641393,中等潜力
1229,U000420,0.641307,中等潜力
1230,U003708,0.64101,中等潜力
1231,U001745,0.640985,中等潜力
1232,U004936,0.640334,中等潜力
1233,U001862,0.640203,中等潜力
1234,U004416,0.639543,中等潜力
1235,U001221,0.639164,中等潜力
1236,U003595,0.638883,中等潜力
1237,U002006,0.638356,中等潜力
1238,U004478,0.638144,中等潜力
1239,U003569,0.638135,中等潜力
1240,U001460,0.638112,中等潜力
1241,U004842,0.638038,中等潜力
1242,U003206,0.637976,中等潜力
1243,U003755,0.637024,中等潜力
1244,U004193,0.636722,中等潜力
1245,U001173,0.636281,中等潜力
1246,U003203,0.636246,中等潜力
1247,U000019,0.636055,中等潜力
1248,U000049,0.634965,中等潜力
1249,U001913,0.63468,中等潜力
1250,U002517,0.634604,中等潜力
1251,U004809,0.634383,中等潜力
1252,U003044,0.634382,中等潜力
1253,U004596,0.634164,中等潜力
1254,U003460,0.634131,中等潜力
1255,U000519,0.6339,中等潜力
1256,U004453,0.633516,中等潜力
1257,U004040,0.633481,中等潜力
1258,U004674,0.632171,中等潜力
1259,U001071,0.63217,中等潜力
1260,U002612,0.631962,中等潜力
1261,U003674,0.63187,中等潜力
1262,U003564,0.631762,中等潜力
1263,U003732,0.631635,中等潜力
1264,U000186,0.631522,中等潜力
1265,U004564,0.630621,中等潜力
1266,U002541,0.630553,中等潜力
1267,U003667,0.63054,中等潜力
1268,U000556,0.630372,中等潜力
1269,U004206,0.630255,中等潜力
1270,U002704,0.629984,中等潜力
1271,U003258,0.629939,中等潜力
1272,U002712,0.629736,中等潜力
1273,U001165,0.629112,中等潜力
1274,U001103,0.628345,中等潜力
1275,U003874,0.628296,中等潜力
1276,U000410,0.627911,中等潜力
1277,U003011,0.627759,中等潜力
1278,U002574,0.627724,中等潜力
1279,U001531,0.627508,中等潜力
1280,U003847,0.627093,中等潜力
1281,U000120,0.627045,中等潜力
1282,U001225,0.627002,中等潜力
1283,U003444,0.626746,中等潜力
1284,U004780,0.626543,中等潜力
1285,U001599,0.626498,中等潜力
1286,U000490,0.62634,中等潜力
1287,U002201,0.62553,中等潜力
1288,U002730,0.624958,中等潜力
1289,U003954,0.624905,中等潜力
1290,U003917,0.624595,中等潜力
1291,U002066,0.62456,中等潜力
1292,U004014,0.624374,中等潜力
1293,U000288,0.624248,中等潜力
1294,U002938,0.62402,中等潜力
1295,U001726,0.623802,中等潜力
1296,U003004,0.623714,中等潜力
1297,U000839,0.62321,中等潜力
1298,U000125,0.623203,中等潜力
1299,U000681,0.622949,中等潜力
1300,U003980,0.622867,中等潜力
1301,U000895,0.622723,中等潜力
1302,U001582,0.622606,中等潜力
1303,U001651,0.621531,中等潜力
1304,U003326,0.621378,中等潜力
1305,U001259,0.621154,中等潜力
1306,U001637,0.621148,中等潜力
1307,U002781,0.620739,中等潜力
1308,U002221,0.620127,中等潜力
1309,U004822,0.619918,中等潜力
1310,U000614,0.619664,中等潜力
1311,U004872,0.619513,中等潜力
1312,U001824,0.619168,中等潜力
1313,U001149,0.619036,中等潜力
1314,U004873,0.618775,中等潜力
1315,U002231,0.618721,中等潜力
1316,U003439,0.618696,中等潜力
1317,U000306,0.61846,中等潜力
1318,U001714,0.618143,中等潜力
1319,U001204,0.617842,中等潜力
1320,U002059,0.617756,中等潜力
1321,U001286,0.616474,中等潜力
1322,U001401,0.61623,中等潜力
1323,U004435,0.615932,中等潜力
1324,U001064,0.615903,中等潜力
1325,U003289,0.615872,中等潜力
1326,U001993,0.615811,中等潜力
1327,U003868,0.615594,中等潜力
1328,U000162,0.615581,中等潜力
1329,U003397,0.614927,中等潜力
1330,U001631,0.614377,中等潜力
1331,U004835,0.614182,中等潜力
1332,U004977,0.614151,中等潜力
1333,U003972,0.614084,中等潜力
1334,U002966,0.613911,中等潜力
1335,U002841,0.613868,中等潜力
1336,U004356,0.613846,中等潜力
1337,U002486,0.613048,中等潜力
1338,U004195,0.612878,中等潜力
1339,U000393,0.612853,中等潜力
1340,U000701,0.61267,中等潜力
1341,U001884,0.612347,中等潜力
1342,U001150,0.611697,中等潜力
1343,U002122,0.611496,中等潜力
1344,U003091,0.610844,中等潜力
1345,U002156,0.609518,中等潜力
1346,U001789,0.609024,中等潜力
1347,U001951,0.608911,中等潜力
1348,U000911,0.608098,中等潜力
1349,U002041,0.607882,中等潜力
1350,U001832,0.607856,中等潜力
1351,U004673,0.607691,中等潜力
1352,U001887,0.607572,中等潜力
1353,U002631,0.607236,中等潜力
1354,U001474,0.607147,中等潜力
1355,U003317,0.607068,中等潜力
1356,U003283,0.607063,中等潜力
1357,U004363,0.606919,中等潜力
1358,U002489,0.605759,中等潜力
1359,U001315,0.605142,中等潜力
1360,U002049,0.605011,中等潜力
1361,U004089,0.604954,中等潜力
1362,U002856,0.604769,中等潜力
1363,U000272,0.604719,中等潜力
1364,U002429,0.60468,中等潜力
1365,U004470,0.604294,中等潜力
1366,U004886,0.60408,中等潜力
1367,U004394,0.603918,中等潜力
1368,U003608,0.603835,中等潜力
1369,U004572,0.603542,中等潜力
1370,U002995,0.603341,中等潜力
1371,U003946,0.602888,中等潜力
1372,U002917,0.602517,中等潜力
1373,U004165,0.602482,中等潜力
1374,U004397,0.601794,中等潜力
1375,U004522,0.601782,中等潜力
1376,U002964,0.601626,中等潜力
1377,U001402,0.601115,中等潜力
1378,U003187,0.60109,中等潜力
1379,U003054,0.600838,中等潜力
1380,U000628,0.600045,中等潜力
1381,U004368,0.6,中等潜力
1382,U001418,0.599562,中等潜力
1383,U004181,0.598673,中等潜力
1384,U002042,0.598541,中等潜力
1385,U003360,0.598348,中等潜力
1386,U004442,0.598103,中等潜力
1387,U003869,0.597742,中等潜力
1388,U003489,0.597576,中等潜力
1389,U003504,0.597374,中等潜力
1390,U000126,0.59733,中等潜力
1391,U001378,0.597086,中等潜力
1392,U004830,0.595988,中等潜力
1393,U003106,0.595706,中等潜力
1394,U000737,0.595686,中等潜力
1395,U001093,0.595576,中等潜力
1396,U003039,0.595542,中等潜力
1397,U004625,0.595531,中等潜力
1398,U000132,0.59501,中等潜力
1399,U000920,0.594991,中等潜力
1400,U004139,0.594772,中等潜力
1401,U004905,0.594185,中等潜力
1402,U000704,0.594127,中等潜力
1403,U003888,0.593856,中等潜力
1404,U000857,0.593704,中等潜力
1405,U002087,0.593512,中等潜力
1406,U003379,0.593446,中等潜力
1407,U000257,0.593428,中等潜力
1408,U002812,0.593354,中等潜力
1409,U000764,0.593353,中等潜力
1410,U000742,0.592754,中等潜力
1411,U002957,0.592345,中等潜力
1412,U002999,0.592117,中等潜力
1413,U003382,0.591918,中等潜力
1414,U004061,0.591875,中等潜力
1415,U003078,0.59172,中等潜力
1416,U001787,0.591473,中等潜力
1417,U004889,0.590908,中等潜力
1418,U001592,0.590683,中等潜力
1419,U002897,0.590579,中等潜力
1420,U000703,0.58956,中等潜力
1421,U000598,0.589553,中等潜力
1422,U004246,0.589426,中等潜力
1423,U004851,0.589057,中等潜力
1424,U000480,0.588865,中等潜力
1425,U001803,0.588832,中等潜力
1426,U002358,0.588638,中等潜力
1427,U000309,0.588003,中等潜力
1428,U004723,0.587814,中等潜力
1429,U003828,0.587746,中等潜力
1430,U004932,0.587478,中等潜力
1431,U003305,0.58735,中等潜力
1432,U002685,0.586818,中等潜力
1433,U000683,0.58649,中等潜力
1434,U000995,0.586037,中等潜力
1435,U000027,0.58558,中等潜力
1436,U004725,0.585037,中等潜力
1437,U003887,0.584871,中等潜力
1438,U002949,0.584819,中等潜力
1439,U000504,0.584191,中等潜力
1440,U001643,0.584,中等潜力
1441,U002023,0.582956,中等潜力
1442,U004978,0.582285,中等潜力
1443,U002321,0.582113,中等潜力
1444,U003150,0.582045,中等潜力
1445,U003245,0.582015,中等潜力
1446,U003535,0.581481,中等潜力
1447,U000926,0.580815,中等潜力
1448,U000575,0.579564,中等潜力
1449,U002794,0.579541,中等潜力
1450,U003192,0.57901,中等潜力
1451,U003339,0.578988,中等潜力
1452,U001766,0.57867,中等潜力
1453,U000918,0.578594,中等潜力
1454,U000963,0.578526,中等潜力
1455,U002946,0.578424,中等潜力
1456,U000913,0.578418,中等潜力
1457,U000739,0.578043,中等潜力
1458,U001179,0.577349,中等潜力
1459,U002113,0.57719,中等潜力
1460,U001633,0.577087,中等潜力
1461,U001941,0.576317,中等潜力
1462,U000929,0.576137,中等潜力
1463,U002820,0.574986,中等潜力
1464,U001665,0.574692,中等潜力
1465,U001055,0.574092,中等潜力
1466,U002468,0.574006,中等潜力
1467,U004917,0.573715,中等潜力
1468,U000087,0.573682,中等潜力
1469,U003966,0.572723,中等潜力
1470,U001707,0.57266,中等潜力
1471,U000782,0.572417,中等潜力
1472,U003735,0.572185,中等潜力
1473,U003754,0.572179,中等潜力
1474,U004198,0.571585,中等潜力
1475,U002166,0.570908,中等潜力
1476,U001477,0.570817,中等潜力
1477,U001327,0.570076,中等潜力
1478,U004016,0.569612,中等潜力
1479,U002914,0.569183,中等潜力
1480,U000078,0.568354,中等潜力
1481,U000705,0.56825,中等潜力
1482,U002378,0.56778,中等潜力
1483,U004320,0.567637,中等潜力
1484,U001607,0.567626,中等潜力
1485,U000362,0.567186,中等潜力
1486,U004566,0.567143,中等潜力
1487,U001261,0.566722,中等潜力
1488,U004664,0.565761,中等潜力
1489,U004858,0.565675,中等潜力
1490,U003221,0.565493,中等潜力
1491,U001297,0.565098,中等潜力
1492,U002967,0.56459,中等潜力
1493,U004571,0.563554,中等潜力
1494,U004013,0.563462,中等潜力
1495,U001247,0.562888,中等潜力
1496,U002766,0.562676,中等潜力
1497,U001538,0.562572,中等潜力
1498,U002230,0.562514,中等潜力
1499,U002479,0.561648,中等潜力
1500,U004359,0.561481,中等潜力
1501,U004364,0.561322,中等潜力
1502,U004804,0.561273,中等潜力
1503,U001820,0.560923,中等潜力
1504,U002020,0.560525,中等潜力
1505,U002064,0.55999,中等潜力
1506,U000284,0.559739,中等潜力
1507,U004790,0.559702,中等潜力
1508,U004352,0.559416,中等潜力
1509,U002362,0.559359,中等潜力
1510,U001615,0.559316,中等潜力
1511,U003059,0.559121,中等潜力
1512,U003628,0.559038,中等潜力
1513,U003894,0.557732,中等潜力
1514,U003739,0.557104,中等潜力
1515,U004916,0.556607,中等潜力
1516,U002116,0.556276,中等潜力
1517,U002237,0.555581,中等潜力
1518,U000067,0.554854,中等潜力
1519,U002540,0.554491,中等潜力
1520,U001363,0.554314,中等潜力
1521,U001382,0.554139,中等潜力
1522,U003036,0.553873,中等潜力
1523,U001343,0.552936,中等潜力
1524,U001260,0.552887,中等潜力
1525,U001577,0.55236,中等潜力
1526,U001867,0.552323,中等潜力
1527,U003837,0.551924,中等潜力
1528,U003058,0.551903,中等潜力
1529,U004048,0.55174,中等潜力
1530,U004575,0.551166,中等潜力
1531,U001148,0.55114,中等潜力
1532,U000427,0.550378,中等潜力
1533,U004619,0.549908,中等潜力
1534,U004855,0.549269,中等潜力
1535,U003189,0.549029,中等潜力
1536,U004807,0.548921,中等潜力
1537,U003945,0.548902,中等潜力
1538,U001767,0.547898,中等潜力
1539,U003409,0.547741,中等潜力
1540,U000251,0.547486,中等潜力
1541,U000203,0.547437,中等潜力
1542,U000305,0.547183,中等潜力
1543,U002610,0.547135,中等潜力
1544,U004813,0.546601,中等潜力
1545,U004376,0.546438,中等潜力
1546,U000721,0.546284,中等潜力
1547,U000865,0.546251,中等潜力
1548,U004401,0.546111,中等潜力
1549,U001232,0.545864,中等潜力
1550,U004347,0.545412,中等潜力
1551,U002332,0.545176,中等潜力
1552,U001757,0.544997,中等潜力
1553,U003361,0.54498,中等潜力
1554,U001574,0.544901,中等潜力
1555,U000085,0.544852,中等潜力
1556,U004208,0.544307,中等潜力
1557,U004337,0.544262,中等潜力
1558,U002873,0.543752,中等潜力
1559,U004254,0.543283,中等潜力
1560,U004504,0.543094,中等潜力
1561,U004029,0.542817,中等潜力
1562,U001278,0.542799,中等潜力
1563,U001241,0.542384,中等潜力
1564,U001140,0.542296,中等潜力
1565,U003528,0.54226,中等潜力
1566,U003387,0.541927,中等潜力
1567,U004024,0.541913,中等潜力
1568,U000015,0.541792,中等潜力
1569,U004700,0.541509,中等潜力
1570,U003975,0.541494,中等潜力
1571,U003857,0.540161,中等潜力
1572,U000804,0.539961,中等潜力
1573,U001434,0.539771,中等潜力
1574,U004801,0.538743,中等潜力
1575,U004957,0.538323,中等潜力
1576,U000510,0.537425,中等潜力
1577,U003495,0.537175,中等潜力
1578,U000648,0.536968,中等潜力
1579,U002771,0.536483,中等潜力
1580,U004748,0.536392,中等潜力
1581,U003105,0.53637,中等潜力
1582,U003864,0.536243,中等潜力
1583,U003374,0.535854,中等潜力
1584,U004629,0.535326,中等潜力
1585,U000814,0.535048,中等潜力
1586,U003414,0.532974,中等潜力
1587,U004586,0.53279,中等潜力
1588,U002696,0.531528,中等潜力
1589,U004539,0.531327,中等潜力
1590,U001818,0.530172,中等潜力
1591,U000112,0.529665,中等潜力
1592,U000029,0.52963,中等潜力
1593,U003853,0.529394,中等潜力
1594,U004703,0.528831,中等潜力
1595,U004150,0.528593,中等潜力
1596,U003181,0.52853,中等潜力
1597,U003159,0.527862,中等潜力
1598,U003247,0.52758,中等潜力
1599,U002837,0.527491,中等潜力
1600,U000781,0.526131,中等潜力
1601,U001486,0.525286,中等潜力
1602,U002000,0.524672,中等潜力
1603,U002716,0.524346,中等潜力
1604,U003454,0.524008,中等潜力
1605,U003399,0.523745,中等潜力
1606,U002353,0.523253,中等潜力
1607,U000537,0.522875,中等潜力
1608,U003413,0.522834,中等潜力
1609,U001185,0.520641,中等潜力
1610,U004893,0.520527,中等潜力
1611,U004549,0.520118,中等潜力
1612,U001019,0.519882,中等潜力
1613,U001978,0.51981,中等潜力
1614,U004476,0.518769,中等潜力
1615,U000800,0.518517,中等潜力
1616,U002863,0.518517,中等潜力
1617,U003710,0.515955,中等潜力
1618,U003330,0.515855,中等潜力
1619,U004582,0.515183,中等潜力
1620,U000046,0.514244,中等潜力
1621,U001617,0.513954,中等潜力
1622,U004174,0.512783,中等潜力
1623,U002906,0.512094,中等潜力
1624,U000952,0.511613,中等潜力
1625,U002655,0.511121,中等潜力
1626,U000928,0.510751,中等潜力
1627,U000848,0.510329,中等潜力
1628,U000564,0.510267,中等潜力
1629,U004744,0.509913,中等潜力
1630,U004214,0.509125,中等潜力
1631,U001723,0.5088,中等潜力
1632,U001661,0.508486,中等潜力
1633,U003992,0.50835,中等潜力
1634,U001252,0.507889,中等潜力
1635,U001673,0.507528,中等潜力
1636,U004282,0.507098,中等潜力
1637,U003909,0.506907,中等潜力
1638,U001719,0.5068,中等潜力
1639,U002090,0.505495,中等潜力
1640,U003301,0.504453,中等潜力
1641,U002780,0.504125,中等潜力
1642,U000741,0.503397,中等潜力
1643,U001490,0.503243,中等潜力
1644,U000948,0.502849,中等潜力
1645,U000554,0.502589,中等潜力
1646,U003279,0.501881,中等潜力
1647,U003214,0.501735,中等潜力
1648,U000389,0.501639,中等潜力
1649,U001054,0.500766,中等潜力
1650,U002521,0.499721,中等潜力
1651,U001404,0.499601,中等潜力
1652,U003427,0.499507,中等潜力
1653,U004892,0.499171,中等潜力
1654,U004634,0.498338,中等潜力
1655,U004295,0.497214,中等潜力
1656,U002681,0.49689,中等潜力
1657,U000903,0.496585,中等潜力
1658,U001292,0.496521,中等潜力
1659,U004071,0.496447,中等潜力
1660,U003098,0.495798,中等潜力
1661,U002401,0.494742,中等潜力
1662,U002926,0.494627,中等潜力
1663,U001318,0.494014,中等潜力
1664,U003876,0.493366,中等潜力
1665,U000506,0.492403,中等潜力
1666,U003378,0.491591,中等潜力
1667,U000780,0.491391,中等潜力
1668,U003250,0.491263,中等潜力
1669,U000210,0.490866,中等潜力
1670,U001967,0.49082,中等潜力
1671,U002492,0.490527,中等潜力
1672,U001821,0.488873,中等潜力
1673,U004940,0.488695,中等潜力
1674,U000252,0.488615,中等潜力
1675,U001488,0.487972,中等潜力
1676,U000190,0.487268,中等潜力
1677,U003806,0.48688,中等潜力
1678,U001586,0.486414,中等潜力
1679,U000697,0.486398,中等潜力
1680,U000975,0.485951,中等潜力
1681,U001840,0.485761,中等潜力
1682,U001301,0.484839,中等潜力
1683,U002916,0.483638,中等潜力
1684,U003578,0.482641,中等潜力
1685,U003208,0.482513,中等潜力
1686,U002657,0.482147,中等潜力
1687,U000897,0.482146,中等潜力
1688,U002958,0.480618,中等潜力
1689,U000899,0.480054,中等潜力
1690,U002635,0.479858,中等潜力
1691,U003816,0.479739,中等潜力
1692,U000400,0.47966,中等潜力
1693,U001715,0.479334,中等潜力
1694,U001989,0.478955,中等潜力
1695,U003244,0.478692,中等潜力
1696,U000586,0.478385,中等潜力
1697,U000211,0.4773,中等潜力
1698,U000587,0.476054,中等潜力
1699,U000225,0.474701,中等潜力
1700,U000558,0.473892,中等潜力
1701,U004340,0.473188,中等潜力
1702,U003484,0.473096,中等潜力
1703,U002662,0.472312,中等潜力
1704,U003472,0.471461,中等潜力
1705,U004878,0.471171,中等潜力
1706,U000801,0.469554,中等潜力
1707,U000665,0.469272,中等潜力
1708,U000501,0.468936,中等潜力
1709,U002147,0.46745,中等潜力
1710,U001013,0.467416,中等潜力
1711,U003215,0.466791,中等潜力
1712,U001875,0.465364,中等潜力
1713,U000128,0.465198,中等潜力
1714,U001381,0.465189,中等潜力
1715,U000590,0.464774,中等潜力
1716,U000588,0.464153,中等潜力
1717,U004923,0.46366,中等潜力
1718,U004683,0.4626,中等潜力
1719,U001063,0.46241,中等潜力
1720,U001597,0.461707,中等潜力
1721,U000662,0.46164,中等潜力
1722,U000973,0.461374,中等潜力
1723,U003348,0.460295,中等潜力
1724,U001310,0.460139,中等潜力
1725,U004449,0.459434,中等潜力
1726,U001032,0.459121,中等潜力
1727,U003893,0.459025,中等潜力
1728,U002552,0.458792,中等潜力
1729,U003161,0.458296,中等潜力
1730,U002596,0.457935,中等潜力
1731,U000139,0.457587,中等潜力
1732,U002385,0.457535,中等潜力
1733,U003367,0.457104,中等潜力
1734,U001051,0.45708,中等潜力
1735,U004704,0.456485,中等潜力
1736,U000033,0.456357,中等潜力
1737,U002527,0.455359,中等潜力
1738,U001299,0.45494,中等潜力
1739,U000793,0.454764,中等潜力
1740,U000051,0.454641,中等潜力
1741,U000483,0.452939,中等潜力
1742,U001622,0.452264,中等潜力
1743,U001111,0.451478,中等潜力
1744,U002819,0.450269,中等潜力
1745,U004887,0.449193,中等潜力
1746,U002414,0.448638,中等潜力
1747,U001911,0.448151,中等潜力
1748,U004931,0.448014,中等潜力
1749,U000845,0.447905,中等潜力
1750,U004500,0.44735,中等潜力
1751,U004660,0.447197,中等潜力
1752,U004573,0.444757,中等潜力
1753,U002025,0.444498,中等潜力
1754,U000734,0.444274,中等潜力
1755,U000667,0.44427,中等潜力
1756,U003676,0.443568,中等潜力
1757,U004141,0.443137,中等潜力
1758,U001475,0.442665,中等潜力
1759,U003428,0.441275,中等潜力
1760,U004729,0.44095,中等潜力
1761,U003583,0.440241,中等潜力
1762,U002192,0.439795,中等潜力
1763,U003693,0.43771,中等潜力
1764,U004023,0.437644,中等潜力
1765,U002283,0.43757,中等潜力
1766,U002246,0.43746,中等潜力
1767,U004455,0.436743,中等潜力
1768,U003442,0.436685,中等潜力
1769,U002887,0.436605,中等潜力
1770,U000219,0.436442,中等潜力
1771,U003006,0.436037,中等潜力
1772,U003570,0.435822,中等潜力
1773,U004277,0.435064,中等潜力
1774,U002715,0.434654,中等潜力
1775,U001720,0.43436,中等潜力
1776,U000061,0.433915,中等潜力
1777,U000408,0.433771,中等潜力
1778,U003259,0.433446,中等潜力
1779,U003632,0.433433,中等潜力
1780,U000630,0.433118,中等潜力
1781,U003502,0.432499,中等潜力
1782,U003636,0.4322,中等潜力
1783,U000240,0.432176,中等潜力
1784,U003338,0.430861,中等潜力
1785,U001740,0.430731,中等潜力
1786,U004671,0.430665,中等潜力
1787,U001992,0.430316,中等潜力
1788,U004763,0.430017,中等潜力
1789,U004745,0.43001,中等潜力
1790,U003983,0.42932,中等潜力
1791,U001181,0.429211,中等潜力
1792,U002161,0.428383,中等潜力
1793,U004279,0.428087,中等潜力
1794,U004022,0.427898,中等潜力
1795,U004353,0.426298,中等潜力
1796,U001236,0.425692,中等潜力
1797,U001994,0.425499,中等潜力
1798,U001419,0.425404,中等潜力
1799,U004498,0.425337,中等潜力
1800,U002784,0.42506,中等潜力
1801,U002764,0.42417,中等潜力
1802,U002929,0.423468,中等潜力
1803,U004501,0.423458,中等潜力
1804,U003557,0.4231,中等潜力
1805,U002804,0.422675,中等潜力
1806,U002453,0.420791,中等潜力
1807,U000152,0.420391,中等潜力
1808,U004888,0.420258,中等潜力
1809,U003041,0.419253,中等潜力
1810,U003318,0.418865,中等潜力
1811,U002497,0.418417,中等潜力
1812,U001066,0.418338,中等潜力
1813,U001919,0.416835,中等潜力
1814,U004343,0.415737,中等潜力
1815,U002693,0.41484,中等潜力
1816,U001868,0.414179,中等潜力
1817,U000993,0.413984,中等潜力
1818,U000089,0.413594,中等潜力
1819,U002536,0.413531,中等潜力
1820,U000258,0.412993,中等潜力
1821,U000936,0.412834,中等潜力
1822,U001927,0.411908,中等潜力
1823,U000322,0.411701,中等潜力
1824,U004367,0.411494,中等潜力
1825,U003654,0.411466,中等潜力
1826,U002416,0.411064,中等潜力
1827,U001542,0.410561,中等潜力
1828,U004200,0.410319,中等潜力
1829,U001088,0.410128,中等潜力
1830,U003720,0.409899,中等潜力
1831,U003316,0.40959,中等潜力
1832,U001058,0.409487,中等潜力
1833,U004742,0.409388,中等潜力
1834,U004302,0.408952,中等潜力
1835,U001126,0.408614,中等潜力
1836,U001939,0.408491,中等潜力
1837,U004593,0.406108,中等潜力
1838,U000932,0.405699,中等潜力
1839,U000270,0.405379,中等潜力
1840,U003571,0.404744,中等潜力
1841,U001091,0.403062,中等潜力
1842,U002650,0.402859,中等潜力
1843,U000813,0.402348,中等潜力
1844,U003013,0.40218,中等潜力
1845,U004298,0.40213,中等潜力
1846,U003453,0.401818,中等潜力
1847,U001727,0.401811,中等潜力
1848,U002330,0.401353,中等潜力
1849,U002556,0.401225,中等潜力
1850,U000750,0.400002,中等潜力
1851,U004563,0.399678,低潜力
1852,U001595,0.39963,低潜力
1853,U002886,0.399136,低潜力
1854,U001068,0.398834,低潜力
1855,U002507,0.398718,低潜力
1856,U004879,0.397949,低潜力
1857,U002875,0.39768,低潜力
1858,U000263,0.397595,低潜力
1859,U003077,0.396602,低潜力
1860,U004106,0.396356,低潜力
1861,U001606,0.395968,低潜力
1862,U001410,0.395885,低潜力
1863,U002774,0.395273,低潜力
1864,U000102,0.39494,低潜力
1865,U002470,0.394027,低潜力
1866,U000038,0.393941,低潜力
1867,U000835,0.393835,低潜力
1868,U004305,0.393551,低潜力
1869,U002214,0.393362,低潜力
1870,U002512,0.39254,低潜力
1871,U004125,0.391456,低潜力
1872,U000574,0.391319,低潜力
1873,U004993,0.390997,低潜力
1874,U003850,0.390956,低潜力
1875,U003819,0.389948,低潜力
1876,U003961,0.389398,低潜力
1877,U002825,0.389325,低潜力
1878,U000503,0.388666,低潜力
1879,U002210,0.388478,低潜力
1880,U001172,0.388422,低潜力
1881,U004250,0.388372,低潜力
1882,U000987,0.387805,低潜力
1883,U000001,0.387688,低潜力
1884,U001892,0.387676,低潜力
1885,U000325,0.387589,低潜力
1886,U000933,0.387066,低潜力
1887,U000479,0.386635,低潜力
1888,U000215,0.386536,低潜力
1889,U004133,0.38621,低潜力
1890,U000313,0.385611,低潜力
1891,U004508,0.383476,低潜力
1892,U003824,0.383244,低潜力
1893,U000500,0.382728,低潜力
1894,U004403,0.382692,低潜力
1895,U001321,0.382346,低潜力
1896,U002462,0.381348,低潜力
1897,U000795,0.380487,低潜力
1898,U004867,0.380386,低潜力
1899,U001817,0.379671,低潜力
1900,U004494,0.378261,低潜力
1901,U004423,0.37825,低潜力
1902,U003672,0.378192,低潜力
1903,U002299,0.378071,低潜力
1904,U000286,0.377465,低潜力
1905,U001537,0.37731,低潜力
1906,U000687,0.377066,低潜力
1907,U000612,0.376739,低潜力
1908,U004576,0.376505,低潜力
1909,U001645,0.376138,低潜力
1910,U004265,0.375395,低潜力
1911,U004126,0.375244,低潜力
1912,U004179,0.374255,低潜力
1913,U000580,0.374078,低潜力
1914,U004669,0.374008,低潜力
1915,U004266,0.373986,低潜力
1916,U002566,0.373563,低潜力
1917,U003424,0.372344,低潜力
1918,U001427,0.37229,低潜力
1919,U004608,0.37226,低潜力
1920,U001330,0.37222,低潜力
1921,U001077,0.37102,低潜力
1922,U000405,0.370403,低潜力
1923,U004843,0.370066,低潜力
1924,U003096,0.369601,低潜力
1925,U002437,0.369228,低潜力
1926,U000729,0.369174,低潜力
1927,U001306,0.36882,低潜力
1928,U000316,0.368742,低潜力
1929,U000486,0.368641,低潜力
1930,U003924,0.36843,低潜力
1931,U004967,0.368259,低潜力
1932,U003049,0.36798,低潜力
1933,U003576,0.367958,低潜力
1934,U002752,0.367364,低潜力
1935,U004215,0.367289,低潜力
1936,U003255,0.367248,低潜力
1937,U001108,0.366884,低潜力
1938,U000329,0.366313,低潜力
1939,U001312,0.366003,低潜力
1940,U001319,0.365929,低潜力
1941,U004632,0.36555,低潜力
1942,U003014,0.365421,低潜力
1943,U003061,0.365406,低潜力
1944,U000947,0.365383,低潜力
1945,U004182,0.365365,低潜力
1946,U003172,0.364472,低潜力
1947,U004652,0.364399,低潜力
1948,U004120,0.364154,低潜力
1949,U001498,0.362886,低潜力
1950,U000824,0.362833,低潜力
1951,U001359,0.362743,低潜力
1952,U003534,0.362601,低潜力
1953,U003899,0.362231,低潜力
1954,U001855,0.362223,低潜力
1955,U004034,0.362033,低潜力
1956,U004261,0.362025,低潜力
1957,U004341,0.361705,低潜力
1958,U001209,0.361438,低潜力
1959,U000890,0.36128,低潜力
1960,U004118,0.361174,低潜力
1961,U000373,0.360895,低潜力
1962,U002472,0.360632,低潜力
1963,U003717,0.359951,低潜力
1964,U004156,0.359146,低潜力
1965,U004155,0.359026,低潜力
1966,U003021,0.357987,低潜力
1967,U003729,0.357816,低潜力
1968,U002984,0.357747,低潜力
1969,U001708,0.357423,低潜力
1970,U003671,0.357253,低潜力
1971,U002589,0.357092,低潜力
1972,U000381,0.356839,低潜力
1973,U000934,0.356742,低潜力
1974,U003797,0.356278,低潜力
1975,U004256,0.356263,低潜力
1976,U004711,0.355864,低潜力
1977,U000542,0.355826,低潜力
1978,U002788,0.355396,低潜力
1979,U000709,0.354648,低潜力
1980,U001337,0.354574,低潜力
1981,U000289,0.354494,低潜力
1982,U004041,0.354438,低潜力
1983,U003468,0.354273,低潜力
1984,U003642,0.354268,低潜力
1985,U000213,0.354191,低潜力
1986,U003146,0.353773,低潜力
1987,U003822,0.353726,低潜力
1988,U004825,0.353178,低潜力
1989,U001218,0.352686,低潜力
1990,U004457,0.35267,低潜力
1991,U003107,0.352621,低潜力
1992,U000269,0.352559,低潜力
1993,U003304,0.352481,低潜力
1994,U002159,0.352066,低潜力
1995,U000882,0.351682,低潜力
1996,U001332,0.350744,低潜力
1997,U001655,0.350586,低潜力
1998,U003730,0.350426,低潜力
1999,U003125,0.35036,低潜力
2000,U001307,0.350227,低潜力
2001,U001800,0.350095,低潜力
2002,U000134,0.35005,低潜力
2003,U001440,0.349641,低潜力
2004,U004383,0.349509,低潜力
2005,U002105,0.348874,低潜力
2006,U002291,0.348867,低潜力
2007,U000959,0.348854,低潜力
2008,U002099,0.348821,低潜力
2009,U003929,0.348621,低潜力
2010,U003334,0.348536,低潜力
2011,U002480,0.348278,低潜力
2012,U001798,0.348136,低潜力
2013,U001036,0.347588,低潜力
2014,U003016,0.34728,低潜力
2015,U004447,0.346598,低潜力
2016,U002451,0.346586,低潜力
2017,U003647,0.346543,低潜力
2018,U002200,0.346453,低潜力
2019,U004323,0.346132,低潜力
2020,U000304,0.345972,低潜力
2021,U002170,0.345945,低潜力
2022,U001177,0.345115,低潜力
2023,U002800,0.344967,低潜力
2024,U003911,0.344781,低潜力
2025,U001889,0.34465,低潜力
2026,U003709,0.344577,低潜力
2027,U001366,0.344534,低潜力
2028,U002277,0.344495,低潜力
2029,U004602,0.344406,低潜力
2030,U004132,0.344308,低潜力
2031,U000200,0.343425,低潜力
2032,U004083,0.34327,低潜力
2033,U004521,0.34305,低潜力
2034,U001672,0.342958,低潜力
2035,U002678,0.342724,低潜力
2036,U002603,0.342512,低潜力
2037,U002257,0.342444,低潜力
2038,U000602,0.3424,低潜力
2039,U002660,0.342232,低潜力
2040,U002689,0.341378,低潜力
2041,U004502,0.341094,低潜力
2042,U001614,0.341068,低潜力
2043,U002679,0.341028,低潜力
2044,U004612,0.340905,低潜力
2045,U003627,0.340744,低潜力
2046,U004315,0.340741,低潜力
2047,U002762,0.339929,低潜力
2048,U003858,0.339676,低潜力
2049,U002022,0.339172,低潜力
2050,U004175,0.338974,低潜力
2051,U004419,0.338787,低潜力
2052,U000907,0.338384,低潜力
2053,U004273,0.337993,低潜力
2054,U000159,0.337916,低潜力
2055,U004761,0.337825,低潜力
2056,U004958,0.337718,低潜力
2057,U002977,0.337204,低潜力
2058,U000979,0.337007,低潜力
2059,U001997,0.336927,低潜力
2060,U001256,0.336479,低潜力
2061,U003884,0.336252,低潜力
2062,U004565,0.336244,低潜力
2063,U003507,0.336063,低潜力
2064,U001568,0.335997,低潜力
2065,U000282,0.335426,低潜力
2066,U004398,0.33535,低潜力
2067,U004278,0.335348,低潜力
2068,U000940,0.334723,低潜力
2069,U002615,0.334403,低潜力
2070,U002074,0.334176,低潜力
2071,U004230,0.334126,低潜力
2072,U001015,0.334072,低潜力
2073,U003731,0.333994,低潜力
2074,U001594,0.333964,低潜力
2075,U003325,0.333682,低潜力
2076,U004321,0.3332,低潜力
2077,U004286,0.332789,低潜力
2078,U002941,0.33261,低潜力
2079,U004775,0.332607,低潜力
2080,U001237,0.332271,低潜力
2081,U003886,0.331817,低潜力
2082,U002062,0.331769,低潜力
2083,U002708,0.33155,低潜力
2084,U002410,0.331042,低潜力
2085,U001351,0.330958,低潜力
2086,U003155,0.330796,低潜力
2087,U004177,0.330574,低潜力
2088,U004757,0.330259,低潜力
2089,U000107,0.329707,低潜力
2090,U004143,0.329317,低潜力
2091,U001701,0.328931,低潜力
2092,U000164,0.328423,低潜力
2093,U001510,0.328151,低潜力
2094,U004247,0.327706,低潜力
2095,U004122,0.327489,低潜力
2096,U002488,0.327193,低潜力
2097,U003131,0.326894,低潜力
2098,U003996,0.326345,低潜力
2099,U000696,0.326252,低潜力
2100,U004650,0.326163,低潜力
2101,U001675,0.325892,低潜力
2102,U004897,0.325874,低潜力
2103,U004550,0.325557,低潜力
2104,U004375,0.325511,低潜力
2105,U001709,0.325494,低潜力
2106,U004486,0.325289,低潜力
2107,U002138,0.325281,低潜力
2108,U000624,0.325115,低潜力
2109,U004952,0.325097,低潜力
2110,U003485,0.324726,低潜力
2111,U003075,0.324312,低潜力
2112,U001593,0.324137,低潜力
2113,U001244,0.323924,低潜力
2114,U001087,0.323887,低潜力
2115,U002543,0.323311,低潜力
2116,U000871,0.323269,低潜力
2117,U000315,0.322837,低潜力
2118,U001974,0.322763,低潜力
2119,U000141,0.322664,低潜力
2120,U002238,0.322635,低潜力
2121,U000607,0.32238,低潜力
2122,U000396,0.321885,低潜力
2123,U001222,0.321483,低潜力
2124,U002354,0.321379,低潜力
2125,U003143,0.321276,低潜力
2126,U003464,0.321067,低潜力
2127,U000925,0.320783,低潜力
2128,U001837,0.320771,低潜力
2129,U002070,0.320755,低潜力
2130,U002196,0.320322,低潜力
2131,U004638,0.31944,低潜力
2132,U003863,0.319419,低潜力
2133,U003521,0.319287,低潜力
2134,U004811,0.319041,低潜力
2135,U000109,0.318546,低潜力
2136,U001770,0.318472,低潜力
2137,U003939,0.318338,低潜力
2138,U002263,0.318169,低潜力
2139,U001182,0.318103,低潜力
2140,U001346,0.318082,低潜力
2141,U004793,0.318063,低潜力
2142,U003524,0.317933,低潜力
2143,U001423,0.317622,低潜力
2144,U001169,0.317555,低潜力
2145,U004607,0.317343,低潜力
2146,U001466,0.317279,低潜力
2147,U004255,0.316565,低潜力
2148,U000161,0.315834,低潜力
2149,U004628,0.315679,低潜力
2150,U000205,0.315651,低潜力
2151,U001056,0.315323,低潜力
2152,U002623,0.315306,低潜力
2153,U001940,0.314896,低潜力
2154,U004880,0.314884,低潜力
2155,U002611,0.31482,低潜力
2156,U004841,0.314498,低潜力
2157,U002054,0.31448,低潜力
2158,U001288,0.314448,低潜力
2159,U002002,0.31439,低潜力
2160,U002178,0.314313,低潜力
2161,U001879,0.313264,低潜力
2162,U000676,0.313258,低潜力
2163,U000455,0.313252,低潜力
2164,U001816,0.313019,低潜力
2165,U000680,0.312912,低潜力
2166,U002366,0.312781,低潜力
2167,U001733,0.312703,低潜力
2168,U002375,0.31231,低潜力
2169,U004335,0.311958,低潜力
2170,U003217,0.311645,低潜力
2171,U001934,0.311615,低潜力
2172,U000312,0.311586,低潜力
2173,U001448,0.311564,低潜力
2174,U000441,0.31156,低潜力
2175,U003137,0.311362,低潜力
2176,U001195,0.311325,低潜力
2177,U002287,0.311325,低潜力
2178,U002807,0.311256,低潜力
2179,U000294,0.311053,低潜力
2180,U001371,0.310851,低潜力
2181,U002652,0.310615,低潜力
2182,U002327,0.309745,低潜力
2183,U004487,0.309641,低潜力
2184,U004636,0.309373,低潜力
2185,U004035,0.308864,低潜力
2186,U002548,0.308775,低潜力
2187,U001814,0.308676,低潜力
2188,U000407,0.308346,低潜力
2189,U001468,0.307952,低潜力
2190,U004129,0.307669,低潜力
2191,U002360,0.307575,低潜力
2192,U004380,0.307545,低潜力
2193,U004656,0.307294,低潜力
2194,U004741,0.30718,低潜力
2195,U002290,0.306812,低潜力
2196,U001760,0.306756,低潜力
2197,U000766,0.306631,低潜力
2198,U002269,0.30633,低潜力
2199,U004063,0.30627,低潜力
2200,U004663,0.306141,低潜力
2201,U004708,0.306053,低潜力
2202,U001924,0.305579,低潜力
2203,U003445,0.305433,低潜力
2204,U002997,0.305174,低潜力
2205,U001096,0.304965,低潜力
2206,U000041,0.30495,低潜力
2207,U002336,0.304947,低潜力
2208,U001743,0.304906,低潜力
2209,U003639,0.304794,低潜力
2210,U000699,0.304591,低潜力
2211,U003582,0.304261,低潜力
2212,U003738,0.303235,低潜力
2213,U002280,0.303181,低潜力
2214,U000422,0.303106,低潜力
2215,U002643,0.302631,低潜力
2216,U000330,0.302536,低潜力
2217,U004331,0.302352,低潜力
2218,U001043,0.302217,低潜力
2219,U003905,0.302038,低潜力
2220,U001118,0.301902,低潜力
2221,U000634,0.301678,低潜力
2222,U004432,0.301633,低潜力
2223,U000708,0.30163,低潜力
2224,U000198,0.301489,低潜力
2225,U003969,0.301423,低潜力
2226,U003273,0.301376,低潜力
2227,U003803,0.301153,低潜力
2228,U000992,0.300941,低潜力
2229,U001691,0.300732,低潜力
2230,U000442,0.300611,低潜力
2231,U004691,0.300432,低潜力
2232,U003940,0.299942,低潜力
2233,U001034,0.299814,低潜力
2234,U001893,0.299534,低潜力
2235,U001685,0.299491,低潜力
2236,U003834,0.299098,低潜力
2237,U001138,0.298905,低潜力
2238,U000969,0.298835,低潜力
2239,U000732,0.29846,低潜力
2240,U002727,0.298345,低潜力
2241,U000384,0.298305,低潜力
2242,U001608,0.298251,低潜力
2243,U004109,0.298034,低潜力
2244,U004171,0.297806,低潜力
2245,U001812,0.297767,低潜力
2246,U003073,0.297549,低潜力
2247,U004407,0.296808,低潜力
2248,U000498,0.296667,低潜力
2249,U002359,0.29663,低潜力
2250,U001904,0.296199,低潜力
2251,U002234,0.295979,低潜力
2252,U002078,0.295689,低潜力
2253,U004074,0.295246,低潜力
2254,U004233,0.295153,低潜力
2255,U002223,0.294812,低潜力
2256,U002088,0.294796,低潜力
2257,U004735,0.294783,低潜力
2258,U002444,0.294543,低潜力
2259,U001100,0.294527,低潜力
2260,U000594,0.294507,低潜力
2261,U000534,0.294095,低潜力
2262,U003314,0.293704,低潜力
2263,U003356,0.293585,低潜力
2264,U001014,0.293175,低潜力
2265,U000050,0.292941,低潜力
2266,U004248,0.292896,低潜力
2267,U002165,0.292606,低潜力
2268,U002098,0.292521,低潜力
2269,U003087,0.292077,低潜力
2270,U001257,0.29206,低潜力
2271,U002162,0.292049,低潜力
2272,U004251,0.291984,低潜力
2273,U003763,0.291967,低潜力
2274,U001084,0.291712,低潜力
2275,U002584,0.291632,低潜力
2276,U001462,0.291573,低潜力
2277,U003118,0.291296,低潜力
2278,U003761,0.290984,低潜力
2279,U001506,0.290881,低潜力
2280,U001201,0.290751,低潜力
2281,U001970,0.290572,低潜力
2282,U003130,0.290145,低潜力
2283,U000982,0.290024,低潜力
2284,U000827,0.290001,低潜力
2285,U000387,0.289634,低潜力
2286,U000042,0.289361,低潜力
2287,U002859,0.289242,低潜力
2288,U002273,0.289226,低潜力
2289,U002829,0.289203,低潜力
2290,U000879,0.289154,低潜力
2291,U001127,0.289013,低潜力
2292,U004454,0.288602,低潜力
2293,U003785,0.287968,低潜力
2294,U002503,0.287893,低潜力
2295,U000983,0.28785,低潜力
2296,U003626,0.287769,低潜力
2297,U003664,0.287417,低潜力
2298,U002568,0.286609,低潜力
2299,U004639,0.286561,低潜力
2300,U002279,0.286439,低潜力
2301,U000881,0.286206,低潜力
2302,U000955,0.286004,低潜力
2303,U002749,0.285821,低潜力
2304,U002355,0.285376,低潜力
2305,U002148,0.28537,低潜力
2306,U001345,0.285275,低潜力
2307,U004783,0.284395,低潜力
2308,U004699,0.284287,低潜力
2309,U001752,0.284277,低潜力
2310,U000451,0.284243,低潜力
2311,U000521,0.284214,低潜力
2312,U001361,0.284165,低潜力
2313,U001858,0.284098,低潜力
2314,U000834,0.283916,低潜力
2315,U001679,0.28389,低潜力
2316,U001277,0.283857,低潜力
2317,U004894,0.283836,低潜力
2318,U000244,0.283622,低潜力
2319,U001871,0.283524,低潜力
2320,U003165,0.283492,低潜力
2321,U000569,0.28302,低潜力
2322,U004327,0.2829,低潜力
2323,U000553,0.282808,低潜力
2324,U000436,0.282777,低潜力
2325,U002342,0.282738,低潜力
2326,U004297,0.282658,低潜力
2327,U000812,0.282528,低潜力
2328,U003510,0.282386,低潜力
2329,U001603,0.282256,低潜力
2330,U004808,0.282194,低潜力
2331,U003237,0.282122,低潜力
2332,U000967,0.281473,低潜力
2333,U001666,0.281375,低潜力
2334,U004186,0.281089,低潜力
2335,U001690,0.280591,低潜力
2336,U004223,0.280529,低潜力
2337,U003907,0.280085,低潜力
2338,U000532,0.279977,低潜力
2339,U000944,0.279656,低潜力
2340,U003950,0.279639,低潜力
2341,U000960,0.279519,低潜力
2342,U003829,0.279473,低潜力
2343,U003698,0.279345,低潜力
2344,U003120,0.279127,低潜力
2345,U000448,0.278962,低潜力
2346,U002205,0.278899,低潜力
2347,U002379,0.278785,低潜力
2348,U003622,0.278591,低潜力
2349,U000692,0.27852,低潜力
2350,U003995,0.278515,低潜力
2351,U004812,0.278503,低潜力
2352,U003402,0.278088,低潜力
2353,U003650,0.278043,低潜力
2354,U002703,0.277967,低潜力
2355,U003298,0.277899,低潜力
2356,U001432,0.277647,低潜力
2357,U003631,0.277406,低潜力
2358,U003211,0.277206,低潜力
2359,U004488,0.276989,低潜力
2360,U000749,0.276911,低潜力
2361,U004008,0.276889,低潜力
2362,U003055,0.276691,低潜力
2363,U003854,0.276402,低潜力
2364,U001047,0.27614,低潜力
2365,U001416,0.275261,低潜力
2366,U004241,0.274796,低潜力
2367,U002261,0.274606,低潜力
2368,U001646,0.274424,低潜力
2369,U003254,0.274299,低潜力
2370,U003536,0.27404,低潜力
2371,U004827,0.273808,低潜力
2372,U000761,0.273807,低潜力
2373,U000644,0.273687,低潜力
2374,U003977,0.273661,低潜力
2375,U000747,0.273539,低潜力
2376,U000097,0.273539,低潜力
2377,U002038,0.273437,低潜力
2378,U001718,0.273401,低潜力
2379,U001240,0.272784,低潜力
2380,U004857,0.272636,低潜力
2381,U003152,0.272583,低潜力
2382,U001553,0.272563,低潜力
2383,U003346,0.272516,低潜力
2384,U004702,0.272453,低潜力
2385,U001436,0.272358,低潜力
2386,U000736,0.272072,低潜力
2387,U003038,0.271891,低潜力
2388,U004765,0.271646,低潜力
2389,U001234,0.271585,低潜力
2390,U002034,0.271483,低潜力
2391,U001514,0.271427,低潜力
2392,U004045,0.271252,低潜力
2393,U001826,0.271102,低潜力
2394,U004262,0.271056,低潜力
2395,U001376,0.271002,低潜力
2396,U001290,0.270781,低潜力
2397,U002478,0.270763,低潜力
2398,U004342,0.2707,低潜力
2399,U004818,0.270628,低潜力
2400,U001502,0.270344,低潜力
2401,U002181,0.270334,低潜力
2402,U004514,0.270166,低潜力
2403,U004370,0.269958,低潜力
2404,U002970,0.269389,低潜力
2405,U002275,0.269373,低潜力
2406,U003661,0.269307,低潜力
2407,U002441,0.269019,低潜力
2408,U004123,0.268937,低潜力
2409,U002599,0.268688,低潜力
2410,U001112,0.268646,低潜力
2411,U002374,0.268196,低潜力
2412,U003385,0.26806,低潜力
2413,U000996,0.268012,低潜力
2414,U000419,0.267938,低潜力
2415,U000547,0.267878,低潜力
2416,U001435,0.267699,低潜力
2417,U004926,0.267616,低潜力
2418,U002950,0.267381,低潜力
2419,U001981,0.267083,低潜力
2420,U001648,0.266823,低潜力
2421,U002506,0.266758,低潜力
2422,U004570,0.266486,低潜力
2423,U000221,0.266461,低潜力
2424,U004937,0.266215,低潜力
2425,U003723,0.2662,低潜力
2426,U002795,0.266146,低潜力
2427,U001853,0.266128,低潜力
2428,U003685,0.265845,低潜力
2429,U002793,0.265823,低潜力
2430,U003216,0.265648,低潜力
2431,U004334,0.26553,低潜力
2432,U002302,0.265211,低潜力
2433,U002755,0.265127,低潜力
2434,U002430,0.264444,低潜力
2435,U003261,0.264372,低潜力
2436,U003724,0.264102,低潜力
2437,U001835,0.264014,低潜力
2438,U004030,0.263951,低潜力
2439,U004303,0.263919,低潜力
2440,U004714,0.263638,低潜力
2441,U002980,0.263596,低潜力
2442,U001395,0.263565,低潜力
2443,U003228,0.263391,低潜力
2444,U002775,0.263359,低潜力
2445,U001532,0.263155,低潜力
2446,U002811,0.263032,低潜力
2447,U004244,0.262676,低潜力
2448,U004781,0.262669,低潜力
2449,U001076,0.262261,低潜力
2450,U003219,0.262208,低潜力
2451,U003126,0.262194,低潜力
2452,U004140,0.261822,低潜力
2453,U002838,0.261737,低潜力
2454,U003275,0.26169,低潜力
2455,U004876,0.261644,低潜力
2456,U004555,0.261575,低潜力
2457,U004590,0.26112,低潜力
2458,U004852,0.260861,低潜力
2459,U002184,0.260733,低潜力
2460,U001374,0.260601,低潜力
2461,U004224,0.260394,低潜力
2462,U001772,0.260092,低潜力
2463,U001587,0.259831,低潜力
2464,U001796,0.259201,低潜力
2465,U001948,0.259176,低潜力
2466,U003404,0.258695,低潜力
2467,U001540,0.258476,低潜力
2468,U004988,0.258328,低潜力
2469,U003827,0.258283,低潜力
2470,U000106,0.258185,低潜力
2471,U002288,0.258144,低潜力
2472,U003447,0.258124,低潜力
2473,U003677,0.257974,低潜力
2474,U001735,0.257594,低潜力
2475,U002760,0.257455,低潜力
2476,U003618,0.257421,低潜力
2477,U003655,0.257357,低潜力
2478,U001189,0.257311,低潜力
2479,U001552,0.257272,低潜力
2480,U000906,0.257194,低潜力
2481,U000323,0.257069,低潜力
2482,U002084,0.256926,低潜力
2483,U001281,0.256906,低潜力
2484,U002065,0.256857,低潜力
2485,U004121,0.25656,低潜力
2486,U004496,0.256528,低潜力
2487,U002207,0.256518,低潜力
2488,U004890,0.256441,低潜力
2489,U001398,0.2563,低潜力
2490,U004317,0.256179,低潜力
2491,U002857,0.25598,低潜力
2492,U003668,0.255765,低潜力
2493,U000339,0.255697,低潜力
2494,U000779,0.255695,低潜力
2495,U004189,0.255648,低潜力
2496,U004939,0.25561,低潜力
2497,U004239,0.255312,低潜力
2498,U000954,0.255222,低潜力
2499,U000533,0.255213,低潜力
2500,U002573,0.254933,低潜力
2501,U001214,0.25464,低潜力
2502,U000176,0.254585,低潜力
2503,U003114,0.25437,低潜力
2504,U000191,0.25418,低潜力
2505,U001971,0.253692,低潜力
2506,U003448,0.253643,低潜力
2507,U003700,0.253459,低潜力
2508,U001580,0.25344,低潜力
2509,U003249,0.253363,低潜力
2510,U000361,0.25322,低潜力
2511,U001744,0.253072,低潜力
2512,U000446,0.252917,低潜力
2513,U002602,0.252723,低潜力
2514,U004289,0.252686,低潜力
2515,U001226,0.252494,低潜力
2516,U004178,0.252446,低潜力
2517,U001136,0.25235,低潜力
2518,U001023,0.252315,低潜力
2519,U000169,0.252268,低潜力
2520,U000695,0.252168,低潜力
2521,U003919,0.251957,低潜力
2522,U003403,0.251762,低潜力
2523,U000383,0.251722,低潜力
2524,U003466,0.251626,低潜力
2525,U000668,0.251567,低潜力
2526,U004966,0.251419,低潜力
2527,U002187,0.251419,低潜力
2528,U004592,0.250192,低潜力
2529,U002992,0.250138,低潜力
2530,U001099,0.250069,低潜力
2531,U004965,0.249956,低潜力
2532,U000872,0.249698,低潜力
2533,U003115,0.249574,低潜力
2534,U002289,0.249409,低潜力
2535,U003549,0.249192,低潜力
2536,U000797,0.249176,低潜力
2537,U000525,0.248896,低潜力
2538,U000874,0.248662,低潜力
2539,U001335,0.248401,低潜力
2540,U002717,0.248339,低潜力
2541,U001069,0.248142,低潜力
2542,U001174,0.248138,低潜力
2543,U004290,0.248135,低潜力
2544,U001137,0.248014,低潜力
2545,U003432,0.247876,低潜力
2546,U004621,0.247553,低潜力
2547,U003701,0.247504,低潜力
2548,U000121,0.247473,低潜力
2549,U004169,0.247405,低潜力
2550,U002683,0.247356,低潜力
2551,U001243,0.247255,低潜力
2552,U004733,0.247216,低潜力
2553,U004207,0.247194,低潜力
2554,U000752,0.24696,低潜力
2555,U002012,0.246833,低潜力
2556,U000402,0.246753,低潜力
2557,U003990,0.246503,低潜力
2558,U003284,0.246225,低潜力
2559,U000044,0.246215,低潜力
2560,U004492,0.246173,低潜力
2561,U001910,0.246171,低潜力
2562,U000279,0.245898,低潜力
2563,U000245,0.245836,低潜力
2564,U004722,0.245698,低潜力
2565,U003776,0.245584,低潜力
2566,U001863,0.245329,低潜力
2567,U000332,0.245073,低潜力
2568,U000004,0.244922,低潜力
2569,U002645,0.244708,低潜力
2570,U000467,0.244554,低潜力
2571,U000346,0.244409,低潜力
2572,U000833,0.244378,低潜力
2573,U001467,0.244286,低潜力
2574,U002619,0.244178,低潜力
2575,U001289,0.244146,低潜力
2576,U003123,0.244093,低潜力
2577,U004826,0.244089,低潜力
2578,U004870,0.243827,低潜力
2579,U001519,0.243785,低潜力
2580,U000841,0.243564,低潜力
2581,U000654,0.243564,低潜力
2582,U002522,0.243533,低潜力
2583,U001968,0.243213,低潜力
2584,U001681,0.243191,低潜力
2585,U000290,0.243118,低潜力
2586,U002639,0.243083,低潜力
2587,U004427,0.242993,低潜力
2588,U002640,0.242418,低潜力
2589,U004963,0.242051,低潜力
2590,U004451,0.242028,低潜力
2591,U004429,0.242022,低潜力
2592,U000177,0.241995,低潜力
2593,U004421,0.241775,低潜力
2594,U001097,0.24167,低潜力
2595,U001899,0.241301,低潜力
2596,U004157,0.241223,低潜力
2597,U003477,0.241067,低潜力
2598,U000388,0.240675,低潜力
2599,U004461,0.240418,低潜力
2600,U002295,0.240347,低潜力
2601,U001653,0.240343,低潜力
2602,U004941,0.240339,低潜力
2603,U000847,0.240274,低潜力
2604,U002341,0.240209,低潜力
2605,U001866,0.240194,低潜力
2606,U003022,0.240005,低潜力
2607,U002154,0.239998,低潜力
2608,U000013,0.239972,低潜力
2609,U002621,0.239786,低潜力
2610,U003278,0.23969,低潜力
2611,U004856,0.239603,低潜力
2612,U000970,0.239542,低潜力
2613,U001325,0.239526,低潜力
2614,U001339,0.239525,低潜力
2615,U004528,0.239366,低潜力
2616,U001644,0.239025,低潜力
2617,U003712,0.238728,低潜力
2618,U001073,0.238328,低潜力
2619,U002592,0.237459,低潜力
2620,U003814,0.237429,低潜力
2621,U004693,0.237421,低潜力
2622,U002270,0.237264,低潜力
2623,U002605,0.237252,低潜力
2624,U003302,0.237099,低潜力
2625,U000124,0.237039,低潜力
2626,U004388,0.236758,低潜力
2627,U002412,0.236704,低潜力
2628,U004768,0.236647,低潜力
2629,U003836,0.236561,低潜力
2630,U000002,0.236538,低潜力
2631,U003204,0.236495,低潜力
2632,U002417,0.236417,低潜力
2633,U004668,0.236332,低潜力
2634,U004044,0.236039,低潜力
2635,U004428,0.235852,低潜力
2636,U002229,0.235829,低潜力
2637,U003363,0.235395,低潜力
2638,U000831,0.235393,低潜力
2639,U003419,0.235284,低潜力
2640,U004507,0.235195,低潜力
2641,U000869,0.234956,低潜力
2642,U002697,0.234923,低潜力
2643,U003315,0.234792,低潜力
2644,U000886,0.23472,低潜力
2645,U003511,0.234689,低潜力
2646,U001670,0.234347,低潜力
2647,U001554,0.234337,低潜力
2648,U004679,0.234095,低潜力
2649,U000685,0.233791,低潜力
2650,U000206,0.233258,低潜力
2651,U003689,0.233182,低潜力
2652,U002438,0.233162,低潜力
2653,U001409,0.232917,低潜力
2654,U002832,0.232833,低潜力
2655,U003488,0.232741,低潜力
2656,U000870,0.232471,低潜力
2657,U000846,0.232214,低潜力
2658,U003542,0.232124,低潜力
2659,U000238,0.231959,低潜力
2660,U001728,0.23185,低潜力
2661,U000714,0.231739,低潜力
2662,U000083,0.231465,低潜力
2663,U002549,0.231388,低潜力
2664,U003527,0.231313,低潜力
2665,U003594,0.231269,低潜力
2666,U004630,0.231269,低潜力
2667,U000568,0.231177,低潜力
2668,U000518,0.231149,低潜力
2669,U001005,0.230965,低潜力
2670,U002961,0.23096,低潜力
2671,U004404,0.230949,低潜力
2672,U002928,0.230561,低潜力
2673,U002450,0.230561,低潜力
2674,U002175,0.230545,低潜力
2675,U003591,0.230441,低潜力
2676,U004545,0.230244,低潜力
2677,U003554,0.230232,低潜力
2678,U001354,0.230213,低潜力
2679,U003726,0.230205,低潜力
2680,U004615,0.230022,低潜力
2681,U004355,0.229561,低潜力
2682,U003071,0.22953,低潜力
2683,U003719,0.229527,低潜力
2684,U004694,0.229185,低潜力
2685,U003491,0.228932,低潜力
2686,U000562,0.228705,低潜力
2687,U001856,0.228546,低潜力
2688,U001501,0.228431,低潜力
2689,U000123,0.228339,低潜力
2690,U001196,0.228321,低潜力
2691,U000593,0.228027,低潜力
2692,U004643,0.227986,低潜力
2693,U004882,0.227897,低潜力
2694,U004006,0.227776,低潜力
2695,U003398,0.227702,低潜力
2696,U003270,0.227586,低潜力
2697,U000185,0.227489,低潜力
2698,U002021,0.227352,低潜力
2699,U001898,0.227274,低潜力
2700,U000335,0.22712,低潜力
2701,U003017,0.227025,低潜力
2702,U004819,0.226946,低潜力
2703,U002118,0.226924,低潜力
2704,U003948,0.226855,低潜力
2705,U004906,0.226836,低潜力
2706,U003900,0.226205,低潜力
2707,U001249,0.226205,低潜力
2708,U004649,0.225989,低潜力
2709,U000819,0.225623,低潜力
2710,U002010,0.225359,低潜力
2711,U001356,0.225244,低潜力
2712,U001298,0.225175,低潜力
2713,U001896,0.225037,低潜力
2714,U003286,0.224945,低潜力
2715,U002581,0.224894,低潜力
2716,U001275,0.224871,低潜力
2717,U001219,0.224788,低潜力
2718,U003083,0.224761,低潜力
2719,U002802,0.224729,低潜力
2720,U000604,0.22445,低潜力
2721,U003067,0.224283,低潜力
2722,U003680,0.224209,低潜力
2723,U003633,0.224063,低潜力
2724,U004180,0.223788,低潜力
2725,U003760,0.223518,低潜力
2726,U000606,0.223174,低潜力
2727,U001039,0.223163,低潜力
2728,U002060,0.222745,低潜力
2729,U000789,0.222709,低潜力
2730,U004284,0.222623,低潜力
2731,U003696,0.222512,低潜力
2732,U000527,0.222346,低潜力
2733,U001479,0.222228,低潜力
2734,U003684,0.222168,低潜力
2735,U000492,0.222092,低潜力
2736,U003707,0.221992,低潜力
2737,U000180,0.221959,低潜力
2738,U004678,0.221879,低潜力
2739,U004633,0.221752,低潜力
2740,U000949,0.221712,低潜力
2741,U003287,0.221653,低潜力
2742,U002700,0.220792,低潜力
2743,U001168,0.220675,低潜力
2744,U001348,0.220634,低潜力
2745,U000318,0.220517,低潜力
2746,U001473,0.220148,低潜力
2747,U003364,0.21998,低潜力
2748,U000489,0.219929,低潜力
2749,U002632,0.219605,低潜力
2750,U003805,0.219582,低潜力
2751,U003993,0.219531,低潜力
2752,U001500,0.219109,低潜力
2753,U001942,0.218985,低潜力
2754,U003064,0.218954,低潜力
2755,U001499,0.218687,低潜力
2756,U004025,0.218541,低潜力
2757,U004211,0.218528,低潜力
2758,U003193,0.218413,低潜力
2759,U003895,0.21841,低潜力
2760,U002888,0.218164,低潜力
2761,U001999,0.218157,低潜力
2762,U003734,0.217595,低潜力
2763,U003092,0.217511,低潜力
2764,U000502,0.21739,低潜力
2765,U002577,0.217215,低潜力
2766,U001881,0.217179,低潜力
2767,U002019,0.217056,低潜力
2768,U001928,0.216996,低潜力
2769,U001205,0.216831,低潜力
2770,U004986,0.21678,低潜力
2771,U002267,0.216537,低潜力
2772,U004954,0.216419,低潜力
2773,U001123,0.216344,低潜力
2774,U000991,0.216313,低潜力
2775,U001564,0.216214,低潜力
2776,U001834,0.216207,低潜力
2777,U004090,0.216171,低潜力
2778,U004079,0.216097,低潜力
2779,U004115,0.216057,低潜力
2780,U002684,0.216008,低潜力
2781,U001682,0.215967,低潜力
2782,U000799,0.215451,低潜力
2783,U000130,0.215362,低潜力
2784,U002878,0.215252,低潜力
2785,U003915,0.215109,低潜力
2786,U003355,0.215057,低潜力
2787,U004687,0.215002,低潜力
2788,U000496,0.214905,低潜力
2789,U002125,0.214801,低潜力
2790,U000643,0.213974,低潜力
2791,U001754,0.213974,低潜力
2792,U000231,0.213904,低潜力
2793,U002773,0.213599,低潜力
2794,U003645,0.213568,低潜力
2795,U002898,0.213266,低潜力
2796,U001562,0.213258,低潜力
2797,U002915,0.213077,低潜力
2798,U002834,0.212979,低潜力
2799,U001702,0.212974,低潜力
2800,U000283,0.212907,低潜力
2801,U004665,0.212872,低潜力
2802,U001903,0.212707,低潜力
2803,U001513,0.212626,低潜力
2804,U003938,0.212548,低潜力
2805,U003572,0.212461,低潜力
2806,U000698,0.212346,低潜力
2807,U003833,0.212231,低潜力
2808,U000287,0.212057,低潜力
2809,U001569,0.212011,低潜力
2810,U000584,0.211904,低潜力
2811,U002872,0.211849,低潜力
2812,U003906,0.211831,低潜力
2813,U002546,0.211763,低潜力
2814,U004482,0.211645,低潜力
2815,U000788,0.211609,低潜力
2816,U000302,0.211204,低潜力
2817,U000901,0.211146,低潜力
2818,U001959,0.211091,低潜力
2819,U002620,0.211048,低潜力
2820,U001991,0.210812,低潜力
2821,U000823,0.210769,低潜力
2822,U004863,0.210709,低潜力
2823,U003370,0.210098,低潜力
2824,U002537,0.210037,低潜力
2825,U001449,0.209691,低潜力
2826,U001192,0.209465,低潜力
2827,U004062,0.209236,低潜力
2828,U001517,0.209142,低潜力
2829,U002884,0.209129,低潜力
2830,U003852,0.209115,低潜力
2831,U003156,0.209061,低潜力
2832,U001456,0.209029,低潜力
2833,U000966,0.208858,低潜力
2834,U000209,0.20852,低潜力
2835,U000472,0.208397,低潜力
2836,U000778,0.208314,低潜力
2837,U002434,0.208093,低潜力
2838,U003241,0.208036,低潜力
2839,U003068,0.208006,低潜力
2840,U004209,0.207916,低潜力
2841,U003202,0.207735,低潜力
2842,U001135,0.207676,低潜力
2843,U002108,0.207635,低潜力
2844,U001255,0.207601,低潜力
2845,U004732,0.207506,低潜力
2846,U000720,0.207398,低潜力
2847,U002381,0.207392,低潜力
2848,U000065,0.207384,低潜力
2849,U001660,0.207302,低潜力
2850,U000069,0.207014,低潜力
2851,U003435,0.206996,低潜力
2852,U000545,0.206995,低潜力
2853,U001844,0.206317,低潜力
2854,U004955,0.205843,低潜力
2855,U000559,0.205738,低潜力
2856,U002268,0.205694,低潜力
2857,U000660,0.205679,低潜力
2858,U002591,0.205521,低潜力
2859,U003989,0.20544,低潜力
2860,U001518,0.205396,低潜力
2861,U004548,0.205223,低潜力
2862,U002045,0.205052,低潜力
2863,U003389,0.204848,低潜力
2864,U001731,0.204624,低潜力
2865,U002665,0.204581,低潜力
2866,U003705,0.204511,低潜力
2867,U002895,0.204268,低潜力
2868,U002721,0.203826,低潜力
2869,U003823,0.203816,低潜力
2870,U003952,0.203614,低潜力
2871,U003791,0.203526,低潜力
2872,U000178,0.203228,低潜力
2873,U004689,0.202873,低潜力
2874,U001113,0.202617,低潜力
2875,U003031,0.202532,低潜力
2876,U000081,0.202461,低潜力
2877,U002322,0.202302,低潜力
2878,U001591,0.20216,低潜力
2879,U002343,0.202092,低潜力
2880,U003841,0.202081,低潜力
2881,U002296,0.201942,低潜力
2882,U001801,0.201839,低潜力
2883,U004098,0.201729,低潜力
2884,U003944,0.201725,低潜力
2885,U002562,0.20145,低潜力
2886,U003127,0.201433,低潜力
2887,U004644,0.201202,低潜力
2888,U002585,0.201167,低潜力
2889,U000951,0.20114,低潜力
2890,U001640,0.2011,低潜力
2891,U002547,0.201085,低潜力
2892,U000135,0.200932,低潜力
2893,U004102,0.200475,低潜力
2894,U002390,0.200469,低潜力
2895,U001683,0.200432,低潜力
2896,U001458,0.200347,低潜力
2897,U002081,0.200267,低潜力
2898,U002169,0.2002,低潜力
2899,U000985,0.200125,低潜力
2900,U000809,0.200108,低潜力
2901,U004142,0.199995,低潜力
2902,U003291,0.199782,低潜力
2903,U000950,0.199457,低潜力
2904,U003603,0.19945,低潜力
2905,U004474,0.199308,低潜力
2906,U004202,0.199206,低潜力
2907,U001790,0.199194,低潜力
2908,U003673,0.199067,低潜力
2909,U002855,0.19885,低潜力
2910,U004472,0.198842,低潜力
2911,U000508,0.198797,低潜力
2912,U003094,0.19856,低潜力
2913,U003166,0.198357,低潜力
2914,U003912,0.198294,低潜力
2915,U001865,0.198136,低潜力
2916,U002953,0.19811,低潜力
2917,U003321,0.198028,低潜力
2918,U001618,0.198003,低潜力
2919,U002101,0.1975,低潜力
2920,U004348,0.197489,低潜力
2921,U003443,0.197429,低潜力
2922,U001689,0.197265,低潜力
2923,U002932,0.197193,低潜力
2924,U004365,0.196841,低潜力
2925,U003265,0.19665,低潜力
2926,U003743,0.196425,低潜力
2927,U000756,0.196416,低潜力
2928,U004316,0.195851,低潜力
2929,U004797,0.195647,低潜力
2930,U001316,0.195595,低潜力
2931,U002930,0.195588,低潜力
2932,U002870,0.195581,低潜力
2933,U003525,0.195442,低潜力
2934,U000028,0.195376,低潜力
2935,U002654,0.195036,低潜力
2936,U000195,0.194896,低潜力
2937,U002482,0.194822,低潜力
2938,U002733,0.194406,低潜力
2939,U002848,0.194365,低潜力
2940,U001641,0.193875,低潜力
2941,U004288,0.19364,低潜力
2942,U001107,0.193479,低潜力
2943,U001102,0.193432,低潜力
2944,U002168,0.193385,低潜力
2945,U002048,0.193256,低潜力
2946,U002262,0.19318,低潜力
2947,U000783,0.193172,低潜力
2948,U001850,0.193092,低潜力
2949,U002625,0.193069,低潜力
2950,U002003,0.193064,低潜力
2951,U004306,0.193042,低潜力
2952,U002586,0.192865,低潜力
2953,U001609,0.192828,低潜力
2954,U004740,0.192763,低潜力
2955,U002971,0.192564,低潜力
2956,U001776,0.192412,低潜力
2957,U001254,0.192294,低潜力
2958,U002146,0.192035,低潜力
2959,U002814,0.19202,低潜力
2960,U002504,0.191882,低潜力
2961,U004257,0.191877,低潜力
2962,U001620,0.191871,低潜力
2963,U001528,0.191474,低潜力
2964,U004471,0.19137,低潜力
2965,U004237,0.191368,低潜力
2966,U004232,0.191261,低潜力
2967,U004903,0.191187,低潜力
2968,U002193,0.191109,低潜力
2969,U004896,0.19108,低潜力
2970,U003577,0.190945,低潜力
2971,U001857,0.190916,低潜力
2972,U000071,0.190746,低潜力
2973,U004154,0.190699,低潜力
2974,U004095,0.1905,低潜力
2975,U001024,0.190371,低潜力
2976,U002103,0.190366,低潜力
2977,U002896,0.190315,低潜力
2978,U001986,0.190211,低潜力
2979,U002031,0.18998,低潜力
2980,U003066,0.189948,低潜力
2981,U001158,0.189931,低潜力
2982,U000652,0.189872,低潜力
2983,U003520,0.189825,低潜力
2984,U003242,0.18982,低潜力
2985,U001317,0.189543,低潜力
2986,U003042,0.189481,低潜力
2987,U001262,0.189355,低潜力
2988,U004821,0.189124,低潜力
2989,U001811,0.188992,低潜力
2990,U001251,0.188961,低潜力
2991,U004479,0.188923,低潜力
2992,U000418,0.188735,低潜力
2993,U000657,0.188698,低潜力
2994,U001394,0.188607,低潜力
2995,U004391,0.188551,低潜力
2996,U003391,0.188425,低潜力
2997,U001239,0.188406,低潜力
2998,U002278,0.188144,低潜力
2999,U000457,0.188086,低潜力
3000,U003703,0.188073,低潜力
3001,U000266,0.188012,低潜力
3002,U000772,0.187963,低潜力
3003,U004307,0.187725,低潜力
3004,U004730,0.187675,低潜力
3005,U004160,0.187404,低潜力
3006,U000353,0.187307,低潜力
3007,U001206,0.187298,低潜力
3008,U002509,0.186904,低潜力
3009,U001489,0.186769,低潜力
3010,U000298,0.186435,低潜力
3011,U003552,0.186353,低潜力
3012,U003212,0.186277,低潜力
3013,U004369,0.185911,低潜力
3014,U002232,0.185716,低潜力
3015,U000117,0.185644,低潜力
3016,U004560,0.185635,低潜力
3017,U003916,0.185544,低潜力
3018,U001426,0.185483,低潜力
3019,U001583,0.18539,低潜力
3020,U002194,0.185056,低潜力
3021,U000638,0.185032,低潜力
3022,U000884,0.18502,低潜力
3023,U004979,0.184961,低潜力
3024,U004640,0.184693,低潜力
3025,U003296,0.184616,低潜力
3026,U002962,0.184604,低潜力
3027,U000694,0.184522,低潜力
3028,U003178,0.184281,低潜力
3029,U004600,0.18414,低潜力
3030,U003383,0.184004,低潜力
3031,U003349,0.183993,低潜力
3032,U001808,0.183978,低潜力
3033,U003416,0.183843,低潜力
3034,U000539,0.183811,低潜力
3035,U004162,0.183779,低潜力
3036,U000256,0.183751,低潜力
3037,U000432,0.183234,低潜力
3038,U004070,0.183129,低潜力
3039,U000774,0.18311,低潜力
3040,U002097,0.182592,低潜力
3041,U004111,0.182582,低潜力
3042,U000938,0.182492,低潜力
3043,U003821,0.181992,低潜力
3044,U002225,0.181757,低潜力
3045,U004951,0.181711,低潜力
3046,U002241,0.181607,低潜力
3047,U001070,0.181604,低潜力
3048,U002039,0.181578,低潜力
3049,U004541,0.181569,低潜力
3050,U004645,0.181315,低潜力
3051,U004773,0.181272,低潜力
3052,U001121,0.181268,低潜力
3053,U001065,0.181251,低潜力
3054,U002037,0.180939,低潜力
3055,U003890,0.180839,低潜力
3056,U002515,0.180834,低潜力
3057,U000148,0.180814,低潜力
3058,U003121,0.180558,低潜力
3059,U002939,0.180531,低潜力
3060,U003744,0.180378,低潜力
3061,U004296,0.180257,低潜力
3062,U003230,0.180096,低潜力
3063,U003958,0.180052,低潜力
3064,U000385,0.179967,低潜力
3065,U004480,0.179953,低潜力
3066,U001203,0.179944,低潜力
3067,U003236,0.17989,低潜力
3068,U003848,0.179872,低潜力
3069,U002446,0.17985,低潜力
3070,U000621,0.179303,低潜力
3071,U002975,0.179278,低潜力
3072,U004366,0.178971,低潜力
3073,U001854,0.178754,低潜力
3074,U003617,0.178372,低潜力
3075,U002433,0.178338,低潜力
3076,U000165,0.178264,低潜力
3077,U001377,0.178163,低潜力
3078,U000369,0.178139,低潜力
3079,U002408,0.177882,低潜力
3080,U004569,0.177802,低潜力
3081,U004641,0.177642,低潜力
3082,U001988,0.177635,低潜力
3083,U002518,0.177525,低潜力
3084,U003024,0.177275,低潜力
3085,U002564,0.177197,低潜力
3086,U004319,0.177148,低潜力
3087,U001545,0.177109,低潜力
3088,U003320,0.176799,低潜力
3089,U001129,0.176702,低潜力
3090,U003956,0.176657,低潜力
3091,U000785,0.176519,低潜力
3092,U003795,0.176355,低潜力
3093,U000605,0.176224,低潜力
3094,U000307,0.176219,低潜力
3095,U004536,0.176063,低潜力
3096,U004690,0.175978,低潜力
3097,U004216,0.175965,低潜力
3098,U003483,0.175949,低潜力
3099,U004921,0.175922,低潜力
3100,U003625,0.17574,低潜力
3101,U003941,0.175577,低潜力
3102,U000293,0.175293,低潜力
3103,U002245,0.175052,低潜力
3104,U003516,0.174896,低潜力
3105,U001082,0.17479,低潜力
3106,U001695,0.174688,低潜力
3107,U001935,0.174158,低潜力
3108,U000039,0.174092,低潜力
3109,U002830,0.173999,低潜力
3110,U002114,0.173859,低潜力
3111,U000829,0.173635,低潜力
3112,U004692,0.173625,低潜力
3113,U002254,0.173579,低潜力
3114,U003264,0.173505,低潜力
3115,U001965,0.173426,低潜力
3116,U002985,0.17338,低潜力
3117,U003875,0.173288,低潜力
3118,U003694,0.173218,低潜力
3119,U003789,0.17319,低潜力
3120,U001369,0.173079,低潜力
3121,U001945,0.173002,低潜力
3122,U003903,0.172998,低潜力
3123,U003119,0.172962,低潜力
3124,U003635,0.17291,低潜力
3125,U001905,0.172869,低潜力
3126,U001016,0.172858,低潜力
3127,U004823,0.17284,低潜力
3128,U002018,0.172837,低潜力
3129,U000514,0.172571,低潜力
3130,U002901,0.172558,低潜力
3131,U002634,0.172501,低潜力
3132,U001559,0.172386,低潜力
3133,U004996,0.172366,低潜力
3134,U002208,0.172357,低潜力
3135,U003753,0.172203,低潜力
3136,U000740,0.1722,低潜力
3137,U002036,0.172027,低潜力
3138,U004440,0.171976,低潜力
3139,U002724,0.171863,低潜力
3140,U004599,0.171852,低潜力
3141,U002106,0.171832,低潜力
3142,U004358,0.171747,低潜力
3143,U000024,0.171623,低潜力
3144,U004737,0.171263,低潜力
3145,U004914,0.171164,低潜力
3146,U003787,0.171161,低潜力
3147,U002398,0.170953,低潜力
3148,U000156,0.170942,低潜力
3149,U001729,0.170753,低潜力
3150,U004614,0.170677,低潜力
3151,U000892,0.170663,低潜力
3152,U004552,0.17065,低潜力
3153,U000956,0.170583,低潜力
3154,U001480,0.170472,低潜力
3155,U000292,0.17031,低潜力
3156,U002989,0.17024,低潜力
3157,U003840,0.170198,低潜力
3158,U003503,0.170172,低潜力
3159,U003967,0.170162,低潜力
3160,U000380,0.169964,低潜力
3161,U001548,0.169955,低潜力
3162,U003354,0.16994,低潜力
3163,U001813,0.169452,低潜力
3164,U003437,0.169337,低潜力
3165,U000707,0.169245,低潜力
3166,U001439,0.169208,低潜力
3167,U003430,0.169126,低潜力
3168,U003019,0.169103,低潜力
3169,U001001,0.168974,低潜力
3170,U004803,0.168934,低潜力
3171,U001671,0.168932,低潜力
3172,U003222,0.16882,低潜力
3173,U001006,0.168687,低潜力
3174,U003473,0.168611,低潜力
3175,U003579,0.168597,低潜力
3176,U003268,0.168524,低潜力
3177,U001095,0.168498,低潜力
3178,U002202,0.168413,低潜力
3179,U000059,0.16826,低潜力
3180,U004325,0.167945,低潜力
3181,U001630,0.167879,低潜力
3182,U003063,0.167848,低潜力
3183,U001263,0.1678,低潜力
3184,U003964,0.167764,低潜力
3185,U000790,0.167612,低潜力
3186,U000246,0.167122,低潜力
3187,U003624,0.167077,低潜力
3188,U000765,0.166858,低潜力
3189,U004173,0.16679,低潜力
3190,U001783,0.166682,低潜力
3191,U003306,0.166634,低潜力
3192,U003921,0.166478,低潜力
3193,U001230,0.166402,低潜力
3194,U003991,0.166264,低潜力
3195,U004915,0.166133,低潜力
3196,U000079,0.166066,低潜力
3197,U004997,0.166013,低潜力
3198,U004816,0.16577,低潜力
3199,U000435,0.165681,低潜力
3200,U001852,0.165596,低潜力
3201,U001711,0.16556,低潜力
3202,U002823,0.165484,低潜力
3203,U000253,0.165241,低潜力
3204,U001341,0.165067,低潜力
3205,U003923,0.164986,低潜力
3206,U002947,0.164797,低潜力
3207,U000204,0.164628,低潜力
3208,U003630,0.164519,低潜力
3209,U004524,0.164317,低潜力
3210,U001276,0.1643,低潜力
3211,U003154,0.164075,低潜力
3212,U003559,0.16403,低潜力
3213,U001162,0.163979,低潜力
3214,U004097,0.163896,低潜力
3215,U003079,0.163706,低潜力
3216,U002395,0.163657,低潜力
3217,U000651,0.163618,低潜力
3218,U002024,0.163509,低潜力
3219,U004234,0.163399,低潜力
3220,U003246,0.163324,低潜力
3221,U000867,0.163158,低潜力
3222,U001433,0.163155,低潜力
3223,U004094,0.163133,低潜力
3224,U002559,0.163066,低潜力
3225,U003859,0.163034,低潜力
3226,U002448,0.162946,低潜力
3227,U003190,0.162793,低潜力
3228,U001031,0.162596,低潜力
3229,U004526,0.162552,低潜力
3230,U004589,0.162542,低潜力
3231,U003988,0.162448,低潜力
3232,U003486,0.162294,低潜力
3233,U002593,0.162051,低潜力
3234,U004081,0.162036,低潜力
3235,U004609,0.161918,低潜力
3236,U002117,0.161917,低潜力
3237,U000378,0.161766,低潜力
3238,U002787,0.161759,低潜力
3239,U002560,0.161749,低潜力
3240,U000370,0.161727,低潜力
3241,U000673,0.161692,低潜力
3242,U003292,0.161686,低潜力
3243,U004587,0.161652,低潜力
3244,U004477,0.161528,低潜力
3245,U002314,0.161466,低潜力
3246,U003102,0.161311,低潜力
3247,U003865,0.161113,低潜力
3248,U003942,0.160796,低潜力
3249,U004919,0.160769,低潜力
3250,U002271,0.160741,低潜力
3251,U003045,0.160699,低潜力
3252,U002050,0.160491,低潜力
3253,U003769,0.160049,低潜力
3254,U000877,0.159969,低潜力
3255,U000610,0.159618,低潜力
3256,U003683,0.159615,低潜力
3257,U004820,0.159377,低潜力
3258,U000666,0.15906,低潜力
3259,U000413,0.159004,低潜力
3260,U003953,0.158994,低潜力
3261,U004913,0.158951,低潜力
3262,U004764,0.158812,低潜力
3263,U001775,0.158562,低潜力
3264,U000454,0.158548,低潜力
3265,U002533,0.158275,低潜力
3266,U000375,0.158264,低潜力
3267,U000828,0.158208,低潜力
3268,U002334,0.158123,低潜力
3269,U000243,0.158104,低潜力
3270,U000904,0.158084,低潜力
3271,U003575,0.158034,低潜力
3272,U002580,0.157956,低潜力
3273,U002673,0.157955,低潜力
3274,U002292,0.157751,低潜力
3275,U004292,0.157639,低潜力
3276,U003274,0.157594,低潜力
3277,U000144,0.157549,低潜力
3278,U004245,0.157405,低潜力
3279,U001132,0.157381,低潜力
3280,U000581,0.157316,低潜力
3281,U003384,0.157213,低潜力
3282,U003598,0.157033,低潜力
3283,U003519,0.156964,低潜力
3284,U002705,0.156958,低潜力
3285,U002996,0.156715,低潜力
3286,U004309,0.156704,低潜力
3287,U004066,0.156526,低潜力
3288,U000743,0.156239,低潜力
3289,U000900,0.156106,低潜力
3290,U001387,0.155891,低潜力
3291,U001041,0.155857,低潜力
3292,U002803,0.155416,低潜力
3293,U003455,0.1554,低潜力
3294,U002032,0.155274,低潜力
3295,U000858,0.155013,低潜力
3296,U000786,0.154943,低潜力
3297,U003392,0.154597,低潜力
3298,U004949,0.154447,低潜力
3299,U003266,0.154441,低潜力
3300,U000854,0.15436,低潜力
3301,U000060,0.154324,低潜力
3302,U004653,0.154229,低潜力
3303,U003459,0.154084,低潜力
3304,U000276,0.153769,低潜力
3305,U001737,0.153667,低潜力
3306,U001078,0.153497,低潜力
3307,U003386,0.153399,低潜力
3308,U004990,0.153381,低潜力
3309,U004381,0.153312,低潜力
3310,U002085,0.153208,低潜力
3311,U002317,0.153178,低潜力
3312,U001960,0.153125,低潜力
3313,U002365,0.152991,低潜力
3314,U001413,0.152897,低潜力
3315,U001669,0.152864,低潜力
3316,U004119,0.152729,低潜力
3317,U003309,0.152683,低潜力
3318,U002923,0.152525,低潜力
3319,U002436,0.152421,低潜力
3320,U003340,0.152279,低潜力
3321,U004326,0.152171,低潜力
3322,U000608,0.151974,低潜力
3323,U003555,0.151864,低潜力
3324,U002326,0.151835,低潜力
3325,U000710,0.151501,低潜力
3326,U001340,0.151456,低潜力
3327,U002554,0.151354,低潜力
3328,U003396,0.151272,低潜力
3329,U002469,0.151261,低潜力
3330,U000166,0.151201,低潜力
3331,U003586,0.1512,低潜力
3332,U003186,0.151181,低潜力
3333,U001040,0.151105,低潜力
3334,U001972,0.151079,低潜力
3335,U000716,0.150841,低潜力
3336,U000275,0.150821,低潜力
3337,U003366,0.150761,低潜力
3338,U002571,0.150742,低潜力
3339,U004172,0.150707,低潜力
3340,U003277,0.150599,低潜力
3341,U003560,0.150338,低潜力
3342,U001589,0.150308,低潜力
3343,U001183,0.150266,低潜力
3344,U003496,0.150253,低潜力
3345,U000196,0.150175,低潜力
3346,U003097,0.150075,低潜力
3347,U004330,0.150016,低潜力
3348,U003223,0.149667,低潜力
3349,U004982,0.14962,低潜力
3350,U003231,0.149106,低潜力
3351,U002920,0.149078,低潜力
3352,U004648,0.148939,低潜力
3353,U000471,0.148891,低潜力
3354,U004891,0.148798,低潜力
3355,U000357,0.148724,低潜力
3356,U000989,0.148679,低潜力
3357,U003415,0.14856,低潜力
3358,U000170,0.148506,低潜力
3359,U000469,0.148484,低潜力
3360,U002384,0.147976,低潜力
3361,U004166,0.147887,低潜力
3362,U001751,0.147886,低潜力
3363,U000717,0.147743,低潜力
3364,U002363,0.147741,低潜力
3365,U003891,0.147702,低潜力
3366,U000889,0.147419,低潜力
3367,U000014,0.147367,低潜力
3368,U002172,0.147242,低潜力
3369,U000444,0.147232,低潜力
3370,U000249,0.147056,低潜力
3371,U004547,0.146944,低潜力
3372,U003312,0.146791,低潜力
3373,U000474,0.146735,低潜力
3374,U000336,0.146718,低潜力
3375,U002918,0.146587,低潜力
3376,U001877,0.146501,低潜力
3377,U001002,0.146444,低潜力
3378,U001929,0.146418,低潜力
3379,U002740,0.146327,低潜力
3380,U003699,0.146315,低潜力
3381,U001703,0.146215,低潜力
3382,U002349,0.146207,低潜力
3383,U001571,0.14612,低潜力
3384,U003901,0.146073,低潜力
3385,U001544,0.145849,低潜力
3386,U002525,0.145799,低潜力
3387,U001320,0.145795,低潜力
3388,U003480,0.145621,低潜力
3389,U004847,0.145585,低潜力
3390,U002796,0.145546,低潜力
3391,U003280,0.145482,低潜力
3392,U001860,0.145139,低潜力
3393,U004591,0.145134,低潜力
3394,U003457,0.144823,低潜力
3395,U000086,0.144725,低潜力
3396,U001417,0.144709,低潜力
3397,U004036,0.144605,低潜力
3398,U000254,0.144401,低潜力
3399,U003197,0.144183,低潜力
3400,U003199,0.144121,低潜力
3401,U002459,0.144039,低潜力
3402,U002449,0.143714,低潜力
3403,U000265,0.143414,低潜力
3404,U002153,0.143364,低潜力
3405,U004987,0.143314,低潜力
3406,U002419,0.143235,低潜力
3407,U002978,0.143179,低潜力
3408,U001116,0.143045,低潜力
3409,U000546,0.142994,低潜力
3410,U001694,0.142947,低潜力
3411,U002442,0.142698,低潜力
3412,U001000,0.142629,低潜力
3413,U003842,0.142609,低潜力
3414,U003934,0.142599,低潜力
3415,U004933,0.142566,低潜力
3416,U003845,0.142513,低潜力
3417,U000861,0.1424,低潜力
3418,U003550,0.142361,低潜力
3419,U000003,0.142358,低潜力
3420,U002495,0.141947,低潜力
3421,U000415,0.141878,低潜力
3422,U000631,0.141704,低潜力
3423,U003551,0.14163,低潜力
3424,U000549,0.141624,低潜力
3425,U003086,0.141536,低潜力
3426,U001124,0.141352,低潜力
3427,U003532,0.141328,低潜力
3428,U004520,0.141167,低潜力
3429,U004726,0.141117,低潜力
3430,U001485,0.141113,低潜力
3431,U002993,0.140984,低潜力
3432,U003226,0.140929,低潜力
3433,U002091,0.140836,低潜力
3434,U002100,0.140829,低潜力
3435,U002244,0.140774,低潜力
3436,U002255,0.140469,低潜力
3437,U003656,0.140068,低潜力
3438,U003499,0.139991,低潜力
3439,U002671,0.139805,低潜力
3440,U004258,0.139692,低潜力
3441,U001018,0.139645,低潜力
3442,U001388,0.139549,低潜力
3443,U003509,0.13952,低潜力
3444,U003596,0.139504,低潜力
3445,U003690,0.139483,低潜力
3446,U004183,0.139292,低潜力
3447,U004287,0.139185,低潜力
3448,U001912,0.139185,低潜力
3449,U003804,0.139176,低潜力
3450,U003251,0.13916,低潜力
3451,U003069,0.138971,低潜力
3452,U001549,0.138862,低潜力
3453,U003590,0.13882,低潜力
3454,U001546,0.138611,低潜力
3455,U003033,0.138587,低潜力
3456,U002636,0.138471,低潜力
3457,U001748,0.138458,低潜力
3458,U001628,0.138455,低潜力
3459,U003234,0.138379,低潜力
3460,U001029,0.138202,低潜力
3461,U002670,0.138179,低潜力
3462,U003235,0.138143,低潜力
3463,U004161,0.137953,低潜力
3464,U001515,0.137904,低潜力
3465,U000915,0.137493,低潜力
3466,U003749,0.137326,低潜力
3467,U003775,0.137305,低潜力
3468,U002026,0.137201,低潜力
3469,U000068,0.137138,低潜力
3470,U001749,0.137109,低潜力
3471,U004010,0.137062,低潜力
3472,U003722,0.136942,低潜力
3473,U004409,0.136917,低潜力
3474,U000371,0.136894,低潜力
3475,U000505,0.136629,低潜力
3476,U001285,0.136464,低潜力
3477,U003982,0.136424,低潜力
3478,U003461,0.136277,低潜力
3479,U001152,0.136256,低潜力
3480,U002009,0.136213,低潜力
3481,U004786,0.135989,低潜力
3482,U002912,0.135961,低潜力
3483,U000192,0.135945,低潜力
3484,U000806,0.135778,低潜力
3485,U002772,0.135644,低潜力
3486,U004523,0.135566,低潜力
3487,U002883,0.135507,低潜力
3488,U001830,0.135472,低潜力
3489,U001358,0.135263,低潜力
3490,U002028,0.13479,低潜力
3491,U000348,0.134683,低潜力
3492,U003007,0.134614,低潜力
3493,U003475,0.134598,低潜力
3494,U001908,0.134377,低潜力
3495,U001372,0.134345,低潜力
3496,U002963,0.134317,低潜力
3497,U000589,0.134245,低潜力
3498,U001891,0.134134,低潜力
3499,U004411,0.134132,低潜力
3500,U002499,0.133899,低潜力
3501,U004203,0.133821,低潜力
3502,U000770,0.133776,低潜力
3503,U004231,0.133556,低潜力
3504,U003970,0.133123,低潜力
3505,U001406,0.133087,低潜力
3506,U000735,0.132959,低潜力
3507,U000641,0.132956,低潜力
3508,U001049,0.132948,低潜力
3509,U001145,0.132942,低潜力
3510,U002876,0.132903,低潜力
3511,U002505,0.132884,低潜力
3512,U001663,0.132884,低潜力
3513,U003070,0.132881,低潜力
3514,U000365,0.132795,低潜力
3515,U004463,0.132601,低潜力
3516,U002756,0.132505,低潜力
3517,U002129,0.132481,低潜力
3518,U000866,0.132366,低潜力
3519,U003141,0.132331,低潜力
3520,U004146,0.132197,低潜力
3521,U003108,0.132187,低潜力
3522,U002001,0.132002,低潜力
3523,U001963,0.131889,低潜力
3524,U003438,0.131733,低潜力
3525,U003232,0.131705,低潜力
3526,U001253,0.131678,低潜力
3527,U000561,0.131677,低潜力
3528,U004065,0.131639,低潜力
3529,U004458,0.131632,低潜力
3530,U003010,0.1316,低潜力
3531,U002344,0.131572,低潜力
3532,U000636,0.131492,低潜力
3533,U000382,0.131462,低潜力
3534,U004579,0.131383,低潜力
3535,U004814,0.131321,低潜力
3536,U001831,0.131259,低潜力
3537,U000058,0.131218,低潜力
3538,U004717,0.131176,低潜力
3539,U001977,0.131012,低潜力
3540,U004028,0.130935,低潜力
3541,U000837,0.130793,低潜力
3542,U004108,0.130778,低潜力
3543,U001004,0.130762,低潜力
3544,U003196,0.130426,低潜力
3545,U004351,0.13042,低潜力
3546,U002616,0.130395,低潜力
3547,U004904,0.130274,低潜力
3548,U000499,0.130171,低潜力
3549,U001151,0.130099,低潜力
3550,U001044,0.129818,低潜力
3551,U000319,0.129752,低潜力
3552,U003253,0.129658,低潜力
3553,U002695,0.129634,低潜力
3554,U001120,0.129601,低潜力
3555,U000986,0.129598,低潜力
3556,U000524,0.129593,低潜力
3557,U001220,0.129545,低潜力
3558,U000888,0.129501,低潜力
3559,U004131,0.129497,低潜力
3560,U004052,0.129483,低潜力
3561,U003619,0.12944,低潜力
3562,U000953,0.129435,低潜力
3563,U002844,0.129319,低潜力
3564,U003963,0.129293,低潜力
3565,U001146,0.129284,低潜力
3566,U003686,0.129226,低潜力
3567,U002014,0.129199,低潜力
3568,U001026,0.128973,低潜力
3569,U001529,0.128966,低潜力
3570,U003649,0.12882,低潜力
3571,U000223,0.128746,低潜力
3572,U003497,0.128731,低潜力
3573,U002831,0.12851,低潜力
3574,U000724,0.128503,低潜力
3575,U004191,0.128468,低潜力
3576,U002550,0.12845,低潜力
3577,U000579,0.128403,低潜力
3578,U000974,0.12832,低潜力
3579,U001217,0.128264,低潜力
3580,U000010,0.128207,低潜力
3581,U002347,0.12819,低潜力
3582,U000531,0.128189,低潜力
3583,U002676,0.128134,低潜力
3584,U003713,0.12797,低潜力
3585,U000360,0.127944,低潜力
3586,U004688,0.12789,低潜力
3587,U003043,0.127867,低潜力
3588,U003666,0.12778,低潜力
3589,U001187,0.127618,低潜力
3590,U003711,0.127522,低潜力
3591,U002323,0.127388,低潜力
3592,U000007,0.127342,低潜力
3593,U002575,0.127111,低潜力
3594,U001504,0.127031,低潜力
3595,U001265,0.127001,低潜力
3596,U003052,0.126977,低潜力
3597,U002112,0.126969,低潜力
3598,U001469,0.126903,低潜力
3599,U003177,0.1269,低潜力
3600,U003337,0.126888,低潜力
3601,U004148,0.126855,低潜力
3602,U001052,0.126791,低潜力
3603,U000082,0.126731,低潜力
3604,U002235,0.126658,低潜力
3605,U000976,0.126603,低潜力
3606,U001114,0.126109,低潜力
3607,U002813,0.126092,低潜力
3608,U000523,0.12607,低潜力
3609,U004493,0.126029,低潜力
3610,U003470,0.125945,低潜力
3611,U001273,0.125905,低潜力
3612,U000224,0.12572,低潜力
3613,U002301,0.125682,低潜力
3614,U002110,0.125552,低潜力
3615,U001649,0.125366,低潜力
3616,U002742,0.125235,低潜力
3617,U003394,0.125191,低潜力
3618,U002094,0.125178,低潜力
3619,U001836,0.125076,低潜力
3620,U004093,0.125028,低潜力
3621,U000994,0.125019,低潜力
3622,U001696,0.124912,低潜力
3623,U002109,0.124908,低潜力
3624,U001386,0.124799,低潜力
3625,U000064,0.124751,低潜力
3626,U002149,0.124694,低潜力
3627,U000544,0.12465,低潜力
3628,U003767,0.124436,低潜力
3629,U001105,0.124357,低潜力
3630,U000404,0.124342,低潜力
3631,U002239,0.124214,低潜力
3632,U002646,0.124098,低潜力
3633,U004444,0.124083,低潜力
3634,U000802,0.124021,低潜力
3635,U003381,0.12398,低潜力
3636,U003621,0.123968,低潜力
3637,U002710,0.123885,低潜力
3638,U000103,0.123859,低潜力
3639,U000822,0.123767,低潜力
3640,U000512,0.123749,低潜力
3641,U004205,0.123748,低潜力
3642,U000921,0.123649,低潜力
3643,U001050,0.12359,低潜力
3644,U004799,0.123571,低潜力
3645,U002055,0.123528,低潜力
3646,U004875,0.12348,低潜力
3647,U002720,0.123472,低潜力
3648,U000430,0.1232,低潜力
3649,U002455,0.123171,低潜力
3650,U002839,0.123163,低潜力
3651,U003898,0.123112,低潜力
3652,U001567,0.123063,低潜力
3653,U001193,0.122839,低潜力
3654,U002624,0.122823,低潜力
3655,U003201,0.122807,低潜力
3656,U001795,0.122739,低潜力
3657,U004542,0.12261,低潜力
3658,U004962,0.122552,低潜力
3659,U000037,0.122467,低潜力
3660,U001588,0.1224,低潜力
3661,U002572,0.122367,低潜力
3662,U001154,0.122248,低潜力
3663,U001786,0.122228,低潜力
3664,U002367,0.122082,低潜力
3665,U004196,0.121839,低潜力
3666,U003702,0.1218,低潜力
3667,U002869,0.121666,低潜力
3668,U003531,0.121661,低潜力
3669,U001194,0.121535,低潜力
3670,U003015,0.121388,低潜力
3671,U000084,0.121355,低潜力
3672,U000372,0.121323,低潜力
3673,U002409,0.121273,低潜力
3674,U002910,0.121191,低潜力
3675,U004018,0.120982,低潜力
3676,U002921,0.120681,低潜力
3677,U004009,0.120471,低潜力
3678,U003144,0.120421,低潜力
3679,U000390,0.120087,低潜力
3680,U002258,0.119997,低潜力
3681,U002219,0.119988,低潜力
3682,U004087,0.11997,低潜力
3683,U004124,0.119911,低潜力
3684,U001527,0.119904,低潜力
3685,U004227,0.119809,低潜力
3686,U001822,0.119735,低潜力
3687,U001979,0.11957,低潜力
3688,U000052,0.119331,低潜力
3689,U001428,0.119329,低潜力
3690,U000516,0.119226,低潜力
3691,U004049,0.119216,低潜力
3692,U002649,0.119086,低潜力
3693,U001025,0.118994,低潜力
3694,U004860,0.11885,低潜力
3695,U000334,0.118734,低潜力
3696,U003046,0.118518,低潜力
3697,U003877,0.118359,低潜力
3698,U000887,0.118242,低潜力
3699,U003343,0.118122,低潜力
3700,U000658,0.118024,低潜力
3701,U004489,0.117792,低潜力
3702,U001851,0.117687,低潜力
3703,U004312,0.117676,低潜力
3704,U001794,0.117619,低潜力
3705,U001411,0.117512,低潜力
3706,U003981,0.117292,低潜力
3707,U003675,0.11728,低潜力
3708,U003691,0.117243,低潜力
3709,U002955,0.117224,低潜力
3710,U004794,0.117182,低潜力
3711,U003090,0.11713,低潜力
3712,U004512,0.117063,低潜力
3713,U002251,0.116995,低潜力
3714,U002500,0.116958,低潜力
3715,U001455,0.11692,低潜力
3716,U002751,0.116797,低潜力
3717,U002551,0.116719,低潜力
3718,U002452,0.116702,低潜力
3719,U000844,0.116691,低潜力
3720,U002594,0.116547,低潜力
3721,U000482,0.116528,低潜力
3722,U001492,0.116473,低潜力
3723,U001370,0.116397,低潜力
3724,U002215,0.116294,低潜力
3725,U001781,0.116194,低潜力
3726,U000896,0.116149,低潜力
3727,U003135,0.116089,低潜力
3728,U001171,0.115927,低潜力
3729,U004562,0.115898,低潜力
3730,U001730,0.115813,低潜力
3731,U002382,0.115782,低潜力
3732,U000891,0.115678,低潜力
3733,U004969,0.115668,低潜力
3734,U002424,0.115539,低潜力
3735,U004991,0.115526,低潜力
3736,U002510,0.115508,低潜力
3737,U001465,0.11546,低潜力
3738,U002043,0.115433,低潜力
3739,U001338,0.115401,低潜力
3740,U004859,0.115242,低潜力
3741,U004222,0.115198,低潜力
3742,U002222,0.115146,低潜力
3743,U000459,0.115009,低潜力
3744,U002821,0.114981,低潜力
3745,U002880,0.114788,低潜力
3746,U001421,0.114747,低潜力
3747,U004789,0.114708,低潜力
3748,U002307,0.11461,低潜力
3749,U004715,0.1146,低潜力
3750,U001563,0.114578,低潜力
3751,U000021,0.114555,低潜力
3752,U001995,0.114482,低潜力
3753,U004943,0.114444,低潜力
3754,U003272,0.114425,低潜力
3755,U004871,0.114372,低潜力
3756,U000055,0.114263,低潜力
3757,U004475,0.11415,低潜力
3758,U002765,0.114067,低潜力
3759,U002370,0.113996,低潜力
3760,U001117,0.113857,低潜力
3761,U004075,0.113706,低潜力
3762,U004594,0.113649,低潜力
3763,U004185,0.113633,低潜力
3764,U004204,0.113555,低潜力
3765,U000054,0.113534,低潜力
3766,U003634,0.113431,低潜力
3767,U001753,0.11341,低潜力
3768,U001308,0.113378,低潜力
3769,U004088,0.113353,低潜力
3770,U000406,0.113238,低潜力
3771,U000150,0.113225,低潜力
3772,U000358,0.113186,低潜力
3773,U002247,0.112831,低潜力
3774,U004736,0.112768,低潜力
3775,U002528,0.112674,低潜力
3776,U002709,0.112658,低潜力
3777,U002723,0.112455,低潜力
3778,U004437,0.112443,低潜力
3779,U004973,0.112246,低潜力
3780,U003057,0.112172,低潜力
3781,U000285,0.112127,低潜力
3782,U004556,0.111997,低潜力
3783,U003072,0.111983,低潜力
3784,U002316,0.111936,低潜力
3785,U001425,0.111877,低潜力
3786,U004739,0.111857,低潜力
3787,U000143,0.111838,低潜力
3788,U000642,0.111809,低潜力
3789,U004372,0.111741,低潜力
3790,U001590,0.111722,低潜力
3791,U003660,0.111642,低潜力
3792,U003593,0.111619,低潜力
3793,U003562,0.111457,低潜力
3794,U003706,0.111284,低潜力
3795,U002179,0.111283,低潜力
3796,U000379,0.11127,低潜力
3797,U000167,0.111251,低潜力
3798,U002722,0.111138,低潜力
3799,U000255,0.111002,低潜力
3800,U002276,0.110971,低潜力
3801,U003303,0.110957,低潜力
3802,U004333,0.110886,低潜力
3803,U003148,0.11075,低潜力
3804,U003168,0.110705,低潜力
3805,U002407,0.110375,低潜力
3806,U003714,0.110188,低潜力
3807,U002864,0.110187,低潜力
3808,U002406,0.109968,低潜力
3809,U001638,0.109956,低潜力
3810,U002725,0.109934,低潜力
3811,U002297,0.10988,低潜力
3812,U000873,0.109877,低潜力
3813,U002102,0.109737,低潜力
3814,U000426,0.109656,低潜力
3815,U003609,0.10965,低潜力
3816,U002699,0.109578,低潜力
3817,U004901,0.109552,低潜力
3818,U002614,0.109441,低潜力
3819,U003607,0.109318,低潜力
3820,U000664,0.109309,低潜力
3821,U003922,0.109267,低潜力
3822,U001287,0.109197,低潜力
3823,U002494,0.109165,低潜力
3824,U002476,0.108909,低潜力
3825,U001009,0.108906,低潜力
3826,U003465,0.108349,低潜力
3827,U004281,0.108109,低潜力
3828,U001139,0.108085,低潜力
3829,U001110,0.108045,低潜力
3830,U004861,0.108045,低潜力
3831,U000201,0.107962,低潜力
3832,U003282,0.107934,低潜力
3833,U004350,0.107932,低潜力
3834,U003113,0.107912,低潜力
3835,U001167,0.107907,低潜力
3836,U000431,0.107846,低潜力
3837,U001497,0.107844,低潜力
3838,U003407,0.10784,低潜力
3839,U003878,0.107753,低潜力
3840,U004012,0.107656,低潜力
3841,U001880,0.107626,低潜力
3842,U000773,0.107477,低潜力
3843,U004400,0.107409,低潜力
3844,U003758,0.107404,低潜力
3845,U003169,0.1073,低潜力
3846,U000398,0.107034,低潜力
3847,U000267,0.107015,低潜力
3848,U004047,0.106999,低潜力
3849,U000898,0.106983,低潜力
3850,U000909,0.106859,低潜力
3851,U000063,0.106802,低潜力
3852,U002701,0.106758,低潜力
3853,U000670,0.106729,低潜力
3854,U003188,0.106536,低潜力
3855,U001878,0.106531,低潜力
3856,U002974,0.106481,低潜力
3857,U001245,0.106336,低潜力
3858,U001347,0.10632,低潜力
3859,U002688,0.106249,低潜力
3860,U003490,0.10618,低潜力
3861,U001949,0.106179,低潜力
3862,U003547,0.106106,低潜力
3863,U000815,0.106104,低潜力
3864,U001437,0.106072,低潜力
3865,U002535,0.105887,低潜力
3866,U000155,0.10578,低潜力
3867,U000127,0.105717,低潜力
3868,U001636,0.105716,低潜力
3869,U003227,0.105471,低潜力
3870,U003640,0.10524,低潜力
3871,U003807,0.105225,低潜力
3872,U000840,0.104929,低潜力
3873,U003182,0.104821,低潜力
3874,U001543,0.104737,低潜力
3875,U004616,0.10471,低潜力
3876,U002389,0.104423,低潜力
3877,U003085,0.104352,低潜力
3878,U001431,0.104307,低潜力
3879,U000916,0.104296,低潜力
3880,U000399,0.103883,低潜力
3881,U003327,0.103832,低潜力
3882,U004217,0.10367,低潜力
3883,U001323,0.103634,低潜力
3884,U003276,0.103601,低潜力
3885,U004686,0.103588,低潜力
3886,U003553,0.103333,低潜力
3887,U004082,0.103314,低潜力
3888,U001133,0.103242,低潜力
3889,U002141,0.103225,低潜力
3890,U002714,0.102923,低潜力
3891,U004328,0.102917,低潜力
3892,U002991,0.102819,低潜力
3893,U002852,0.10278,低潜力
3894,U000965,0.102743,低潜力
3895,U002243,0.102711,低潜力
3896,U004791,0.102664,低潜力
3897,U003567,0.102638,低潜力
3898,U002068,0.102635,低潜力
3899,U001938,0.102628,低潜力
3900,U003112,0.102594,低潜力
3901,U000048,0.102553,低潜力
3902,U003665,0.102545,低潜力
3903,U001008,0.102456,低潜力
3904,U004771,0.102385,低潜力
3905,U002075,0.102369,低潜力
3906,U001845,0.10228,低潜力
3907,U003638,0.10223,低潜力
3908,U001602,0.102219,低潜力
3909,U001943,0.102189,低潜力
3910,U004405,0.101901,低潜力
3911,U003623,0.101842,低潜力
3912,U002600,0.101581,低潜力
3913,U002013,0.10153,低潜力
3914,U000392,0.101513,低潜力
3915,U002265,0.101455,低潜力
3916,U004371,0.101451,低潜力
3917,U000968,0.10137,低潜力
3918,U003762,0.101332,低潜力
3919,U003373,0.101274,低潜力
3920,U000414,0.101133,低潜力
3921,U000646,0.100958,低潜力
3922,U004236,0.100903,低潜力
3923,U004127,0.100828,低潜力
3924,U000511,0.100765,低潜力
3925,U003213,0.100719,低潜力
3926,U002044,0.100714,低潜力
3927,U000320,0.100676,低潜力
3928,U003267,0.100653,低潜力
3929,U004646,0.100604,低潜力
3930,U001007,0.100479,低潜力
3931,U001961,0.100415,低潜力
3932,U001604,0.100221,低潜力
3933,U003353,0.100168,低潜力
3934,U003492,0.099997,低潜力
3935,U001802,0.099988,低潜力
3936,U003028,0.099934,低潜力
3937,U000146,0.099853,低潜力
3938,U002053,0.099837,低潜力
3939,U002797,0.0998,低潜力
3940,U004613,0.099786,低潜力
3941,U000429,0.099699,低潜力
3942,U003779,0.099576,低潜力
3943,U001496,0.09949,低潜力
3944,U000036,0.099294,低潜力
3945,U000557,0.099263,低潜力
3946,U003426,0.099145,低潜力
3947,U003644,0.099141,低潜力
3948,U002046,0.099113,低潜力
3949,U000507,0.099049,低潜力
3950,U000299,0.098985,低潜力
3951,U003926,0.098948,低潜力
3952,U003652,0.098868,低潜力
3953,U003955,0.098867,低潜力
3954,U004751,0.098864,低潜力
3955,U004622,0.098655,低潜力
3956,U003440,0.098641,低潜力
3957,U004527,0.098622,低潜力
3958,U003513,0.098513,低潜力
3959,U003588,0.098441,低潜力
3960,U003914,0.09842,低潜力
3961,U003002,0.098327,低潜力
3962,U003099,0.098268,低潜力
3963,U002905,0.098205,低潜力
3964,U002734,0.098186,低潜力
3965,U004716,0.098173,低潜力
3966,U001956,0.09784,低潜力
3967,U000775,0.097772,低潜力
3968,U001925,0.09775,低潜力
3969,U002757,0.097723,低潜力
3970,U004004,0.097715,低潜力
3971,U002357,0.097509,低潜力
3972,U000324,0.097459,低潜力
3973,U001210,0.097435,低潜力
3974,U000578,0.097283,低潜力
3975,U003838,0.097242,低潜力
3976,U001042,0.097203,低潜力
3977,U003350,0.097203,低潜力
3978,U000868,0.097138,低潜力
3979,U002590,0.096992,低潜力
3980,U004114,0.096939,低潜力
3981,U002040,0.096932,低潜力
3982,U002663,0.096794,低潜力
3983,U004441,0.096788,低潜力
3984,U001556,0.09674,低潜力
3985,U001353,0.096739,低潜力
3986,U000104,0.096583,低潜力
3987,U003543,0.096551,低潜力
3988,U003377,0.096543,低潜力
3989,U000005,0.096433,低潜力
3990,U004037,0.096418,低潜力
3991,U003005,0.096403,低潜力
3992,U004672,0.096201,低潜力
3993,U003746,0.096162,低潜力
3994,U003262,0.096025,低潜力
3995,U004055,0.096024,低潜力
3996,U001160,0.09599,低潜力
3997,U000619,0.095936,低潜力
3998,U001368,0.095917,低潜力
3999,U002212,0.095876,低潜力
4000,U004190,0.095791,低潜力
4001,U001228,0.095697,低潜力
4002,U000147,0.095634,低潜力
4003,U000321,0.095611,低潜力
4004,U000691,0.095602,低潜力
4005,U003395,0.095501,低潜力
4006,U004992,0.095335,低潜力
4007,U001561,0.095313,低潜力
4008,U001344,0.095285,低潜力
4009,U000208,0.095223,低潜力
4010,U002423,0.095131,低潜力
4011,U004617,0.09511,低潜力
4012,U000096,0.095085,低潜力
4013,U002397,0.095057,低潜力
4014,U002669,0.095015,低潜力
4015,U001494,0.094944,低潜力
4016,U001384,0.094901,低潜力
4017,U003688,0.094896,低潜力
4018,U000337,0.094876,低潜力
4019,U000421,0.094869,低潜力
4020,U002686,0.09467,低潜力
4021,U003103,0.094652,低潜力
4022,U001572,0.094631,低潜力
4023,U000623,0.094597,低潜力
4024,U002758,0.094578,低潜力
4025,U000368,0.09453,低潜力
4026,U001021,0.094341,低潜力
4027,U004620,0.09432,低潜力
4028,U001536,0.094311,低潜力
4029,U001613,0.094304,低潜力
4030,U002011,0.094302,低潜力
4031,U002526,0.094215,低潜力
4032,U001639,0.094204,低潜力
4033,U002425,0.094176,低潜力
4034,U001408,0.094158,低潜力
4035,U003425,0.094041,低潜力
4036,U000342,0.094024,低潜力
4037,U002731,0.093949,低潜力
4038,U000760,0.093948,低潜力
4039,U001170,0.093887,低潜力
4040,U002808,0.093887,低潜力
4041,U001647,0.09384,低潜力
4042,U003133,0.09382,低潜力
4043,U003985,0.093787,低潜力
4044,U000751,0.093771,低潜力
4045,U000885,0.093743,低潜力
4046,U000009,0.093702,低潜力
4047,U003458,0.093612,低潜力
4048,U002783,0.093565,低潜力
4049,U002516,0.093473,低潜力
4050,U000613,0.093352,低潜力
4051,U000794,0.093261,低潜力
4052,U003474,0.093223,低潜力
4053,U001909,0.093222,低潜力
4054,U000945,0.093144,低潜力
4055,U003300,0.093079,低潜力
4056,U002768,0.09305,低潜力
4057,U004050,0.093028,低潜力
4058,U004382,0.093002,低潜力
4059,U000746,0.092788,低潜力
4060,U000647,0.092745,低潜力
4061,U001333,0.092724,低潜力
4062,U004308,0.092701,低潜力
4063,U004627,0.092557,低潜力
4064,U002131,0.092484,低潜力
4065,U003471,0.092459,低潜力
4066,U003422,0.092425,低潜力
4067,U004899,0.092418,低潜力
4068,U000988,0.092414,低潜力
4069,U001815,0.09236,低潜力
4070,U003987,0.092346,低潜力
4071,U001982,0.092282,低潜力
4072,U002331,0.092256,低潜力
4073,U000351,0.092177,低潜力
4074,U001231,0.092123,低潜力
4075,U000825,0.092118,低潜力
4076,U004953,0.09204,低潜力
4077,U003335,0.092033,低潜力
4078,U000592,0.092019,低潜力
4079,U001362,0.09194,低潜力
4080,U001916,0.091923,低潜力
4081,U001144,0.09192,低潜力
4082,U004970,0.091875,低潜力
4083,U003109,0.091872,低潜力
4084,U002073,0.091871,低潜力
4085,U003537,0.091789,低潜力
4086,U004553,0.091727,低潜力
4087,U003873,0.091697,低潜力
4088,U003449,0.091668,低潜力
4089,U002197,0.091608,低潜力
4090,U000034,0.091593,低潜力
4091,U003311,0.091573,低潜力
4092,U001846,0.091495,低潜力
4093,U004387,0.091489,低潜力
4094,U002569,0.091304,低潜力
4095,U002936,0.09128,低潜力
4096,U002061,0.091239,低潜力
4097,U001958,0.091112,低潜力
4098,U001164,0.091103,低潜力
4099,U000526,0.091094,低潜力
4100,U002173,0.090965,低潜力
4101,U001429,0.090955,低潜力
4102,U001847,0.090902,低潜力
4103,U003406,0.090817,低潜力
4104,U003565,0.090789,低潜力
4105,U003329,0.090696,低潜力
4106,U004534,0.090676,低潜力
4107,U004484,0.090652,低潜力
4108,U004242,0.090609,低潜力
4109,U000428,0.090544,低潜力
4110,U002530,0.090228,低潜力
4111,U003515,0.090226,低潜力
4112,U003482,0.089911,低潜力
4113,U002737,0.089744,低潜力
4114,U001057,0.089717,低潜力
4115,U004163,0.089698,低潜力
4116,U004467,0.089652,低潜力
4117,U001444,0.089598,低潜力
4118,U004782,0.089589,低潜力
4119,U002304,0.08955,低潜力
4120,U002183,0.089363,低潜力
4121,U003372,0.089331,低潜力
4122,U000233,0.089315,低潜力
4123,U003313,0.089257,低潜力
4124,U000488,0.089254,低潜力
4125,U000494,0.089132,低潜力
4126,U004755,0.089026,低潜力
4127,U002158,0.088907,低潜力
4128,U003030,0.088902,低潜力
4129,U002305,0.088838,低潜力
4130,U003423,0.088828,低潜力
4131,U000805,0.088791,低潜力
4132,U002260,0.088783,低潜力
4133,U003176,0.088704,低潜力
4134,U000912,0.088562,低潜力
4135,U002464,0.0885,低潜力
4136,U003124,0.088487,低潜力
4137,U004603,0.088484,低潜力
4138,U003100,0.088447,低潜力
4139,U001841,0.088399,低潜力
4140,U001623,0.088353,低潜力
4141,U003826,0.088297,低潜力
4142,U002477,0.088292,低潜力
4143,U003501,0.088266,低潜力
4144,U001104,0.088223,低潜力
4145,U002140,0.088195,低潜力
4146,U001478,0.088189,低潜力
4147,U001274,0.088158,低潜力
4148,U000397,0.08814,低潜力
4149,U004053,0.088124,低潜力
4150,U000032,0.088022,低潜力
4151,U002952,0.088004,低潜力
4152,U003741,0.087985,低潜力
4153,U004912,0.087764,低潜力
4154,U002177,0.087732,低潜力
4155,U001464,0.087669,低潜力
4156,U004598,0.087661,低潜力
4157,U004537,0.087638,低潜力
4158,U004642,0.087615,低潜力
4159,U002227,0.087373,低潜力
4160,U002735,0.087314,低潜力
4161,U000755,0.087274,低潜力
4162,U003239,0.087236,低潜力
4163,U004465,0.087125,低潜力
4164,U003716,0.087083,低潜力
4165,U001937,0.087066,低潜力
4166,U000030,0.086968,低潜力
4167,U002224,0.086585,低潜力
4168,U002558,0.086572,低潜力
4169,U003933,0.086449,低潜力
4170,U001659,0.086446,低潜力
4171,U003175,0.086427,低潜力
4172,U001134,0.086393,低潜力
4173,U003872,0.086348,低潜力
4174,U000977,0.086325,低潜力
4175,U001198,0.086311,低潜力
4176,U001505,0.08628,低潜力
4177,U003357,0.086196,低潜力
4178,U001295,0.086166,低潜力
4179,U004229,0.086158,低潜力
4180,U004390,0.086136,低潜力
4181,U004128,0.086117,低潜力
4182,U000626,0.085993,低潜力
4183,U003417,0.085975,低潜力
4184,U002188,0.085953,低潜力
4185,U002583,0.08593,低潜力
4186,U004769,0.085874,低潜力
4187,U000417,0.085869,低潜力
4188,U003220,0.085658,低潜力
4189,U000463,0.085647,低潜力
4190,U004235,0.085625,低潜力
4191,U001451,0.085579,低潜力
4192,U000753,0.085425,低潜力
4193,U002677,0.085323,低潜力
4194,U002092,0.085304,低潜力
4195,U004243,0.085276,低潜力
4196,U002691,0.085197,低潜力
4197,U003772,0.085178,低潜力
4198,U000434,0.085151,低潜力
4199,U000043,0.085107,低潜力
4200,U000222,0.085107,低潜力
4201,U002142,0.085097,低潜力
4202,U002150,0.085094,低潜力
4203,U000530,0.085084,低潜力
4204,U000073,0.085001,低潜力
4205,U004948,0.084954,低潜力
4206,U002259,0.084944,低潜力
4207,U000449,0.084917,低潜力
4208,U002186,0.084777,低潜力
4209,U000515,0.084618,低潜力
4210,U004412,0.084541,低潜力
4211,U002988,0.084507,低潜力
4212,U001784,0.084439,低潜力
4213,U001020,0.084384,低潜力
4214,U003533,0.084381,低潜力
4215,U000917,0.084379,低潜力
4216,U002250,0.084368,低潜力
4217,U001147,0.08434,低潜力
4218,U004980,0.084258,低潜力
4219,U001266,0.084242,低潜力
4220,U001445,0.084197,低潜力
4221,U002801,0.084166,低潜力
4222,U001284,0.084158,低潜力
4223,U001291,0.084096,低潜力
4224,U002582,0.084093,低潜力
4225,U002956,0.084068,低潜力
4226,U000072,0.084063,低潜力
4227,U004869,0.084032,低潜力
4228,U001825,0.083996,低潜力
4229,U002641,0.083865,低潜力
4230,U000998,0.08386,低潜力
4231,U003997,0.083809,低潜力
4232,U002931,0.08378,低潜力
4233,U000659,0.08377,低潜力
4234,U001724,0.083676,低潜力
4235,U002782,0.083663,低潜力
4236,U004530,0.083607,低潜力
4237,U003198,0.083605,低潜力
4238,U002285,0.083597,低潜力
4239,U004779,0.083359,低潜力
4240,U002067,0.083276,低潜力
4241,U002394,0.083225,低潜力
4242,U000919,0.083216,低潜力
4243,U002519,0.08311,低潜力
4244,U001964,0.083048,低潜力
4245,U000057,0.083006,低潜力
4246,U000859,0.08296,低潜力
4247,U001921,0.082836,低潜力
4248,U004981,0.082773,低潜力
4249,U003048,0.082739,低潜力
4250,U003294,0.082715,低潜力
4251,U003336,0.082677,低潜力
4252,U001086,0.082656,低潜力
4253,U002879,0.082599,低潜力
4254,U004238,0.082545,低潜力
4255,U004922,0.082434,低潜力
4256,U002119,0.082433,低潜力
4257,U004651,0.082415,低潜力
4258,U000576,0.082392,低潜力
4259,U000242,0.082307,低潜力
4260,U004585,0.082274,低潜力
4261,U000090,0.082246,低潜力
4262,U001926,0.082244,低潜力
4263,U001656,0.08221,低潜力
4264,U000281,0.082054,低潜力
4265,U002226,0.082034,低潜力
4266,U000957,0.08201,低潜力
4267,U001931,0.081794,低潜力
4268,U001765,0.081781,低潜力
4269,U001650,0.081511,低潜力
4270,U000864,0.081503,低潜力
4271,U003530,0.081452,低潜力
4272,U000964,0.081387,低潜力
4273,U000470,0.081347,低潜力
4274,U000832,0.081342,低潜力
4275,U001918,0.081138,低潜力
4276,U000684,0.081121,低潜力
4277,U002209,0.081078,低潜力
4278,U000821,0.081028,低潜力
4279,U001224,0.081004,低潜力
4280,U004402,0.080845,低潜力
4281,U003082,0.080793,低潜力
4282,U002629,0.080754,低潜力
4283,U000984,0.080697,低潜力
4284,U000008,0.080639,低潜力
4285,U004311,0.080597,低潜力
4286,U000066,0.080581,低潜力
4287,U000151,0.08057,低潜力
4288,U003930,0.080523,低潜力
4289,U001895,0.080416,低潜力
4290,U004084,0.080402,低潜力
4291,U000394,0.080263,低潜力
4292,U001213,0.080248,低潜力
4293,U002329,0.080217,低潜力
4294,U003323,0.080194,低潜力
4295,U001067,0.080167,低潜力
4296,U004314,0.080098,低潜力
4297,U002630,0.080054,低潜力
4298,U000633,0.080045,低潜力
4299,U004152,0.080032,低潜力
4300,U004054,0.079986,低潜力
4301,U002604,0.079967,低潜力
4302,U002713,0.07994,低潜力
4303,U002579,0.079752,低潜力
4304,U004253,0.079647,低潜力
4305,U003781,0.079628,低潜力
4306,U001493,0.079578,低潜力
4307,U000930,0.079569,低潜力
4308,U002822,0.079547,低潜力
4309,U001804,0.079547,低潜力
4310,U002965,0.079541,低潜力
4311,U004854,0.07938,低潜力
4312,U001083,0.079355,低潜力
4313,U001810,0.079208,低潜力
4314,U002890,0.079199,低潜力
4315,U002899,0.079163,低潜力
4316,U000538,0.079135,低潜力
4317,U001712,0.079069,低潜力
4318,U003844,0.079054,低潜力
4319,U004535,0.079025,低潜力
4320,U001990,0.078969,低潜力
4321,U003613,0.078961,低潜力
4322,U002698,0.0789,低潜力
4323,U003927,0.078878,低潜力
4324,U003194,0.078833,低潜力
4325,U004544,0.078738,低潜力
4326,U003160,0.078704,低潜力
4327,U001188,0.078687,低潜力
4328,U001774,0.078678,低潜力
4329,U003597,0.07866,低潜力
4330,U003081,0.078623,低潜力
4331,U002228,0.078595,低潜力
4332,U001799,0.078547,低潜力
4333,U004147,0.078544,低潜力
4334,U000730,0.078516,低潜力
4335,U003200,0.078347,低潜力
4336,U002948,0.07829,低潜力
4337,U004439,0.078276,低潜力
4338,U002335,0.078269,低潜力
4339,U001383,0.078237,低潜力
4340,U002139,0.078086,低潜力
4341,U004787,0.078,低潜力
4342,U003522,0.077775,低潜力
4343,U003074,0.077756,低潜力
4344,U000811,0.077715,低潜力
4345,U004597,0.077651,低潜力
4346,U004068,0.077596,低潜力
4347,U000640,0.077581,低潜力
4348,U004762,0.077495,低潜力
4349,U000481,0.077494,低潜力
4350,U000477,0.077492,低潜力
4351,U000227,0.077394,低潜力
4352,U002778,0.077249,低潜力
4353,U000023,0.077242,低潜力
4354,U004001,0.077215,低潜力
4355,U002817,0.077068,低潜力
4356,U002776,0.077052,低潜力
4357,U000629,0.076949,低潜力
4358,U001551,0.076889,低潜力
4359,U000541,0.076847,低潜力
4360,U004345,0.076796,低潜力
4361,U000836,0.076747,低潜力
4362,U002818,0.076711,低潜力
4363,U000262,0.076633,低潜力
4364,U001890,0.076617,低潜力
4365,U000671,0.076592,低潜力
4366,U001364,0.076532,低潜力
4367,U001581,0.076508,低潜力
4368,U001454,0.07639,低潜力
4369,U004464,0.076375,低潜力
4370,U004925,0.076273,低潜力
4371,U002968,0.07619,低潜力
4372,U001861,0.076185,低潜力
4373,U004324,0.076174,低潜力
4374,U001450,0.076144,低潜力
4375,U000476,0.076069,低潜力
4376,U002174,0.076059,低潜力
4377,U003288,0.075986,低潜力
4378,U004697,0.075932,低潜力
4379,U004930,0.075884,低潜力
4380,U002421,0.075677,低潜力
4381,U002973,0.075438,低潜力
4382,U001791,0.075402,低潜力
4383,U001923,0.075237,低潜力
4384,U003433,0.075218,低潜力
4385,U001793,0.075109,低潜力
4386,U004221,0.075096,低潜力
4387,U000184,0.075059,低潜力
4388,U002182,0.07504,低潜力
4389,U004399,0.074838,低潜力
4390,U004336,0.074768,低潜力
4391,U004438,0.074716,低潜力
4392,U001985,0.074689,低潜力
4393,U002969,0.074616,低潜力
4394,U004800,0.074553,低潜力
4395,U002286,0.074541,低潜力
4396,U002871,0.074455,低潜力
4397,U002281,0.074377,低潜力
4398,U001010,0.07433,低潜力
4399,U002443,0.074188,低潜力
4400,U002763,0.074036,低潜力
4401,U003742,0.073997,低潜力
4402,U003546,0.073979,低潜力
4403,U003116,0.073957,低潜力
4404,U001053,0.07395,低潜力
4405,U001212,0.073913,低潜力
4406,U001684,0.073894,低潜力
4407,U001605,0.073852,低潜力
4408,U000277,0.073852,低潜力
4409,U000188,0.073579,低潜力
4410,U000958,0.07349,低潜力
4411,U000690,0.073458,低潜力
4412,U001242,0.073429,低潜力
4413,U000465,0.073417,低潜力
4414,U000796,0.073315,低潜力
4415,U000850,0.073296,低潜力
4416,U002861,0.073219,低潜力
4417,U001484,0.073079,低潜力
4418,U004935,0.073045,低潜力
4419,U000411,0.073021,低潜力
4420,U000461,0.072997,低潜力
4421,U001300,0.072844,低潜力
4422,U000273,0.072841,低潜力
4423,U004519,0.072823,低潜力
4424,U001573,0.072806,低潜力
4425,U001216,0.072801,低潜力
4426,U004929,0.072715,低潜力
4427,U003766,0.072708,低潜力
4428,U000645,0.072659,低潜力
4429,U001966,0.07261,低潜力
4430,U004898,0.072601,低潜力
4431,U002309,0.072554,低潜力
4432,U002894,0.072198,低潜力
4433,U001667,0.072163,低潜力
4434,U001883,0.072147,低潜力
4435,U002320,0.072084,低潜力
4436,U000935,0.071982,低潜力
4437,U001268,0.071952,低潜力
4438,U000733,0.071814,低潜力
4439,U004130,0.071771,低潜力
4440,U004574,0.071765,低潜力
4441,U003641,0.071699,低潜力
4442,U002047,0.071659,低潜力
4443,U004259,0.071651,低潜力
4444,U002128,0.071637,低潜力
4445,U004753,0.071637,低潜力
4446,U003566,0.071612,低潜力
4447,U001534,0.071611,低潜力
4448,U003882,0.071579,低潜力
4449,U004734,0.071529,低潜力
4450,U004510,0.071454,低潜力
4451,U004743,0.071439,低潜力
4452,U000226,0.071431,低潜力
4453,U000942,0.071341,低潜力
4454,U000364,0.071305,低潜力
4455,U002534,0.071295,低潜力
4456,U002213,0.071274,低潜力
4457,U002377,0.071199,低潜力
4458,U004318,0.071129,低潜力
4459,U003770,0.071114,低潜力
4460,U004104,0.071099,低潜力
4461,U003790,0.071084,低潜力
4462,U003920,0.07107,低潜力
4463,U002847,0.070948,低潜力
4464,U002959,0.070919,低潜力
4465,U003333,0.070882,低潜力
4466,U000094,0.070876,低潜力
4467,U000661,0.070827,低潜力
4468,U003117,0.070803,低潜力
4469,U000056,0.070763,低潜力
4470,U000962,0.070747,低潜力
4471,U003065,0.070735,低潜力
4472,U000862,0.070677,低潜力
4473,U003817,0.07054,低潜力
4474,U000416,0.070481,低潜力
4475,U003663,0.070477,低潜力
4476,U002753,0.070375,低潜力
4477,U001598,0.070367,低潜力
4478,U000374,0.07035,低潜力
4479,U000468,0.070295,低潜力
4480,U001208,0.070265,低潜力
4481,U000300,0.070252,低潜力
4482,U004658,0.070251,低潜力
4483,U001946,0.070185,低潜力
4484,U003592,0.070158,低潜力
4485,U004798,0.070138,低潜力
4486,U003229,0.069999,低潜力
4487,U000776,0.069916,低潜力
4488,U000163,0.069818,低潜力
4489,U000189,0.069765,低潜力
4490,U003341,0.069663,低潜力
4491,U002324,0.0696,低潜力
4492,U002726,0.069582,低潜力
4493,U003263,0.069517,低潜力
4494,U003256,0.06949,低潜力
4495,U002151,0.069399,低潜力
4496,U001523,0.06926,低潜力
4497,U003788,0.069124,低潜力
4498,U000927,0.069044,低潜力
4499,U001584,0.068949,低潜力
4500,U001079,0.068912,低潜力
4501,U003163,0.068898,低潜力
4502,U004885,0.068794,低潜力
4503,U004433,0.068747,低潜力
4504,U002338,0.068681,低潜力
4505,U000338,0.068654,低潜力
4506,U004719,0.068631,低潜力
4507,U001610,0.068623,低潜力
4508,U002588,0.068609,低潜力
4509,U004201,0.068594,低潜力
4510,U002511,0.068534,低潜力
4511,U004377,0.068525,低潜力
4512,U003998,0.068515,低潜力
4513,U004408,0.068499,低潜力
4514,U004354,0.068409,低潜力
4515,U001415,0.068326,低潜力
4516,U001547,0.068295,低潜力
4517,U003740,0.068218,低潜力
4518,U002447,0.068205,低潜力
4519,U001512,0.068136,低潜力
4520,U000359,0.068016,低潜力
4521,U003319,0.068006,低潜力
4522,U003084,0.067969,低潜力
4523,U002352,0.067967,低潜力
4524,U003122,0.067944,低潜力
4525,U002877,0.067934,低潜力
4526,U003347,0.067846,低潜力
4527,U002935,0.06784,低潜力
4528,U000617,0.067748,低潜力
4529,U002171,0.067707,低潜力
4530,U001635,0.067704,低潜力
4531,U000344,0.067683,低潜力
4532,U000787,0.067592,低潜力
4533,U004386,0.067532,低潜力
4534,U004138,0.067516,低潜力
4535,U000583,0.067383,低潜力
4536,U004772,0.067214,低潜力
4537,U005000,0.067144,低潜力
4538,U001541,0.06714,低潜力
4539,U003184,0.06713,低潜力
4540,U001038,0.067126,低潜力
4541,U004301,0.067081,低潜力
4542,U002216,0.066921,低潜力
4543,U001664,0.066915,低潜力
4544,U004747,0.066866,低潜力
4545,U002806,0.066863,低潜力
4546,U004577,0.066843,低潜力
4547,U001163,0.066785,低潜力
4548,U002656,0.066696,低潜力
4549,U000663,0.066632,低潜力
4550,U004304,0.06663,低潜力
4551,U003139,0.066605,低潜力
4552,U002422,0.066584,低潜力
4553,U003820,0.066534,低潜力
4554,U001283,0.066458,低潜力
4555,U002160,0.066438,低潜力
4556,U002690,0.066423,低潜力
4557,U001481,0.066268,低潜力
4558,U003910,0.066251,低潜力
4559,U001267,0.066111,低潜力
4560,U000181,0.066103,低潜力
4561,U001190,0.066066,低潜力
4562,U001303,0.06601,低潜力
4563,U003158,0.066,低潜力
4564,U004785,0.065995,低潜力
4565,U001596,0.065914,低潜力
4566,U000522,0.065875,低潜力
4567,U000158,0.065827,低潜力
4568,U002272,0.065748,低潜力
4569,U003538,0.065704,低潜力
4570,U000443,0.065656,低潜力
4571,U003401,0.065639,低潜力
4572,U002779,0.065617,低潜力
4573,U004100,0.065579,低潜力
4574,U001399,0.065573,低潜力
4575,U000639,0.065476,低潜力
4576,U004677,0.065439,低潜力
4577,U002578,0.065436,低潜力
4578,U004817,0.065291,低潜力
4579,U000218,0.06517,低潜力
4580,U000484,0.065162,低潜力
4581,U004578,0.065153,低潜力
4582,U002440,0.065069,低潜力
4583,U004698,0.06506,低潜力
4584,U004696,0.064876,低潜力
4585,U003725,0.064874,低潜力
4586,U002248,0.06487,低潜力
4587,U004490,0.06482,低潜力
4588,U003110,0.064815,低潜力
4589,U000475,0.0648,低潜力
4590,U004532,0.064706,低潜力
4591,U000876,0.064695,低潜力
4592,U003170,0.064675,低潜力
4593,U003692,0.064643,低潜力
4594,U003648,0.064613,低潜力
4595,U003129,0.06459,低潜力
4596,U002937,0.064562,低潜力
4597,U001920,0.064532,低潜力
4598,U004655,0.064523,低潜力
4599,U002744,0.064514,低潜力
4600,U004060,0.064479,低潜力
4601,U001930,0.064386,低潜力
4602,U001819,0.064224,低潜力
4603,U004604,0.064187,低潜力
4604,U001654,0.064137,低潜力
4605,U002618,0.063987,低潜力
4606,U002893,0.063955,低潜力
4607,U004720,0.063921,低潜力
4608,U004137,0.063862,低潜力
4609,U001309,0.063854,低潜力
4610,U004002,0.063811,低潜力
4611,U001773,0.063809,低潜力
4612,U003285,0.063797,低潜力
4613,U001764,0.063755,低潜力
4614,U003344,0.06364,低潜力
4615,U000453,0.063624,低潜力
4616,U001678,0.063608,低潜力
4617,U002466,0.063582,低潜力
4618,U002990,0.063528,低潜力
4619,U000767,0.063467,低潜力
4620,U002485,0.063443,低潜力
4621,U000803,0.063428,低潜力
4622,U002661,0.063407,低潜力
4623,U002017,0.063319,低潜力
4624,U003798,0.063257,低潜力
4625,U000202,0.06325,低潜力
4626,U002732,0.063244,低潜力
4627,U003600,0.063187,低潜力
4628,U002815,0.063132,低潜力
4629,U001322,0.063,低潜力
4630,U000006,0.062918,低潜力
4631,U002220,0.062881,低潜力
4632,U004760,0.062842,低潜力
4633,U003035,0.062814,低潜力
4634,U000093,0.062773,低潜力
4635,U002400,0.062679,低潜力
4636,U000856,0.062521,低潜力
4637,U004543,0.062454,低潜力
4638,U001557,0.062446,低潜力
4639,U002842,0.062377,低潜力
4640,U004505,0.062343,低潜力
4641,U000570,0.06232,低潜力
4642,U002743,0.062228,低潜力
4643,U004415,0.062225,低潜力
4644,U003180,0.062223,低潜力
4645,U002111,0.062198,低潜力
4646,U003815,0.062143,低潜力
4647,U004712,0.062111,低潜力
4648,U001119,0.062058,低潜力
4649,U003375,0.062034,低潜力
4650,U002115,0.062024,低潜力
4651,U004838,0.062019,低潜力
4652,U004910,0.061819,低潜力
4653,U001944,0.061667,低潜力
4654,U004907,0.061643,低潜力
4655,U003297,0.061408,低潜力
4656,U000726,0.061322,低潜力
4657,U001355,0.06126,低潜力
4658,U002667,0.06126,低潜力
4659,U002553,0.061186,低潜力
4660,U004462,0.061069,低潜力
4661,U001632,0.06099,低潜力
4662,U000517,0.060974,低潜力
4663,U004746,0.060962,低潜力
4664,U001516,0.06095,低潜力
4665,U000149,0.060857,低潜力
4666,U003371,0.060857,低潜力
4667,U001258,0.060841,低潜力
4668,U003947,0.06084,低潜力
4669,U001199,0.060836,低潜力
4670,U003467,0.060796,低潜力
4671,U001352,0.060762,低潜力
4672,U003481,0.0607,低潜力
4673,U002383,0.060638,低潜力
4674,U004849,0.060624,低潜力
4675,U001756,0.060527,低潜力
4676,U001446,0.060478,低潜力
4677,U004975,0.060448,低潜力
4678,U002767,0.060409,低潜力
4679,U000145,0.06022,低潜力
4680,U003962,0.060119,低潜力
4681,U003736,0.060049,低潜力
4682,U000157,0.059918,低潜力
4683,U001693,0.05989,低潜力
4684,U003252,0.059815,低潜力
4685,U002418,0.059795,低潜力
4686,U002083,0.059736,低潜力
4687,U002058,0.059659,低潜力
4688,U002345,0.059529,低潜力
4689,U002467,0.059456,低潜力
4690,U003747,0.059453,低潜力
4691,U001550,0.059432,低潜力
4692,U004299,0.059429,低潜力
4693,U002982,0.059414,低潜力
4694,U003757,0.059393,低潜力
4695,U000347,0.059378,低潜力
4696,U002754,0.059376,低潜力
4697,U002642,0.059329,低潜力
4698,U001407,0.059296,低潜力
4699,U000719,0.059282,低潜力
4700,U000356,0.05926,低潜力
4701,U002934,0.059226,低潜力
4702,U000677,0.059097,低潜力
4703,U000138,0.059064,低潜力
4704,U004595,0.05905,低潜力
4705,U000842,0.059042,低潜力
4706,U000509,0.058898,低潜力
4707,U002461,0.058879,低潜力
4708,U003441,0.058863,低潜力
4709,U004611,0.058791,低潜力
4710,U000679,0.058751,低潜力
4711,U000715,0.058749,低潜力
4712,U001848,0.058723,低潜力
4713,U000807,0.058694,低潜力
4714,U004623,0.058655,低潜力
4715,U002386,0.058573,低潜力
4716,U004499,0.05857,低潜力
4717,U001955,0.058538,低潜力
4718,U001823,0.058514,低潜力
4719,U002206,0.058355,低潜力
4720,U004960,0.058337,低潜力
4721,U001269,0.058236,低潜力
4722,U000450,0.058232,低潜力
4723,U000437,0.058188,低潜力
4724,U003498,0.058187,低潜力
4725,U003733,0.058083,低潜力
4726,U002082,0.058066,低潜力
4727,U002532,0.058014,低潜力
4728,U000317,0.058007,低潜力
4729,U004452,0.05799,低潜力
4730,U003342,0.057963,低潜力
4731,U000771,0.057895,低潜力
4732,U002944,0.057895,低潜力
4733,U004339,0.057868,低潜力
4734,U002951,0.057826,低潜力
4735,U000843,0.057812,低潜力
4736,U003514,0.057463,低潜力
4737,U000748,0.057457,低潜力
4738,U003637,0.057429,低潜力
4739,U000528,0.057347,低潜力
4740,U002668,0.057321,低潜力
4741,U003979,0.057317,低潜力
4742,U001700,0.057286,低潜力
4743,U002185,0.057165,低潜力
4744,U004778,0.057021,低潜力
4745,U004269,0.056955,低潜力
4746,U004136,0.056948,低潜力
4747,U000108,0.056921,低潜力
4748,U000314,0.05686,低潜力
4749,U000582,0.056833,低潜力
4750,U001033,0.056819,低潜力
4751,U002298,0.056795,低潜力
4752,U002664,0.056678,低潜力
4753,U000376,0.056678,低潜力
4754,U004393,0.056663,低潜力
4755,U004389,0.056477,低潜力
4756,U000116,0.056455,低潜力
4757,U002609,0.056404,低潜力
4758,U000675,0.056382,低潜力
4759,U000296,0.056367,低潜力
4760,U001122,0.056323,低潜力
4761,U002428,0.056321,低潜力
4762,U003756,0.056313,低潜力
4763,U000852,0.056304,低潜力
4764,U004529,0.056297,低潜力
4765,U004557,0.056284,低潜力
4766,U000217,0.056189,低潜力
4767,U000536,0.056168,低潜力
4768,U003185,0.056164,低潜力
4769,U000076,0.056112,低潜力
4770,U000943,0.056089,低潜力
4771,U000487,0.056075,低潜力
4772,U003056,0.056075,低潜力
4773,U001060,0.056061,低潜力
4774,U004877,0.056056,低潜力
4775,U004796,0.056043,低潜力
4776,U003104,0.056024,低潜力
4777,U004446,0.05598,低潜力
4778,U003331,0.055959,低潜力
4779,U004418,0.055954,低潜力
4780,U003971,0.055942,低潜力
4781,U002739,0.055939,低潜力
4782,U000345,0.055888,低潜力
4783,U001996,0.055803,低潜力
4784,U001012,0.055765,低潜力
4785,U003765,0.05575,低潜力
4786,U000600,0.055711,低潜力
4787,U003883,0.055711,低潜力
4788,U002127,0.055692,低潜力
4789,U001585,0.055685,低潜力
4790,U001200,0.055576,低潜力
4791,U003835,0.055566,低潜力
4792,U002687,0.055464,低潜力
4793,U002294,0.055434,低潜力
4794,U004445,0.055362,低潜力
4795,U004874,0.055274,低潜力
4796,U004396,0.05525,低潜力
4797,U001869,0.055249,低潜力
4798,U001459,0.055249,低潜力
4799,U001176,0.055249,低潜力
4800,U001062,0.055213,低潜力
4801,U004956,0.055204,低潜力
4802,U004046,0.055111,低潜力
4803,U001397,0.055073,低潜力
4804,U004099,0.055023,低潜力
4805,U004561,0.055006,低潜力
4806,U001870,0.054915,低潜力
4807,U003810,0.05491,低潜力
4808,U004473,0.054855,低潜力
4809,U004067,0.054851,低潜力
4810,U002983,0.05482,低潜力
4811,U000572,0.054773,低潜力
4812,U003935,0.054771,低潜力
4813,U003431,0.054759,低潜力
4814,U002300,0.05462,低潜力
4815,U002986,0.054611,低潜力
4816,U003831,0.054606,低潜力
4817,U001522,0.054593,低潜力
4818,U004413,0.054589,低潜力
4819,U003210,0.054569,低潜力
4820,U001380,0.054532,低潜力
4821,U001329,0.054497,低潜力
4822,U001797,0.054361,低潜力
4823,U003651,0.054352,低潜力
4824,U004027,0.054261,低潜力
4825,U003523,0.05424,低潜力
4826,U004518,0.05424,低潜力
4827,U001457,0.05424,低潜力
4828,U002029,0.054231,低潜力
4829,U000239,0.054209,低潜力
4830,U000391,0.054196,低潜力
4831,U003949,0.054196,低潜力
4832,U003365,0.05416,低潜力
4833,U003134,0.054056,低潜力
4834,U001250,0.054019,低潜力
4835,U001487,0.054017,低潜力
4836,U004756,0.053953,低潜力
4837,U004837,0.053916,低潜力
4838,U004895,0.053905,低潜力
4839,U004682,0.053894,低潜力
4840,U004346,0.053868,低潜力
4841,U002651,0.053841,低潜力
4842,U000924,0.053835,低潜力
4843,U001272,0.053686,低潜力
4844,U003932,0.053681,低潜力
4845,U004999,0.053669,低潜力
4846,U000119,0.053641,低潜力
4847,U000171,0.053615,低潜力
4848,U004220,0.053599,低潜力
4849,U004834,0.053599,低潜力
4850,U000438,0.053577,低潜力
4851,U001420,0.053573,低潜力
4852,U000216,0.053542,低潜力
4853,U002598,0.053533,低潜力
4854,U002350,0.053512,低潜力
4855,U002567,0.053484,低潜力
4856,U003614,0.053397,低潜力
4857,U002388,0.053376,低潜力
4858,U000914,0.053376,低潜力
4859,U003681,0.053319,低潜力
4860,U004424,0.053319,低潜力
4861,U000792,0.05327,低潜力
4862,U000548,0.053253,低潜力
4863,U002095,0.053227,低潜力
4864,U001030,0.053136,低潜力
4865,U004450,0.053133,低潜力
4866,U002252,0.052989,低潜力
4867,U001570,0.052985,低潜力
4868,U000758,0.052963,低潜力
4869,U002473,0.052963,低潜力
4870,U004103,0.052946,低潜力
4871,U001003,0.052944,低潜力
4872,U004092,0.052911,低潜力
4873,U003060,0.052836,低潜力
4874,U000095,0.052805,低潜力
4875,U004225,0.052774,低潜力
4876,U004007,0.05273,低潜力
4877,U004709,0.052642,低潜力
4878,U000820,0.052548,低潜力
4879,U001447,0.052546,低潜力
4880,U000350,0.052545,低潜力
4881,U004759,0.05253,低潜力
4882,U004705,0.052437,低潜力
4883,U004788,0.052433,低潜力
4884,U003653,0.052361,低潜力
4885,U001976,0.052361,低潜力
4886,U003771,0.052305,低潜力
4887,U004828,0.052211,低潜力
4888,U002514,0.052207,低潜力
4889,U000656,0.052204,低潜力
4890,U002860,0.052179,低潜力
4891,U004020,0.052178,低潜力
4892,U001833,0.052178,低潜力
4893,U001777,0.052152,低潜力
4894,U000540,0.052125,低潜力
4895,U003494,0.052099,低潜力
4896,U003352,0.052096,低潜力
4897,U002738,0.052075,低潜力
4898,U002647,0.052074,低潜力
4899,U000635,0.052024,低潜力
4900,U003478,0.052024,低潜力
4901,U003412,0.052005,低潜力
4902,U001947,0.051934,低潜力
4903,U004076,0.051905,低潜力
4904,U004384,0.0519,低潜力
4905,U004766,0.05189,低潜力
4906,U002711,0.051816,低潜力
4907,U002458,0.051801,低潜力
4908,U002380,0.051766,低潜力
4909,U000678,0.051749,低潜力
4910,U001311,0.051749,低潜力
4911,U002904,0.051737,低潜力
4912,U003601,0.051737,低潜力
4913,U004695,0.051737,低潜力
4914,U002706,0.051655,低潜力
4915,U004417,0.051642,低潜力
4916,U001526,0.051506,低潜力
4917,U003880,0.05148,低潜力
4918,U001463,0.051447,低潜力
4919,U004077,0.051441,低潜力
4920,U002523,0.051419,低潜力
4921,U003508,0.051394,低潜力
4922,U002798,0.051386,低潜力
4923,U002311,0.051369,低潜力
4924,U004159,0.051228,低潜力
4925,U000478,0.051202,低潜力
4926,U000744,0.051202,低潜力
4927,U002761,0.051183,低潜力
4928,U003695,0.051137,低潜力
4929,U004151,0.05111,低潜力
4930,U004272,0.0511,低潜力
4931,U000497,0.0511,低潜力
4932,U001732,0.051026,低潜力
4933,U004802,0.051012,低潜力
4934,U001279,0.051012,低潜力
4935,U004468,0.050975,低潜力
4936,U001326,0.050937,低潜力
4937,U001838,0.050937,低潜力
4938,U001476,0.050936,低潜力
4939,U001900,0.050909,低潜力
4940,U003745,0.050885,低潜力
4941,U001207,0.050885,低潜力
4942,U004588,0.050833,低潜力
4943,U001809,0.050805,低潜力
4944,U001085,0.05078,低潜力
4945,U004213,0.050776,低潜力
4946,U000878,0.050727,低潜力
4947,U002907,0.050727,低潜力
4948,U003752,0.050726,低潜力
4949,U002133,0.050687,低潜力
4950,U004264,0.050687,低潜力
4951,U002998,0.050664,低潜力
4952,U002072,0.050664,低潜力
4953,U001969,0.050644,低潜力
4954,U003307,0.050644,低潜力
4955,U003830,0.050613,低潜力
4956,U003101,0.050587,低潜力
4957,U000711,0.050549,低潜力
4958,U000355,0.050495,低潜力
4959,U002903,0.050455,低潜力
4960,U002976,0.050455,低潜力
4961,U000333,0.050402,低潜力
4962,U003856,0.050384,低潜力
4963,U003324,0.050372,低潜力
4964,U004406,0.050372,低潜力
4965,U004357,0.050358,低潜力
4966,U003965,0.050327,低潜力
4967,U002933,0.050319,低潜力
4968,U002981,0.050319,低潜力
4969,U001391,0.050301,低潜力
4970,U004360,0.050301,低潜力
4971,U003657,0.050249,低潜力
4972,U000688,0.050244,低潜力
4973,U001178,0.050244,低潜力
4974,U001950,0.050218,低潜力
4975,U004950,0.050218,低潜力
4976,U004420,0.050218,低潜力
4977,U001270,0.050199,低潜力
4978,U000172,0.050079,低潜力
4979,U004252,0.050029,低潜力
4980,U002943,0.050029,低潜力
4981,U003855,0.050022,低潜力
4982,U003925,0.050022,低潜力
4983,U000712,0.049971,低潜力
4984,U002427,0.049958,低潜力
4985,U000565,0.049958,低潜力
4986,U001629,0.049958,低潜力
4987,U000560,0.049907,低潜力
4988,U002356,0.049868,低潜力
4989,U002096,0.049692,低潜力
4990,U002143,0.049641,低潜力
4991,U001470,0.049622,低潜力
4992,U003659,0.049602,低潜力
4993,U000425,0.049576,低潜力
4994,U002919,0.049543,低潜力
4995,U003558,0.049361,低潜力
4996,U004971,0.049342,低潜力
4997,U002680,0.049291,低潜力
4998,U004909,0.049037,低潜力
4999,U000297,0.048687,低潜力
5000,U001028,0.048687,低潜力
